solid OpenSCAD_Model
  facet normal 0 0 -1
    outer loop
      vertex 15.3892 -16.3702 0
      vertex 21.8716 -5.14229 0
      vertex 22.3431 -5.65689 0
    endloop
  endfacet
  facet normal 0 0 -1
    outer loop
      vertex 5.2036 8.53949 0
      vertex 4.44659 8.95709 0
      vertex 10 17.3205 0
    endloop
  endfacet
  facet normal 0 0 -1
    outer loop
      vertex 8.14139 -5.80659 0
      vertex 8.61249 -5.0817 0
      vertex 14 -16.2487 0
    endloop
  endfacet
  facet normal 0 -0 -1
    outer loop
      vertex 31.3809 -7.25049 0
      vertex 40.7839 -19.0178 0
      vertex 30.7362 -7.51749 0
    endloop
  endfacet
  facet normal 0 0 -1
    outer loop
      vertex 7.6095 -6.4881 0
      vertex 13.3028 -16.2791 0
      vertex 12.6108 -16.3702 0
    endloop
  endfacet
  facet normal 0 0 -1
    outer loop
      vertex 44.8288 3.922 0
      vertex 35.8785 1.38919 0
      vertex 35.7274 2.07059 0
    endloop
  endfacet
  facet normal 0 -0 -1
    outer loop
      vertex 10 17.3205 0
      vertex 10.6191 16.9982 0
      vertex 5.2036 8.53949 0
    endloop
  endfacet
  facet normal 0 0 -1
    outer loop
      vertex 21.7274 26.3193 0
      vertex 21.5175 26.9849 0
      vertex 31.8198 31.8198 0
    endloop
  endfacet
  facet normal 0 0 -1
    outer loop
      vertex 18.5886 17.6955 0
      vertex 19.1423 18.1203 0
      vertex 24.6191 7.25049 0
    endloop
  endfacet
  facet normal 0 0 -1
    outer loop
      vertex 20.7495 3.38089 0
      vertex 20.4825 2.73619 0
      vertex 9.4549 3.25659 0
    endloop
  endfacet
  facet normal 0 0 -1
    outer loop
      vertex 14.6972 16.2791 0
      vertex 8.75339 4.83519 0
      vertex 8.30309 5.57309 0
    endloop
  endfacet
  facet normal 0 0 -1
    outer loop
      vertex 13.3028 16.2791 0
      vertex 8.30309 5.57309 0
      vertex 7.7907 6.26939 0
    endloop
  endfacet
  facet normal 0 0 -1
    outer loop
      vertex 6.59549 7.51659 0
      vertex 11.9294 16.5213 0
      vertex 7.22009 6.9189 0
    endloop
  endfacet
  facet normal 0 -0 -1
    outer loop
      vertex 21.5175 21.5125 0
      vertex 29.3892 7.87849 0
      vertex 21.2505 20.8678 0
    endloop
  endfacet
  facet normal 0 0 -1
    outer loop
      vertex 20.9282 20.2487 0
      vertex 28 8 0
      vertex 27.3028 7.96959 0
    endloop
  endfacet
  facet normal -0 0 -1
    outer loop
      vertex 22.3431 5.65689 0
      vertex 21.8716 5.14229 0
      vertex 15.3892 16.3702 0
    endloop
  endfacet
  facet normal 0 -0 -1
    outer loop
      vertex 21.9696 23.5515 0
      vertex 36.8618 25.8109 0
      vertex 21.8785 22.8595 0
    endloop
  endfacet
  facet normal 0 -0 -1
    outer loop
      vertex 21.2505 20.8678 0
      vertex 28.6972 7.96959 0
      vertex 20.9282 20.2487 0
    endloop
  endfacet
  facet normal 0 0 -1
    outer loop
      vertex 21.9696 24.9459 0
      vertex 34.472 28.9254 0
      vertex 22 24.2487 0
    endloop
  endfacet
  facet normal 0 0 -1
    outer loop
      vertex 28.9254 34.472 0
      vertex 20.9282 28.2487 0
      vertex 20.5532 28.8373 0
    endloop
  endfacet
  facet normal 0 0 -1
    outer loop
      vertex 30.0706 7.72739 0
      vertex 40.7839 19.0178 0
      vertex 30.7362 7.51749 0
    endloop
  endfacet
  facet normal 0 -0 -1
    outer loop
      vertex 22.5 38.9711 0
      vertex 25.8109 36.8618 0
      vertex 19.1423 30.3771 0
    endloop
  endfacet
  facet normal 0 0 -1
    outer loop
      vertex 19.0178 40.7839 0
      vertex 16.7362 31.7662 0
      vertex 16.0706 31.9761 0
    endloop
  endfacet
  facet normal 0 -0 -1
    outer loop
      vertex 15.3909 42.2862 0
      vertex 19.0178 40.7839 0
      vertex 14.6972 32.2183 0
    endloop
  endfacet
  facet normal 0 0 -1
    outer loop
      vertex -6.7495 27.6296 0
      vertex -7.07179 28.2487 0
      vertex 6.7495 27.6296 0
    endloop
  endfacet
  facet normal -0 0 -1
    outer loop
      vertex 6 24.2487 0
      vertex -6.0304 23.5515 0
      vertex -6 24.2487 0
    endloop
  endfacet
  facet normal 0 0 -1
    outer loop
      vertex 8.34309 29.9056 0
      vertex 3.922 44.8288 0
      vertex 8.8577 30.3771 0
    endloop
  endfacet
  facet normal 0 0 -1
    outer loop
      vertex 0 45 0
      vertex 3.922 44.8288 0
      vertex 8.34309 29.9056 0
    endloop
  endfacet
  facet normal 0 0 -1
    outer loop
      vertex 10 31.1769 0
      vertex 7.81419 44.3163 0
      vertex 10.6191 31.4992 0
    endloop
  endfacet
  facet normal 0 -0 -1
    outer loop
      vertex 0 45 0
      vertex 7.8716 29.391 0
      vertex -7.8716 29.391 0
    endloop
  endfacet
  facet normal 0 0 -1
    outer loop
      vertex 12.6108 32.1272 0
      vertex 15.3909 42.2862 0
      vertex 13.3028 32.2183 0
    endloop
  endfacet
  facet normal 0 0 -1
    outer loop
      vertex 6.2726 26.3193 0
      vertex -6.2726 26.3193 0
      vertex -6.4825 26.9849 0
    endloop
  endfacet
  facet normal 0 0 -1
    outer loop
      vertex 6.0304 24.9459 0
      vertex -6.0304 24.9459 0
      vertex -6.12149 25.6379 0
    endloop
  endfacet
  facet normal 0 0 -1
    outer loop
      vertex -45 0 0
      vertex -36 0 0
      vertex -35.9696 -0.697189 0
    endloop
  endfacet
  facet normal 0 0 -1
    outer loop
      vertex 6.12149 22.8595 0
      vertex -6.12149 22.8595 0
      vertex 6.0304 23.5515 0
    endloop
  endfacet
  facet normal 0 -0 -1
    outer loop
      vertex -24 -6.92819 0
      vertex -18 -17.3205 0
      vertex -24.6191 -7.25049 0
    endloop
  endfacet
  facet normal 0 0 -1
    outer loop
      vertex -3.39049 -9.40759 0
      vertex -8.34309 -18.5918 0
      vertex -8.8577 -18.1203 0
    endloop
  endfacet
  facet normal 0 0 -1
    outer loop
      vertex -21.4468 -4.58859 0
      vertex -8.61249 -5.0817 0
      vertex -14.6972 -16.2791 0
    endloop
  endfacet
  facet normal 0 0 -1
    outer loop
      vertex -20.9282 20.2487 0
      vertex -27.3028 7.96959 0
      vertex -28 8 0
    endloop
  endfacet
  facet normal 0 0 -1
    outer loop
      vertex -21.8716 5.14229 0
      vertex -22.3431 5.65689 0
      vertex -15.3892 16.3702 0
    endloop
  endfacet
  facet normal 0 0 -1
    outer loop
      vertex -2 11.5 0
      vertex -8.8577 18.1203 0
      vertex -8.34309 18.5918 0
    endloop
  endfacet
  facet normal 0 0 -1
    outer loop
      vertex -14.6972 -32.2183 0
      vertex -15.3909 -42.2862 0
      vertex -19.0178 -40.7839 0
    endloop
  endfacet
  facet normal 0 0 -1
    outer loop
      vertex -5.6904 -8.22299 0
      vertex -10.6191 -16.9982 0
      vertex -11.2638 -16.7312 0
    endloop
  endfacet
  facet normal 0 0 -1
    outer loop
      vertex -5.92169 8.0582 0
      vertex -11.2638 16.7312 0
      vertex -10.6191 16.9982 0
    endloop
  endfacet
  facet normal 0 0 -1
    outer loop
      vertex -15.3909 -42.2862 0
      vertex -14.6972 -32.2183 0
      vertex -14 -32.2487 0
    endloop
  endfacet
  facet normal 0 0 -1
    outer loop
      vertex -13.3028 -16.2791 0
      vertex -14 -16.2487 0
      vertex -8.14139 -5.80659 0
    endloop
  endfacet
  facet normal 0 0 -1
    outer loop
      vertex -7.7907 6.26939 0
      vertex -12.6108 16.3702 0
      vertex -7.22009 6.9189 0
    endloop
  endfacet
  facet normal 0 0 -1
    outer loop
      vertex -7.02069 -7.12109 0
      vertex -11.9294 -16.5213 0
      vertex -12.6108 -16.3702 0
    endloop
  endfacet
  facet normal 0 0 -1
    outer loop
      vertex 11.6469 -43.4667 0
      vertex 12.6108 -32.1272 0
      vertex 15.3909 -42.2862 0
    endloop
  endfacet
  facet normal 0 0 -1
    outer loop
      vertex -22.3431 5.65689 0
      vertex -22.8577 6.12839 0
      vertex -16.0706 16.5213 0
    endloop
  endfacet
  facet normal 0 -0 -1
    outer loop
      vertex -4.95889 -8.68379 0
      vertex -4.1904 -9.07959 0
      vertex -9.41139 -17.6955 0
    endloop
  endfacet
  facet normal 0 0 -1
    outer loop
      vertex -7.8716 19.1064 0
      vertex -7.44679 19.6601 0
      vertex -2 11.5 0
    endloop
  endfacet
  facet normal 0 0 -1
    outer loop
      vertex 2 11.5 0
      vertex 3.6563 9.30759 0
      vertex 2.83879 9.58859 0
    endloop
  endfacet
  facet normal 0 -0 -1
    outer loop
      vertex 8.8577 18.1203 0
      vertex 9.41139 17.6955 0
      vertex 2 11.5 0
    endloop
  endfacet
  facet normal 0 0 -1
    outer loop
      vertex 2 11.5 0
      vertex -6.7495 20.8678 0
      vertex 6.7495 20.8678 0
    endloop
  endfacet
  facet normal 0 -0 -1
    outer loop
      vertex 7.07179 20.2487 0
      vertex 7.44679 19.6601 0
      vertex 2 11.5 0
    endloop
  endfacet
  facet normal 0 0 -1
    outer loop
      vertex -0.863693 -9.96259 0
      vertex -7.07179 -20.2487 0
      vertex -7.44679 -19.6601 0
    endloop
  endfacet
  facet normal 0 0 -1
    outer loop
      vertex -6.0304 -24.9459 0
      vertex -6 -24.2487 0
      vertex 6 -24.2487 0
    endloop
  endfacet
  facet normal 0 0 -1
    outer loop
      vertex -6.7495 -20.8678 0
      vertex 0 -10 0
      vertex 6.7495 -20.8678 0
    endloop
  endfacet
  facet normal 0 0 -1
    outer loop
      vertex -21.8716 -5.14229 0
      vertex -21.4468 -4.58859 0
      vertex -14.6972 -16.2791 0
    endloop
  endfacet
  facet normal 0 0 -1
    outer loop
      vertex -7.07179 20.2487 0
      vertex -6.7495 20.8678 0
      vertex -2 11.5 0
    endloop
  endfacet
  facet normal -0 0 -1
    outer loop
      vertex -14.6972 -32.2183 0
      vertex -19.0178 -40.7839 0
      vertex -15.3892 -32.1272 0
    endloop
  endfacet
  facet normal 0 0 -1
    outer loop
      vertex -28 -8 0
      vertex -27.3028 -7.96959 0
      vertex -20.9282 -20.2487 0
    endloop
  endfacet
  facet normal -0 0 -1
    outer loop
      vertex 6.4825 21.5125 0
      vertex -6.7495 20.8678 0
      vertex -6.4825 21.5125 0
    endloop
  endfacet
  facet normal -0 0 -1
    outer loop
      vertex 6.2726 22.1781 0
      vertex -6.4825 21.5125 0
      vertex -6.2726 22.1781 0
    endloop
  endfacet
  facet normal 0 -0 -1
    outer loop
      vertex -14.6972 16.2791 0
      vertex -8.75339 4.83519 0
      vertex -21.4468 4.58859 0
    endloop
  endfacet
  facet normal 0 0 -1
    outer loop
      vertex -8.75339 4.83519 0
      vertex -9.13829 4.0611 0
      vertex -21.0718 4 0
    endloop
  endfacet
  facet normal 0 0 -1
    outer loop
      vertex -30.7362 7.51749 0
      vertex -40.7839 19.0178 0
      vertex -30.0706 7.72739 0
    endloop
  endfacet
  facet normal 0 0 -1
    outer loop
      vertex 7.07179 28.2487 0
      vertex -7.07179 28.2487 0
      vertex -7.44679 28.8373 0
    endloop
  endfacet
  facet normal -0 0 -1
    outer loop
      vertex 7.44679 28.8373 0
      vertex 7.07179 28.2487 0
      vertex -7.44679 28.8373 0
    endloop
  endfacet
  facet normal 0 0 -1
    outer loop
      vertex -21.7274 26.3193 0
      vertex -31.8198 31.8198 0
      vertex -21.5175 26.9849 0
    endloop
  endfacet
  facet normal 0 0 -1
    outer loop
      vertex 7.44679 28.8373 0
      vertex -7.8716 29.391 0
      vertex 7.8716 29.391 0
    endloop
  endfacet
  facet normal 0 0 -1
    outer loop
      vertex -25.8109 36.8618 0
      vertex -19.1423 30.3771 0
      vertex -19.6569 29.9056 0
    endloop
  endfacet
  facet normal 0 0 -1
    outer loop
      vertex -25.8109 36.8618 0
      vertex -22.5 38.9711 0
      vertex -19.1423 30.3771 0
    endloop
  endfacet
  facet normal 0 0 -1
    outer loop
      vertex -18.5886 30.8019 0
      vertex -22.5 38.9711 0
      vertex -18 31.1769 0
    endloop
  endfacet
  facet normal -0 0 -1
    outer loop
      vertex -14 32.2487 0
      vertex -14.6972 32.2183 0
      vertex -15.3909 42.2862 0
    endloop
  endfacet
  facet normal 0 0 -1
    outer loop
      vertex -11.6469 43.4667 0
      vertex -7.81419 44.3163 0
      vertex -10.6191 31.4992 0
    endloop
  endfacet
  facet normal 0 0 -1
    outer loop
      vertex -10.6191 31.4992 0
      vertex -7.81419 44.3163 0
      vertex -10 31.1769 0
    endloop
  endfacet
  facet normal 0 0 -1
    outer loop
      vertex 0 45 0
      vertex -7.8716 29.391 0
      vertex -8.34309 29.9056 0
    endloop
  endfacet
  facet normal 0 0 -1
    outer loop
      vertex 0 45 0
      vertex 8.34309 29.9056 0
      vertex 7.8716 29.391 0
    endloop
  endfacet
  facet normal 0 0 -1
    outer loop
      vertex 8.8577 30.3771 0
      vertex 3.922 44.8288 0
      vertex 9.41139 30.8019 0
    endloop
  endfacet
  facet normal 0 0 -1
    outer loop
      vertex 9.41139 30.8019 0
      vertex 3.922 44.8288 0
      vertex 7.81419 44.3163 0
    endloop
  endfacet
  facet normal -0 0 -1
    outer loop
      vertex 10 31.1769 0
      vertex 9.41139 30.8019 0
      vertex 7.81419 44.3163 0
    endloop
  endfacet
  facet normal 0 0 -1
    outer loop
      vertex 10.6191 31.4992 0
      vertex 7.81419 44.3163 0
      vertex 11.6469 43.4667 0
    endloop
  endfacet
  facet normal -0 0 -1
    outer loop
      vertex 11.2638 31.7662 0
      vertex 10.6191 31.4992 0
      vertex 11.6469 43.4667 0
    endloop
  endfacet
  facet normal -0 0 -1
    outer loop
      vertex 11.9294 31.9761 0
      vertex 11.2638 31.7662 0
      vertex 11.6469 43.4667 0
    endloop
  endfacet
  facet normal 0 0 -1
    outer loop
      vertex 11.6469 43.4667 0
      vertex 12.6108 32.1272 0
      vertex 11.9294 31.9761 0
    endloop
  endfacet
  facet normal 0 0 -1
    outer loop
      vertex 11.6469 43.4667 0
      vertex 15.3909 42.2862 0
      vertex 12.6108 32.1272 0
    endloop
  endfacet
  facet normal 0 0 -1
    outer loop
      vertex 15.3909 42.2862 0
      vertex 14 32.2487 0
      vertex 13.3028 32.2183 0
    endloop
  endfacet
  facet normal 0 0 -1
    outer loop
      vertex 15.3909 42.2862 0
      vertex 14.6972 32.2183 0
      vertex 14 32.2487 0
    endloop
  endfacet
  facet normal 0 0 -1
    outer loop
      vertex 15.3892 32.1272 0
      vertex 14.6972 32.2183 0
      vertex 19.0178 40.7839 0
    endloop
  endfacet
  facet normal 0 0 -1
    outer loop
      vertex 16.0706 31.9761 0
      vertex 15.3892 32.1272 0
      vertex 19.0178 40.7839 0
    endloop
  endfacet
  facet normal 0 0 -1
    outer loop
      vertex 16.7362 31.7662 0
      vertex 19.0178 40.7839 0
      vertex 22.5 38.9711 0
    endloop
  endfacet
  facet normal 0 0 -1
    outer loop
      vertex 17.3809 31.4992 0
      vertex 16.7362 31.7662 0
      vertex 22.5 38.9711 0
    endloop
  endfacet
  facet normal 0 0 -1
    outer loop
      vertex 18 31.1769 0
      vertex 17.3809 31.4992 0
      vertex 22.5 38.9711 0
    endloop
  endfacet
  facet normal 0 0 -1
    outer loop
      vertex 18.5886 30.8019 0
      vertex 18 31.1769 0
      vertex 22.5 38.9711 0
    endloop
  endfacet
  facet normal 0 0 -1
    outer loop
      vertex 19.1423 30.3771 0
      vertex 18.5886 30.8019 0
      vertex 22.5 38.9711 0
    endloop
  endfacet
  facet normal 0 0 -1
    outer loop
      vertex 19.6569 29.9056 0
      vertex 19.1423 30.3771 0
      vertex 25.8109 36.8618 0
    endloop
  endfacet
  facet normal 0 0 -1
    outer loop
      vertex 20.1284 29.391 0
      vertex 19.6569 29.9056 0
      vertex 25.8109 36.8618 0
    endloop
  endfacet
  facet normal 0 0 -1
    outer loop
      vertex 20.5532 28.8373 0
      vertex 20.1284 29.391 0
      vertex 25.8109 36.8618 0
    endloop
  endfacet
  facet normal -0 0 -1
    outer loop
      vertex 28.9254 34.472 0
      vertex 20.5532 28.8373 0
      vertex 25.8109 36.8618 0
    endloop
  endfacet
  facet normal 0 0 -1
    outer loop
      vertex 21.2505 27.6296 0
      vertex 20.9282 28.2487 0
      vertex 28.9254 34.472 0
    endloop
  endfacet
  facet normal 0 0 -1
    outer loop
      vertex 21.5175 26.9849 0
      vertex 21.2505 27.6296 0
      vertex 28.9254 34.472 0
    endloop
  endfacet
  facet normal -0 0 -1
    outer loop
      vertex 31.8198 31.8198 0
      vertex 21.5175 26.9849 0
      vertex 28.9254 34.472 0
    endloop
  endfacet
  facet normal 0 0 -1
    outer loop
      vertex 21.8785 25.6379 0
      vertex 21.7274 26.3193 0
      vertex 31.8198 31.8198 0
    endloop
  endfacet
  facet normal 0 0 -1
    outer loop
      vertex 21.9696 24.9459 0
      vertex 21.8785 25.6379 0
      vertex 31.8198 31.8198 0
    endloop
  endfacet
  facet normal -0 0 -1
    outer loop
      vertex 34.472 28.9254 0
      vertex 21.9696 24.9459 0
      vertex 31.8198 31.8198 0
    endloop
  endfacet
  facet normal 0 0 -1
    outer loop
      vertex 21.9696 23.5515 0
      vertex 22 24.2487 0
      vertex 34.472 28.9254 0
    endloop
  endfacet
  facet normal -0 0 -1
    outer loop
      vertex 36.8618 25.8109 0
      vertex 21.9696 23.5515 0
      vertex 34.472 28.9254 0
    endloop
  endfacet
  facet normal 0 0 -1
    outer loop
      vertex 21.7274 22.1781 0
      vertex 21.8785 22.8595 0
      vertex 36.8618 25.8109 0
    endloop
  endfacet
  facet normal -0 0 -1
    outer loop
      vertex 38.9711 22.5 0
      vertex 21.7274 22.1781 0
      vertex 36.8618 25.8109 0
    endloop
  endfacet
  facet normal 0 0 -1
    outer loop
      vertex 38.9711 22.5 0
      vertex 21.5175 21.5125 0
      vertex 21.7274 22.1781 0
    endloop
  endfacet
  facet normal 0 0 -1
    outer loop
      vertex 26.6108 7.87849 0
      vertex 20.1284 19.1064 0
      vertex 27.3028 7.96959 0
    endloop
  endfacet
  facet normal 0 0 -1
    outer loop
      vertex 26.6108 7.87849 0
      vertex 19.6569 18.5918 0
      vertex 20.1284 19.1064 0
    endloop
  endfacet
  facet normal -0 0 -1
    outer loop
      vertex 24.6191 7.25049 0
      vertex 24 6.92819 0
      vertex 18 17.3205 0
    endloop
  endfacet
  facet normal -0 0 -1
    outer loop
      vertex 24 6.92819 0
      vertex 23.4114 6.55319 0
      vertex 17.3809 16.9982 0
    endloop
  endfacet
  facet normal 0 -0 -1
    outer loop
      vertex 15.3892 16.3702 0
      vertex 21.8716 5.14229 0
      vertex 14.6972 16.2791 0
    endloop
  endfacet
  facet normal 0 -0 -1
    outer loop
      vertex 14.6972 16.2791 0
      vertex 21.4468 4.58859 0
      vertex 8.75339 4.83519 0
    endloop
  endfacet
  facet normal 0 0 -1
    outer loop
      vertex 8.75339 4.83519 0
      vertex 21.4468 4.58859 0
      vertex 21.0718 4 0
    endloop
  endfacet
  facet normal 0 0 -1
    outer loop
      vertex 9.13829 4.0611 0
      vertex 8.75339 4.83519 0
      vertex 21.0718 4 0
    endloop
  endfacet
  facet normal 0 -0 -1
    outer loop
      vertex 9.94939 -1.00499 0
      vertex 20.1215 -1.38919 0
      vertex 9.82539 -1.8606 0
    endloop
  endfacet
  facet normal 0 0 -1
    outer loop
      vertex 9.97389 0.722198 0
      vertex 9.8743 1.58089 0
      vertex 20.1215 1.38919 0
    endloop
  endfacet
  facet normal 0 0 -1
    outer loop
      vertex 8.30309 5.57309 0
      vertex 14 16.2487 0
      vertex 14.6972 16.2791 0
    endloop
  endfacet
  facet normal 0 0 -1
    outer loop
      vertex 8.30309 5.57309 0
      vertex 13.3028 16.2791 0
      vertex 14 16.2487 0
    endloop
  endfacet
  facet normal 0 0 -1
    outer loop
      vertex 7.22009 6.9189 0
      vertex 12.6108 16.3702 0
      vertex 7.7907 6.26939 0
    endloop
  endfacet
  facet normal 0 0 -1
    outer loop
      vertex 20 0 0
      vertex 9.97389 0.722198 0
      vertex 20.0304 0.697189 0
    endloop
  endfacet
  facet normal 0 0 -1
    outer loop
      vertex 5.92169 8.0582 0
      vertex 10.6191 16.9982 0
      vertex 11.2638 16.7312 0
    endloop
  endfacet
  facet normal 0 0 -1
    outer loop
      vertex 20.4825 2.73619 0
      vertex 20.2726 2.07059 0
      vertex 9.70079 2.4278 0
    endloop
  endfacet
  facet normal 0 -0 -1
    outer loop
      vertex -16.7362 -31.7662 0
      vertex -16.0706 -31.9761 0
      vertex -19.0178 -40.7839 0
    endloop
  endfacet
  facet normal 0 0 -1
    outer loop
      vertex -29.3892 -7.87849 0
      vertex -28.6972 -7.96959 0
      vertex -21.2505 -20.8678 0
    endloop
  endfacet
  facet normal 0 0 -1
    outer loop
      vertex -20.4825 2.73619 0
      vertex -20.7495 3.38089 0
      vertex -9.4549 3.25659 0
    endloop
  endfacet
  facet normal -0 0 -1
    outer loop
      vertex -9.94939 -1.00499 0
      vertex -20.1215 -1.38919 0
      vertex -20.0304 -0.697189 0
    endloop
  endfacet
  facet normal 0 -0 -1
    outer loop
      vertex -21.5175 21.5125 0
      vertex -21.2505 20.8678 0
      vertex -29.3892 7.87849 0
    endloop
  endfacet
  facet normal 0 0 -1
    outer loop
      vertex -44.3163 -7.81419 0
      vertex -44.8288 -3.922 0
      vertex -35.2505 -3.38089 0
    endloop
  endfacet
  facet normal 0 0 -1
    outer loop
      vertex -45 0 0
      vertex -35.9696 0.697189 0
      vertex -36 0 0
    endloop
  endfacet
  facet normal 0 0 -1
    outer loop
      vertex -35.5175 2.73619 0
      vertex -44.8288 3.922 0
      vertex -35.2505 3.38089 0
    endloop
  endfacet
  facet normal -0 0 -1
    outer loop
      vertex -34.9282 4 0
      vertex -35.2505 3.38089 0
      vertex -44.3163 7.81419 0
    endloop
  endfacet
  facet normal 0 0 -1
    outer loop
      vertex -43.4667 11.6469 0
      vertex -42.2862 15.3909 0
      vertex -32.5886 6.55319 0
    endloop
  endfacet
  facet normal 0 0 -1
    outer loop
      vertex -42.2862 15.3909 0
      vertex -32 6.92819 0
      vertex -32.5886 6.55319 0
    endloop
  endfacet
  facet normal -0 0 -1
    outer loop
      vertex -29.3892 7.87849 0
      vertex -30.0706 7.72739 0
      vertex -38.9711 22.5 0
    endloop
  endfacet
  facet normal 0 -0 -1
    outer loop
      vertex -36.8618 25.8109 0
      vertex -21.7274 22.1781 0
      vertex -38.9711 22.5 0
    endloop
  endfacet
  facet normal -0 -0 -1
    outer loop
      vertex -21.7274 22.1781 0
      vertex -21.5175 21.5125 0
      vertex -38.9711 22.5 0
    endloop
  endfacet
  facet normal -0 -0 -1
    outer loop
      vertex -21.8785 22.8595 0
      vertex -21.7274 22.1781 0
      vertex -36.8618 25.8109 0
    endloop
  endfacet
  facet normal -0 -0 -1
    outer loop
      vertex -21.9696 23.5515 0
      vertex -21.8785 22.8595 0
      vertex -36.8618 25.8109 0
    endloop
  endfacet
  facet normal 0 0 -1
    outer loop
      vertex -34.472 28.9254 0
      vertex -22 24.2487 0
      vertex -21.9696 23.5515 0
    endloop
  endfacet
  facet normal 0 -0 -1
    outer loop
      vertex -34.472 28.9254 0
      vertex -21.9696 23.5515 0
      vertex -36.8618 25.8109 0
    endloop
  endfacet
  facet normal -0 0 -1
    outer loop
      vertex -21.9696 24.9459 0
      vertex -22 24.2487 0
      vertex -34.472 28.9254 0
    endloop
  endfacet
  facet normal 0 -0 -1
    outer loop
      vertex -31.8198 31.8198 0
      vertex -21.9696 24.9459 0
      vertex -34.472 28.9254 0
    endloop
  endfacet
  facet normal 0 0 -1
    outer loop
      vertex -31.8198 31.8198 0
      vertex -21.7274 26.3193 0
      vertex -21.8785 25.6379 0
    endloop
  endfacet
  facet normal 0 0 -1
    outer loop
      vertex -31.8198 31.8198 0
      vertex -21.8785 25.6379 0
      vertex -21.9696 24.9459 0
    endloop
  endfacet
  facet normal 0 0 -1
    outer loop
      vertex -21.5175 26.9849 0
      vertex -31.8198 31.8198 0
      vertex -28.9254 34.472 0
    endloop
  endfacet
  facet normal -0 0 -1
    outer loop
      vertex -21.2505 27.6296 0
      vertex -21.5175 26.9849 0
      vertex -28.9254 34.472 0
    endloop
  endfacet
  facet normal -0 0 -1
    outer loop
      vertex -20.9282 28.2487 0
      vertex -21.2505 27.6296 0
      vertex -28.9254 34.472 0
    endloop
  endfacet
  facet normal 0 -0 -1
    outer loop
      vertex -25.8109 36.8618 0
      vertex -20.5532 28.8373 0
      vertex -28.9254 34.472 0
    endloop
  endfacet
  facet normal -0 0 -1
    outer loop
      vertex -20.5532 28.8373 0
      vertex -20.9282 28.2487 0
      vertex -28.9254 34.472 0
    endloop
  endfacet
  facet normal 0 0 -1
    outer loop
      vertex -25.8109 36.8618 0
      vertex -20.1284 29.391 0
      vertex -20.5532 28.8373 0
    endloop
  endfacet
  facet normal 0 0 -1
    outer loop
      vertex -25.8109 36.8618 0
      vertex -19.6569 29.9056 0
      vertex -20.1284 29.391 0
    endloop
  endfacet
  facet normal 0 0 -1
    outer loop
      vertex -19.1423 30.3771 0
      vertex -22.5 38.9711 0
      vertex -18.5886 30.8019 0
    endloop
  endfacet
  facet normal 0 0 -1
    outer loop
      vertex -8.34309 29.9056 0
      vertex -8.8577 30.3771 0
      vertex -3.922 44.8288 0
    endloop
  endfacet
  facet normal 0 0 -1
    outer loop
      vertex -18 31.1769 0
      vertex -22.5 38.9711 0
      vertex -17.3809 31.4992 0
    endloop
  endfacet
  facet normal 0 0 -1
    outer loop
      vertex -17.3809 31.4992 0
      vertex -22.5 38.9711 0
      vertex -16.7362 31.7662 0
    endloop
  endfacet
  facet normal 0 0 -1
    outer loop
      vertex -16.7362 31.7662 0
      vertex -22.5 38.9711 0
      vertex -19.0178 40.7839 0
    endloop
  endfacet
  facet normal -0 0 -1
    outer loop
      vertex -16.0706 31.9761 0
      vertex -16.7362 31.7662 0
      vertex -19.0178 40.7839 0
    endloop
  endfacet
  facet normal 0 0 -1
    outer loop
      vertex -9.41139 30.8019 0
      vertex -3.922 44.8288 0
      vertex -8.8577 30.3771 0
    endloop
  endfacet
  facet normal -0 0 -1
    outer loop
      vertex -15.3892 32.1272 0
      vertex -16.0706 31.9761 0
      vertex -19.0178 40.7839 0
    endloop
  endfacet
  facet normal -0 0 -1
    outer loop
      vertex -14.6972 32.2183 0
      vertex -15.3892 32.1272 0
      vertex -19.0178 40.7839 0
    endloop
  endfacet
  facet normal 0 -0 -1
    outer loop
      vertex -15.3909 42.2862 0
      vertex -14.6972 32.2183 0
      vertex -19.0178 40.7839 0
    endloop
  endfacet
  facet normal 0 0 -1
    outer loop
      vertex -13.3028 32.2183 0
      vertex -14 32.2487 0
      vertex -15.3909 42.2862 0
    endloop
  endfacet
  facet normal 0 0 -1
    outer loop
      vertex -12.6108 32.1272 0
      vertex -13.3028 32.2183 0
      vertex -15.3909 42.2862 0
    endloop
  endfacet
  facet normal 0 0 -1
    outer loop
      vertex -11.6469 43.4667 0
      vertex -12.6108 32.1272 0
      vertex -15.3909 42.2862 0
    endloop
  endfacet
  facet normal 0 0 -1
    outer loop
      vertex -11.6469 43.4667 0
      vertex -11.9294 31.9761 0
      vertex -12.6108 32.1272 0
    endloop
  endfacet
  facet normal 0 0 -1
    outer loop
      vertex -11.6469 43.4667 0
      vertex -10.6191 31.4992 0
      vertex -11.2638 31.7662 0
    endloop
  endfacet
  facet normal 0 -0 -1
    outer loop
      vertex -11.6469 43.4667 0
      vertex -11.2638 31.7662 0
      vertex -11.9294 31.9761 0
    endloop
  endfacet
  facet normal 0 0 -1
    outer loop
      vertex -9.41139 30.8019 0
      vertex -7.81419 44.3163 0
      vertex -3.922 44.8288 0
    endloop
  endfacet
  facet normal 0 0 -1
    outer loop
      vertex -10 31.1769 0
      vertex -7.81419 44.3163 0
      vertex -9.41139 30.8019 0
    endloop
  endfacet
  facet normal 0 -0 -1
    outer loop
      vertex -3.922 44.8288 0
      vertex 0 45 0
      vertex -8.34309 29.9056 0
    endloop
  endfacet
  facet normal 0 0 -1
    outer loop
      vertex 7.44679 28.8373 0
      vertex -7.44679 28.8373 0
      vertex -7.8716 29.391 0
    endloop
  endfacet
  facet normal 0 0 -1
    outer loop
      vertex 6.7495 27.6296 0
      vertex -7.07179 28.2487 0
      vertex 7.07179 28.2487 0
    endloop
  endfacet
  facet normal 0 0 -1
    outer loop
      vertex 6.4825 26.9849 0
      vertex -6.7495 27.6296 0
      vertex 6.7495 27.6296 0
    endloop
  endfacet
  facet normal 0 0 -1
    outer loop
      vertex 6.4825 26.9849 0
      vertex -6.4825 26.9849 0
      vertex -6.7495 27.6296 0
    endloop
  endfacet
  facet normal -0 0 -1
    outer loop
      vertex 6.4825 26.9849 0
      vertex 6.2726 26.3193 0
      vertex -6.4825 26.9849 0
    endloop
  endfacet
  facet normal -0 0 -1
    outer loop
      vertex 6.2726 26.3193 0
      vertex 6.12149 25.6379 0
      vertex -6.2726 26.3193 0
    endloop
  endfacet
  facet normal 0 0 -1
    outer loop
      vertex -6.2726 26.3193 0
      vertex 6.12149 25.6379 0
      vertex -6.12149 25.6379 0
    endloop
  endfacet
  facet normal 0 0 -1
    outer loop
      vertex -6.12149 25.6379 0
      vertex 6.12149 25.6379 0
      vertex 6.0304 24.9459 0
    endloop
  endfacet
  facet normal 0 0 -1
    outer loop
      vertex -6.0304 24.9459 0
      vertex 6.0304 24.9459 0
      vertex 6 24.2487 0
    endloop
  endfacet
  facet normal 0 0 -1
    outer loop
      vertex -6 24.2487 0
      vertex -6.0304 24.9459 0
      vertex 6 24.2487 0
    endloop
  endfacet
  facet normal 0 0 -1
    outer loop
      vertex -6.0304 23.5515 0
      vertex 6 24.2487 0
      vertex 6.0304 23.5515 0
    endloop
  endfacet
  facet normal 0 0 -1
    outer loop
      vertex -6.12149 22.8595 0
      vertex -6.0304 23.5515 0
      vertex 6.0304 23.5515 0
    endloop
  endfacet
  facet normal 0 0 -1
    outer loop
      vertex -6.2726 22.1781 0
      vertex -6.12149 22.8595 0
      vertex 6.12149 22.8595 0
    endloop
  endfacet
  facet normal 0 0 -1
    outer loop
      vertex 6.2726 22.1781 0
      vertex -6.2726 22.1781 0
      vertex 6.12149 22.8595 0
    endloop
  endfacet
  facet normal 0 0 -1
    outer loop
      vertex 6.4825 21.5125 0
      vertex -6.4825 21.5125 0
      vertex 6.2726 22.1781 0
    endloop
  endfacet
  facet normal 0 0 -1
    outer loop
      vertex 6.7495 20.8678 0
      vertex -6.7495 20.8678 0
      vertex 6.4825 21.5125 0
    endloop
  endfacet
  facet normal 0 0 -1
    outer loop
      vertex -7.44679 19.6601 0
      vertex -7.07179 20.2487 0
      vertex -2 11.5 0
    endloop
  endfacet
  facet normal -0 0 -1
    outer loop
      vertex -2.83879 9.58859 0
      vertex -3.6563 9.30759 0
      vertex -2 11.5 0
    endloop
  endfacet
  facet normal 0 0 -1
    outer loop
      vertex -4.44659 8.95709 0
      vertex -2 11.5 0
      vertex -3.6563 9.30759 0
    endloop
  endfacet
  facet normal 0 0 -1
    outer loop
      vertex -4.44659 8.95709 0
      vertex -9.41139 17.6955 0
      vertex -2 11.5 0
    endloop
  endfacet
  facet normal -0 0 -1
    outer loop
      vertex -7.7907 6.26939 0
      vertex -8.30309 5.57309 0
      vertex -13.3028 16.2791 0
    endloop
  endfacet
  facet normal -0 0 -1
    outer loop
      vertex -8.30309 5.57309 0
      vertex -8.75339 4.83519 0
      vertex -14.6972 16.2791 0
    endloop
  endfacet
  facet normal 0 0 -1
    outer loop
      vertex 0 -45 0
      vertex -7.8716 -29.391 0
      vertex 7.8716 -29.391 0
    endloop
  endfacet
  facet normal 0 0 -1
    outer loop
      vertex -22.8577 6.12839 0
      vertex -23.4114 6.55319 0
      vertex -17.3809 16.9982 0
    endloop
  endfacet
  facet normal 0 0 -1
    outer loop
      vertex -7.6095 -6.4881 0
      vertex -12.6108 -16.3702 0
      vertex -13.3028 -16.2791 0
    endloop
  endfacet
  facet normal 0 0 -1
    outer loop
      vertex -9.41139 -30.8019 0
      vertex -8.8577 -30.3771 0
      vertex -3.922 -44.8288 0
    endloop
  endfacet
  facet normal 0 0 -1
    outer loop
      vertex 2 11.5 0
      vertex 8.34309 18.5918 0
      vertex 8.8577 18.1203 0
    endloop
  endfacet
  facet normal 0 0 -1
    outer loop
      vertex -24.6191 7.25049 0
      vertex -18 17.3205 0
      vertex -24 6.92819 0
    endloop
  endfacet
  facet normal 0 0 -1
    outer loop
      vertex -27.3028 -7.96959 0
      vertex -20.5532 -19.6601 0
      vertex -20.9282 -20.2487 0
    endloop
  endfacet
  facet normal 0 0 -1
    outer loop
      vertex -21.8716 5.14229 0
      vertex -15.3892 16.3702 0
      vertex -14.6972 16.2791 0
    endloop
  endfacet
  facet normal -0 0 -1
    outer loop
      vertex -16.0706 -16.5213 0
      vertex -16.7362 -16.7312 0
      vertex -22.8577 -6.12839 0
    endloop
  endfacet
  facet normal 0 0 -1
    outer loop
      vertex -9.01929 -4.31889 0
      vertex -21.0718 -4 0
      vertex -20.7495 -3.38089 0
    endloop
  endfacet
  facet normal 0 0 -1
    outer loop
      vertex -9.3586 -3.5237 0
      vertex -20.7495 -3.38089 0
      vertex -20.4825 -2.73619 0
    endloop
  endfacet
  facet normal 0 0 -1
    outer loop
      vertex -36.8618 -25.8109 0
      vertex -21.9696 -23.5515 0
      vertex -34.472 -28.9254 0
    endloop
  endfacet
  facet normal -0 0 -1
    outer loop
      vertex -33.1423 -6.12839 0
      vertex -43.4667 -11.6469 0
      vertex -33.6569 -5.65689 0
    endloop
  endfacet
  facet normal 0 0 -1
    outer loop
      vertex -9.62799 -2.70229 0
      vertex -20.2726 -2.07059 0
      vertex -9.82539 -1.8606 0
    endloop
  endfacet
  facet normal 0 0 -1
    outer loop
      vertex -21.9696 -24.9459 0
      vertex -31.8198 -31.8198 0
      vertex -34.472 -28.9254 0
    endloop
  endfacet
  facet normal -0 0 -1
    outer loop
      vertex -21.9696 -24.9459 0
      vertex -34.472 -28.9254 0
      vertex -22 -24.2487 0
    endloop
  endfacet
  facet normal 0 0 -1
    outer loop
      vertex -9.99899 -0.141998 0
      vertex -20 0 0
      vertex -9.97389 0.722198 0
    endloop
  endfacet
  facet normal 0 0 -1
    outer loop
      vertex -20.1215 1.38919 0
      vertex -20.2726 2.07059 0
      vertex -9.8743 1.58089 0
    endloop
  endfacet
  facet normal 0 0 -1
    outer loop
      vertex -30.0706 -7.72739 0
      vertex -38.9711 -22.5 0
      vertex -40.7839 -19.0178 0
    endloop
  endfacet
  facet normal -0 0 -1
    outer loop
      vertex -30.0706 -7.72739 0
      vertex -40.7839 -19.0178 0
      vertex -30.7362 -7.51749 0
    endloop
  endfacet
  facet normal -0 0 -1
    outer loop
      vertex -33.6569 -5.65689 0
      vertex -43.4667 -11.6469 0
      vertex -34.1284 -5.14229 0
    endloop
  endfacet
  facet normal 0 0 -1
    outer loop
      vertex -28.6972 7.96959 0
      vertex -20.9282 20.2487 0
      vertex -28 8 0
    endloop
  endfacet
  facet normal -0 0 -1
    outer loop
      vertex -17.3809 16.9982 0
      vertex -24 6.92819 0
      vertex -18 17.3205 0
    endloop
  endfacet
  facet normal 0 0 -1
    outer loop
      vertex -19.6569 18.5918 0
      vertex -25.9294 7.72739 0
      vertex -26.6108 7.87849 0
    endloop
  endfacet
  facet normal -0 0 -1
    outer loop
      vertex -16.0706 16.5213 0
      vertex -22.8577 6.12839 0
      vertex -16.7362 16.7312 0
    endloop
  endfacet
  facet normal 0 -0 -1
    outer loop
      vertex -13.3028 16.2791 0
      vertex -8.30309 5.57309 0
      vertex -14 16.2487 0
    endloop
  endfacet
  facet normal 0 0 -1
    outer loop
      vertex -8.30309 5.57309 0
      vertex -14.6972 16.2791 0
      vertex -14 16.2487 0
    endloop
  endfacet
  facet normal 0 -0 -1
    outer loop
      vertex -12.6108 16.3702 0
      vertex -7.7907 6.26939 0
      vertex -13.3028 16.2791 0
    endloop
  endfacet
  facet normal 0 0 -1
    outer loop
      vertex -7.22009 6.9189 0
      vertex -12.6108 16.3702 0
      vertex -11.9294 16.5213 0
    endloop
  endfacet
  facet normal -0 0 -1
    outer loop
      vertex -6.59549 7.51659 0
      vertex -7.22009 6.9189 0
      vertex -11.9294 16.5213 0
    endloop
  endfacet
  facet normal 0 -0 -1
    outer loop
      vertex -11.2638 16.7312 0
      vertex -6.59549 7.51659 0
      vertex -11.9294 16.5213 0
    endloop
  endfacet
  facet normal 0 -0 -1
    outer loop
      vertex -7.8716 19.1064 0
      vertex -2 11.5 0
      vertex -8.34309 18.5918 0
    endloop
  endfacet
  facet normal 0 0 -1
    outer loop
      vertex -11.2638 16.7312 0
      vertex -5.92169 8.0582 0
      vertex -6.59549 7.51659 0
    endloop
  endfacet
  facet normal 0 0 -1
    outer loop
      vertex -10.6191 16.9982 0
      vertex -5.2036 8.53949 0
      vertex -5.92169 8.0582 0
    endloop
  endfacet
  facet normal 0 0 -1
    outer loop
      vertex -10.6191 16.9982 0
      vertex -10 17.3205 0
      vertex -5.2036 8.53949 0
    endloop
  endfacet
  facet normal 0 0 -1
    outer loop
      vertex -5.2036 8.53949 0
      vertex -10 17.3205 0
      vertex -4.44659 8.95709 0
    endloop
  endfacet
  facet normal 0 0 -1
    outer loop
      vertex -4.44659 8.95709 0
      vertex -10 17.3205 0
      vertex -9.41139 17.6955 0
    endloop
  endfacet
  facet normal 0 0 -1
    outer loop
      vertex -2.83879 9.58859 0
      vertex -2 11.5 0
      vertex -2 9.79799 0
    endloop
  endfacet
  facet normal 0 0 -1
    outer loop
      vertex -9.41139 17.6955 0
      vertex -8.8577 18.1203 0
      vertex -2 11.5 0
    endloop
  endfacet
  facet normal -0 0 -1
    outer loop
      vertex 7.07179 20.2487 0
      vertex 2 11.5 0
      vertex 6.7495 20.8678 0
    endloop
  endfacet
  facet normal 0 0 -1
    outer loop
      vertex 2 11.5 0
      vertex 7.8716 19.1064 0
      vertex 8.34309 18.5918 0
    endloop
  endfacet
  facet normal 0 -0 -1
    outer loop
      vertex 7.44679 19.6601 0
      vertex 7.8716 19.1064 0
      vertex 2 11.5 0
    endloop
  endfacet
  facet normal 0 0 -1
    outer loop
      vertex 3.6563 9.30759 0
      vertex 2 11.5 0
      vertex 4.44659 8.95709 0
    endloop
  endfacet
  facet normal 0 0 -1
    outer loop
      vertex 2 11.5 0
      vertex 9.41139 17.6955 0
      vertex 4.44659 8.95709 0
    endloop
  endfacet
  facet normal 0 0 -1
    outer loop
      vertex 2 11.5 0
      vertex 2.83879 9.58859 0
      vertex 2 9.79799 0
    endloop
  endfacet
  facet normal 0 0 -1
    outer loop
      vertex -2 11.5 0
      vertex -6.7495 20.8678 0
      vertex 2 11.5 0
    endloop
  endfacet
  facet normal 0 0 -1
    outer loop
      vertex 4.44659 8.95709 0
      vertex 9.41139 17.6955 0
      vertex 10 17.3205 0
    endloop
  endfacet
  facet normal 0 0 -1
    outer loop
      vertex 5.2036 8.53949 0
      vertex 10.6191 16.9982 0
      vertex 5.92169 8.0582 0
    endloop
  endfacet
  facet normal 0 0 -1
    outer loop
      vertex 5.92169 8.0582 0
      vertex 11.2638 16.7312 0
      vertex 6.59549 7.51659 0
    endloop
  endfacet
  facet normal 0 0 -1
    outer loop
      vertex 6.59549 7.51659 0
      vertex 11.2638 16.7312 0
      vertex 11.9294 16.5213 0
    endloop
  endfacet
  facet normal 0 0 -1
    outer loop
      vertex 7.22009 6.9189 0
      vertex 11.9294 16.5213 0
      vertex 12.6108 16.3702 0
    endloop
  endfacet
  facet normal 0 0 -1
    outer loop
      vertex 7.7907 6.26939 0
      vertex 12.6108 16.3702 0
      vertex 13.3028 16.2791 0
    endloop
  endfacet
  facet normal 0 0 -1
    outer loop
      vertex 9.4549 3.25659 0
      vertex 20.4825 2.73619 0
      vertex 9.70079 2.4278 0
    endloop
  endfacet
  facet normal -0 0 -1
    outer loop
      vertex 20.2726 2.07059 0
      vertex 9.8743 1.58089 0
      vertex 9.70079 2.4278 0
    endloop
  endfacet
  facet normal 0 0 -1
    outer loop
      vertex 9.3586 -3.5237 0
      vertex 20.4825 -2.73619 0
      vertex 20.7495 -3.38089 0
    endloop
  endfacet
  facet normal 0 0 -1
    outer loop
      vertex 9.01929 -4.31889 0
      vertex 20.7495 -3.38089 0
      vertex 21.0718 -4 0
    endloop
  endfacet
  facet normal 0 0 -1
    outer loop
      vertex 9.4549 3.25659 0
      vertex 9.13829 4.0611 0
      vertex 20.7495 3.38089 0
    endloop
  endfacet
  facet normal -0 0 -1
    outer loop
      vertex 21.4468 -4.58859 0
      vertex 8.61249 -5.0817 0
      vertex 21.0718 -4 0
    endloop
  endfacet
  facet normal 0 0 -1
    outer loop
      vertex 35.8785 -1.38919 0
      vertex 45 0 0
      vertex 44.8288 -3.922 0
    endloop
  endfacet
  facet normal 0 0 -1
    outer loop
      vertex 43.4667 -11.6469 0
      vertex 32.5886 -6.55319 0
      vertex 33.1423 -6.12839 0
    endloop
  endfacet
  facet normal -0 0 -1
    outer loop
      vertex 12.6108 -16.3702 0
      vertex 11.9294 -16.5213 0
      vertex 7.02069 -7.12109 0
    endloop
  endfacet
  facet normal 0 0 -1
    outer loop
      vertex 20.1284 -19.1064 0
      vertex 26.6108 -7.87849 0
      vertex 27.3028 -7.96959 0
    endloop
  endfacet
  facet normal 0 0 -1
    outer loop
      vertex 19.1423 -18.1203 0
      vertex 18.5886 -17.6955 0
      vertex 24.6191 -7.25049 0
    endloop
  endfacet
  facet normal 0 0 -1
    outer loop
      vertex 29.3892 -7.87849 0
      vertex 21.5175 -21.5125 0
      vertex 21.2505 -20.8678 0
    endloop
  endfacet
  facet normal 0 0 -1
    outer loop
      vertex 21.4468 -4.58859 0
      vertex 14.6972 -16.2791 0
      vertex 8.61249 -5.0817 0
    endloop
  endfacet
  facet normal 0 0 -1
    outer loop
      vertex 17.3809 -16.9982 0
      vertex 23.4114 -6.55319 0
      vertex 24 -6.92819 0
    endloop
  endfacet
  facet normal 0 0 -1
    outer loop
      vertex 20.9282 -20.2487 0
      vertex 20.5532 -19.6601 0
      vertex 27.3028 -7.96959 0
    endloop
  endfacet
  facet normal -0 0 -1
    outer loop
      vertex 28 -8 0
      vertex 20.9282 -20.2487 0
      vertex 27.3028 -7.96959 0
    endloop
  endfacet
  facet normal 0 0 -1
    outer loop
      vertex 21.2505 -27.6296 0
      vertex 21.5175 -26.9849 0
      vertex 28.9254 -34.472 0
    endloop
  endfacet
  facet normal 0 0 -1
    outer loop
      vertex 7.07179 -28.2487 0
      vertex -7.07179 -28.2487 0
      vertex 6.7495 -27.6296 0
    endloop
  endfacet
  facet normal 0 0 -1
    outer loop
      vertex -6.12149 -22.8595 0
      vertex 6.0304 -23.5515 0
      vertex -6.0304 -23.5515 0
    endloop
  endfacet
  facet normal 0 0 -1
    outer loop
      vertex -6.12149 -22.8595 0
      vertex -6.2726 -22.1781 0
      vertex 6.12149 -22.8595 0
    endloop
  endfacet
  facet normal 0 -0 -1
    outer loop
      vertex -0.863693 -9.96259 0
      vertex 0 -10 0
      vertex -7.07179 -20.2487 0
    endloop
  endfacet
  facet normal 0 0 -1
    outer loop
      vertex -1.72089 -9.8508 0
      vertex -7.44679 -19.6601 0
      vertex -7.8716 -19.1064 0
    endloop
  endfacet
  facet normal 0 0 -1
    outer loop
      vertex -2.56529 -9.6653 0
      vertex -7.8716 -19.1064 0
      vertex -8.34309 -18.5918 0
    endloop
  endfacet
  facet normal 0 0 -1
    outer loop
      vertex 8.8577 -18.1203 0
      vertex 3.39049 -9.40759 0
      vertex 4.1904 -9.07959 0
    endloop
  endfacet
  facet normal 0 0 -1
    outer loop
      vertex 44.3163 -7.81419 0
      vertex 34.5532 -4.58859 0
      vertex 34.9282 -4 0
    endloop
  endfacet
  facet normal 0 0 -1
    outer loop
      vertex 14.6972 -16.2791 0
      vertex 14 -16.2487 0
      vertex 8.61249 -5.0817 0
    endloop
  endfacet
  facet normal 0 0 -1
    outer loop
      vertex 34.5532 4.58859 0
      vertex 44.3163 7.81419 0
      vertex 34.9282 4 0
    endloop
  endfacet
  facet normal 0 0 -1
    outer loop
      vertex 7.07179 -20.2487 0
      vertex 0.863693 -9.96259 0
      vertex 7.44679 -19.6601 0
    endloop
  endfacet
  facet normal 0 0 -1
    outer loop
      vertex 7.6095 -6.4881 0
      vertex 8.14139 -5.80659 0
      vertex 13.3028 -16.2791 0
    endloop
  endfacet
  facet normal 0 0 -1
    outer loop
      vertex 11.9294 -16.5213 0
      vertex 6.37939 -7.70079 0
      vertex 7.02069 -7.12109 0
    endloop
  endfacet
  facet normal 0 0 -1
    outer loop
      vertex 5.6904 -8.22299 0
      vertex 11.2638 -16.7312 0
      vertex 10.6191 -16.9982 0
    endloop
  endfacet
  facet normal 0 -0 -1
    outer loop
      vertex 5.6904 -8.22299 0
      vertex 10.6191 -16.9982 0
      vertex 4.95889 -8.68379 0
    endloop
  endfacet
  facet normal 0 0 -1
    outer loop
      vertex 12.6108 -16.3702 0
      vertex 7.02069 -7.12109 0
      vertex 7.6095 -6.4881 0
    endloop
  endfacet
  facet normal 0 -0 -1
    outer loop
      vertex 6.37939 -7.70079 0
      vertex 11.2638 -16.7312 0
      vertex 5.6904 -8.22299 0
    endloop
  endfacet
  facet normal 0 0 -1
    outer loop
      vertex 21.0718 -4 0
      vertex 8.61249 -5.0817 0
      vertex 9.01929 -4.31889 0
    endloop
  endfacet
  facet normal 0 -0 -1
    outer loop
      vertex 9.3586 -3.5237 0
      vertex 20.7495 -3.38089 0
      vertex 9.01929 -4.31889 0
    endloop
  endfacet
  facet normal 0 -0 -1
    outer loop
      vertex 9.62799 -2.70229 0
      vertex 20.4825 -2.73619 0
      vertex 9.3586 -3.5237 0
    endloop
  endfacet
  facet normal 0 0 -1
    outer loop
      vertex 9.62799 -2.70229 0
      vertex 20.2726 -2.07059 0
      vertex 20.4825 -2.73619 0
    endloop
  endfacet
  facet normal 0 0 -1
    outer loop
      vertex 9.62799 -2.70229 0
      vertex 9.82539 -1.8606 0
      vertex 20.2726 -2.07059 0
    endloop
  endfacet
  facet normal 0 0 -1
    outer loop
      vertex 20.2726 -2.07059 0
      vertex 9.82539 -1.8606 0
      vertex 20.1215 -1.38919 0
    endloop
  endfacet
  facet normal 0 0 -1
    outer loop
      vertex 20.1215 -1.38919 0
      vertex 9.94939 -1.00499 0
      vertex 20.0304 -0.697189 0
    endloop
  endfacet
  facet normal 0 0 -1
    outer loop
      vertex 9.94939 -1.00499 0
      vertex 9.99899 -0.141998 0
      vertex 20.0304 -0.697189 0
    endloop
  endfacet
  facet normal 0 0 -1
    outer loop
      vertex 20.0304 -0.697189 0
      vertex 9.99899 -0.141998 0
      vertex 20 0 0
    endloop
  endfacet
  facet normal 0 0 -1
    outer loop
      vertex 20.0304 0.697189 0
      vertex 9.97389 0.722198 0
      vertex 20.1215 1.38919 0
    endloop
  endfacet
  facet normal -0 0 -1
    outer loop
      vertex 20 0 0
      vertex 9.99899 -0.141998 0
      vertex 9.97389 0.722198 0
    endloop
  endfacet
  facet normal 0 0 -1
    outer loop
      vertex 20.1215 1.38919 0
      vertex 9.8743 1.58089 0
      vertex 20.2726 2.07059 0
    endloop
  endfacet
  facet normal 0 0 -1
    outer loop
      vertex 20.7495 3.38089 0
      vertex 9.13829 4.0611 0
      vertex 21.0718 4 0
    endloop
  endfacet
  facet normal 0 0 -1
    outer loop
      vertex 14.6972 16.2791 0
      vertex 21.8716 5.14229 0
      vertex 21.4468 4.58859 0
    endloop
  endfacet
  facet normal 0 -0 -1
    outer loop
      vertex 16.0706 16.5213 0
      vertex 22.3431 5.65689 0
      vertex 15.3892 16.3702 0
    endloop
  endfacet
  facet normal 0 0 -1
    outer loop
      vertex 16.0706 16.5213 0
      vertex 22.8577 6.12839 0
      vertex 22.3431 5.65689 0
    endloop
  endfacet
  facet normal 0 0 -1
    outer loop
      vertex 16.0706 16.5213 0
      vertex 16.7362 16.7312 0
      vertex 22.8577 6.12839 0
    endloop
  endfacet
  facet normal 0 0 -1
    outer loop
      vertex 22.8577 6.12839 0
      vertex 16.7362 16.7312 0
      vertex 17.3809 16.9982 0
    endloop
  endfacet
  facet normal -0 0 -1
    outer loop
      vertex 23.4114 6.55319 0
      vertex 22.8577 6.12839 0
      vertex 17.3809 16.9982 0
    endloop
  endfacet
  facet normal 0 0 -1
    outer loop
      vertex 24 6.92819 0
      vertex 17.3809 16.9982 0
      vertex 18 17.3205 0
    endloop
  endfacet
  facet normal 0 0 -1
    outer loop
      vertex 19.6569 18.5918 0
      vertex 26.6108 7.87849 0
      vertex 25.9294 7.72739 0
    endloop
  endfacet
  facet normal 0 -0 -1
    outer loop
      vertex 18.5886 17.6955 0
      vertex 24.6191 7.25049 0
      vertex 18 17.3205 0
    endloop
  endfacet
  facet normal 0 0 -1
    outer loop
      vertex 19.1423 18.1203 0
      vertex 25.2638 7.51749 0
      vertex 24.6191 7.25049 0
    endloop
  endfacet
  facet normal 0 0 -1
    outer loop
      vertex 19.1423 18.1203 0
      vertex 25.9294 7.72739 0
      vertex 25.2638 7.51749 0
    endloop
  endfacet
  facet normal 0 0 -1
    outer loop
      vertex 19.1423 18.1203 0
      vertex 19.6569 18.5918 0
      vertex 25.9294 7.72739 0
    endloop
  endfacet
  facet normal 0 -0 -1
    outer loop
      vertex 20.5532 19.6601 0
      vertex 27.3028 7.96959 0
      vertex 20.1284 19.1064 0
    endloop
  endfacet
  facet normal 0 0 -1
    outer loop
      vertex 20.5532 19.6601 0
      vertex 20.9282 20.2487 0
      vertex 27.3028 7.96959 0
    endloop
  endfacet
  facet normal 0 0 -1
    outer loop
      vertex 20.9282 20.2487 0
      vertex 28.6972 7.96959 0
      vertex 28 8 0
    endloop
  endfacet
  facet normal 0 0 -1
    outer loop
      vertex 21.2505 20.8678 0
      vertex 29.3892 7.87849 0
      vertex 28.6972 7.96959 0
    endloop
  endfacet
  facet normal 0 0 -1
    outer loop
      vertex 21.5175 21.5125 0
      vertex 38.9711 22.5 0
      vertex 29.3892 7.87849 0
    endloop
  endfacet
  facet normal 0 0 -1
    outer loop
      vertex 29.3892 7.87849 0
      vertex 38.9711 22.5 0
      vertex 30.0706 7.72739 0
    endloop
  endfacet
  facet normal 0 0 -1
    outer loop
      vertex 30.0706 7.72739 0
      vertex 38.9711 22.5 0
      vertex 40.7839 19.0178 0
    endloop
  endfacet
  facet normal 0 0 -1
    outer loop
      vertex 30.7362 7.51749 0
      vertex 40.7839 19.0178 0
      vertex 31.3809 7.25049 0
    endloop
  endfacet
  facet normal 0 0 -1
    outer loop
      vertex 31.3809 7.25049 0
      vertex 40.7839 19.0178 0
      vertex 42.2862 15.3909 0
    endloop
  endfacet
  facet normal 0 0 -1
    outer loop
      vertex 32 6.92819 0
      vertex 31.3809 7.25049 0
      vertex 42.2862 15.3909 0
    endloop
  endfacet
  facet normal 0 0 -1
    outer loop
      vertex 32.5886 6.55319 0
      vertex 32 6.92819 0
      vertex 42.2862 15.3909 0
    endloop
  endfacet
  facet normal -0 0 -1
    outer loop
      vertex 43.4667 11.6469 0
      vertex 32.5886 6.55319 0
      vertex 42.2862 15.3909 0
    endloop
  endfacet
  facet normal 0 0 -1
    outer loop
      vertex 43.4667 11.6469 0
      vertex 33.6569 5.65689 0
      vertex 33.1423 6.12839 0
    endloop
  endfacet
  facet normal 0 0 -1
    outer loop
      vertex 43.4667 11.6469 0
      vertex 33.1423 6.12839 0
      vertex 32.5886 6.55319 0
    endloop
  endfacet
  facet normal 0 0 -1
    outer loop
      vertex 34.1284 5.14229 0
      vertex 33.6569 5.65689 0
      vertex 43.4667 11.6469 0
    endloop
  endfacet
  facet normal 0 0 -1
    outer loop
      vertex 44.3163 7.81419 0
      vertex 34.5532 4.58859 0
      vertex 34.1284 5.14229 0
    endloop
  endfacet
  facet normal -0 0 -1
    outer loop
      vertex 44.3163 7.81419 0
      vertex 34.1284 5.14229 0
      vertex 43.4667 11.6469 0
    endloop
  endfacet
  facet normal 0 0 -1
    outer loop
      vertex 34.9282 4 0
      vertex 44.3163 7.81419 0
      vertex 35.2505 3.38089 0
    endloop
  endfacet
  facet normal 0 0 -1
    outer loop
      vertex 35.2505 3.38089 0
      vertex 44.3163 7.81419 0
      vertex 44.8288 3.922 0
    endloop
  endfacet
  facet normal 0 0 -1
    outer loop
      vertex 35.5175 2.73619 0
      vertex 35.2505 3.38089 0
      vertex 44.8288 3.922 0
    endloop
  endfacet
  facet normal 0 0 -1
    outer loop
      vertex 35.7274 2.07059 0
      vertex 35.5175 2.73619 0
      vertex 44.8288 3.922 0
    endloop
  endfacet
  facet normal 0 0 -1
    outer loop
      vertex 35.8785 1.38919 0
      vertex 44.8288 3.922 0
      vertex 45 0 0
    endloop
  endfacet
  facet normal 0 0 -1
    outer loop
      vertex 35.9696 0.697189 0
      vertex 35.8785 1.38919 0
      vertex 45 0 0
    endloop
  endfacet
  facet normal 0 0 -1
    outer loop
      vertex 36 0 0
      vertex 35.9696 0.697189 0
      vertex 45 0 0
    endloop
  endfacet
  facet normal 0 0 -1
    outer loop
      vertex 35.9696 -0.697189 0
      vertex 36 0 0
      vertex 45 0 0
    endloop
  endfacet
  facet normal 0 0 -1
    outer loop
      vertex 35.8785 -1.38919 0
      vertex 35.9696 -0.697189 0
      vertex 45 0 0
    endloop
  endfacet
  facet normal 0 0 -1
    outer loop
      vertex 35.7274 -2.07059 0
      vertex 35.8785 -1.38919 0
      vertex 44.8288 -3.922 0
    endloop
  endfacet
  facet normal 0 0 -1
    outer loop
      vertex 35.5175 -2.73619 0
      vertex 35.7274 -2.07059 0
      vertex 44.8288 -3.922 0
    endloop
  endfacet
  facet normal 0 0 -1
    outer loop
      vertex 35.2505 -3.38089 0
      vertex 35.5175 -2.73619 0
      vertex 44.8288 -3.922 0
    endloop
  endfacet
  facet normal 0 0 -1
    outer loop
      vertex 44.3163 -7.81419 0
      vertex 35.2505 -3.38089 0
      vertex 44.8288 -3.922 0
    endloop
  endfacet
  facet normal 0 0 -1
    outer loop
      vertex 44.3163 -7.81419 0
      vertex 34.9282 -4 0
      vertex 35.2505 -3.38089 0
    endloop
  endfacet
  facet normal 0 0 -1
    outer loop
      vertex 34.1284 -5.14229 0
      vertex 34.5532 -4.58859 0
      vertex 44.3163 -7.81419 0
    endloop
  endfacet
  facet normal 0 0 -1
    outer loop
      vertex 43.4667 -11.6469 0
      vertex 34.1284 -5.14229 0
      vertex 44.3163 -7.81419 0
    endloop
  endfacet
  facet normal 0 0 -1
    outer loop
      vertex 43.4667 -11.6469 0
      vertex 33.6569 -5.65689 0
      vertex 34.1284 -5.14229 0
    endloop
  endfacet
  facet normal 0 0 -1
    outer loop
      vertex 43.4667 -11.6469 0
      vertex 33.1423 -6.12839 0
      vertex 33.6569 -5.65689 0
    endloop
  endfacet
  facet normal 0 0 -1
    outer loop
      vertex 42.2862 -15.3909 0
      vertex 32.5886 -6.55319 0
      vertex 43.4667 -11.6469 0
    endloop
  endfacet
  facet normal 0 0 -1
    outer loop
      vertex 42.2862 -15.3909 0
      vertex 32 -6.92819 0
      vertex 32.5886 -6.55319 0
    endloop
  endfacet
  facet normal 0 0 -1
    outer loop
      vertex 42.2862 -15.3909 0
      vertex 31.3809 -7.25049 0
      vertex 32 -6.92819 0
    endloop
  endfacet
  facet normal -0 0 -1
    outer loop
      vertex 42.2862 -15.3909 0
      vertex 40.7839 -19.0178 0
      vertex 31.3809 -7.25049 0
    endloop
  endfacet
  facet normal 0 0 -1
    outer loop
      vertex 40.7839 -19.0178 0
      vertex 30.0706 -7.72739 0
      vertex 30.7362 -7.51749 0
    endloop
  endfacet
  facet normal -0 0 -1
    outer loop
      vertex 40.7839 -19.0178 0
      vertex 38.9711 -22.5 0
      vertex 30.0706 -7.72739 0
    endloop
  endfacet
  facet normal 0 -0 -1
    outer loop
      vertex 30.0706 -7.72739 0
      vertex 38.9711 -22.5 0
      vertex 29.3892 -7.87849 0
    endloop
  endfacet
  facet normal 0 0 -1
    outer loop
      vertex 21.2505 -20.8678 0
      vertex 20.9282 -20.2487 0
      vertex 28.6972 -7.96959 0
    endloop
  endfacet
  facet normal 0 0 -1
    outer loop
      vertex 26.6108 -7.87849 0
      vertex 20.1284 -19.1064 0
      vertex 19.6569 -18.5918 0
    endloop
  endfacet
  facet normal 0 0 -1
    outer loop
      vertex -38.9711 -22.5 0
      vertex -30.0706 -7.72739 0
      vertex -29.3892 -7.87849 0
    endloop
  endfacet
  facet normal 0 0 -1
    outer loop
      vertex -38.9711 -22.5 0
      vertex -21.5175 -21.5125 0
      vertex -21.7274 -22.1781 0
    endloop
  endfacet
  facet normal -0 0 -1
    outer loop
      vertex -30.7362 -7.51749 0
      vertex -40.7839 -19.0178 0
      vertex -31.3809 -7.25049 0
    endloop
  endfacet
  facet normal 0 0 -1
    outer loop
      vertex -31.3809 -7.25049 0
      vertex -40.7839 -19.0178 0
      vertex -42.2862 -15.3909 0
    endloop
  endfacet
  facet normal 0 -0 -1
    outer loop
      vertex -32 -6.92819 0
      vertex -31.3809 -7.25049 0
      vertex -42.2862 -15.3909 0
    endloop
  endfacet
  facet normal 0 0 -1
    outer loop
      vertex -42.2862 -15.3909 0
      vertex -32.5886 -6.55319 0
      vertex -32 -6.92819 0
    endloop
  endfacet
  facet normal 0 0 -1
    outer loop
      vertex -42.2862 -15.3909 0
      vertex -43.4667 -11.6469 0
      vertex -32.5886 -6.55319 0
    endloop
  endfacet
  facet normal -0 0 -1
    outer loop
      vertex -32.5886 -6.55319 0
      vertex -43.4667 -11.6469 0
      vertex -33.1423 -6.12839 0
    endloop
  endfacet
  facet normal 0 0 -1
    outer loop
      vertex -34.1284 -5.14229 0
      vertex -43.4667 -11.6469 0
      vertex -44.3163 -7.81419 0
    endloop
  endfacet
  facet normal 0 -0 -1
    outer loop
      vertex -34.5532 -4.58859 0
      vertex -34.1284 -5.14229 0
      vertex -44.3163 -7.81419 0
    endloop
  endfacet
  facet normal 0 0 -1
    outer loop
      vertex -44.3163 -7.81419 0
      vertex -34.9282 -4 0
      vertex -34.5532 -4.58859 0
    endloop
  endfacet
  facet normal 0 0 -1
    outer loop
      vertex -44.3163 -7.81419 0
      vertex -35.2505 -3.38089 0
      vertex -34.9282 -4 0
    endloop
  endfacet
  facet normal 0 -0 -1
    outer loop
      vertex -35.5175 -2.73619 0
      vertex -35.2505 -3.38089 0
      vertex -44.8288 -3.922 0
    endloop
  endfacet
  facet normal 0 -0 -1
    outer loop
      vertex -35.8785 -1.38919 0
      vertex -35.7274 -2.07059 0
      vertex -44.8288 -3.922 0
    endloop
  endfacet
  facet normal 0 -0 -1
    outer loop
      vertex -35.7274 -2.07059 0
      vertex -35.5175 -2.73619 0
      vertex -44.8288 -3.922 0
    endloop
  endfacet
  facet normal 0 0 -1
    outer loop
      vertex -45 0 0
      vertex -35.8785 -1.38919 0
      vertex -44.8288 -3.922 0
    endloop
  endfacet
  facet normal 0 0 -1
    outer loop
      vertex -45 0 0
      vertex -35.9696 -0.697189 0
      vertex -35.8785 -1.38919 0
    endloop
  endfacet
  facet normal 0 0 -1
    outer loop
      vertex -45 0 0
      vertex -35.8785 1.38919 0
      vertex -35.9696 0.697189 0
    endloop
  endfacet
  facet normal 0 0 -1
    outer loop
      vertex -45 0 0
      vertex -44.8288 3.922 0
      vertex -35.8785 1.38919 0
    endloop
  endfacet
  facet normal 0 0 -1
    outer loop
      vertex -35.8785 1.38919 0
      vertex -44.8288 3.922 0
      vertex -35.7274 2.07059 0
    endloop
  endfacet
  facet normal 0 0 -1
    outer loop
      vertex -35.7274 2.07059 0
      vertex -44.8288 3.922 0
      vertex -35.5175 2.73619 0
    endloop
  endfacet
  facet normal 0 0 -1
    outer loop
      vertex -40.7839 19.0178 0
      vertex -30.7362 7.51749 0
      vertex -31.3809 7.25049 0
    endloop
  endfacet
  facet normal 0 0 -1
    outer loop
      vertex -35.2505 3.38089 0
      vertex -44.8288 3.922 0
      vertex -44.3163 7.81419 0
    endloop
  endfacet
  facet normal 0 0 -1
    outer loop
      vertex -34.9282 4 0
      vertex -44.3163 7.81419 0
      vertex -34.5532 4.58859 0
    endloop
  endfacet
  facet normal 0 0 -1
    outer loop
      vertex -34.5532 4.58859 0
      vertex -44.3163 7.81419 0
      vertex -34.1284 5.14229 0
    endloop
  endfacet
  facet normal 0 0 -1
    outer loop
      vertex -42.2862 15.3909 0
      vertex -31.3809 7.25049 0
      vertex -32 6.92819 0
    endloop
  endfacet
  facet normal 0 -0 -1
    outer loop
      vertex -43.4667 11.6469 0
      vertex -34.1284 5.14229 0
      vertex -44.3163 7.81419 0
    endloop
  endfacet
  facet normal 0 0 -1
    outer loop
      vertex -43.4667 11.6469 0
      vertex -33.6569 5.65689 0
      vertex -34.1284 5.14229 0
    endloop
  endfacet
  facet normal 0 0 -1
    outer loop
      vertex -43.4667 11.6469 0
      vertex -32.5886 6.55319 0
      vertex -33.1423 6.12839 0
    endloop
  endfacet
  facet normal 0 0 -1
    outer loop
      vertex -43.4667 11.6469 0
      vertex -33.1423 6.12839 0
      vertex -33.6569 5.65689 0
    endloop
  endfacet
  facet normal 0 0 -1
    outer loop
      vertex -42.2862 15.3909 0
      vertex -40.7839 19.0178 0
      vertex -31.3809 7.25049 0
    endloop
  endfacet
  facet normal -0 0 -1
    outer loop
      vertex -21.5175 21.5125 0
      vertex -29.3892 7.87849 0
      vertex -38.9711 22.5 0
    endloop
  endfacet
  facet normal 0 -0 -1
    outer loop
      vertex -38.9711 22.5 0
      vertex -30.0706 7.72739 0
      vertex -40.7839 19.0178 0
    endloop
  endfacet
  facet normal -0 0 -1
    outer loop
      vertex -20.9282 20.2487 0
      vertex -28.6972 7.96959 0
      vertex -21.2505 20.8678 0
    endloop
  endfacet
  facet normal -0 0 -1
    outer loop
      vertex -28.6972 7.96959 0
      vertex -29.3892 7.87849 0
      vertex -21.2505 20.8678 0
    endloop
  endfacet
  facet normal 0 -0 -1
    outer loop
      vertex -20.9282 20.2487 0
      vertex -20.5532 19.6601 0
      vertex -27.3028 7.96959 0
    endloop
  endfacet
  facet normal 0 0 -1
    outer loop
      vertex -27.3028 7.96959 0
      vertex -20.5532 19.6601 0
      vertex -20.1284 19.1064 0
    endloop
  endfacet
  facet normal 0 0 -1
    outer loop
      vertex -20.1284 19.1064 0
      vertex -26.6108 7.87849 0
      vertex -27.3028 7.96959 0
    endloop
  endfacet
  facet normal 0 -0 -1
    outer loop
      vertex -20.1284 19.1064 0
      vertex -19.6569 18.5918 0
      vertex -26.6108 7.87849 0
    endloop
  endfacet
  facet normal 0 -0 -1
    outer loop
      vertex -19.6569 18.5918 0
      vertex -19.1423 18.1203 0
      vertex -25.9294 7.72739 0
    endloop
  endfacet
  facet normal 0 0 -1
    outer loop
      vertex -25.9294 7.72739 0
      vertex -19.1423 18.1203 0
      vertex -25.2638 7.51749 0
    endloop
  endfacet
  facet normal 0 0 -1
    outer loop
      vertex -25.2638 7.51749 0
      vertex -19.1423 18.1203 0
      vertex -24.6191 7.25049 0
    endloop
  endfacet
  facet normal 0 0 -1
    outer loop
      vertex -24.6191 7.25049 0
      vertex -19.1423 18.1203 0
      vertex -18.5886 17.6955 0
    endloop
  endfacet
  facet normal -0 0 -1
    outer loop
      vertex -18 17.3205 0
      vertex -24.6191 7.25049 0
      vertex -18.5886 17.6955 0
    endloop
  endfacet
  facet normal 0 0 -1
    outer loop
      vertex -23.4114 6.55319 0
      vertex -24 6.92819 0
      vertex -17.3809 16.9982 0
    endloop
  endfacet
  facet normal 0 -0 -1
    outer loop
      vertex -16.0706 16.5213 0
      vertex -15.3892 16.3702 0
      vertex -22.3431 5.65689 0
    endloop
  endfacet
  facet normal 0 -0 -1
    outer loop
      vertex -17.3809 16.9982 0
      vertex -16.7362 16.7312 0
      vertex -22.8577 6.12839 0
    endloop
  endfacet
  facet normal 0 0 -1
    outer loop
      vertex -21.4468 4.58859 0
      vertex -21.8716 5.14229 0
      vertex -14.6972 16.2791 0
    endloop
  endfacet
  facet normal 0 0 -1
    outer loop
      vertex -8.75339 4.83519 0
      vertex -21.0718 4 0
      vertex -21.4468 4.58859 0
    endloop
  endfacet
  facet normal 0 0 -1
    outer loop
      vertex -20.7495 3.38089 0
      vertex -21.0718 4 0
      vertex -9.13829 4.0611 0
    endloop
  endfacet
  facet normal 0 0 -1
    outer loop
      vertex -9.4549 3.25659 0
      vertex -20.7495 3.38089 0
      vertex -9.13829 4.0611 0
    endloop
  endfacet
  facet normal 0 0 -1
    outer loop
      vertex -9.70079 2.4278 0
      vertex -20.4825 2.73619 0
      vertex -9.4549 3.25659 0
    endloop
  endfacet
  facet normal -0 0 -1
    outer loop
      vertex -9.70079 2.4278 0
      vertex -20.2726 2.07059 0
      vertex -20.4825 2.73619 0
    endloop
  endfacet
  facet normal 0 0 -1
    outer loop
      vertex -9.70079 2.4278 0
      vertex -9.8743 1.58089 0
      vertex -20.2726 2.07059 0
    endloop
  endfacet
  facet normal 0 0 -1
    outer loop
      vertex -9.8743 1.58089 0
      vertex -9.97389 0.722198 0
      vertex -20.1215 1.38919 0
    endloop
  endfacet
  facet normal 0 0 -1
    outer loop
      vertex -20.1215 1.38919 0
      vertex -9.97389 0.722198 0
      vertex -20.0304 0.697189 0
    endloop
  endfacet
  facet normal 0 0 -1
    outer loop
      vertex -20.0304 0.697189 0
      vertex -9.97389 0.722198 0
      vertex -20 0 0
    endloop
  endfacet
  facet normal 0 -0 -1
    outer loop
      vertex -20 0 0
      vertex -9.99899 -0.141998 0
      vertex -20.0304 -0.697189 0
    endloop
  endfacet
  facet normal 0 0 -1
    outer loop
      vertex -20.0304 -0.697189 0
      vertex -9.99899 -0.141998 0
      vertex -9.94939 -1.00499 0
    endloop
  endfacet
  facet normal 0 0 -1
    outer loop
      vertex -20.1215 -1.38919 0
      vertex -9.94939 -1.00499 0
      vertex -9.82539 -1.8606 0
    endloop
  endfacet
  facet normal 0 0 -1
    outer loop
      vertex -20.2726 -2.07059 0
      vertex -20.1215 -1.38919 0
      vertex -9.82539 -1.8606 0
    endloop
  endfacet
  facet normal 0 0 -1
    outer loop
      vertex -20.4825 -2.73619 0
      vertex -20.2726 -2.07059 0
      vertex -9.62799 -2.70229 0
    endloop
  endfacet
  facet normal 0 0 -1
    outer loop
      vertex -9.3586 -3.5237 0
      vertex -20.4825 -2.73619 0
      vertex -9.62799 -2.70229 0
    endloop
  endfacet
  facet normal 0 0 -1
    outer loop
      vertex -9.01929 -4.31889 0
      vertex -20.7495 -3.38089 0
      vertex -9.3586 -3.5237 0
    endloop
  endfacet
  facet normal 0 0 -1
    outer loop
      vertex -8.61249 -5.0817 0
      vertex -21.0718 -4 0
      vertex -9.01929 -4.31889 0
    endloop
  endfacet
  facet normal 0 0 -1
    outer loop
      vertex -8.61249 -5.0817 0
      vertex -21.4468 -4.58859 0
      vertex -21.0718 -4 0
    endloop
  endfacet
  facet normal 0 0 -1
    outer loop
      vertex -16.0706 -16.5213 0
      vertex -22.8577 -6.12839 0
      vertex -22.3431 -5.65689 0
    endloop
  endfacet
  facet normal 0 0 -1
    outer loop
      vertex -24.6191 -7.25049 0
      vertex -18 -17.3205 0
      vertex -18.5886 -17.6955 0
    endloop
  endfacet
  facet normal 0 0 -1
    outer loop
      vertex -19.6569 -18.5918 0
      vertex -26.6108 -7.87849 0
      vertex -25.9294 -7.72739 0
    endloop
  endfacet
  facet normal -0 -0 -1
    outer loop
      vertex -28 -8 0
      vertex -20.9282 -20.2487 0
      vertex -28.6972 -7.96959 0
    endloop
  endfacet
  facet normal 0 0 -1
    outer loop
      vertex -15.3892 -16.3702 0
      vertex -22.3431 -5.65689 0
      vertex -21.8716 -5.14229 0
    endloop
  endfacet
  facet normal 0 0 -1
    outer loop
      vertex -29.3892 -7.87849 0
      vertex -21.2505 -20.8678 0
      vertex -21.5175 -21.5125 0
    endloop
  endfacet
  facet normal -0 0 -1
    outer loop
      vertex -15.3892 -32.1272 0
      vertex -19.0178 -40.7839 0
      vertex -16.0706 -31.9761 0
    endloop
  endfacet
  facet normal 0 0 -1
    outer loop
      vertex -21.7274 -22.1781 0
      vertex -36.8618 -25.8109 0
      vertex -38.9711 -22.5 0
    endloop
  endfacet
  facet normal 0 0 -1
    outer loop
      vertex -19.0178 -40.7839 0
      vertex -22.5 -38.9711 0
      vertex -16.7362 -31.7662 0
    endloop
  endfacet
  facet normal -0 0 -1
    outer loop
      vertex -17.3809 -31.4992 0
      vertex -22.5 -38.9711 0
      vertex -18 -31.1769 0
    endloop
  endfacet
  facet normal 0 -0 -1
    outer loop
      vertex -20.9282 -28.2487 0
      vertex -20.5532 -28.8373 0
      vertex -28.9254 -34.472 0
    endloop
  endfacet
  facet normal 0 0 -1
    outer loop
      vertex -12.6108 -32.1272 0
      vertex -11.9294 -31.9761 0
      vertex -11.6469 -43.4667 0
    endloop
  endfacet
  facet normal 0 0 -1
    outer loop
      vertex -14.6972 -16.2791 0
      vertex -8.61249 -5.0817 0
      vertex -14 -16.2487 0
    endloop
  endfacet
  facet normal -0 0 -1
    outer loop
      vertex -16.7362 -31.7662 0
      vertex -22.5 -38.9711 0
      vertex -17.3809 -31.4992 0
    endloop
  endfacet
  facet normal 0 0 -1
    outer loop
      vertex -21.7274 -22.1781 0
      vertex -21.8785 -22.8595 0
      vertex -36.8618 -25.8109 0
    endloop
  endfacet
  facet normal -0 0 -1
    outer loop
      vertex -18 -31.1769 0
      vertex -22.5 -38.9711 0
      vertex -18.5886 -30.8019 0
    endloop
  endfacet
  facet normal -0 0 -1
    outer loop
      vertex -18.5886 -30.8019 0
      vertex -22.5 -38.9711 0
      vertex -19.1423 -30.3771 0
    endloop
  endfacet
  facet normal 0 0 -1
    outer loop
      vertex -19.1423 -30.3771 0
      vertex -22.5 -38.9711 0
      vertex -25.8109 -36.8618 0
    endloop
  endfacet
  facet normal 0 -0 -1
    outer loop
      vertex -19.6569 -29.9056 0
      vertex -19.1423 -30.3771 0
      vertex -25.8109 -36.8618 0
    endloop
  endfacet
  facet normal -0 0 -1
    outer loop
      vertex -21.9696 -23.5515 0
      vertex -36.8618 -25.8109 0
      vertex -21.8785 -22.8595 0
    endloop
  endfacet
  facet normal 0 -0 -1
    outer loop
      vertex -20.1284 -29.391 0
      vertex -19.6569 -29.9056 0
      vertex -25.8109 -36.8618 0
    endloop
  endfacet
  facet normal 0 0 -1
    outer loop
      vertex -25.8109 -36.8618 0
      vertex -20.5532 -28.8373 0
      vertex -20.1284 -29.391 0
    endloop
  endfacet
  facet normal 0 0 -1
    outer loop
      vertex -25.8109 -36.8618 0
      vertex -28.9254 -34.472 0
      vertex -20.5532 -28.8373 0
    endloop
  endfacet
  facet normal 0 0 -1
    outer loop
      vertex -28.9254 -34.472 0
      vertex -21.2505 -27.6296 0
      vertex -20.9282 -28.2487 0
    endloop
  endfacet
  facet normal 0 0 -1
    outer loop
      vertex -28.9254 -34.472 0
      vertex -21.5175 -26.9849 0
      vertex -21.2505 -27.6296 0
    endloop
  endfacet
  facet normal 0 0 -1
    outer loop
      vertex -31.8198 -31.8198 0
      vertex -21.5175 -26.9849 0
      vertex -28.9254 -34.472 0
    endloop
  endfacet
  facet normal 0 0 -1
    outer loop
      vertex -31.8198 -31.8198 0
      vertex -21.7274 -26.3193 0
      vertex -21.5175 -26.9849 0
    endloop
  endfacet
  facet normal 0 0 -1
    outer loop
      vertex -31.8198 -31.8198 0
      vertex -21.9696 -24.9459 0
      vertex -21.8785 -25.6379 0
    endloop
  endfacet
  facet normal 0 0 -1
    outer loop
      vertex -31.8198 -31.8198 0
      vertex -21.8785 -25.6379 0
      vertex -21.7274 -26.3193 0
    endloop
  endfacet
  facet normal 0 0 -1
    outer loop
      vertex -21.9696 -23.5515 0
      vertex -22 -24.2487 0
      vertex -34.472 -28.9254 0
    endloop
  endfacet
  facet normal -0 0 -1
    outer loop
      vertex -21.5175 -21.5125 0
      vertex -38.9711 -22.5 0
      vertex -29.3892 -7.87849 0
    endloop
  endfacet
  facet normal 0 0 -1
    outer loop
      vertex -21.2505 -20.8678 0
      vertex -28.6972 -7.96959 0
      vertex -20.9282 -20.2487 0
    endloop
  endfacet
  facet normal 0 0 -1
    outer loop
      vertex -27.3028 -7.96959 0
      vertex -20.1284 -19.1064 0
      vertex -20.5532 -19.6601 0
    endloop
  endfacet
  facet normal 0 0 -1
    outer loop
      vertex -27.3028 -7.96959 0
      vertex -26.6108 -7.87849 0
      vertex -20.1284 -19.1064 0
    endloop
  endfacet
  facet normal 0 0 -1
    outer loop
      vertex -22.8577 -6.12839 0
      vertex -16.7362 -16.7312 0
      vertex -17.3809 -16.9982 0
    endloop
  endfacet
  facet normal -0 0 -1
    outer loop
      vertex -19.6569 -18.5918 0
      vertex -20.1284 -19.1064 0
      vertex -26.6108 -7.87849 0
    endloop
  endfacet
  facet normal -0 0 -1
    outer loop
      vertex -19.1423 -18.1203 0
      vertex -19.6569 -18.5918 0
      vertex -25.9294 -7.72739 0
    endloop
  endfacet
  facet normal 0 -0 -1
    outer loop
      vertex -25.2638 -7.51749 0
      vertex -19.1423 -18.1203 0
      vertex -25.9294 -7.72739 0
    endloop
  endfacet
  facet normal 0 0 -1
    outer loop
      vertex -25.2638 -7.51749 0
      vertex -24.6191 -7.25049 0
      vertex -19.1423 -18.1203 0
    endloop
  endfacet
  facet normal 0 0 -1
    outer loop
      vertex -19.1423 -18.1203 0
      vertex -24.6191 -7.25049 0
      vertex -18.5886 -17.6955 0
    endloop
  endfacet
  facet normal 0 0 -1
    outer loop
      vertex -24 -6.92819 0
      vertex -17.3809 -16.9982 0
      vertex -18 -17.3205 0
    endloop
  endfacet
  facet normal 0 0 -1
    outer loop
      vertex -17.3809 -16.9982 0
      vertex -23.4114 -6.55319 0
      vertex -22.8577 -6.12839 0
    endloop
  endfacet
  facet normal 0 0 -1
    outer loop
      vertex -24 -6.92819 0
      vertex -23.4114 -6.55319 0
      vertex -17.3809 -16.9982 0
    endloop
  endfacet
  facet normal -0 0 -1
    outer loop
      vertex -15.3892 -16.3702 0
      vertex -16.0706 -16.5213 0
      vertex -22.3431 -5.65689 0
    endloop
  endfacet
  facet normal 0 0 -1
    outer loop
      vertex -21.8716 -5.14229 0
      vertex -14.6972 -16.2791 0
      vertex -15.3892 -16.3702 0
    endloop
  endfacet
  facet normal 0 0 -1
    outer loop
      vertex -14 -16.2487 0
      vertex -8.61249 -5.0817 0
      vertex -8.14139 -5.80659 0
    endloop
  endfacet
  facet normal -0 0 -1
    outer loop
      vertex -7.6095 -6.4881 0
      vertex -13.3028 -16.2791 0
      vertex -8.14139 -5.80659 0
    endloop
  endfacet
  facet normal 0 0 -1
    outer loop
      vertex -12.6108 -16.3702 0
      vertex -7.6095 -6.4881 0
      vertex -7.02069 -7.12109 0
    endloop
  endfacet
  facet normal 0 0 -1
    outer loop
      vertex -11.9294 -16.5213 0
      vertex -7.02069 -7.12109 0
      vertex -6.37939 -7.70079 0
    endloop
  endfacet
  facet normal 0 0 -1
    outer loop
      vertex -11.2638 -16.7312 0
      vertex -11.9294 -16.5213 0
      vertex -6.37939 -7.70079 0
    endloop
  endfacet
  facet normal -0 0 -1
    outer loop
      vertex -5.6904 -8.22299 0
      vertex -11.2638 -16.7312 0
      vertex -6.37939 -7.70079 0
    endloop
  endfacet
  facet normal -0 0 -1
    outer loop
      vertex -4.95889 -8.68379 0
      vertex -10.6191 -16.9982 0
      vertex -5.6904 -8.22299 0
    endloop
  endfacet
  facet normal 0 0 -1
    outer loop
      vertex -4.95889 -8.68379 0
      vertex -10 -17.3205 0
      vertex -10.6191 -16.9982 0
    endloop
  endfacet
  facet normal 0 0 -1
    outer loop
      vertex -4.95889 -8.68379 0
      vertex -9.41139 -17.6955 0
      vertex -10 -17.3205 0
    endloop
  endfacet
  facet normal 0 0 -1
    outer loop
      vertex -4.1904 -9.07959 0
      vertex -8.8577 -18.1203 0
      vertex -9.41139 -17.6955 0
    endloop
  endfacet
  facet normal 0 -0 -1
    outer loop
      vertex -4.1904 -9.07959 0
      vertex -3.39049 -9.40759 0
      vertex -8.8577 -18.1203 0
    endloop
  endfacet
  facet normal 0 -0 -1
    outer loop
      vertex -3.39049 -9.40759 0
      vertex -2.56529 -9.6653 0
      vertex -8.34309 -18.5918 0
    endloop
  endfacet
  facet normal 0 -0 -1
    outer loop
      vertex -2.56529 -9.6653 0
      vertex -1.72089 -9.8508 0
      vertex -7.8716 -19.1064 0
    endloop
  endfacet
  facet normal 0 -0 -1
    outer loop
      vertex -1.72089 -9.8508 0
      vertex -0.863693 -9.96259 0
      vertex -7.44679 -19.6601 0
    endloop
  endfacet
  facet normal 0 0 -1
    outer loop
      vertex -6 -24.2487 0
      vertex -6.0304 -23.5515 0
      vertex 6 -24.2487 0
    endloop
  endfacet
  facet normal 0 0 -1
    outer loop
      vertex -7.07179 -20.2487 0
      vertex 0 -10 0
      vertex -6.7495 -20.8678 0
    endloop
  endfacet
  facet normal 0 0 -1
    outer loop
      vertex 6.2726 -22.1781 0
      vertex -6.2726 -22.1781 0
      vertex -6.4825 -21.5125 0
    endloop
  endfacet
  facet normal -0 0 -1
    outer loop
      vertex 6.2726 -26.3193 0
      vertex -6.4825 -26.9849 0
      vertex -6.2726 -26.3193 0
    endloop
  endfacet
  facet normal 0 -0 -1
    outer loop
      vertex -6.7495 -27.6296 0
      vertex 6.7495 -27.6296 0
      vertex -7.07179 -28.2487 0
    endloop
  endfacet
  facet normal 0 0 -1
    outer loop
      vertex -7.44679 -28.8373 0
      vertex -7.07179 -28.2487 0
      vertex 7.07179 -28.2487 0
    endloop
  endfacet
  facet normal 0 0 -1
    outer loop
      vertex 22.5 -38.9711 0
      vertex 18.5886 -30.8019 0
      vertex 19.1423 -30.3771 0
    endloop
  endfacet
  facet normal 0 -0 -1
    outer loop
      vertex 15.3892 -32.1272 0
      vertex 19.0178 -40.7839 0
      vertex 14.6972 -32.2183 0
    endloop
  endfacet
  facet normal 0 0 -1
    outer loop
      vertex 7.8716 -29.391 0
      vertex -7.8716 -29.391 0
      vertex 7.44679 -28.8373 0
    endloop
  endfacet
  facet normal 0 0 -1
    outer loop
      vertex 15.3909 -42.2862 0
      vertex 13.3028 -32.2183 0
      vertex 14 -32.2487 0
    endloop
  endfacet
  facet normal 0 -0 -1
    outer loop
      vertex 8.34309 -29.9056 0
      vertex 8.8577 -30.3771 0
      vertex 3.922 -44.8288 0
    endloop
  endfacet
  facet normal 0 0 -1
    outer loop
      vertex 15.3909 -42.2862 0
      vertex 12.6108 -32.1272 0
      vertex 13.3028 -32.2183 0
    endloop
  endfacet
  facet normal -0 0 -1
    outer loop
      vertex 9.41139 -30.8019 0
      vertex 3.922 -44.8288 0
      vertex 8.8577 -30.3771 0
    endloop
  endfacet
  facet normal 0 0 -1
    outer loop
      vertex 15.3909 -42.2862 0
      vertex 14 -32.2487 0
      vertex 14.6972 -32.2183 0
    endloop
  endfacet
  facet normal -0 0 -1
    outer loop
      vertex 11.6469 -43.4667 0
      vertex 7.81419 -44.3163 0
      vertex 10.6191 -31.4992 0
    endloop
  endfacet
  facet normal -0 0 -1
    outer loop
      vertex 10.6191 -31.4992 0
      vertex 7.81419 -44.3163 0
      vertex 10 -31.1769 0
    endloop
  endfacet
  facet normal 0 0 -1
    outer loop
      vertex 0 -45 0
      vertex 7.8716 -29.391 0
      vertex 8.34309 -29.9056 0
    endloop
  endfacet
  facet normal 0 0 -1
    outer loop
      vertex 0 -45 0
      vertex -8.34309 -29.9056 0
      vertex -7.8716 -29.391 0
    endloop
  endfacet
  facet normal 0 0 -1
    outer loop
      vertex 0 -45 0
      vertex -3.922 -44.8288 0
      vertex -8.34309 -29.9056 0
    endloop
  endfacet
  facet normal 0 -0 -1
    outer loop
      vertex -8.34309 -29.9056 0
      vertex -3.922 -44.8288 0
      vertex -8.8577 -30.3771 0
    endloop
  endfacet
  facet normal 0 0 -1
    outer loop
      vertex -3.922 -44.8288 0
      vertex -7.81419 -44.3163 0
      vertex -9.41139 -30.8019 0
    endloop
  endfacet
  facet normal 0 -0 -1
    outer loop
      vertex -9.41139 -30.8019 0
      vertex -7.81419 -44.3163 0
      vertex -10 -31.1769 0
    endloop
  endfacet
  facet normal 0 -0 -1
    outer loop
      vertex -10 -31.1769 0
      vertex -7.81419 -44.3163 0
      vertex -10.6191 -31.4992 0
    endloop
  endfacet
  facet normal 0 -0 -1
    outer loop
      vertex -10.6191 -31.4992 0
      vertex -7.81419 -44.3163 0
      vertex -11.6469 -43.4667 0
    endloop
  endfacet
  facet normal 0 -0 -1
    outer loop
      vertex -11.2638 -31.7662 0
      vertex -10.6191 -31.4992 0
      vertex -11.6469 -43.4667 0
    endloop
  endfacet
  facet normal 0 0 -1
    outer loop
      vertex -11.9294 -31.9761 0
      vertex -11.2638 -31.7662 0
      vertex -11.6469 -43.4667 0
    endloop
  endfacet
  facet normal 0 -0 -1
    outer loop
      vertex -12.6108 -32.1272 0
      vertex -11.6469 -43.4667 0
      vertex -15.3909 -42.2862 0
    endloop
  endfacet
  facet normal 0 -0 -1
    outer loop
      vertex -14 -32.2487 0
      vertex -13.3028 -32.2183 0
      vertex -15.3909 -42.2862 0
    endloop
  endfacet
  facet normal 0 -0 -1
    outer loop
      vertex -13.3028 -32.2183 0
      vertex -12.6108 -32.1272 0
      vertex -15.3909 -42.2862 0
    endloop
  endfacet
  facet normal 0 0 -1
    outer loop
      vertex -7.8716 -29.391 0
      vertex -7.44679 -28.8373 0
      vertex 7.44679 -28.8373 0
    endloop
  endfacet
  facet normal 0 0 -1
    outer loop
      vertex 11.6469 -43.4667 0
      vertex 11.9294 -31.9761 0
      vertex 12.6108 -32.1272 0
    endloop
  endfacet
  facet normal 0 0 -1
    outer loop
      vertex 11.6469 -43.4667 0
      vertex 10.6191 -31.4992 0
      vertex 11.2638 -31.7662 0
    endloop
  endfacet
  facet normal 0 0 -1
    outer loop
      vertex 11.6469 -43.4667 0
      vertex 11.2638 -31.7662 0
      vertex 11.9294 -31.9761 0
    endloop
  endfacet
  facet normal 0 0 -1
    outer loop
      vertex 9.41139 -30.8019 0
      vertex 7.81419 -44.3163 0
      vertex 3.922 -44.8288 0
    endloop
  endfacet
  facet normal -0 0 -1
    outer loop
      vertex 10 -31.1769 0
      vertex 7.81419 -44.3163 0
      vertex 9.41139 -30.8019 0
    endloop
  endfacet
  facet normal -0 0 -1
    outer loop
      vertex 3.922 -44.8288 0
      vertex 0 -45 0
      vertex 8.34309 -29.9056 0
    endloop
  endfacet
  facet normal 0 0 -1
    outer loop
      vertex 7.44679 -28.8373 0
      vertex -7.44679 -28.8373 0
      vertex 7.07179 -28.2487 0
    endloop
  endfacet
  facet normal 0 0 -1
    outer loop
      vertex -6.7495 -27.6296 0
      vertex 6.4825 -26.9849 0
      vertex 6.7495 -27.6296 0
    endloop
  endfacet
  facet normal 0 0 -1
    outer loop
      vertex -6.7495 -27.6296 0
      vertex -6.4825 -26.9849 0
      vertex 6.4825 -26.9849 0
    endloop
  endfacet
  facet normal 0 0 -1
    outer loop
      vertex 6.4825 -26.9849 0
      vertex -6.4825 -26.9849 0
      vertex 6.2726 -26.3193 0
    endloop
  endfacet
  facet normal 0 0 -1
    outer loop
      vertex -6.12149 -22.8595 0
      vertex 6.12149 -22.8595 0
      vertex 6.0304 -23.5515 0
    endloop
  endfacet
  facet normal 0 0 -1
    outer loop
      vertex -6.2726 -26.3193 0
      vertex 6.12149 -25.6379 0
      vertex 6.2726 -26.3193 0
    endloop
  endfacet
  facet normal 0 0 -1
    outer loop
      vertex -6.2726 -26.3193 0
      vertex -6.12149 -25.6379 0
      vertex 6.12149 -25.6379 0
    endloop
  endfacet
  facet normal 0 0 -1
    outer loop
      vertex 6.12149 -25.6379 0
      vertex -6.12149 -25.6379 0
      vertex 6.0304 -24.9459 0
    endloop
  endfacet
  facet normal -0 0 -1
    outer loop
      vertex 6.0304 -24.9459 0
      vertex -6.12149 -25.6379 0
      vertex -6.0304 -24.9459 0
    endloop
  endfacet
  facet normal 0 -0 -1
    outer loop
      vertex 6 -24.2487 0
      vertex 6.0304 -24.9459 0
      vertex -6.0304 -24.9459 0
    endloop
  endfacet
  facet normal -0 0 -1
    outer loop
      vertex 6.0304 -23.5515 0
      vertex 6 -24.2487 0
      vertex -6.0304 -23.5515 0
    endloop
  endfacet
  facet normal 0 0 -1
    outer loop
      vertex -6.4825 -21.5125 0
      vertex 6.4825 -21.5125 0
      vertex 6.2726 -22.1781 0
    endloop
  endfacet
  facet normal 0 0 -1
    outer loop
      vertex -6.2726 -22.1781 0
      vertex 6.2726 -22.1781 0
      vertex 6.12149 -22.8595 0
    endloop
  endfacet
  facet normal 0 0 -1
    outer loop
      vertex -6.7495 -20.8678 0
      vertex 6.7495 -20.8678 0
      vertex 6.4825 -21.5125 0
    endloop
  endfacet
  facet normal 0 0 -1
    outer loop
      vertex -6.7495 -20.8678 0
      vertex 6.4825 -21.5125 0
      vertex -6.4825 -21.5125 0
    endloop
  endfacet
  facet normal 0 -0 -1
    outer loop
      vertex 0.863693 -9.96259 0
      vertex 7.07179 -20.2487 0
      vertex 0 -10 0
    endloop
  endfacet
  facet normal -0 0 -1
    outer loop
      vertex 7.07179 -20.2487 0
      vertex 6.7495 -20.8678 0
      vertex 0 -10 0
    endloop
  endfacet
  facet normal -0 0 -1
    outer loop
      vertex 7.8716 -19.1064 0
      vertex 7.44679 -19.6601 0
      vertex 1.72089 -9.8508 0
    endloop
  endfacet
  facet normal 0 0 -1
    outer loop
      vertex 7.44679 -19.6601 0
      vertex 0.863693 -9.96259 0
      vertex 1.72089 -9.8508 0
    endloop
  endfacet
  facet normal 0 -0 -1
    outer loop
      vertex 2.56529 -9.6653 0
      vertex 7.8716 -19.1064 0
      vertex 1.72089 -9.8508 0
    endloop
  endfacet
  facet normal 0 0 -1
    outer loop
      vertex 2.56529 -9.6653 0
      vertex 8.34309 -18.5918 0
      vertex 7.8716 -19.1064 0
    endloop
  endfacet
  facet normal 0 0 -1
    outer loop
      vertex 2.56529 -9.6653 0
      vertex 3.39049 -9.40759 0
      vertex 8.34309 -18.5918 0
    endloop
  endfacet
  facet normal 0 0 -1
    outer loop
      vertex 8.34309 -18.5918 0
      vertex 3.39049 -9.40759 0
      vertex 8.8577 -18.1203 0
    endloop
  endfacet
  facet normal 0 0 -1
    outer loop
      vertex 8.8577 -18.1203 0
      vertex 4.1904 -9.07959 0
      vertex 9.41139 -17.6955 0
    endloop
  endfacet
  facet normal 0 0 -1
    outer loop
      vertex 9.41139 -17.6955 0
      vertex 4.1904 -9.07959 0
      vertex 4.95889 -8.68379 0
    endloop
  endfacet
  facet normal -0 0 -1
    outer loop
      vertex 10 -17.3205 0
      vertex 9.41139 -17.6955 0
      vertex 4.95889 -8.68379 0
    endloop
  endfacet
  facet normal -0 0 -1
    outer loop
      vertex 10.6191 -16.9982 0
      vertex 10 -17.3205 0
      vertex 4.95889 -8.68379 0
    endloop
  endfacet
  facet normal 0 0 -1
    outer loop
      vertex 11.2638 -16.7312 0
      vertex 6.37939 -7.70079 0
      vertex 11.9294 -16.5213 0
    endloop
  endfacet
  facet normal 0 0 -1
    outer loop
      vertex 13.3028 -16.2791 0
      vertex 8.14139 -5.80659 0
      vertex 14 -16.2487 0
    endloop
  endfacet
  facet normal 0 -0 -1
    outer loop
      vertex 21.4468 -4.58859 0
      vertex 21.8716 -5.14229 0
      vertex 14.6972 -16.2791 0
    endloop
  endfacet
  facet normal 0 0 -1
    outer loop
      vertex 15.3892 -16.3702 0
      vertex 14.6972 -16.2791 0
      vertex 21.8716 -5.14229 0
    endloop
  endfacet
  facet normal 0 0 -1
    outer loop
      vertex 16.0706 -16.5213 0
      vertex 15.3892 -16.3702 0
      vertex 22.3431 -5.65689 0
    endloop
  endfacet
  facet normal -0 0 -1
    outer loop
      vertex 22.8577 -6.12839 0
      vertex 16.0706 -16.5213 0
      vertex 22.3431 -5.65689 0
    endloop
  endfacet
  facet normal 0 0 -1
    outer loop
      vertex 22.8577 -6.12839 0
      vertex 16.7362 -16.7312 0
      vertex 16.0706 -16.5213 0
    endloop
  endfacet
  facet normal 0 0 -1
    outer loop
      vertex 22.8577 -6.12839 0
      vertex 17.3809 -16.9982 0
      vertex 16.7362 -16.7312 0
    endloop
  endfacet
  facet normal 0 -0 -1
    outer loop
      vertex 22.8577 -6.12839 0
      vertex 23.4114 -6.55319 0
      vertex 17.3809 -16.9982 0
    endloop
  endfacet
  facet normal 0 0 -1
    outer loop
      vertex 17.3809 -16.9982 0
      vertex 24 -6.92819 0
      vertex 18 -17.3205 0
    endloop
  endfacet
  facet normal 0 -0 -1
    outer loop
      vertex 24 -6.92819 0
      vertex 24.6191 -7.25049 0
      vertex 18 -17.3205 0
    endloop
  endfacet
  facet normal 0 0 -1
    outer loop
      vertex 18 -17.3205 0
      vertex 24.6191 -7.25049 0
      vertex 18.5886 -17.6955 0
    endloop
  endfacet
  facet normal 0 -0 -1
    outer loop
      vertex 24.6191 -7.25049 0
      vertex 25.2638 -7.51749 0
      vertex 19.1423 -18.1203 0
    endloop
  endfacet
  facet normal 0 0 -1
    outer loop
      vertex 19.6569 -18.5918 0
      vertex 19.1423 -18.1203 0
      vertex 25.9294 -7.72739 0
    endloop
  endfacet
  facet normal 0 0 -1
    outer loop
      vertex 19.1423 -18.1203 0
      vertex 25.2638 -7.51749 0
      vertex 25.9294 -7.72739 0
    endloop
  endfacet
  facet normal -0 0 -1
    outer loop
      vertex 26.6108 -7.87849 0
      vertex 19.6569 -18.5918 0
      vertex 25.9294 -7.72739 0
    endloop
  endfacet
  facet normal 0 0 -1
    outer loop
      vertex 20.5532 -19.6601 0
      vertex 20.1284 -19.1064 0
      vertex 27.3028 -7.96959 0
    endloop
  endfacet
  facet normal 0 -0 -1
    outer loop
      vertex 28 -8 0
      vertex 28.6972 -7.96959 0
      vertex 20.9282 -20.2487 0
    endloop
  endfacet
  facet normal 0 -0 -1
    outer loop
      vertex 28.6972 -7.96959 0
      vertex 29.3892 -7.87849 0
      vertex 21.2505 -20.8678 0
    endloop
  endfacet
  facet normal 0 -0 -1
    outer loop
      vertex 29.3892 -7.87849 0
      vertex 38.9711 -22.5 0
      vertex 21.5175 -21.5125 0
    endloop
  endfacet
  facet normal 0 0 -1
    outer loop
      vertex 21.5175 -21.5125 0
      vertex 38.9711 -22.5 0
      vertex 21.7274 -22.1781 0
    endloop
  endfacet
  facet normal 0 0 -1
    outer loop
      vertex 21.7274 -22.1781 0
      vertex 38.9711 -22.5 0
      vertex 36.8618 -25.8109 0
    endloop
  endfacet
  facet normal 0 0 -1
    outer loop
      vertex 21.8785 -22.8595 0
      vertex 21.7274 -22.1781 0
      vertex 36.8618 -25.8109 0
    endloop
  endfacet
  facet normal 0 0 -1
    outer loop
      vertex 21.9696 -23.5515 0
      vertex 21.8785 -22.8595 0
      vertex 36.8618 -25.8109 0
    endloop
  endfacet
  facet normal 0 0 -1
    outer loop
      vertex 34.472 -28.9254 0
      vertex 22 -24.2487 0
      vertex 21.9696 -23.5515 0
    endloop
  endfacet
  facet normal 0 0 -1
    outer loop
      vertex 34.472 -28.9254 0
      vertex 21.9696 -23.5515 0
      vertex 36.8618 -25.8109 0
    endloop
  endfacet
  facet normal 0 0 -1
    outer loop
      vertex 34.472 -28.9254 0
      vertex 21.9696 -24.9459 0
      vertex 22 -24.2487 0
    endloop
  endfacet
  facet normal -0 0 -1
    outer loop
      vertex 34.472 -28.9254 0
      vertex 31.8198 -31.8198 0
      vertex 21.9696 -24.9459 0
    endloop
  endfacet
  facet normal 0 -0 -1
    outer loop
      vertex 21.9696 -24.9459 0
      vertex 31.8198 -31.8198 0
      vertex 21.8785 -25.6379 0
    endloop
  endfacet
  facet normal 0 -0 -1
    outer loop
      vertex 21.8785 -25.6379 0
      vertex 31.8198 -31.8198 0
      vertex 21.7274 -26.3193 0
    endloop
  endfacet
  facet normal 0 -0 -1
    outer loop
      vertex 21.7274 -26.3193 0
      vertex 31.8198 -31.8198 0
      vertex 21.5175 -26.9849 0
    endloop
  endfacet
  facet normal 0 0 -1
    outer loop
      vertex 21.5175 -26.9849 0
      vertex 31.8198 -31.8198 0
      vertex 28.9254 -34.472 0
    endloop
  endfacet
  facet normal 0 -0 -1
    outer loop
      vertex 21.2505 -27.6296 0
      vertex 28.9254 -34.472 0
      vertex 20.9282 -28.2487 0
    endloop
  endfacet
  facet normal 0 -0 -1
    outer loop
      vertex 20.9282 -28.2487 0
      vertex 28.9254 -34.472 0
      vertex 20.5532 -28.8373 0
    endloop
  endfacet
  facet normal 0 0 -1
    outer loop
      vertex 20.5532 -28.8373 0
      vertex 28.9254 -34.472 0
      vertex 25.8109 -36.8618 0
    endloop
  endfacet
  facet normal 0 0 -1
    outer loop
      vertex 20.1284 -29.391 0
      vertex 20.5532 -28.8373 0
      vertex 25.8109 -36.8618 0
    endloop
  endfacet
  facet normal 0 0 -1
    outer loop
      vertex 19.6569 -29.9056 0
      vertex 20.1284 -29.391 0
      vertex 25.8109 -36.8618 0
    endloop
  endfacet
  facet normal 0 0 -1
    outer loop
      vertex 19.1423 -30.3771 0
      vertex 19.6569 -29.9056 0
      vertex 25.8109 -36.8618 0
    endloop
  endfacet
  facet normal 0 0 -1
    outer loop
      vertex 22.5 -38.9711 0
      vertex 19.1423 -30.3771 0
      vertex 25.8109 -36.8618 0
    endloop
  endfacet
  facet normal 0 0 -1
    outer loop
      vertex 18 -31.1769 0
      vertex 18.5886 -30.8019 0
      vertex 22.5 -38.9711 0
    endloop
  endfacet
  facet normal 0 0 -1
    outer loop
      vertex 17.3809 -31.4992 0
      vertex 18 -31.1769 0
      vertex 22.5 -38.9711 0
    endloop
  endfacet
  facet normal 0 0 -1
    outer loop
      vertex 16.7362 -31.7662 0
      vertex 17.3809 -31.4992 0
      vertex 22.5 -38.9711 0
    endloop
  endfacet
  facet normal 0 0 -1
    outer loop
      vertex 19.0178 -40.7839 0
      vertex 16.7362 -31.7662 0
      vertex 22.5 -38.9711 0
    endloop
  endfacet
  facet normal 0 0 -1
    outer loop
      vertex 19.0178 -40.7839 0
      vertex 16.0706 -31.9761 0
      vertex 16.7362 -31.7662 0
    endloop
  endfacet
  facet normal 0 0 -1
    outer loop
      vertex 19.0178 -40.7839 0
      vertex 15.3892 -32.1272 0
      vertex 16.0706 -31.9761 0
    endloop
  endfacet
  facet normal 0 0 -1
    outer loop
      vertex 15.3909 -42.2862 0
      vertex 14.6972 -32.2183 0
      vertex 19.0178 -40.7839 0
    endloop
  endfacet
  facet normal 0 0 1
    outer loop
      vertex 22.3431 -5.65689 20
      vertex 21.8716 -5.14229 20
      vertex 15.3892 -16.3702 20
    endloop
  endfacet
  facet normal 0 0 1
    outer loop
      vertex 10 17.3205 20
      vertex 4.44659 8.95709 20
      vertex 5.2036 8.53949 20
    endloop
  endfacet
  facet normal 0 0 1
    outer loop
      vertex 14 -16.2487 20
      vertex 8.61249 -5.0817 20
      vertex 8.14139 -5.80659 20
    endloop
  endfacet
  facet normal -0 0 1
    outer loop
      vertex 30.7362 -7.51749 20
      vertex 40.7839 -19.0178 20
      vertex 31.3809 -7.25049 20
    endloop
  endfacet
  facet normal 0 -0 1
    outer loop
      vertex 12.6108 -16.3702 20
      vertex 13.3028 -16.2791 20
      vertex 7.6095 -6.4881 20
    endloop
  endfacet
  facet normal -0 0 1
    outer loop
      vertex 35.7274 2.07059 20
      vertex 35.8785 1.38919 20
      vertex 44.8288 3.922 20
    endloop
  endfacet
  facet normal 0 0 1
    outer loop
      vertex 5.2036 8.53949 20
      vertex 10.6191 16.9982 20
      vertex 10 17.3205 20
    endloop
  endfacet
  facet normal 0 0 1
    outer loop
      vertex 31.8198 31.8198 20
      vertex 21.5175 26.9849 20
      vertex 21.7274 26.3193 20
    endloop
  endfacet
  facet normal 0 0 1
    outer loop
      vertex 24.6191 7.25049 20
      vertex 19.1423 18.1203 20
      vertex 18.5886 17.6955 20
    endloop
  endfacet
  facet normal -0 0 1
    outer loop
      vertex 9.4549 3.25659 20
      vertex 20.4825 2.73619 20
      vertex 20.7495 3.38089 20
    endloop
  endfacet
  facet normal -0 0 1
    outer loop
      vertex 8.30309 5.57309 20
      vertex 8.75339 4.83519 20
      vertex 14.6972 16.2791 20
    endloop
  endfacet
  facet normal -0 0 1
    outer loop
      vertex 7.7907 6.26939 20
      vertex 8.30309 5.57309 20
      vertex 13.3028 16.2791 20
    endloop
  endfacet
  facet normal 0 -0 1
    outer loop
      vertex 7.22009 6.9189 20
      vertex 11.9294 16.5213 20
      vertex 6.59549 7.51659 20
    endloop
  endfacet
  facet normal -0 0 1
    outer loop
      vertex 21.2505 20.8678 20
      vertex 29.3892 7.87849 20
      vertex 21.5175 21.5125 20
    endloop
  endfacet
  facet normal 0 -0 1
    outer loop
      vertex 27.3028 7.96959 20
      vertex 28 8 20
      vertex 20.9282 20.2487 20
    endloop
  endfacet
  facet normal 0 0 1
    outer loop
      vertex 15.3892 16.3702 20
      vertex 21.8716 5.14229 20
      vertex 22.3431 5.65689 20
    endloop
  endfacet
  facet normal 0 0 1
    outer loop
      vertex 21.8785 22.8595 20
      vertex 36.8618 25.8109 20
      vertex 21.9696 23.5515 20
    endloop
  endfacet
  facet normal -0 0 1
    outer loop
      vertex 20.9282 20.2487 20
      vertex 28.6972 7.96959 20
      vertex 21.2505 20.8678 20
    endloop
  endfacet
  facet normal 0 -0 1
    outer loop
      vertex 22 24.2487 20
      vertex 34.472 28.9254 20
      vertex 21.9696 24.9459 20
    endloop
  endfacet
  facet normal -0 0 1
    outer loop
      vertex 20.5532 28.8373 20
      vertex 20.9282 28.2487 20
      vertex 28.9254 34.472 20
    endloop
  endfacet
  facet normal 0 -0 1
    outer loop
      vertex 30.7362 7.51749 20
      vertex 40.7839 19.0178 20
      vertex 30.0706 7.72739 20
    endloop
  endfacet
  facet normal 0 0 1
    outer loop
      vertex 19.1423 30.3771 20
      vertex 25.8109 36.8618 20
      vertex 22.5 38.9711 20
    endloop
  endfacet
  facet normal -0 0 1
    outer loop
      vertex 16.0706 31.9761 20
      vertex 16.7362 31.7662 20
      vertex 19.0178 40.7839 20
    endloop
  endfacet
  facet normal 0 0 1
    outer loop
      vertex 14.6972 32.2183 20
      vertex 19.0178 40.7839 20
      vertex 15.3909 42.2862 20
    endloop
  endfacet
  facet normal 0 0 1
    outer loop
      vertex 6.7495 27.6296 20
      vertex -7.07179 28.2487 20
      vertex -6.7495 27.6296 20
    endloop
  endfacet
  facet normal -0 0 1
    outer loop
      vertex -6 24.2487 20
      vertex -6.0304 23.5515 20
      vertex 6 24.2487 20
    endloop
  endfacet
  facet normal 0 0 1
    outer loop
      vertex 8.8577 30.3771 20
      vertex 3.922 44.8288 20
      vertex 8.34309 29.9056 20
    endloop
  endfacet
  facet normal 0 0 1
    outer loop
      vertex 8.34309 29.9056 20
      vertex 3.922 44.8288 20
      vertex 0 45 20
    endloop
  endfacet
  facet normal 0 0 1
    outer loop
      vertex 10.6191 31.4992 20
      vertex 7.81419 44.3163 20
      vertex 10 31.1769 20
    endloop
  endfacet
  facet normal 0 0 1
    outer loop
      vertex -7.8716 29.391 20
      vertex 7.8716 29.391 20
      vertex 0 45 20
    endloop
  endfacet
  facet normal 0 -0 1
    outer loop
      vertex 13.3028 32.2183 20
      vertex 15.3909 42.2862 20
      vertex 12.6108 32.1272 20
    endloop
  endfacet
  facet normal 0 0 1
    outer loop
      vertex -6.4825 26.9849 20
      vertex -6.2726 26.3193 20
      vertex 6.2726 26.3193 20
    endloop
  endfacet
  facet normal 0 0 1
    outer loop
      vertex -6.12149 25.6379 20
      vertex -6.0304 24.9459 20
      vertex 6.0304 24.9459 20
    endloop
  endfacet
  facet normal 0 0 1
    outer loop
      vertex -35.9696 -0.697189 20
      vertex -36 0 20
      vertex -45 0 20
    endloop
  endfacet
  facet normal 0 0 1
    outer loop
      vertex 6.0304 23.5515 20
      vertex -6.12149 22.8595 20
      vertex 6.12149 22.8595 20
    endloop
  endfacet
  facet normal -0 0 1
    outer loop
      vertex -24.6191 -7.25049 20
      vertex -18 -17.3205 20
      vertex -24 -6.92819 20
    endloop
  endfacet
  facet normal -0 0 1
    outer loop
      vertex -8.8577 -18.1203 20
      vertex -8.34309 -18.5918 20
      vertex -3.39049 -9.40759 20
    endloop
  endfacet
  facet normal 0 -0 1
    outer loop
      vertex -14.6972 -16.2791 20
      vertex -8.61249 -5.0817 20
      vertex -21.4468 -4.58859 20
    endloop
  endfacet
  facet normal -0 0 1
    outer loop
      vertex -28 8 20
      vertex -27.3028 7.96959 20
      vertex -20.9282 20.2487 20
    endloop
  endfacet
  facet normal 0 0 1
    outer loop
      vertex -15.3892 16.3702 20
      vertex -22.3431 5.65689 20
      vertex -21.8716 5.14229 20
    endloop
  endfacet
  facet normal 0 0 1
    outer loop
      vertex -8.34309 18.5918 20
      vertex -8.8577 18.1203 20
      vertex -2 11.5 20
    endloop
  endfacet
  facet normal -0 0 1
    outer loop
      vertex -19.0178 -40.7839 20
      vertex -15.3909 -42.2862 20
      vertex -14.6972 -32.2183 20
    endloop
  endfacet
  facet normal -0 0 1
    outer loop
      vertex -11.2638 -16.7312 20
      vertex -10.6191 -16.9982 20
      vertex -5.6904 -8.22299 20
    endloop
  endfacet
  facet normal 0 0 1
    outer loop
      vertex -10.6191 16.9982 20
      vertex -11.2638 16.7312 20
      vertex -5.92169 8.0582 20
    endloop
  endfacet
  facet normal 0 0 1
    outer loop
      vertex -14 -32.2487 20
      vertex -14.6972 -32.2183 20
      vertex -15.3909 -42.2862 20
    endloop
  endfacet
  facet normal 0 0 1
    outer loop
      vertex -8.14139 -5.80659 20
      vertex -14 -16.2487 20
      vertex -13.3028 -16.2791 20
    endloop
  endfacet
  facet normal 0 0 1
    outer loop
      vertex -7.22009 6.9189 20
      vertex -12.6108 16.3702 20
      vertex -7.7907 6.26939 20
    endloop
  endfacet
  facet normal -0 0 1
    outer loop
      vertex -12.6108 -16.3702 20
      vertex -11.9294 -16.5213 20
      vertex -7.02069 -7.12109 20
    endloop
  endfacet
  facet normal 0 0 1
    outer loop
      vertex 15.3909 -42.2862 20
      vertex 12.6108 -32.1272 20
      vertex 11.6469 -43.4667 20
    endloop
  endfacet
  facet normal 0 0 1
    outer loop
      vertex -16.0706 16.5213 20
      vertex -22.8577 6.12839 20
      vertex -22.3431 5.65689 20
    endloop
  endfacet
  facet normal 0 0 1
    outer loop
      vertex -9.41139 -17.6955 20
      vertex -4.1904 -9.07959 20
      vertex -4.95889 -8.68379 20
    endloop
  endfacet
  facet normal 0 0 1
    outer loop
      vertex -2 11.5 20
      vertex -7.44679 19.6601 20
      vertex -7.8716 19.1064 20
    endloop
  endfacet
  facet normal -0 -0 1
    outer loop
      vertex 2.83879 9.58859 20
      vertex 3.6563 9.30759 20
      vertex 2 11.5 20
    endloop
  endfacet
  facet normal 0 0 1
    outer loop
      vertex 2 11.5 20
      vertex 9.41139 17.6955 20
      vertex 8.8577 18.1203 20
    endloop
  endfacet
  facet normal 0 0 1
    outer loop
      vertex 6.7495 20.8678 20
      vertex -6.7495 20.8678 20
      vertex 2 11.5 20
    endloop
  endfacet
  facet normal 0 0 1
    outer loop
      vertex 2 11.5 20
      vertex 7.44679 19.6601 20
      vertex 7.07179 20.2487 20
    endloop
  endfacet
  facet normal -0 0 1
    outer loop
      vertex -7.44679 -19.6601 20
      vertex -7.07179 -20.2487 20
      vertex -0.863693 -9.96259 20
    endloop
  endfacet
  facet normal 0 0 1
    outer loop
      vertex 6 -24.2487 20
      vertex -6 -24.2487 20
      vertex -6.0304 -24.9459 20
    endloop
  endfacet
  facet normal 0 0 1
    outer loop
      vertex 6.7495 -20.8678 20
      vertex 0 -10 20
      vertex -6.7495 -20.8678 20
    endloop
  endfacet
  facet normal 0 0 1
    outer loop
      vertex -14.6972 -16.2791 20
      vertex -21.4468 -4.58859 20
      vertex -21.8716 -5.14229 20
    endloop
  endfacet
  facet normal 0 0 1
    outer loop
      vertex -2 11.5 20
      vertex -6.7495 20.8678 20
      vertex -7.07179 20.2487 20
    endloop
  endfacet
  facet normal 0 0 1
    outer loop
      vertex -15.3892 -32.1272 20
      vertex -19.0178 -40.7839 20
      vertex -14.6972 -32.2183 20
    endloop
  endfacet
  facet normal 0 0 1
    outer loop
      vertex -20.9282 -20.2487 20
      vertex -27.3028 -7.96959 20
      vertex -28 -8 20
    endloop
  endfacet
  facet normal -0 0 1
    outer loop
      vertex -6.4825 21.5125 20
      vertex -6.7495 20.8678 20
      vertex 6.4825 21.5125 20
    endloop
  endfacet
  facet normal -0 0 1
    outer loop
      vertex -6.2726 22.1781 20
      vertex -6.4825 21.5125 20
      vertex 6.2726 22.1781 20
    endloop
  endfacet
  facet normal 0 0 1
    outer loop
      vertex -21.4468 4.58859 20
      vertex -8.75339 4.83519 20
      vertex -14.6972 16.2791 20
    endloop
  endfacet
  facet normal 0 0 1
    outer loop
      vertex -21.0718 4 20
      vertex -9.13829 4.0611 20
      vertex -8.75339 4.83519 20
    endloop
  endfacet
  facet normal 0 0 1
    outer loop
      vertex -30.0706 7.72739 20
      vertex -40.7839 19.0178 20
      vertex -30.7362 7.51749 20
    endloop
  endfacet
  facet normal 0 0 1
    outer loop
      vertex -7.44679 28.8373 20
      vertex -7.07179 28.2487 20
      vertex 7.07179 28.2487 20
    endloop
  endfacet
  facet normal -0 0 1
    outer loop
      vertex -7.44679 28.8373 20
      vertex 7.07179 28.2487 20
      vertex 7.44679 28.8373 20
    endloop
  endfacet
  facet normal 0 0 1
    outer loop
      vertex -21.5175 26.9849 20
      vertex -31.8198 31.8198 20
      vertex -21.7274 26.3193 20
    endloop
  endfacet
  facet normal 0 0 1
    outer loop
      vertex 7.8716 29.391 20
      vertex -7.8716 29.391 20
      vertex 7.44679 28.8373 20
    endloop
  endfacet
  facet normal 0 -0 1
    outer loop
      vertex -19.6569 29.9056 20
      vertex -19.1423 30.3771 20
      vertex -25.8109 36.8618 20
    endloop
  endfacet
  facet normal 0 0 1
    outer loop
      vertex -19.1423 30.3771 20
      vertex -22.5 38.9711 20
      vertex -25.8109 36.8618 20
    endloop
  endfacet
  facet normal 0 0 1
    outer loop
      vertex -18 31.1769 20
      vertex -22.5 38.9711 20
      vertex -18.5886 30.8019 20
    endloop
  endfacet
  facet normal 0 0 1
    outer loop
      vertex -15.3909 42.2862 20
      vertex -14.6972 32.2183 20
      vertex -14 32.2487 20
    endloop
  endfacet
  facet normal 0 -0 1
    outer loop
      vertex -10.6191 31.4992 20
      vertex -7.81419 44.3163 20
      vertex -11.6469 43.4667 20
    endloop
  endfacet
  facet normal 0 -0 1
    outer loop
      vertex -10 31.1769 20
      vertex -7.81419 44.3163 20
      vertex -10.6191 31.4992 20
    endloop
  endfacet
  facet normal -0 0 1
    outer loop
      vertex -8.34309 29.9056 20
      vertex -7.8716 29.391 20
      vertex 0 45 20
    endloop
  endfacet
  facet normal 0 -0 1
    outer loop
      vertex 7.8716 29.391 20
      vertex 8.34309 29.9056 20
      vertex 0 45 20
    endloop
  endfacet
  facet normal 0 0 1
    outer loop
      vertex 9.41139 30.8019 20
      vertex 3.922 44.8288 20
      vertex 8.8577 30.3771 20
    endloop
  endfacet
  facet normal 0 0 1
    outer loop
      vertex 7.81419 44.3163 20
      vertex 3.922 44.8288 20
      vertex 9.41139 30.8019 20
    endloop
  endfacet
  facet normal 0 0 1
    outer loop
      vertex 7.81419 44.3163 20
      vertex 9.41139 30.8019 20
      vertex 10 31.1769 20
    endloop
  endfacet
  facet normal 0 0 1
    outer loop
      vertex 11.6469 43.4667 20
      vertex 7.81419 44.3163 20
      vertex 10.6191 31.4992 20
    endloop
  endfacet
  facet normal 0 0 1
    outer loop
      vertex 11.6469 43.4667 20
      vertex 10.6191 31.4992 20
      vertex 11.2638 31.7662 20
    endloop
  endfacet
  facet normal 0 0 1
    outer loop
      vertex 11.6469 43.4667 20
      vertex 11.2638 31.7662 20
      vertex 11.9294 31.9761 20
    endloop
  endfacet
  facet normal 0 -0 1
    outer loop
      vertex 11.9294 31.9761 20
      vertex 12.6108 32.1272 20
      vertex 11.6469 43.4667 20
    endloop
  endfacet
  facet normal 0 -0 1
    outer loop
      vertex 12.6108 32.1272 20
      vertex 15.3909 42.2862 20
      vertex 11.6469 43.4667 20
    endloop
  endfacet
  facet normal 0 0 1
    outer loop
      vertex 13.3028 32.2183 20
      vertex 14 32.2487 20
      vertex 15.3909 42.2862 20
    endloop
  endfacet
  facet normal -0 0 1
    outer loop
      vertex 14 32.2487 20
      vertex 14.6972 32.2183 20
      vertex 15.3909 42.2862 20
    endloop
  endfacet
  facet normal 0 0 1
    outer loop
      vertex 19.0178 40.7839 20
      vertex 14.6972 32.2183 20
      vertex 15.3892 32.1272 20
    endloop
  endfacet
  facet normal 0 0 1
    outer loop
      vertex 19.0178 40.7839 20
      vertex 15.3892 32.1272 20
      vertex 16.0706 31.9761 20
    endloop
  endfacet
  facet normal 0 0 1
    outer loop
      vertex 22.5 38.9711 20
      vertex 19.0178 40.7839 20
      vertex 16.7362 31.7662 20
    endloop
  endfacet
  facet normal 0 0 1
    outer loop
      vertex 22.5 38.9711 20
      vertex 16.7362 31.7662 20
      vertex 17.3809 31.4992 20
    endloop
  endfacet
  facet normal 0 0 1
    outer loop
      vertex 22.5 38.9711 20
      vertex 17.3809 31.4992 20
      vertex 18 31.1769 20
    endloop
  endfacet
  facet normal 0 0 1
    outer loop
      vertex 22.5 38.9711 20
      vertex 18 31.1769 20
      vertex 18.5886 30.8019 20
    endloop
  endfacet
  facet normal 0 0 1
    outer loop
      vertex 22.5 38.9711 20
      vertex 18.5886 30.8019 20
      vertex 19.1423 30.3771 20
    endloop
  endfacet
  facet normal 0 0 1
    outer loop
      vertex 25.8109 36.8618 20
      vertex 19.1423 30.3771 20
      vertex 19.6569 29.9056 20
    endloop
  endfacet
  facet normal 0 0 1
    outer loop
      vertex 25.8109 36.8618 20
      vertex 19.6569 29.9056 20
      vertex 20.1284 29.391 20
    endloop
  endfacet
  facet normal 0 0 1
    outer loop
      vertex 25.8109 36.8618 20
      vertex 20.1284 29.391 20
      vertex 20.5532 28.8373 20
    endloop
  endfacet
  facet normal 0 0 1
    outer loop
      vertex 25.8109 36.8618 20
      vertex 20.5532 28.8373 20
      vertex 28.9254 34.472 20
    endloop
  endfacet
  facet normal 0 0 1
    outer loop
      vertex 28.9254 34.472 20
      vertex 20.9282 28.2487 20
      vertex 21.2505 27.6296 20
    endloop
  endfacet
  facet normal 0 0 1
    outer loop
      vertex 28.9254 34.472 20
      vertex 21.2505 27.6296 20
      vertex 21.5175 26.9849 20
    endloop
  endfacet
  facet normal 0 0 1
    outer loop
      vertex 28.9254 34.472 20
      vertex 21.5175 26.9849 20
      vertex 31.8198 31.8198 20
    endloop
  endfacet
  facet normal 0 0 1
    outer loop
      vertex 31.8198 31.8198 20
      vertex 21.7274 26.3193 20
      vertex 21.8785 25.6379 20
    endloop
  endfacet
  facet normal 0 0 1
    outer loop
      vertex 31.8198 31.8198 20
      vertex 21.8785 25.6379 20
      vertex 21.9696 24.9459 20
    endloop
  endfacet
  facet normal 0 0 1
    outer loop
      vertex 31.8198 31.8198 20
      vertex 21.9696 24.9459 20
      vertex 34.472 28.9254 20
    endloop
  endfacet
  facet normal 0 0 1
    outer loop
      vertex 34.472 28.9254 20
      vertex 22 24.2487 20
      vertex 21.9696 23.5515 20
    endloop
  endfacet
  facet normal 0 0 1
    outer loop
      vertex 34.472 28.9254 20
      vertex 21.9696 23.5515 20
      vertex 36.8618 25.8109 20
    endloop
  endfacet
  facet normal 0 0 1
    outer loop
      vertex 36.8618 25.8109 20
      vertex 21.8785 22.8595 20
      vertex 21.7274 22.1781 20
    endloop
  endfacet
  facet normal 0 0 1
    outer loop
      vertex 36.8618 25.8109 20
      vertex 21.7274 22.1781 20
      vertex 38.9711 22.5 20
    endloop
  endfacet
  facet normal -0 0 1
    outer loop
      vertex 21.7274 22.1781 20
      vertex 21.5175 21.5125 20
      vertex 38.9711 22.5 20
    endloop
  endfacet
  facet normal 0 0 1
    outer loop
      vertex 27.3028 7.96959 20
      vertex 20.1284 19.1064 20
      vertex 26.6108 7.87849 20
    endloop
  endfacet
  facet normal 0 0 1
    outer loop
      vertex 20.1284 19.1064 20
      vertex 19.6569 18.5918 20
      vertex 26.6108 7.87849 20
    endloop
  endfacet
  facet normal 0 0 1
    outer loop
      vertex 18 17.3205 20
      vertex 24 6.92819 20
      vertex 24.6191 7.25049 20
    endloop
  endfacet
  facet normal 0 0 1
    outer loop
      vertex 17.3809 16.9982 20
      vertex 23.4114 6.55319 20
      vertex 24 6.92819 20
    endloop
  endfacet
  facet normal -0 0 1
    outer loop
      vertex 14.6972 16.2791 20
      vertex 21.8716 5.14229 20
      vertex 15.3892 16.3702 20
    endloop
  endfacet
  facet normal -0 0 1
    outer loop
      vertex 8.75339 4.83519 20
      vertex 21.4468 4.58859 20
      vertex 14.6972 16.2791 20
    endloop
  endfacet
  facet normal 0 -0 1
    outer loop
      vertex 21.0718 4 20
      vertex 21.4468 4.58859 20
      vertex 8.75339 4.83519 20
    endloop
  endfacet
  facet normal 0 0 1
    outer loop
      vertex 21.0718 4 20
      vertex 8.75339 4.83519 20
      vertex 9.13829 4.0611 20
    endloop
  endfacet
  facet normal 0 0 1
    outer loop
      vertex 9.82539 -1.8606 20
      vertex 20.1215 -1.38919 20
      vertex 9.94939 -1.00499 20
    endloop
  endfacet
  facet normal 0 0 1
    outer loop
      vertex 20.1215 1.38919 20
      vertex 9.8743 1.58089 20
      vertex 9.97389 0.722198 20
    endloop
  endfacet
  facet normal 0 0 1
    outer loop
      vertex 14.6972 16.2791 20
      vertex 14 16.2487 20
      vertex 8.30309 5.57309 20
    endloop
  endfacet
  facet normal 0 0 1
    outer loop
      vertex 14 16.2487 20
      vertex 13.3028 16.2791 20
      vertex 8.30309 5.57309 20
    endloop
  endfacet
  facet normal 0 -0 1
    outer loop
      vertex 7.7907 6.26939 20
      vertex 12.6108 16.3702 20
      vertex 7.22009 6.9189 20
    endloop
  endfacet
  facet normal 0 0 1
    outer loop
      vertex 20.0304 0.697189 20
      vertex 9.97389 0.722198 20
      vertex 20 0 20
    endloop
  endfacet
  facet normal 0 0 1
    outer loop
      vertex 11.2638 16.7312 20
      vertex 10.6191 16.9982 20
      vertex 5.92169 8.0582 20
    endloop
  endfacet
  facet normal -0 0 1
    outer loop
      vertex 9.70079 2.4278 20
      vertex 20.2726 2.07059 20
      vertex 20.4825 2.73619 20
    endloop
  endfacet
  facet normal 0 0 1
    outer loop
      vertex -19.0178 -40.7839 20
      vertex -16.0706 -31.9761 20
      vertex -16.7362 -31.7662 20
    endloop
  endfacet
  facet normal 0 0 1
    outer loop
      vertex -21.2505 -20.8678 20
      vertex -28.6972 -7.96959 20
      vertex -29.3892 -7.87849 20
    endloop
  endfacet
  facet normal 0 0 1
    outer loop
      vertex -9.4549 3.25659 20
      vertex -20.7495 3.38089 20
      vertex -20.4825 2.73619 20
    endloop
  endfacet
  facet normal 0 0 1
    outer loop
      vertex -20.0304 -0.697189 20
      vertex -20.1215 -1.38919 20
      vertex -9.94939 -1.00499 20
    endloop
  endfacet
  facet normal 0 0 1
    outer loop
      vertex -29.3892 7.87849 20
      vertex -21.2505 20.8678 20
      vertex -21.5175 21.5125 20
    endloop
  endfacet
  facet normal 0 0 1
    outer loop
      vertex -35.2505 -3.38089 20
      vertex -44.8288 -3.922 20
      vertex -44.3163 -7.81419 20
    endloop
  endfacet
  facet normal 0 -0 1
    outer loop
      vertex -36 0 20
      vertex -35.9696 0.697189 20
      vertex -45 0 20
    endloop
  endfacet
  facet normal 0 0 1
    outer loop
      vertex -35.2505 3.38089 20
      vertex -44.8288 3.922 20
      vertex -35.5175 2.73619 20
    endloop
  endfacet
  facet normal 0 0 1
    outer loop
      vertex -44.3163 7.81419 20
      vertex -35.2505 3.38089 20
      vertex -34.9282 4 20
    endloop
  endfacet
  facet normal 0 0 1
    outer loop
      vertex -32.5886 6.55319 20
      vertex -42.2862 15.3909 20
      vertex -43.4667 11.6469 20
    endloop
  endfacet
  facet normal 0 -0 1
    outer loop
      vertex -32.5886 6.55319 20
      vertex -32 6.92819 20
      vertex -42.2862 15.3909 20
    endloop
  endfacet
  facet normal 0 0 1
    outer loop
      vertex -38.9711 22.5 20
      vertex -30.0706 7.72739 20
      vertex -29.3892 7.87849 20
    endloop
  endfacet
  facet normal -0 0 1
    outer loop
      vertex -38.9711 22.5 20
      vertex -21.7274 22.1781 20
      vertex -36.8618 25.8109 20
    endloop
  endfacet
  facet normal 0 0 1
    outer loop
      vertex -38.9711 22.5 20
      vertex -21.5175 21.5125 20
      vertex -21.7274 22.1781 20
    endloop
  endfacet
  facet normal 0 0 1
    outer loop
      vertex -36.8618 25.8109 20
      vertex -21.7274 22.1781 20
      vertex -21.8785 22.8595 20
    endloop
  endfacet
  facet normal 0 0 1
    outer loop
      vertex -36.8618 25.8109 20
      vertex -21.8785 22.8595 20
      vertex -21.9696 23.5515 20
    endloop
  endfacet
  facet normal 0 0 1
    outer loop
      vertex -21.9696 23.5515 20
      vertex -22 24.2487 20
      vertex -34.472 28.9254 20
    endloop
  endfacet
  facet normal -0 0 1
    outer loop
      vertex -36.8618 25.8109 20
      vertex -21.9696 23.5515 20
      vertex -34.472 28.9254 20
    endloop
  endfacet
  facet normal 0 0 1
    outer loop
      vertex -34.472 28.9254 20
      vertex -22 24.2487 20
      vertex -21.9696 24.9459 20
    endloop
  endfacet
  facet normal -0 0 1
    outer loop
      vertex -34.472 28.9254 20
      vertex -21.9696 24.9459 20
      vertex -31.8198 31.8198 20
    endloop
  endfacet
  facet normal 0 -0 1
    outer loop
      vertex -21.8785 25.6379 20
      vertex -21.7274 26.3193 20
      vertex -31.8198 31.8198 20
    endloop
  endfacet
  facet normal 0 -0 1
    outer loop
      vertex -21.9696 24.9459 20
      vertex -21.8785 25.6379 20
      vertex -31.8198 31.8198 20
    endloop
  endfacet
  facet normal 0 0 1
    outer loop
      vertex -28.9254 34.472 20
      vertex -31.8198 31.8198 20
      vertex -21.5175 26.9849 20
    endloop
  endfacet
  facet normal 0 0 1
    outer loop
      vertex -28.9254 34.472 20
      vertex -21.5175 26.9849 20
      vertex -21.2505 27.6296 20
    endloop
  endfacet
  facet normal 0 0 1
    outer loop
      vertex -28.9254 34.472 20
      vertex -21.2505 27.6296 20
      vertex -20.9282 28.2487 20
    endloop
  endfacet
  facet normal -0 0 1
    outer loop
      vertex -28.9254 34.472 20
      vertex -20.5532 28.8373 20
      vertex -25.8109 36.8618 20
    endloop
  endfacet
  facet normal 0 0 1
    outer loop
      vertex -28.9254 34.472 20
      vertex -20.9282 28.2487 20
      vertex -20.5532 28.8373 20
    endloop
  endfacet
  facet normal 0 -0 1
    outer loop
      vertex -20.5532 28.8373 20
      vertex -20.1284 29.391 20
      vertex -25.8109 36.8618 20
    endloop
  endfacet
  facet normal 0 -0 1
    outer loop
      vertex -20.1284 29.391 20
      vertex -19.6569 29.9056 20
      vertex -25.8109 36.8618 20
    endloop
  endfacet
  facet normal 0 0 1
    outer loop
      vertex -18.5886 30.8019 20
      vertex -22.5 38.9711 20
      vertex -19.1423 30.3771 20
    endloop
  endfacet
  facet normal 0 0 1
    outer loop
      vertex -3.922 44.8288 20
      vertex -8.8577 30.3771 20
      vertex -8.34309 29.9056 20
    endloop
  endfacet
  facet normal 0 0 1
    outer loop
      vertex -17.3809 31.4992 20
      vertex -22.5 38.9711 20
      vertex -18 31.1769 20
    endloop
  endfacet
  facet normal 0 0 1
    outer loop
      vertex -16.7362 31.7662 20
      vertex -22.5 38.9711 20
      vertex -17.3809 31.4992 20
    endloop
  endfacet
  facet normal 0 0 1
    outer loop
      vertex -19.0178 40.7839 20
      vertex -22.5 38.9711 20
      vertex -16.7362 31.7662 20
    endloop
  endfacet
  facet normal 0 0 1
    outer loop
      vertex -19.0178 40.7839 20
      vertex -16.7362 31.7662 20
      vertex -16.0706 31.9761 20
    endloop
  endfacet
  facet normal 0 -0 1
    outer loop
      vertex -8.8577 30.3771 20
      vertex -3.922 44.8288 20
      vertex -9.41139 30.8019 20
    endloop
  endfacet
  facet normal 0 0 1
    outer loop
      vertex -19.0178 40.7839 20
      vertex -16.0706 31.9761 20
      vertex -15.3892 32.1272 20
    endloop
  endfacet
  facet normal 0 0 1
    outer loop
      vertex -19.0178 40.7839 20
      vertex -15.3892 32.1272 20
      vertex -14.6972 32.2183 20
    endloop
  endfacet
  facet normal -0 0 1
    outer loop
      vertex -19.0178 40.7839 20
      vertex -14.6972 32.2183 20
      vertex -15.3909 42.2862 20
    endloop
  endfacet
  facet normal 0 0 1
    outer loop
      vertex -15.3909 42.2862 20
      vertex -14 32.2487 20
      vertex -13.3028 32.2183 20
    endloop
  endfacet
  facet normal 0 0 1
    outer loop
      vertex -15.3909 42.2862 20
      vertex -13.3028 32.2183 20
      vertex -12.6108 32.1272 20
    endloop
  endfacet
  facet normal -0 0 1
    outer loop
      vertex -15.3909 42.2862 20
      vertex -12.6108 32.1272 20
      vertex -11.6469 43.4667 20
    endloop
  endfacet
  facet normal -0 0 1
    outer loop
      vertex -12.6108 32.1272 20
      vertex -11.9294 31.9761 20
      vertex -11.6469 43.4667 20
    endloop
  endfacet
  facet normal -0 -0 1
    outer loop
      vertex -11.2638 31.7662 20
      vertex -10.6191 31.4992 20
      vertex -11.6469 43.4667 20
    endloop
  endfacet
  facet normal -0 0 1
    outer loop
      vertex -11.9294 31.9761 20
      vertex -11.2638 31.7662 20
      vertex -11.6469 43.4667 20
    endloop
  endfacet
  facet normal 0 0 1
    outer loop
      vertex -3.922 44.8288 20
      vertex -7.81419 44.3163 20
      vertex -9.41139 30.8019 20
    endloop
  endfacet
  facet normal 0 -0 1
    outer loop
      vertex -9.41139 30.8019 20
      vertex -7.81419 44.3163 20
      vertex -10 31.1769 20
    endloop
  endfacet
  facet normal 0 0 1
    outer loop
      vertex -8.34309 29.9056 20
      vertex 0 45 20
      vertex -3.922 44.8288 20
    endloop
  endfacet
  facet normal 0 0 1
    outer loop
      vertex -7.8716 29.391 20
      vertex -7.44679 28.8373 20
      vertex 7.44679 28.8373 20
    endloop
  endfacet
  facet normal 0 0 1
    outer loop
      vertex 7.07179 28.2487 20
      vertex -7.07179 28.2487 20
      vertex 6.7495 27.6296 20
    endloop
  endfacet
  facet normal 0 0 1
    outer loop
      vertex 6.7495 27.6296 20
      vertex -6.7495 27.6296 20
      vertex 6.4825 26.9849 20
    endloop
  endfacet
  facet normal 0 0 1
    outer loop
      vertex -6.7495 27.6296 20
      vertex -6.4825 26.9849 20
      vertex 6.4825 26.9849 20
    endloop
  endfacet
  facet normal -0 0 1
    outer loop
      vertex -6.4825 26.9849 20
      vertex 6.2726 26.3193 20
      vertex 6.4825 26.9849 20
    endloop
  endfacet
  facet normal -0 0 1
    outer loop
      vertex -6.2726 26.3193 20
      vertex 6.12149 25.6379 20
      vertex 6.2726 26.3193 20
    endloop
  endfacet
  facet normal 0 -0 1
    outer loop
      vertex -6.12149 25.6379 20
      vertex 6.12149 25.6379 20
      vertex -6.2726 26.3193 20
    endloop
  endfacet
  facet normal 0 -0 1
    outer loop
      vertex 6.0304 24.9459 20
      vertex 6.12149 25.6379 20
      vertex -6.12149 25.6379 20
    endloop
  endfacet
  facet normal 0 -0 1
    outer loop
      vertex 6 24.2487 20
      vertex 6.0304 24.9459 20
      vertex -6.0304 24.9459 20
    endloop
  endfacet
  facet normal 0 0 1
    outer loop
      vertex 6 24.2487 20
      vertex -6.0304 24.9459 20
      vertex -6 24.2487 20
    endloop
  endfacet
  facet normal 0 0 1
    outer loop
      vertex 6.0304 23.5515 20
      vertex 6 24.2487 20
      vertex -6.0304 23.5515 20
    endloop
  endfacet
  facet normal 0 0 1
    outer loop
      vertex 6.0304 23.5515 20
      vertex -6.0304 23.5515 20
      vertex -6.12149 22.8595 20
    endloop
  endfacet
  facet normal 0 0 1
    outer loop
      vertex 6.12149 22.8595 20
      vertex -6.12149 22.8595 20
      vertex -6.2726 22.1781 20
    endloop
  endfacet
  facet normal 0 0 1
    outer loop
      vertex 6.12149 22.8595 20
      vertex -6.2726 22.1781 20
      vertex 6.2726 22.1781 20
    endloop
  endfacet
  facet normal 0 0 1
    outer loop
      vertex 6.2726 22.1781 20
      vertex -6.4825 21.5125 20
      vertex 6.4825 21.5125 20
    endloop
  endfacet
  facet normal 0 0 1
    outer loop
      vertex 6.4825 21.5125 20
      vertex -6.7495 20.8678 20
      vertex 6.7495 20.8678 20
    endloop
  endfacet
  facet normal 0 0 1
    outer loop
      vertex -2 11.5 20
      vertex -7.07179 20.2487 20
      vertex -7.44679 19.6601 20
    endloop
  endfacet
  facet normal 0 0 1
    outer loop
      vertex -2 11.5 20
      vertex -3.6563 9.30759 20
      vertex -2.83879 9.58859 20
    endloop
  endfacet
  facet normal 0 -0 1
    outer loop
      vertex -3.6563 9.30759 20
      vertex -2 11.5 20
      vertex -4.44659 8.95709 20
    endloop
  endfacet
  facet normal 0 0 1
    outer loop
      vertex -2 11.5 20
      vertex -9.41139 17.6955 20
      vertex -4.44659 8.95709 20
    endloop
  endfacet
  facet normal 0 0 1
    outer loop
      vertex -13.3028 16.2791 20
      vertex -8.30309 5.57309 20
      vertex -7.7907 6.26939 20
    endloop
  endfacet
  facet normal 0 0 1
    outer loop
      vertex -14.6972 16.2791 20
      vertex -8.75339 4.83519 20
      vertex -8.30309 5.57309 20
    endloop
  endfacet
  facet normal 0 0 1
    outer loop
      vertex 7.8716 -29.391 20
      vertex -7.8716 -29.391 20
      vertex 0 -45 20
    endloop
  endfacet
  facet normal 0 0 1
    outer loop
      vertex -17.3809 16.9982 20
      vertex -23.4114 6.55319 20
      vertex -22.8577 6.12839 20
    endloop
  endfacet
  facet normal -0 0 1
    outer loop
      vertex -13.3028 -16.2791 20
      vertex -12.6108 -16.3702 20
      vertex -7.6095 -6.4881 20
    endloop
  endfacet
  facet normal 0 0 1
    outer loop
      vertex -3.922 -44.8288 20
      vertex -8.8577 -30.3771 20
      vertex -9.41139 -30.8019 20
    endloop
  endfacet
  facet normal 0 0 1
    outer loop
      vertex 8.8577 18.1203 20
      vertex 8.34309 18.5918 20
      vertex 2 11.5 20
    endloop
  endfacet
  facet normal 0 -0 1
    outer loop
      vertex -24 6.92819 20
      vertex -18 17.3205 20
      vertex -24.6191 7.25049 20
    endloop
  endfacet
  facet normal 0 -0 1
    outer loop
      vertex -20.9282 -20.2487 20
      vertex -20.5532 -19.6601 20
      vertex -27.3028 -7.96959 20
    endloop
  endfacet
  facet normal 0 0 1
    outer loop
      vertex -14.6972 16.2791 20
      vertex -15.3892 16.3702 20
      vertex -21.8716 5.14229 20
    endloop
  endfacet
  facet normal 0 0 1
    outer loop
      vertex -22.8577 -6.12839 20
      vertex -16.7362 -16.7312 20
      vertex -16.0706 -16.5213 20
    endloop
  endfacet
  facet normal 0 0 1
    outer loop
      vertex -20.7495 -3.38089 20
      vertex -21.0718 -4 20
      vertex -9.01929 -4.31889 20
    endloop
  endfacet
  facet normal 0 0 1
    outer loop
      vertex -20.4825 -2.73619 20
      vertex -20.7495 -3.38089 20
      vertex -9.3586 -3.5237 20
    endloop
  endfacet
  facet normal 0 -0 1
    outer loop
      vertex -34.472 -28.9254 20
      vertex -21.9696 -23.5515 20
      vertex -36.8618 -25.8109 20
    endloop
  endfacet
  facet normal 0 0 1
    outer loop
      vertex -33.6569 -5.65689 20
      vertex -43.4667 -11.6469 20
      vertex -33.1423 -6.12839 20
    endloop
  endfacet
  facet normal 0 0 1
    outer loop
      vertex -9.82539 -1.8606 20
      vertex -20.2726 -2.07059 20
      vertex -9.62799 -2.70229 20
    endloop
  endfacet
  facet normal -0 0 1
    outer loop
      vertex -34.472 -28.9254 20
      vertex -31.8198 -31.8198 20
      vertex -21.9696 -24.9459 20
    endloop
  endfacet
  facet normal 0 0 1
    outer loop
      vertex -22 -24.2487 20
      vertex -34.472 -28.9254 20
      vertex -21.9696 -24.9459 20
    endloop
  endfacet
  facet normal 0 0 1
    outer loop
      vertex -9.97389 0.722198 20
      vertex -20 0 20
      vertex -9.99899 -0.141998 20
    endloop
  endfacet
  facet normal 0 0 1
    outer loop
      vertex -9.8743 1.58089 20
      vertex -20.2726 2.07059 20
      vertex -20.1215 1.38919 20
    endloop
  endfacet
  facet normal -0 0 1
    outer loop
      vertex -40.7839 -19.0178 20
      vertex -38.9711 -22.5 20
      vertex -30.0706 -7.72739 20
    endloop
  endfacet
  facet normal 0 0 1
    outer loop
      vertex -30.7362 -7.51749 20
      vertex -40.7839 -19.0178 20
      vertex -30.0706 -7.72739 20
    endloop
  endfacet
  facet normal 0 0 1
    outer loop
      vertex -34.1284 -5.14229 20
      vertex -43.4667 -11.6469 20
      vertex -33.6569 -5.65689 20
    endloop
  endfacet
  facet normal 0 -0 1
    outer loop
      vertex -28 8 20
      vertex -20.9282 20.2487 20
      vertex -28.6972 7.96959 20
    endloop
  endfacet
  facet normal 0 0 1
    outer loop
      vertex -18 17.3205 20
      vertex -24 6.92819 20
      vertex -17.3809 16.9982 20
    endloop
  endfacet
  facet normal -0 0 1
    outer loop
      vertex -26.6108 7.87849 20
      vertex -25.9294 7.72739 20
      vertex -19.6569 18.5918 20
    endloop
  endfacet
  facet normal 0 0 1
    outer loop
      vertex -16.7362 16.7312 20
      vertex -22.8577 6.12839 20
      vertex -16.0706 16.5213 20
    endloop
  endfacet
  facet normal -0 0 1
    outer loop
      vertex -14 16.2487 20
      vertex -8.30309 5.57309 20
      vertex -13.3028 16.2791 20
    endloop
  endfacet
  facet normal 0 0 1
    outer loop
      vertex -14 16.2487 20
      vertex -14.6972 16.2791 20
      vertex -8.30309 5.57309 20
    endloop
  endfacet
  facet normal -0 0 1
    outer loop
      vertex -13.3028 16.2791 20
      vertex -7.7907 6.26939 20
      vertex -12.6108 16.3702 20
    endloop
  endfacet
  facet normal 0 0 1
    outer loop
      vertex -11.9294 16.5213 20
      vertex -12.6108 16.3702 20
      vertex -7.22009 6.9189 20
    endloop
  endfacet
  facet normal 0 0 1
    outer loop
      vertex -11.9294 16.5213 20
      vertex -7.22009 6.9189 20
      vertex -6.59549 7.51659 20
    endloop
  endfacet
  facet normal -0 0 1
    outer loop
      vertex -11.9294 16.5213 20
      vertex -6.59549 7.51659 20
      vertex -11.2638 16.7312 20
    endloop
  endfacet
  facet normal -0 0 1
    outer loop
      vertex -8.34309 18.5918 20
      vertex -2 11.5 20
      vertex -7.8716 19.1064 20
    endloop
  endfacet
  facet normal 0 -0 1
    outer loop
      vertex -6.59549 7.51659 20
      vertex -5.92169 8.0582 20
      vertex -11.2638 16.7312 20
    endloop
  endfacet
  facet normal 0 -0 1
    outer loop
      vertex -5.92169 8.0582 20
      vertex -5.2036 8.53949 20
      vertex -10.6191 16.9982 20
    endloop
  endfacet
  facet normal 0 0 1
    outer loop
      vertex -5.2036 8.53949 20
      vertex -10 17.3205 20
      vertex -10.6191 16.9982 20
    endloop
  endfacet
  facet normal 0 0 1
    outer loop
      vertex -4.44659 8.95709 20
      vertex -10 17.3205 20
      vertex -5.2036 8.53949 20
    endloop
  endfacet
  facet normal 0 0 1
    outer loop
      vertex -9.41139 17.6955 20
      vertex -10 17.3205 20
      vertex -4.44659 8.95709 20
    endloop
  endfacet
  facet normal 0 -0 1
    outer loop
      vertex -2 9.79799 20
      vertex -2 11.5 20
      vertex -2.83879 9.58859 20
    endloop
  endfacet
  facet normal 0 0 1
    outer loop
      vertex -2 11.5 20
      vertex -8.8577 18.1203 20
      vertex -9.41139 17.6955 20
    endloop
  endfacet
  facet normal 0 0 1
    outer loop
      vertex 6.7495 20.8678 20
      vertex 2 11.5 20
      vertex 7.07179 20.2487 20
    endloop
  endfacet
  facet normal 0 0 1
    outer loop
      vertex 8.34309 18.5918 20
      vertex 7.8716 19.1064 20
      vertex 2 11.5 20
    endloop
  endfacet
  facet normal 0 0 1
    outer loop
      vertex 2 11.5 20
      vertex 7.8716 19.1064 20
      vertex 7.44679 19.6601 20
    endloop
  endfacet
  facet normal 0 0 1
    outer loop
      vertex 4.44659 8.95709 20
      vertex 2 11.5 20
      vertex 3.6563 9.30759 20
    endloop
  endfacet
  facet normal 0 -0 1
    outer loop
      vertex 4.44659 8.95709 20
      vertex 9.41139 17.6955 20
      vertex 2 11.5 20
    endloop
  endfacet
  facet normal -0 0 1
    outer loop
      vertex 2 9.79799 20
      vertex 2.83879 9.58859 20
      vertex 2 11.5 20
    endloop
  endfacet
  facet normal 0 0 1
    outer loop
      vertex 2 11.5 20
      vertex -6.7495 20.8678 20
      vertex -2 11.5 20
    endloop
  endfacet
  facet normal 0 0 1
    outer loop
      vertex 10 17.3205 20
      vertex 9.41139 17.6955 20
      vertex 4.44659 8.95709 20
    endloop
  endfacet
  facet normal 0 -0 1
    outer loop
      vertex 5.92169 8.0582 20
      vertex 10.6191 16.9982 20
      vertex 5.2036 8.53949 20
    endloop
  endfacet
  facet normal 0 -0 1
    outer loop
      vertex 6.59549 7.51659 20
      vertex 11.2638 16.7312 20
      vertex 5.92169 8.0582 20
    endloop
  endfacet
  facet normal 0 0 1
    outer loop
      vertex 11.9294 16.5213 20
      vertex 11.2638 16.7312 20
      vertex 6.59549 7.51659 20
    endloop
  endfacet
  facet normal 0 0 1
    outer loop
      vertex 12.6108 16.3702 20
      vertex 11.9294 16.5213 20
      vertex 7.22009 6.9189 20
    endloop
  endfacet
  facet normal 0 0 1
    outer loop
      vertex 13.3028 16.2791 20
      vertex 12.6108 16.3702 20
      vertex 7.7907 6.26939 20
    endloop
  endfacet
  facet normal 0 -0 1
    outer loop
      vertex 9.70079 2.4278 20
      vertex 20.4825 2.73619 20
      vertex 9.4549 3.25659 20
    endloop
  endfacet
  facet normal 0 0 1
    outer loop
      vertex 9.70079 2.4278 20
      vertex 9.8743 1.58089 20
      vertex 20.2726 2.07059 20
    endloop
  endfacet
  facet normal 0 0 1
    outer loop
      vertex 20.7495 -3.38089 20
      vertex 20.4825 -2.73619 20
      vertex 9.3586 -3.5237 20
    endloop
  endfacet
  facet normal 0 0 1
    outer loop
      vertex 21.0718 -4 20
      vertex 20.7495 -3.38089 20
      vertex 9.01929 -4.31889 20
    endloop
  endfacet
  facet normal 0 0 1
    outer loop
      vertex 20.7495 3.38089 20
      vertex 9.13829 4.0611 20
      vertex 9.4549 3.25659 20
    endloop
  endfacet
  facet normal 0 0 1
    outer loop
      vertex 21.0718 -4 20
      vertex 8.61249 -5.0817 20
      vertex 21.4468 -4.58859 20
    endloop
  endfacet
  facet normal 0 -0 1
    outer loop
      vertex 44.8288 -3.922 20
      vertex 45 0 20
      vertex 35.8785 -1.38919 20
    endloop
  endfacet
  facet normal 0 0 1
    outer loop
      vertex 33.1423 -6.12839 20
      vertex 32.5886 -6.55319 20
      vertex 43.4667 -11.6469 20
    endloop
  endfacet
  facet normal 0 0 1
    outer loop
      vertex 7.02069 -7.12109 20
      vertex 11.9294 -16.5213 20
      vertex 12.6108 -16.3702 20
    endloop
  endfacet
  facet normal 0 0 1
    outer loop
      vertex 27.3028 -7.96959 20
      vertex 26.6108 -7.87849 20
      vertex 20.1284 -19.1064 20
    endloop
  endfacet
  facet normal 0 0 1
    outer loop
      vertex 24.6191 -7.25049 20
      vertex 18.5886 -17.6955 20
      vertex 19.1423 -18.1203 20
    endloop
  endfacet
  facet normal -0 0 1
    outer loop
      vertex 21.2505 -20.8678 20
      vertex 21.5175 -21.5125 20
      vertex 29.3892 -7.87849 20
    endloop
  endfacet
  facet normal -0 0 1
    outer loop
      vertex 8.61249 -5.0817 20
      vertex 14.6972 -16.2791 20
      vertex 21.4468 -4.58859 20
    endloop
  endfacet
  facet normal 0 0 1
    outer loop
      vertex 24 -6.92819 20
      vertex 23.4114 -6.55319 20
      vertex 17.3809 -16.9982 20
    endloop
  endfacet
  facet normal 0 0 1
    outer loop
      vertex 27.3028 -7.96959 20
      vertex 20.5532 -19.6601 20
      vertex 20.9282 -20.2487 20
    endloop
  endfacet
  facet normal 0 0 1
    outer loop
      vertex 27.3028 -7.96959 20
      vertex 20.9282 -20.2487 20
      vertex 28 -8 20
    endloop
  endfacet
  facet normal 0 0 1
    outer loop
      vertex 28.9254 -34.472 20
      vertex 21.5175 -26.9849 20
      vertex 21.2505 -27.6296 20
    endloop
  endfacet
  facet normal 0 0 1
    outer loop
      vertex 6.7495 -27.6296 20
      vertex -7.07179 -28.2487 20
      vertex 7.07179 -28.2487 20
    endloop
  endfacet
  facet normal 0 -0 1
    outer loop
      vertex -6.0304 -23.5515 20
      vertex 6.0304 -23.5515 20
      vertex -6.12149 -22.8595 20
    endloop
  endfacet
  facet normal 0 0 1
    outer loop
      vertex 6.12149 -22.8595 20
      vertex -6.2726 -22.1781 20
      vertex -6.12149 -22.8595 20
    endloop
  endfacet
  facet normal 0 0 1
    outer loop
      vertex -7.07179 -20.2487 20
      vertex 0 -10 20
      vertex -0.863693 -9.96259 20
    endloop
  endfacet
  facet normal -0 0 1
    outer loop
      vertex -7.8716 -19.1064 20
      vertex -7.44679 -19.6601 20
      vertex -1.72089 -9.8508 20
    endloop
  endfacet
  facet normal -0 0 1
    outer loop
      vertex -8.34309 -18.5918 20
      vertex -7.8716 -19.1064 20
      vertex -2.56529 -9.6653 20
    endloop
  endfacet
  facet normal 0 0 1
    outer loop
      vertex 4.1904 -9.07959 20
      vertex 3.39049 -9.40759 20
      vertex 8.8577 -18.1203 20
    endloop
  endfacet
  facet normal 0 0 1
    outer loop
      vertex 34.9282 -4 20
      vertex 34.5532 -4.58859 20
      vertex 44.3163 -7.81419 20
    endloop
  endfacet
  facet normal 0 0 1
    outer loop
      vertex 8.61249 -5.0817 20
      vertex 14 -16.2487 20
      vertex 14.6972 -16.2791 20
    endloop
  endfacet
  facet normal 0 -0 1
    outer loop
      vertex 34.9282 4 20
      vertex 44.3163 7.81419 20
      vertex 34.5532 4.58859 20
    endloop
  endfacet
  facet normal 0 0 1
    outer loop
      vertex 7.44679 -19.6601 20
      vertex 0.863693 -9.96259 20
      vertex 7.07179 -20.2487 20
    endloop
  endfacet
  facet normal 0 0 1
    outer loop
      vertex 13.3028 -16.2791 20
      vertex 8.14139 -5.80659 20
      vertex 7.6095 -6.4881 20
    endloop
  endfacet
  facet normal 0 0 1
    outer loop
      vertex 7.02069 -7.12109 20
      vertex 6.37939 -7.70079 20
      vertex 11.9294 -16.5213 20
    endloop
  endfacet
  facet normal 0 -0 1
    outer loop
      vertex 10.6191 -16.9982 20
      vertex 11.2638 -16.7312 20
      vertex 5.6904 -8.22299 20
    endloop
  endfacet
  facet normal -0 0 1
    outer loop
      vertex 4.95889 -8.68379 20
      vertex 10.6191 -16.9982 20
      vertex 5.6904 -8.22299 20
    endloop
  endfacet
  facet normal 0 0 1
    outer loop
      vertex 7.6095 -6.4881 20
      vertex 7.02069 -7.12109 20
      vertex 12.6108 -16.3702 20
    endloop
  endfacet
  facet normal -0 0 1
    outer loop
      vertex 5.6904 -8.22299 20
      vertex 11.2638 -16.7312 20
      vertex 6.37939 -7.70079 20
    endloop
  endfacet
  facet normal -0 0 1
    outer loop
      vertex 9.01929 -4.31889 20
      vertex 8.61249 -5.0817 20
      vertex 21.0718 -4 20
    endloop
  endfacet
  facet normal 0 0 1
    outer loop
      vertex 9.01929 -4.31889 20
      vertex 20.7495 -3.38089 20
      vertex 9.3586 -3.5237 20
    endloop
  endfacet
  facet normal 0 0 1
    outer loop
      vertex 9.3586 -3.5237 20
      vertex 20.4825 -2.73619 20
      vertex 9.62799 -2.70229 20
    endloop
  endfacet
  facet normal 0 0 1
    outer loop
      vertex 20.4825 -2.73619 20
      vertex 20.2726 -2.07059 20
      vertex 9.62799 -2.70229 20
    endloop
  endfacet
  facet normal 0 0 1
    outer loop
      vertex 20.2726 -2.07059 20
      vertex 9.82539 -1.8606 20
      vertex 9.62799 -2.70229 20
    endloop
  endfacet
  facet normal 0 0 1
    outer loop
      vertex 20.1215 -1.38919 20
      vertex 9.82539 -1.8606 20
      vertex 20.2726 -2.07059 20
    endloop
  endfacet
  facet normal 0 0 1
    outer loop
      vertex 20.0304 -0.697189 20
      vertex 9.94939 -1.00499 20
      vertex 20.1215 -1.38919 20
    endloop
  endfacet
  facet normal 0 0 1
    outer loop
      vertex 20.0304 -0.697189 20
      vertex 9.99899 -0.141998 20
      vertex 9.94939 -1.00499 20
    endloop
  endfacet
  facet normal 0 0 1
    outer loop
      vertex 20 0 20
      vertex 9.99899 -0.141998 20
      vertex 20.0304 -0.697189 20
    endloop
  endfacet
  facet normal 0 0 1
    outer loop
      vertex 20.1215 1.38919 20
      vertex 9.97389 0.722198 20
      vertex 20.0304 0.697189 20
    endloop
  endfacet
  facet normal 0 0 1
    outer loop
      vertex 9.97389 0.722198 20
      vertex 9.99899 -0.141998 20
      vertex 20 0 20
    endloop
  endfacet
  facet normal 0 0 1
    outer loop
      vertex 20.2726 2.07059 20
      vertex 9.8743 1.58089 20
      vertex 20.1215 1.38919 20
    endloop
  endfacet
  facet normal 0 0 1
    outer loop
      vertex 21.0718 4 20
      vertex 9.13829 4.0611 20
      vertex 20.7495 3.38089 20
    endloop
  endfacet
  facet normal 0 -0 1
    outer loop
      vertex 21.4468 4.58859 20
      vertex 21.8716 5.14229 20
      vertex 14.6972 16.2791 20
    endloop
  endfacet
  facet normal -0 0 1
    outer loop
      vertex 15.3892 16.3702 20
      vertex 22.3431 5.65689 20
      vertex 16.0706 16.5213 20
    endloop
  endfacet
  facet normal 0 -0 1
    outer loop
      vertex 22.3431 5.65689 20
      vertex 22.8577 6.12839 20
      vertex 16.0706 16.5213 20
    endloop
  endfacet
  facet normal 0 0 1
    outer loop
      vertex 22.8577 6.12839 20
      vertex 16.7362 16.7312 20
      vertex 16.0706 16.5213 20
    endloop
  endfacet
  facet normal 0 0 1
    outer loop
      vertex 17.3809 16.9982 20
      vertex 16.7362 16.7312 20
      vertex 22.8577 6.12839 20
    endloop
  endfacet
  facet normal 0 0 1
    outer loop
      vertex 17.3809 16.9982 20
      vertex 22.8577 6.12839 20
      vertex 23.4114 6.55319 20
    endloop
  endfacet
  facet normal 0 0 1
    outer loop
      vertex 18 17.3205 20
      vertex 17.3809 16.9982 20
      vertex 24 6.92819 20
    endloop
  endfacet
  facet normal 0 -0 1
    outer loop
      vertex 25.9294 7.72739 20
      vertex 26.6108 7.87849 20
      vertex 19.6569 18.5918 20
    endloop
  endfacet
  facet normal -0 0 1
    outer loop
      vertex 18 17.3205 20
      vertex 24.6191 7.25049 20
      vertex 18.5886 17.6955 20
    endloop
  endfacet
  facet normal 0 -0 1
    outer loop
      vertex 24.6191 7.25049 20
      vertex 25.2638 7.51749 20
      vertex 19.1423 18.1203 20
    endloop
  endfacet
  facet normal 0 -0 1
    outer loop
      vertex 25.2638 7.51749 20
      vertex 25.9294 7.72739 20
      vertex 19.1423 18.1203 20
    endloop
  endfacet
  facet normal 0 0 1
    outer loop
      vertex 25.9294 7.72739 20
      vertex 19.6569 18.5918 20
      vertex 19.1423 18.1203 20
    endloop
  endfacet
  facet normal -0 0 1
    outer loop
      vertex 20.1284 19.1064 20
      vertex 27.3028 7.96959 20
      vertex 20.5532 19.6601 20
    endloop
  endfacet
  facet normal 0 0 1
    outer loop
      vertex 27.3028 7.96959 20
      vertex 20.9282 20.2487 20
      vertex 20.5532 19.6601 20
    endloop
  endfacet
  facet normal -0 -0 1
    outer loop
      vertex 28 8 20
      vertex 28.6972 7.96959 20
      vertex 20.9282 20.2487 20
    endloop
  endfacet
  facet normal -0 -0 1
    outer loop
      vertex 28.6972 7.96959 20
      vertex 29.3892 7.87849 20
      vertex 21.2505 20.8678 20
    endloop
  endfacet
  facet normal 0 -0 1
    outer loop
      vertex 29.3892 7.87849 20
      vertex 38.9711 22.5 20
      vertex 21.5175 21.5125 20
    endloop
  endfacet
  facet normal 0 -0 1
    outer loop
      vertex 30.0706 7.72739 20
      vertex 38.9711 22.5 20
      vertex 29.3892 7.87849 20
    endloop
  endfacet
  facet normal 0 0 1
    outer loop
      vertex 40.7839 19.0178 20
      vertex 38.9711 22.5 20
      vertex 30.0706 7.72739 20
    endloop
  endfacet
  facet normal 0 -0 1
    outer loop
      vertex 31.3809 7.25049 20
      vertex 40.7839 19.0178 20
      vertex 30.7362 7.51749 20
    endloop
  endfacet
  facet normal 0 0 1
    outer loop
      vertex 42.2862 15.3909 20
      vertex 40.7839 19.0178 20
      vertex 31.3809 7.25049 20
    endloop
  endfacet
  facet normal 0 0 1
    outer loop
      vertex 42.2862 15.3909 20
      vertex 31.3809 7.25049 20
      vertex 32 6.92819 20
    endloop
  endfacet
  facet normal 0 0 1
    outer loop
      vertex 42.2862 15.3909 20
      vertex 32 6.92819 20
      vertex 32.5886 6.55319 20
    endloop
  endfacet
  facet normal 0 0 1
    outer loop
      vertex 42.2862 15.3909 20
      vertex 32.5886 6.55319 20
      vertex 43.4667 11.6469 20
    endloop
  endfacet
  facet normal -0 0 1
    outer loop
      vertex 33.1423 6.12839 20
      vertex 33.6569 5.65689 20
      vertex 43.4667 11.6469 20
    endloop
  endfacet
  facet normal -0 0 1
    outer loop
      vertex 32.5886 6.55319 20
      vertex 33.1423 6.12839 20
      vertex 43.4667 11.6469 20
    endloop
  endfacet
  facet normal 0 0 1
    outer loop
      vertex 43.4667 11.6469 20
      vertex 33.6569 5.65689 20
      vertex 34.1284 5.14229 20
    endloop
  endfacet
  facet normal -0 0 1
    outer loop
      vertex 34.1284 5.14229 20
      vertex 34.5532 4.58859 20
      vertex 44.3163 7.81419 20
    endloop
  endfacet
  facet normal 0 0 1
    outer loop
      vertex 43.4667 11.6469 20
      vertex 34.1284 5.14229 20
      vertex 44.3163 7.81419 20
    endloop
  endfacet
  facet normal 0 -0 1
    outer loop
      vertex 35.2505 3.38089 20
      vertex 44.3163 7.81419 20
      vertex 34.9282 4 20
    endloop
  endfacet
  facet normal 0 0 1
    outer loop
      vertex 44.8288 3.922 20
      vertex 44.3163 7.81419 20
      vertex 35.2505 3.38089 20
    endloop
  endfacet
  facet normal 0 0 1
    outer loop
      vertex 44.8288 3.922 20
      vertex 35.2505 3.38089 20
      vertex 35.5175 2.73619 20
    endloop
  endfacet
  facet normal 0 0 1
    outer loop
      vertex 44.8288 3.922 20
      vertex 35.5175 2.73619 20
      vertex 35.7274 2.07059 20
    endloop
  endfacet
  facet normal 0 0 1
    outer loop
      vertex 45 0 20
      vertex 44.8288 3.922 20
      vertex 35.8785 1.38919 20
    endloop
  endfacet
  facet normal 0 0 1
    outer loop
      vertex 45 0 20
      vertex 35.8785 1.38919 20
      vertex 35.9696 0.697189 20
    endloop
  endfacet
  facet normal 0 0 1
    outer loop
      vertex 45 0 20
      vertex 35.9696 0.697189 20
      vertex 36 0 20
    endloop
  endfacet
  facet normal 0 0 1
    outer loop
      vertex 45 0 20
      vertex 36 0 20
      vertex 35.9696 -0.697189 20
    endloop
  endfacet
  facet normal 0 0 1
    outer loop
      vertex 45 0 20
      vertex 35.9696 -0.697189 20
      vertex 35.8785 -1.38919 20
    endloop
  endfacet
  facet normal 0 0 1
    outer loop
      vertex 44.8288 -3.922 20
      vertex 35.8785 -1.38919 20
      vertex 35.7274 -2.07059 20
    endloop
  endfacet
  facet normal 0 0 1
    outer loop
      vertex 44.8288 -3.922 20
      vertex 35.7274 -2.07059 20
      vertex 35.5175 -2.73619 20
    endloop
  endfacet
  facet normal 0 0 1
    outer loop
      vertex 44.8288 -3.922 20
      vertex 35.5175 -2.73619 20
      vertex 35.2505 -3.38089 20
    endloop
  endfacet
  facet normal 0 0 1
    outer loop
      vertex 44.8288 -3.922 20
      vertex 35.2505 -3.38089 20
      vertex 44.3163 -7.81419 20
    endloop
  endfacet
  facet normal 0 0 1
    outer loop
      vertex 35.2505 -3.38089 20
      vertex 34.9282 -4 20
      vertex 44.3163 -7.81419 20
    endloop
  endfacet
  facet normal 0 0 1
    outer loop
      vertex 44.3163 -7.81419 20
      vertex 34.5532 -4.58859 20
      vertex 34.1284 -5.14229 20
    endloop
  endfacet
  facet normal 0 0 1
    outer loop
      vertex 44.3163 -7.81419 20
      vertex 34.1284 -5.14229 20
      vertex 43.4667 -11.6469 20
    endloop
  endfacet
  facet normal 0 0 1
    outer loop
      vertex 34.1284 -5.14229 20
      vertex 33.6569 -5.65689 20
      vertex 43.4667 -11.6469 20
    endloop
  endfacet
  facet normal 0 0 1
    outer loop
      vertex 33.6569 -5.65689 20
      vertex 33.1423 -6.12839 20
      vertex 43.4667 -11.6469 20
    endloop
  endfacet
  facet normal 0 0 1
    outer loop
      vertex 43.4667 -11.6469 20
      vertex 32.5886 -6.55319 20
      vertex 42.2862 -15.3909 20
    endloop
  endfacet
  facet normal 0 0 1
    outer loop
      vertex 32.5886 -6.55319 20
      vertex 32 -6.92819 20
      vertex 42.2862 -15.3909 20
    endloop
  endfacet
  facet normal 0 0 1
    outer loop
      vertex 32 -6.92819 20
      vertex 31.3809 -7.25049 20
      vertex 42.2862 -15.3909 20
    endloop
  endfacet
  facet normal 0 0 1
    outer loop
      vertex 31.3809 -7.25049 20
      vertex 40.7839 -19.0178 20
      vertex 42.2862 -15.3909 20
    endloop
  endfacet
  facet normal 0 0 1
    outer loop
      vertex 30.7362 -7.51749 20
      vertex 30.0706 -7.72739 20
      vertex 40.7839 -19.0178 20
    endloop
  endfacet
  facet normal 0 0 1
    outer loop
      vertex 30.0706 -7.72739 20
      vertex 38.9711 -22.5 20
      vertex 40.7839 -19.0178 20
    endloop
  endfacet
  facet normal -0 0 1
    outer loop
      vertex 29.3892 -7.87849 20
      vertex 38.9711 -22.5 20
      vertex 30.0706 -7.72739 20
    endloop
  endfacet
  facet normal 0 0 1
    outer loop
      vertex 28.6972 -7.96959 20
      vertex 20.9282 -20.2487 20
      vertex 21.2505 -20.8678 20
    endloop
  endfacet
  facet normal -0 0 1
    outer loop
      vertex 19.6569 -18.5918 20
      vertex 20.1284 -19.1064 20
      vertex 26.6108 -7.87849 20
    endloop
  endfacet
  facet normal 0 0 1
    outer loop
      vertex -29.3892 -7.87849 20
      vertex -30.0706 -7.72739 20
      vertex -38.9711 -22.5 20
    endloop
  endfacet
  facet normal 0 -0 1
    outer loop
      vertex -21.7274 -22.1781 20
      vertex -21.5175 -21.5125 20
      vertex -38.9711 -22.5 20
    endloop
  endfacet
  facet normal 0 0 1
    outer loop
      vertex -31.3809 -7.25049 20
      vertex -40.7839 -19.0178 20
      vertex -30.7362 -7.51749 20
    endloop
  endfacet
  facet normal -0 0 1
    outer loop
      vertex -42.2862 -15.3909 20
      vertex -40.7839 -19.0178 20
      vertex -31.3809 -7.25049 20
    endloop
  endfacet
  facet normal 0 0 1
    outer loop
      vertex -42.2862 -15.3909 20
      vertex -31.3809 -7.25049 20
      vertex -32 -6.92819 20
    endloop
  endfacet
  facet normal 0 0 1
    outer loop
      vertex -32 -6.92819 20
      vertex -32.5886 -6.55319 20
      vertex -42.2862 -15.3909 20
    endloop
  endfacet
  facet normal 0 0 1
    outer loop
      vertex -32.5886 -6.55319 20
      vertex -43.4667 -11.6469 20
      vertex -42.2862 -15.3909 20
    endloop
  endfacet
  facet normal 0 0 1
    outer loop
      vertex -33.1423 -6.12839 20
      vertex -43.4667 -11.6469 20
      vertex -32.5886 -6.55319 20
    endloop
  endfacet
  facet normal -0 0 1
    outer loop
      vertex -44.3163 -7.81419 20
      vertex -43.4667 -11.6469 20
      vertex -34.1284 -5.14229 20
    endloop
  endfacet
  facet normal 0 0 1
    outer loop
      vertex -44.3163 -7.81419 20
      vertex -34.1284 -5.14229 20
      vertex -34.5532 -4.58859 20
    endloop
  endfacet
  facet normal 0 0 1
    outer loop
      vertex -34.5532 -4.58859 20
      vertex -34.9282 -4 20
      vertex -44.3163 -7.81419 20
    endloop
  endfacet
  facet normal 0 0 1
    outer loop
      vertex -34.9282 -4 20
      vertex -35.2505 -3.38089 20
      vertex -44.3163 -7.81419 20
    endloop
  endfacet
  facet normal 0 0 1
    outer loop
      vertex -44.8288 -3.922 20
      vertex -35.2505 -3.38089 20
      vertex -35.5175 -2.73619 20
    endloop
  endfacet
  facet normal 0 0 1
    outer loop
      vertex -44.8288 -3.922 20
      vertex -35.7274 -2.07059 20
      vertex -35.8785 -1.38919 20
    endloop
  endfacet
  facet normal 0 0 1
    outer loop
      vertex -44.8288 -3.922 20
      vertex -35.5175 -2.73619 20
      vertex -35.7274 -2.07059 20
    endloop
  endfacet
  facet normal 0 -0 1
    outer loop
      vertex -44.8288 -3.922 20
      vertex -35.8785 -1.38919 20
      vertex -45 0 20
    endloop
  endfacet
  facet normal 0 0 1
    outer loop
      vertex -35.8785 -1.38919 20
      vertex -35.9696 -0.697189 20
      vertex -45 0 20
    endloop
  endfacet
  facet normal 0 -0 1
    outer loop
      vertex -35.9696 0.697189 20
      vertex -35.8785 1.38919 20
      vertex -45 0 20
    endloop
  endfacet
  facet normal 0 0 1
    outer loop
      vertex -35.8785 1.38919 20
      vertex -44.8288 3.922 20
      vertex -45 0 20
    endloop
  endfacet
  facet normal 0 0 1
    outer loop
      vertex -35.7274 2.07059 20
      vertex -44.8288 3.922 20
      vertex -35.8785 1.38919 20
    endloop
  endfacet
  facet normal 0 0 1
    outer loop
      vertex -35.5175 2.73619 20
      vertex -44.8288 3.922 20
      vertex -35.7274 2.07059 20
    endloop
  endfacet
  facet normal 0 -0 1
    outer loop
      vertex -31.3809 7.25049 20
      vertex -30.7362 7.51749 20
      vertex -40.7839 19.0178 20
    endloop
  endfacet
  facet normal 0 0 1
    outer loop
      vertex -44.3163 7.81419 20
      vertex -44.8288 3.922 20
      vertex -35.2505 3.38089 20
    endloop
  endfacet
  facet normal 0 0 1
    outer loop
      vertex -34.5532 4.58859 20
      vertex -44.3163 7.81419 20
      vertex -34.9282 4 20
    endloop
  endfacet
  facet normal 0 0 1
    outer loop
      vertex -34.1284 5.14229 20
      vertex -44.3163 7.81419 20
      vertex -34.5532 4.58859 20
    endloop
  endfacet
  facet normal 0 -0 1
    outer loop
      vertex -32 6.92819 20
      vertex -31.3809 7.25049 20
      vertex -42.2862 15.3909 20
    endloop
  endfacet
  facet normal -0 0 1
    outer loop
      vertex -44.3163 7.81419 20
      vertex -34.1284 5.14229 20
      vertex -43.4667 11.6469 20
    endloop
  endfacet
  facet normal 0 -0 1
    outer loop
      vertex -34.1284 5.14229 20
      vertex -33.6569 5.65689 20
      vertex -43.4667 11.6469 20
    endloop
  endfacet
  facet normal 0 -0 1
    outer loop
      vertex -33.1423 6.12839 20
      vertex -32.5886 6.55319 20
      vertex -43.4667 11.6469 20
    endloop
  endfacet
  facet normal 0 -0 1
    outer loop
      vertex -33.6569 5.65689 20
      vertex -33.1423 6.12839 20
      vertex -43.4667 11.6469 20
    endloop
  endfacet
  facet normal 0 0 1
    outer loop
      vertex -31.3809 7.25049 20
      vertex -40.7839 19.0178 20
      vertex -42.2862 15.3909 20
    endloop
  endfacet
  facet normal 0 0 1
    outer loop
      vertex -38.9711 22.5 20
      vertex -29.3892 7.87849 20
      vertex -21.5175 21.5125 20
    endloop
  endfacet
  facet normal -0 0 1
    outer loop
      vertex -40.7839 19.0178 20
      vertex -30.0706 7.72739 20
      vertex -38.9711 22.5 20
    endloop
  endfacet
  facet normal 0 0 1
    outer loop
      vertex -21.2505 20.8678 20
      vertex -28.6972 7.96959 20
      vertex -20.9282 20.2487 20
    endloop
  endfacet
  facet normal 0 0 1
    outer loop
      vertex -21.2505 20.8678 20
      vertex -29.3892 7.87849 20
      vertex -28.6972 7.96959 20
    endloop
  endfacet
  facet normal 0 0 1
    outer loop
      vertex -27.3028 7.96959 20
      vertex -20.5532 19.6601 20
      vertex -20.9282 20.2487 20
    endloop
  endfacet
  facet normal 0 0 1
    outer loop
      vertex -20.1284 19.1064 20
      vertex -20.5532 19.6601 20
      vertex -27.3028 7.96959 20
    endloop
  endfacet
  facet normal -0 0 1
    outer loop
      vertex -27.3028 7.96959 20
      vertex -26.6108 7.87849 20
      vertex -20.1284 19.1064 20
    endloop
  endfacet
  facet normal 0 0 1
    outer loop
      vertex -26.6108 7.87849 20
      vertex -19.6569 18.5918 20
      vertex -20.1284 19.1064 20
    endloop
  endfacet
  facet normal 0 0 1
    outer loop
      vertex -25.9294 7.72739 20
      vertex -19.1423 18.1203 20
      vertex -19.6569 18.5918 20
    endloop
  endfacet
  facet normal 0 -0 1
    outer loop
      vertex -25.2638 7.51749 20
      vertex -19.1423 18.1203 20
      vertex -25.9294 7.72739 20
    endloop
  endfacet
  facet normal 0 -0 1
    outer loop
      vertex -24.6191 7.25049 20
      vertex -19.1423 18.1203 20
      vertex -25.2638 7.51749 20
    endloop
  endfacet
  facet normal 0 0 1
    outer loop
      vertex -18.5886 17.6955 20
      vertex -19.1423 18.1203 20
      vertex -24.6191 7.25049 20
    endloop
  endfacet
  facet normal 0 0 1
    outer loop
      vertex -18.5886 17.6955 20
      vertex -24.6191 7.25049 20
      vertex -18 17.3205 20
    endloop
  endfacet
  facet normal 0 0 1
    outer loop
      vertex -17.3809 16.9982 20
      vertex -24 6.92819 20
      vertex -23.4114 6.55319 20
    endloop
  endfacet
  facet normal 0 0 1
    outer loop
      vertex -22.3431 5.65689 20
      vertex -15.3892 16.3702 20
      vertex -16.0706 16.5213 20
    endloop
  endfacet
  facet normal 0 0 1
    outer loop
      vertex -22.8577 6.12839 20
      vertex -16.7362 16.7312 20
      vertex -17.3809 16.9982 20
    endloop
  endfacet
  facet normal 0 0 1
    outer loop
      vertex -14.6972 16.2791 20
      vertex -21.8716 5.14229 20
      vertex -21.4468 4.58859 20
    endloop
  endfacet
  facet normal -0 0 1
    outer loop
      vertex -21.4468 4.58859 20
      vertex -21.0718 4 20
      vertex -8.75339 4.83519 20
    endloop
  endfacet
  facet normal 0 0 1
    outer loop
      vertex -9.13829 4.0611 20
      vertex -21.0718 4 20
      vertex -20.7495 3.38089 20
    endloop
  endfacet
  facet normal 0 0 1
    outer loop
      vertex -9.13829 4.0611 20
      vertex -20.7495 3.38089 20
      vertex -9.4549 3.25659 20
    endloop
  endfacet
  facet normal 0 0 1
    outer loop
      vertex -9.4549 3.25659 20
      vertex -20.4825 2.73619 20
      vertex -9.70079 2.4278 20
    endloop
  endfacet
  facet normal 0 0 1
    outer loop
      vertex -20.4825 2.73619 20
      vertex -20.2726 2.07059 20
      vertex -9.70079 2.4278 20
    endloop
  endfacet
  facet normal -0 0 1
    outer loop
      vertex -20.2726 2.07059 20
      vertex -9.8743 1.58089 20
      vertex -9.70079 2.4278 20
    endloop
  endfacet
  facet normal -0 0 1
    outer loop
      vertex -20.1215 1.38919 20
      vertex -9.97389 0.722198 20
      vertex -9.8743 1.58089 20
    endloop
  endfacet
  facet normal 0 -0 1
    outer loop
      vertex -20.0304 0.697189 20
      vertex -9.97389 0.722198 20
      vertex -20.1215 1.38919 20
    endloop
  endfacet
  facet normal 0 -0 1
    outer loop
      vertex -20 0 20
      vertex -9.97389 0.722198 20
      vertex -20.0304 0.697189 20
    endloop
  endfacet
  facet normal 0 0 1
    outer loop
      vertex -20.0304 -0.697189 20
      vertex -9.99899 -0.141998 20
      vertex -20 0 20
    endloop
  endfacet
  facet normal 0 0 1
    outer loop
      vertex -9.94939 -1.00499 20
      vertex -9.99899 -0.141998 20
      vertex -20.0304 -0.697189 20
    endloop
  endfacet
  facet normal 0 0 1
    outer loop
      vertex -9.82539 -1.8606 20
      vertex -9.94939 -1.00499 20
      vertex -20.1215 -1.38919 20
    endloop
  endfacet
  facet normal 0 0 1
    outer loop
      vertex -9.82539 -1.8606 20
      vertex -20.1215 -1.38919 20
      vertex -20.2726 -2.07059 20
    endloop
  endfacet
  facet normal 0 0 1
    outer loop
      vertex -9.62799 -2.70229 20
      vertex -20.2726 -2.07059 20
      vertex -20.4825 -2.73619 20
    endloop
  endfacet
  facet normal 0 0 1
    outer loop
      vertex -9.62799 -2.70229 20
      vertex -20.4825 -2.73619 20
      vertex -9.3586 -3.5237 20
    endloop
  endfacet
  facet normal 0 0 1
    outer loop
      vertex -9.3586 -3.5237 20
      vertex -20.7495 -3.38089 20
      vertex -9.01929 -4.31889 20
    endloop
  endfacet
  facet normal 0 0 1
    outer loop
      vertex -9.01929 -4.31889 20
      vertex -21.0718 -4 20
      vertex -8.61249 -5.0817 20
    endloop
  endfacet
  facet normal 0 0 1
    outer loop
      vertex -21.0718 -4 20
      vertex -21.4468 -4.58859 20
      vertex -8.61249 -5.0817 20
    endloop
  endfacet
  facet normal 0 0 1
    outer loop
      vertex -22.3431 -5.65689 20
      vertex -22.8577 -6.12839 20
      vertex -16.0706 -16.5213 20
    endloop
  endfacet
  facet normal 0 -0 1
    outer loop
      vertex -18.5886 -17.6955 20
      vertex -18 -17.3205 20
      vertex -24.6191 -7.25049 20
    endloop
  endfacet
  facet normal 0 0 1
    outer loop
      vertex -25.9294 -7.72739 20
      vertex -26.6108 -7.87849 20
      vertex -19.6569 -18.5918 20
    endloop
  endfacet
  facet normal 0 0 1
    outer loop
      vertex -28.6972 -7.96959 20
      vertex -20.9282 -20.2487 20
      vertex -28 -8 20
    endloop
  endfacet
  facet normal 0 0 1
    outer loop
      vertex -21.8716 -5.14229 20
      vertex -22.3431 -5.65689 20
      vertex -15.3892 -16.3702 20
    endloop
  endfacet
  facet normal 0 -0 1
    outer loop
      vertex -21.5175 -21.5125 20
      vertex -21.2505 -20.8678 20
      vertex -29.3892 -7.87849 20
    endloop
  endfacet
  facet normal 0 0 1
    outer loop
      vertex -16.0706 -31.9761 20
      vertex -19.0178 -40.7839 20
      vertex -15.3892 -32.1272 20
    endloop
  endfacet
  facet normal -0 0 1
    outer loop
      vertex -38.9711 -22.5 20
      vertex -36.8618 -25.8109 20
      vertex -21.7274 -22.1781 20
    endloop
  endfacet
  facet normal 0 0 1
    outer loop
      vertex -16.7362 -31.7662 20
      vertex -22.5 -38.9711 20
      vertex -19.0178 -40.7839 20
    endloop
  endfacet
  facet normal 0 0 1
    outer loop
      vertex -18 -31.1769 20
      vertex -22.5 -38.9711 20
      vertex -17.3809 -31.4992 20
    endloop
  endfacet
  facet normal 0 0 1
    outer loop
      vertex -28.9254 -34.472 20
      vertex -20.5532 -28.8373 20
      vertex -20.9282 -28.2487 20
    endloop
  endfacet
  facet normal 0 0 1
    outer loop
      vertex -11.6469 -43.4667 20
      vertex -11.9294 -31.9761 20
      vertex -12.6108 -32.1272 20
    endloop
  endfacet
  facet normal 0 -0 1
    outer loop
      vertex -14 -16.2487 20
      vertex -8.61249 -5.0817 20
      vertex -14.6972 -16.2791 20
    endloop
  endfacet
  facet normal 0 0 1
    outer loop
      vertex -17.3809 -31.4992 20
      vertex -22.5 -38.9711 20
      vertex -16.7362 -31.7662 20
    endloop
  endfacet
  facet normal 0 0 1
    outer loop
      vertex -36.8618 -25.8109 20
      vertex -21.8785 -22.8595 20
      vertex -21.7274 -22.1781 20
    endloop
  endfacet
  facet normal 0 0 1
    outer loop
      vertex -18.5886 -30.8019 20
      vertex -22.5 -38.9711 20
      vertex -18 -31.1769 20
    endloop
  endfacet
  facet normal 0 0 1
    outer loop
      vertex -19.1423 -30.3771 20
      vertex -22.5 -38.9711 20
      vertex -18.5886 -30.8019 20
    endloop
  endfacet
  facet normal -0 0 1
    outer loop
      vertex -25.8109 -36.8618 20
      vertex -22.5 -38.9711 20
      vertex -19.1423 -30.3771 20
    endloop
  endfacet
  facet normal 0 0 1
    outer loop
      vertex -25.8109 -36.8618 20
      vertex -19.1423 -30.3771 20
      vertex -19.6569 -29.9056 20
    endloop
  endfacet
  facet normal 0 0 1
    outer loop
      vertex -21.8785 -22.8595 20
      vertex -36.8618 -25.8109 20
      vertex -21.9696 -23.5515 20
    endloop
  endfacet
  facet normal 0 0 1
    outer loop
      vertex -25.8109 -36.8618 20
      vertex -19.6569 -29.9056 20
      vertex -20.1284 -29.391 20
    endloop
  endfacet
  facet normal 0 0 1
    outer loop
      vertex -20.1284 -29.391 20
      vertex -20.5532 -28.8373 20
      vertex -25.8109 -36.8618 20
    endloop
  endfacet
  facet normal 0 0 1
    outer loop
      vertex -20.5532 -28.8373 20
      vertex -28.9254 -34.472 20
      vertex -25.8109 -36.8618 20
    endloop
  endfacet
  facet normal 0 0 1
    outer loop
      vertex -20.9282 -28.2487 20
      vertex -21.2505 -27.6296 20
      vertex -28.9254 -34.472 20
    endloop
  endfacet
  facet normal 0 0 1
    outer loop
      vertex -21.2505 -27.6296 20
      vertex -21.5175 -26.9849 20
      vertex -28.9254 -34.472 20
    endloop
  endfacet
  facet normal 0 -0 1
    outer loop
      vertex -28.9254 -34.472 20
      vertex -21.5175 -26.9849 20
      vertex -31.8198 -31.8198 20
    endloop
  endfacet
  facet normal 0 0 1
    outer loop
      vertex -21.5175 -26.9849 20
      vertex -21.7274 -26.3193 20
      vertex -31.8198 -31.8198 20
    endloop
  endfacet
  facet normal 0 0 1
    outer loop
      vertex -21.8785 -25.6379 20
      vertex -21.9696 -24.9459 20
      vertex -31.8198 -31.8198 20
    endloop
  endfacet
  facet normal 0 0 1
    outer loop
      vertex -21.7274 -26.3193 20
      vertex -21.8785 -25.6379 20
      vertex -31.8198 -31.8198 20
    endloop
  endfacet
  facet normal 0 0 1
    outer loop
      vertex -34.472 -28.9254 20
      vertex -22 -24.2487 20
      vertex -21.9696 -23.5515 20
    endloop
  endfacet
  facet normal 0 0 1
    outer loop
      vertex -29.3892 -7.87849 20
      vertex -38.9711 -22.5 20
      vertex -21.5175 -21.5125 20
    endloop
  endfacet
  facet normal 0 0 1
    outer loop
      vertex -20.9282 -20.2487 20
      vertex -28.6972 -7.96959 20
      vertex -21.2505 -20.8678 20
    endloop
  endfacet
  facet normal 0 -0 1
    outer loop
      vertex -20.5532 -19.6601 20
      vertex -20.1284 -19.1064 20
      vertex -27.3028 -7.96959 20
    endloop
  endfacet
  facet normal 0 0 1
    outer loop
      vertex -20.1284 -19.1064 20
      vertex -26.6108 -7.87849 20
      vertex -27.3028 -7.96959 20
    endloop
  endfacet
  facet normal 0 -0 1
    outer loop
      vertex -17.3809 -16.9982 20
      vertex -16.7362 -16.7312 20
      vertex -22.8577 -6.12839 20
    endloop
  endfacet
  facet normal 0 0 1
    outer loop
      vertex -26.6108 -7.87849 20
      vertex -20.1284 -19.1064 20
      vertex -19.6569 -18.5918 20
    endloop
  endfacet
  facet normal 0 0 1
    outer loop
      vertex -25.9294 -7.72739 20
      vertex -19.6569 -18.5918 20
      vertex -19.1423 -18.1203 20
    endloop
  endfacet
  facet normal -0 0 1
    outer loop
      vertex -25.9294 -7.72739 20
      vertex -19.1423 -18.1203 20
      vertex -25.2638 -7.51749 20
    endloop
  endfacet
  facet normal 0 0 1
    outer loop
      vertex -19.1423 -18.1203 20
      vertex -24.6191 -7.25049 20
      vertex -25.2638 -7.51749 20
    endloop
  endfacet
  facet normal 0 0 1
    outer loop
      vertex -18.5886 -17.6955 20
      vertex -24.6191 -7.25049 20
      vertex -19.1423 -18.1203 20
    endloop
  endfacet
  facet normal 0 -0 1
    outer loop
      vertex -18 -17.3205 20
      vertex -17.3809 -16.9982 20
      vertex -24 -6.92819 20
    endloop
  endfacet
  facet normal 0 0 1
    outer loop
      vertex -22.8577 -6.12839 20
      vertex -23.4114 -6.55319 20
      vertex -17.3809 -16.9982 20
    endloop
  endfacet
  facet normal 0 0 1
    outer loop
      vertex -17.3809 -16.9982 20
      vertex -23.4114 -6.55319 20
      vertex -24 -6.92819 20
    endloop
  endfacet
  facet normal 0 0 1
    outer loop
      vertex -22.3431 -5.65689 20
      vertex -16.0706 -16.5213 20
      vertex -15.3892 -16.3702 20
    endloop
  endfacet
  facet normal 0 -0 1
    outer loop
      vertex -15.3892 -16.3702 20
      vertex -14.6972 -16.2791 20
      vertex -21.8716 -5.14229 20
    endloop
  endfacet
  facet normal 0 0 1
    outer loop
      vertex -8.14139 -5.80659 20
      vertex -8.61249 -5.0817 20
      vertex -14 -16.2487 20
    endloop
  endfacet
  facet normal 0 0 1
    outer loop
      vertex -8.14139 -5.80659 20
      vertex -13.3028 -16.2791 20
      vertex -7.6095 -6.4881 20
    endloop
  endfacet
  facet normal 0 0 1
    outer loop
      vertex -7.02069 -7.12109 20
      vertex -7.6095 -6.4881 20
      vertex -12.6108 -16.3702 20
    endloop
  endfacet
  facet normal 0 0 1
    outer loop
      vertex -6.37939 -7.70079 20
      vertex -7.02069 -7.12109 20
      vertex -11.9294 -16.5213 20
    endloop
  endfacet
  facet normal 0 0 1
    outer loop
      vertex -6.37939 -7.70079 20
      vertex -11.9294 -16.5213 20
      vertex -11.2638 -16.7312 20
    endloop
  endfacet
  facet normal 0 0 1
    outer loop
      vertex -6.37939 -7.70079 20
      vertex -11.2638 -16.7312 20
      vertex -5.6904 -8.22299 20
    endloop
  endfacet
  facet normal 0 0 1
    outer loop
      vertex -5.6904 -8.22299 20
      vertex -10.6191 -16.9982 20
      vertex -4.95889 -8.68379 20
    endloop
  endfacet
  facet normal -0 0 1
    outer loop
      vertex -10.6191 -16.9982 20
      vertex -10 -17.3205 20
      vertex -4.95889 -8.68379 20
    endloop
  endfacet
  facet normal -0 0 1
    outer loop
      vertex -10 -17.3205 20
      vertex -9.41139 -17.6955 20
      vertex -4.95889 -8.68379 20
    endloop
  endfacet
  facet normal -0 0 1
    outer loop
      vertex -9.41139 -17.6955 20
      vertex -8.8577 -18.1203 20
      vertex -4.1904 -9.07959 20
    endloop
  endfacet
  facet normal 0 0 1
    outer loop
      vertex -8.8577 -18.1203 20
      vertex -3.39049 -9.40759 20
      vertex -4.1904 -9.07959 20
    endloop
  endfacet
  facet normal 0 0 1
    outer loop
      vertex -8.34309 -18.5918 20
      vertex -2.56529 -9.6653 20
      vertex -3.39049 -9.40759 20
    endloop
  endfacet
  facet normal 0 0 1
    outer loop
      vertex -7.8716 -19.1064 20
      vertex -1.72089 -9.8508 20
      vertex -2.56529 -9.6653 20
    endloop
  endfacet
  facet normal 0 0 1
    outer loop
      vertex -7.44679 -19.6601 20
      vertex -0.863693 -9.96259 20
      vertex -1.72089 -9.8508 20
    endloop
  endfacet
  facet normal 0 0 1
    outer loop
      vertex 6 -24.2487 20
      vertex -6.0304 -23.5515 20
      vertex -6 -24.2487 20
    endloop
  endfacet
  facet normal 0 -0 1
    outer loop
      vertex -6.7495 -20.8678 20
      vertex 0 -10 20
      vertex -7.07179 -20.2487 20
    endloop
  endfacet
  facet normal 0 0 1
    outer loop
      vertex -6.4825 -21.5125 20
      vertex -6.2726 -22.1781 20
      vertex 6.2726 -22.1781 20
    endloop
  endfacet
  facet normal -0 0 1
    outer loop
      vertex -6.2726 -26.3193 20
      vertex -6.4825 -26.9849 20
      vertex 6.2726 -26.3193 20
    endloop
  endfacet
  facet normal 0 0 1
    outer loop
      vertex -7.07179 -28.2487 20
      vertex 6.7495 -27.6296 20
      vertex -6.7495 -27.6296 20
    endloop
  endfacet
  facet normal 0 0 1
    outer loop
      vertex 7.07179 -28.2487 20
      vertex -7.07179 -28.2487 20
      vertex -7.44679 -28.8373 20
    endloop
  endfacet
  facet normal 0 0 1
    outer loop
      vertex 19.1423 -30.3771 20
      vertex 18.5886 -30.8019 20
      vertex 22.5 -38.9711 20
    endloop
  endfacet
  facet normal -0 0 1
    outer loop
      vertex 14.6972 -32.2183 20
      vertex 19.0178 -40.7839 20
      vertex 15.3892 -32.1272 20
    endloop
  endfacet
  facet normal 0 0 1
    outer loop
      vertex 7.44679 -28.8373 20
      vertex -7.8716 -29.391 20
      vertex 7.8716 -29.391 20
    endloop
  endfacet
  facet normal 0 0 1
    outer loop
      vertex 14 -32.2487 20
      vertex 13.3028 -32.2183 20
      vertex 15.3909 -42.2862 20
    endloop
  endfacet
  facet normal 0 0 1
    outer loop
      vertex 3.922 -44.8288 20
      vertex 8.8577 -30.3771 20
      vertex 8.34309 -29.9056 20
    endloop
  endfacet
  facet normal 0 0 1
    outer loop
      vertex 13.3028 -32.2183 20
      vertex 12.6108 -32.1272 20
      vertex 15.3909 -42.2862 20
    endloop
  endfacet
  facet normal 0 0 1
    outer loop
      vertex 8.8577 -30.3771 20
      vertex 3.922 -44.8288 20
      vertex 9.41139 -30.8019 20
    endloop
  endfacet
  facet normal 0 0 1
    outer loop
      vertex 14.6972 -32.2183 20
      vertex 14 -32.2487 20
      vertex 15.3909 -42.2862 20
    endloop
  endfacet
  facet normal 0 0 1
    outer loop
      vertex 10.6191 -31.4992 20
      vertex 7.81419 -44.3163 20
      vertex 11.6469 -43.4667 20
    endloop
  endfacet
  facet normal 0 0 1
    outer loop
      vertex 10 -31.1769 20
      vertex 7.81419 -44.3163 20
      vertex 10.6191 -31.4992 20
    endloop
  endfacet
  facet normal 0 0 1
    outer loop
      vertex 8.34309 -29.9056 20
      vertex 7.8716 -29.391 20
      vertex 0 -45 20
    endloop
  endfacet
  facet normal 0 0 1
    outer loop
      vertex -7.8716 -29.391 20
      vertex -8.34309 -29.9056 20
      vertex 0 -45 20
    endloop
  endfacet
  facet normal 0 0 1
    outer loop
      vertex -8.34309 -29.9056 20
      vertex -3.922 -44.8288 20
      vertex 0 -45 20
    endloop
  endfacet
  facet normal -0 0 1
    outer loop
      vertex -8.8577 -30.3771 20
      vertex -3.922 -44.8288 20
      vertex -8.34309 -29.9056 20
    endloop
  endfacet
  facet normal 0 0 1
    outer loop
      vertex -9.41139 -30.8019 20
      vertex -7.81419 -44.3163 20
      vertex -3.922 -44.8288 20
    endloop
  endfacet
  facet normal -0 0 1
    outer loop
      vertex -10 -31.1769 20
      vertex -7.81419 -44.3163 20
      vertex -9.41139 -30.8019 20
    endloop
  endfacet
  facet normal -0 0 1
    outer loop
      vertex -10.6191 -31.4992 20
      vertex -7.81419 -44.3163 20
      vertex -10 -31.1769 20
    endloop
  endfacet
  facet normal -0 0 1
    outer loop
      vertex -11.6469 -43.4667 20
      vertex -7.81419 -44.3163 20
      vertex -10.6191 -31.4992 20
    endloop
  endfacet
  facet normal 0 0 1
    outer loop
      vertex -11.6469 -43.4667 20
      vertex -10.6191 -31.4992 20
      vertex -11.2638 -31.7662 20
    endloop
  endfacet
  facet normal 0 -0 1
    outer loop
      vertex -11.6469 -43.4667 20
      vertex -11.2638 -31.7662 20
      vertex -11.9294 -31.9761 20
    endloop
  endfacet
  facet normal -0 0 1
    outer loop
      vertex -15.3909 -42.2862 20
      vertex -11.6469 -43.4667 20
      vertex -12.6108 -32.1272 20
    endloop
  endfacet
  facet normal 0 0 1
    outer loop
      vertex -15.3909 -42.2862 20
      vertex -13.3028 -32.2183 20
      vertex -14 -32.2487 20
    endloop
  endfacet
  facet normal 0 0 1
    outer loop
      vertex -15.3909 -42.2862 20
      vertex -12.6108 -32.1272 20
      vertex -13.3028 -32.2183 20
    endloop
  endfacet
  facet normal 0 0 1
    outer loop
      vertex 7.44679 -28.8373 20
      vertex -7.44679 -28.8373 20
      vertex -7.8716 -29.391 20
    endloop
  endfacet
  facet normal 0 0 1
    outer loop
      vertex 12.6108 -32.1272 20
      vertex 11.9294 -31.9761 20
      vertex 11.6469 -43.4667 20
    endloop
  endfacet
  facet normal 0 0 1
    outer loop
      vertex 11.2638 -31.7662 20
      vertex 10.6191 -31.4992 20
      vertex 11.6469 -43.4667 20
    endloop
  endfacet
  facet normal 0 0 1
    outer loop
      vertex 11.9294 -31.9761 20
      vertex 11.2638 -31.7662 20
      vertex 11.6469 -43.4667 20
    endloop
  endfacet
  facet normal 0 0 1
    outer loop
      vertex 3.922 -44.8288 20
      vertex 7.81419 -44.3163 20
      vertex 9.41139 -30.8019 20
    endloop
  endfacet
  facet normal 0 0 1
    outer loop
      vertex 9.41139 -30.8019 20
      vertex 7.81419 -44.3163 20
      vertex 10 -31.1769 20
    endloop
  endfacet
  facet normal 0 0 1
    outer loop
      vertex 8.34309 -29.9056 20
      vertex 0 -45 20
      vertex 3.922 -44.8288 20
    endloop
  endfacet
  facet normal 0 0 1
    outer loop
      vertex 7.07179 -28.2487 20
      vertex -7.44679 -28.8373 20
      vertex 7.44679 -28.8373 20
    endloop
  endfacet
  facet normal 0 0 1
    outer loop
      vertex 6.7495 -27.6296 20
      vertex 6.4825 -26.9849 20
      vertex -6.7495 -27.6296 20
    endloop
  endfacet
  facet normal 0 0 1
    outer loop
      vertex 6.4825 -26.9849 20
      vertex -6.4825 -26.9849 20
      vertex -6.7495 -27.6296 20
    endloop
  endfacet
  facet normal 0 0 1
    outer loop
      vertex 6.2726 -26.3193 20
      vertex -6.4825 -26.9849 20
      vertex 6.4825 -26.9849 20
    endloop
  endfacet
  facet normal 0 -0 1
    outer loop
      vertex 6.0304 -23.5515 20
      vertex 6.12149 -22.8595 20
      vertex -6.12149 -22.8595 20
    endloop
  endfacet
  facet normal 0 0 1
    outer loop
      vertex 6.2726 -26.3193 20
      vertex 6.12149 -25.6379 20
      vertex -6.2726 -26.3193 20
    endloop
  endfacet
  facet normal 0 0 1
    outer loop
      vertex 6.12149 -25.6379 20
      vertex -6.12149 -25.6379 20
      vertex -6.2726 -26.3193 20
    endloop
  endfacet
  facet normal 0 0 1
    outer loop
      vertex 6.0304 -24.9459 20
      vertex -6.12149 -25.6379 20
      vertex 6.12149 -25.6379 20
    endloop
  endfacet
  facet normal -0 0 1
    outer loop
      vertex -6.0304 -24.9459 20
      vertex -6.12149 -25.6379 20
      vertex 6.0304 -24.9459 20
    endloop
  endfacet
  facet normal 0 0 1
    outer loop
      vertex -6.0304 -24.9459 20
      vertex 6.0304 -24.9459 20
      vertex 6 -24.2487 20
    endloop
  endfacet
  facet normal -0 0 1
    outer loop
      vertex -6.0304 -23.5515 20
      vertex 6 -24.2487 20
      vertex 6.0304 -23.5515 20
    endloop
  endfacet
  facet normal 0 -0 1
    outer loop
      vertex 6.2726 -22.1781 20
      vertex 6.4825 -21.5125 20
      vertex -6.4825 -21.5125 20
    endloop
  endfacet
  facet normal 0 -0 1
    outer loop
      vertex 6.12149 -22.8595 20
      vertex 6.2726 -22.1781 20
      vertex -6.2726 -22.1781 20
    endloop
  endfacet
  facet normal 0 -0 1
    outer loop
      vertex 6.4825 -21.5125 20
      vertex 6.7495 -20.8678 20
      vertex -6.7495 -20.8678 20
    endloop
  endfacet
  facet normal 0 -0 1
    outer loop
      vertex -6.4825 -21.5125 20
      vertex 6.4825 -21.5125 20
      vertex -6.7495 -20.8678 20
    endloop
  endfacet
  facet normal -0 0 1
    outer loop
      vertex 0 -10 20
      vertex 7.07179 -20.2487 20
      vertex 0.863693 -9.96259 20
    endloop
  endfacet
  facet normal 0 0 1
    outer loop
      vertex 0 -10 20
      vertex 6.7495 -20.8678 20
      vertex 7.07179 -20.2487 20
    endloop
  endfacet
  facet normal 0 0 1
    outer loop
      vertex 1.72089 -9.8508 20
      vertex 7.44679 -19.6601 20
      vertex 7.8716 -19.1064 20
    endloop
  endfacet
  facet normal 0 0 1
    outer loop
      vertex 1.72089 -9.8508 20
      vertex 0.863693 -9.96259 20
      vertex 7.44679 -19.6601 20
    endloop
  endfacet
  facet normal -0 0 1
    outer loop
      vertex 1.72089 -9.8508 20
      vertex 7.8716 -19.1064 20
      vertex 2.56529 -9.6653 20
    endloop
  endfacet
  facet normal 0 -0 1
    outer loop
      vertex 7.8716 -19.1064 20
      vertex 8.34309 -18.5918 20
      vertex 2.56529 -9.6653 20
    endloop
  endfacet
  facet normal 0 0 1
    outer loop
      vertex 8.34309 -18.5918 20
      vertex 3.39049 -9.40759 20
      vertex 2.56529 -9.6653 20
    endloop
  endfacet
  facet normal 0 0 1
    outer loop
      vertex 8.8577 -18.1203 20
      vertex 3.39049 -9.40759 20
      vertex 8.34309 -18.5918 20
    endloop
  endfacet
  facet normal 0 0 1
    outer loop
      vertex 9.41139 -17.6955 20
      vertex 4.1904 -9.07959 20
      vertex 8.8577 -18.1203 20
    endloop
  endfacet
  facet normal 0 0 1
    outer loop
      vertex 4.95889 -8.68379 20
      vertex 4.1904 -9.07959 20
      vertex 9.41139 -17.6955 20
    endloop
  endfacet
  facet normal 0 0 1
    outer loop
      vertex 4.95889 -8.68379 20
      vertex 9.41139 -17.6955 20
      vertex 10 -17.3205 20
    endloop
  endfacet
  facet normal 0 0 1
    outer loop
      vertex 4.95889 -8.68379 20
      vertex 10 -17.3205 20
      vertex 10.6191 -16.9982 20
    endloop
  endfacet
  facet normal 0 0 1
    outer loop
      vertex 11.9294 -16.5213 20
      vertex 6.37939 -7.70079 20
      vertex 11.2638 -16.7312 20
    endloop
  endfacet
  facet normal 0 0 1
    outer loop
      vertex 14 -16.2487 20
      vertex 8.14139 -5.80659 20
      vertex 13.3028 -16.2791 20
    endloop
  endfacet
  facet normal 0 0 1
    outer loop
      vertex 14.6972 -16.2791 20
      vertex 21.8716 -5.14229 20
      vertex 21.4468 -4.58859 20
    endloop
  endfacet
  facet normal 0 0 1
    outer loop
      vertex 21.8716 -5.14229 20
      vertex 14.6972 -16.2791 20
      vertex 15.3892 -16.3702 20
    endloop
  endfacet
  facet normal 0 0 1
    outer loop
      vertex 22.3431 -5.65689 20
      vertex 15.3892 -16.3702 20
      vertex 16.0706 -16.5213 20
    endloop
  endfacet
  facet normal 0 0 1
    outer loop
      vertex 22.3431 -5.65689 20
      vertex 16.0706 -16.5213 20
      vertex 22.8577 -6.12839 20
    endloop
  endfacet
  facet normal -0 0 1
    outer loop
      vertex 16.0706 -16.5213 20
      vertex 16.7362 -16.7312 20
      vertex 22.8577 -6.12839 20
    endloop
  endfacet
  facet normal -0 0 1
    outer loop
      vertex 16.7362 -16.7312 20
      vertex 17.3809 -16.9982 20
      vertex 22.8577 -6.12839 20
    endloop
  endfacet
  facet normal 0 0 1
    outer loop
      vertex 17.3809 -16.9982 20
      vertex 23.4114 -6.55319 20
      vertex 22.8577 -6.12839 20
    endloop
  endfacet
  facet normal 0 -0 1
    outer loop
      vertex 18 -17.3205 20
      vertex 24 -6.92819 20
      vertex 17.3809 -16.9982 20
    endloop
  endfacet
  facet normal 0 0 1
    outer loop
      vertex 18 -17.3205 20
      vertex 24.6191 -7.25049 20
      vertex 24 -6.92819 20
    endloop
  endfacet
  facet normal 0 -0 1
    outer loop
      vertex 18.5886 -17.6955 20
      vertex 24.6191 -7.25049 20
      vertex 18 -17.3205 20
    endloop
  endfacet
  facet normal 0 0 1
    outer loop
      vertex 19.1423 -18.1203 20
      vertex 25.2638 -7.51749 20
      vertex 24.6191 -7.25049 20
    endloop
  endfacet
  facet normal 0 0 1
    outer loop
      vertex 25.9294 -7.72739 20
      vertex 19.1423 -18.1203 20
      vertex 19.6569 -18.5918 20
    endloop
  endfacet
  facet normal 0 0 1
    outer loop
      vertex 25.9294 -7.72739 20
      vertex 25.2638 -7.51749 20
      vertex 19.1423 -18.1203 20
    endloop
  endfacet
  facet normal 0 0 1
    outer loop
      vertex 25.9294 -7.72739 20
      vertex 19.6569 -18.5918 20
      vertex 26.6108 -7.87849 20
    endloop
  endfacet
  facet normal 0 0 1
    outer loop
      vertex 27.3028 -7.96959 20
      vertex 20.1284 -19.1064 20
      vertex 20.5532 -19.6601 20
    endloop
  endfacet
  facet normal 0 0 1
    outer loop
      vertex 20.9282 -20.2487 20
      vertex 28.6972 -7.96959 20
      vertex 28 -8 20
    endloop
  endfacet
  facet normal 0 0 1
    outer loop
      vertex 21.2505 -20.8678 20
      vertex 29.3892 -7.87849 20
      vertex 28.6972 -7.96959 20
    endloop
  endfacet
  facet normal -0 0 1
    outer loop
      vertex 21.5175 -21.5125 20
      vertex 38.9711 -22.5 20
      vertex 29.3892 -7.87849 20
    endloop
  endfacet
  facet normal -0 -0 1
    outer loop
      vertex 21.7274 -22.1781 20
      vertex 38.9711 -22.5 20
      vertex 21.5175 -21.5125 20
    endloop
  endfacet
  facet normal 0 -0 1
    outer loop
      vertex 36.8618 -25.8109 20
      vertex 38.9711 -22.5 20
      vertex 21.7274 -22.1781 20
    endloop
  endfacet
  facet normal 0 0 1
    outer loop
      vertex 36.8618 -25.8109 20
      vertex 21.7274 -22.1781 20
      vertex 21.8785 -22.8595 20
    endloop
  endfacet
  facet normal 0 0 1
    outer loop
      vertex 36.8618 -25.8109 20
      vertex 21.8785 -22.8595 20
      vertex 21.9696 -23.5515 20
    endloop
  endfacet
  facet normal 0 0 1
    outer loop
      vertex 21.9696 -23.5515 20
      vertex 22 -24.2487 20
      vertex 34.472 -28.9254 20
    endloop
  endfacet
  facet normal 0 0 1
    outer loop
      vertex 36.8618 -25.8109 20
      vertex 21.9696 -23.5515 20
      vertex 34.472 -28.9254 20
    endloop
  endfacet
  facet normal 0 0 1
    outer loop
      vertex 22 -24.2487 20
      vertex 21.9696 -24.9459 20
      vertex 34.472 -28.9254 20
    endloop
  endfacet
  facet normal 0 0 1
    outer loop
      vertex 21.9696 -24.9459 20
      vertex 31.8198 -31.8198 20
      vertex 34.472 -28.9254 20
    endloop
  endfacet
  facet normal -0 0 1
    outer loop
      vertex 21.8785 -25.6379 20
      vertex 31.8198 -31.8198 20
      vertex 21.9696 -24.9459 20
    endloop
  endfacet
  facet normal -0 0 1
    outer loop
      vertex 21.7274 -26.3193 20
      vertex 31.8198 -31.8198 20
      vertex 21.8785 -25.6379 20
    endloop
  endfacet
  facet normal -0 0 1
    outer loop
      vertex 21.5175 -26.9849 20
      vertex 31.8198 -31.8198 20
      vertex 21.7274 -26.3193 20
    endloop
  endfacet
  facet normal 0 -0 1
    outer loop
      vertex 28.9254 -34.472 20
      vertex 31.8198 -31.8198 20
      vertex 21.5175 -26.9849 20
    endloop
  endfacet
  facet normal -0 0 1
    outer loop
      vertex 20.9282 -28.2487 20
      vertex 28.9254 -34.472 20
      vertex 21.2505 -27.6296 20
    endloop
  endfacet
  facet normal -0 0 1
    outer loop
      vertex 20.5532 -28.8373 20
      vertex 28.9254 -34.472 20
      vertex 20.9282 -28.2487 20
    endloop
  endfacet
  facet normal 0 -0 1
    outer loop
      vertex 25.8109 -36.8618 20
      vertex 28.9254 -34.472 20
      vertex 20.5532 -28.8373 20
    endloop
  endfacet
  facet normal 0 0 1
    outer loop
      vertex 25.8109 -36.8618 20
      vertex 20.5532 -28.8373 20
      vertex 20.1284 -29.391 20
    endloop
  endfacet
  facet normal 0 0 1
    outer loop
      vertex 25.8109 -36.8618 20
      vertex 20.1284 -29.391 20
      vertex 19.6569 -29.9056 20
    endloop
  endfacet
  facet normal 0 0 1
    outer loop
      vertex 25.8109 -36.8618 20
      vertex 19.6569 -29.9056 20
      vertex 19.1423 -30.3771 20
    endloop
  endfacet
  facet normal 0 0 1
    outer loop
      vertex 25.8109 -36.8618 20
      vertex 19.1423 -30.3771 20
      vertex 22.5 -38.9711 20
    endloop
  endfacet
  facet normal 0 0 1
    outer loop
      vertex 22.5 -38.9711 20
      vertex 18.5886 -30.8019 20
      vertex 18 -31.1769 20
    endloop
  endfacet
  facet normal 0 0 1
    outer loop
      vertex 22.5 -38.9711 20
      vertex 18 -31.1769 20
      vertex 17.3809 -31.4992 20
    endloop
  endfacet
  facet normal 0 0 1
    outer loop
      vertex 22.5 -38.9711 20
      vertex 17.3809 -31.4992 20
      vertex 16.7362 -31.7662 20
    endloop
  endfacet
  facet normal 0 0 1
    outer loop
      vertex 22.5 -38.9711 20
      vertex 16.7362 -31.7662 20
      vertex 19.0178 -40.7839 20
    endloop
  endfacet
  facet normal 0 0 1
    outer loop
      vertex 16.7362 -31.7662 20
      vertex 16.0706 -31.9761 20
      vertex 19.0178 -40.7839 20
    endloop
  endfacet
  facet normal 0 0 1
    outer loop
      vertex 16.0706 -31.9761 20
      vertex 15.3892 -32.1272 20
      vertex 19.0178 -40.7839 20
    endloop
  endfacet
  facet normal 0 0 1
    outer loop
      vertex 19.0178 -40.7839 20
      vertex 14.6972 -32.2183 20
      vertex 15.3909 -42.2862 20
    endloop
  endfacet
  facet normal 0.130547 -0.991442 0
    outer loop
      vertex 7.81419 -44.3163 0
      vertex 3.922 -44.8288 20
      vertex 3.922 -44.8288 0
    endloop
  endfacet
  facet normal 0.130547 -0.991442 0
    outer loop
      vertex 7.81419 -44.3163 0
      vertex 7.81419 -44.3163 20
      vertex 3.922 -44.8288 20
    endloop
  endfacet
  facet normal 0.216417 -0.976301 0
    outer loop
      vertex 11.6469 -43.4667 0
      vertex 7.81419 -44.3163 20
      vertex 7.81419 -44.3163 0
    endloop
  endfacet
  facet normal 0.216417 -0.976301 0
    outer loop
      vertex 11.6469 -43.4667 0
      vertex 11.6469 -43.4667 20
      vertex 7.81419 -44.3163 20
    endloop
  endfacet
  facet normal 0.300711 -0.953715 0
    outer loop
      vertex 15.3909 -42.2862 0
      vertex 11.6469 -43.4667 20
      vertex 11.6469 -43.4667 0
    endloop
  endfacet
  facet normal 0.300711 -0.953715 0
    outer loop
      vertex 15.3909 -42.2862 0
      vertex 15.3909 -42.2862 20
      vertex 11.6469 -43.4667 20
    endloop
  endfacet
  facet normal 0.382681 -0.923881 0
    outer loop
      vertex 19.0178 -40.7839 0
      vertex 15.3909 -42.2862 20
      vertex 15.3909 -42.2862 0
    endloop
  endfacet
  facet normal 0.382681 -0.923881 0
    outer loop
      vertex 19.0178 -40.7839 0
      vertex 19.0178 -40.7839 20
      vertex 15.3909 -42.2862 20
    endloop
  endfacet
  facet normal 0.461765 -0.887002 0
    outer loop
      vertex 22.5 -38.9711 0
      vertex 19.0178 -40.7839 20
      vertex 19.0178 -40.7839 0
    endloop
  endfacet
  facet normal 0.461765 -0.887002 0
    outer loop
      vertex 22.5 -38.9711 0
      vertex 22.5 -38.9711 20
      vertex 19.0178 -40.7839 20
    endloop
  endfacet
  facet normal 0.537304 -0.843389 0
    outer loop
      vertex 25.8109 -36.8618 0
      vertex 22.5 -38.9711 20
      vertex 22.5 -38.9711 0
    endloop
  endfacet
  facet normal 0.537304 -0.843389 0
    outer loop
      vertex 25.8109 -36.8618 0
      vertex 25.8109 -36.8618 20
      vertex 22.5 -38.9711 20
    endloop
  endfacet
  facet normal 0.608755 -0.793358 0
    outer loop
      vertex 28.9254 -34.472 0
      vertex 25.8109 -36.8618 20
      vertex 25.8109 -36.8618 0
    endloop
  endfacet
  facet normal 0.608755 -0.793358 0
    outer loop
      vertex 28.9254 -34.472 0
      vertex 28.9254 -34.472 20
      vertex 25.8109 -36.8618 20
    endloop
  endfacet
  facet normal 0.675586 -0.737281 0
    outer loop
      vertex 31.8198 -31.8198 0
      vertex 28.9254 -34.472 20
      vertex 28.9254 -34.472 0
    endloop
  endfacet
  facet normal 0.675586 -0.737281 0
    outer loop
      vertex 31.8198 -31.8198 0
      vertex 31.8198 -31.8198 20
      vertex 28.9254 -34.472 20
    endloop
  endfacet
  facet normal 0.737281 -0.675586 0
    outer loop
      vertex 34.472 -28.9254 0
      vertex 31.8198 -31.8198 20
      vertex 31.8198 -31.8198 0
    endloop
  endfacet
  facet normal 0.737281 -0.675586 0
    outer loop
      vertex 34.472 -28.9254 0
      vertex 34.472 -28.9254 20
      vertex 31.8198 -31.8198 20
    endloop
  endfacet
  facet normal 0.793358 -0.608755 0
    outer loop
      vertex 36.8618 -25.8109 0
      vertex 34.472 -28.9254 20
      vertex 34.472 -28.9254 0
    endloop
  endfacet
  facet normal 0.793358 -0.608755 0
    outer loop
      vertex 36.8618 -25.8109 0
      vertex 36.8618 -25.8109 20
      vertex 34.472 -28.9254 20
    endloop
  endfacet
  facet normal 0.843389 -0.537304 0
    outer loop
      vertex 38.9711 -22.5 0
      vertex 36.8618 -25.8109 20
      vertex 36.8618 -25.8109 0
    endloop
  endfacet
  facet normal 0.843389 -0.537304 0
    outer loop
      vertex 38.9711 -22.5 0
      vertex 38.9711 -22.5 20
      vertex 36.8618 -25.8109 20
    endloop
  endfacet
  facet normal 0.887002 -0.461765 0
    outer loop
      vertex 40.7839 -19.0178 0
      vertex 38.9711 -22.5 20
      vertex 38.9711 -22.5 0
    endloop
  endfacet
  facet normal 0.887002 -0.461765 0
    outer loop
      vertex 40.7839 -19.0178 0
      vertex 40.7839 -19.0178 20
      vertex 38.9711 -22.5 20
    endloop
  endfacet
  facet normal 0.923881 -0.382681 0
    outer loop
      vertex 42.2862 -15.3909 0
      vertex 40.7839 -19.0178 20
      vertex 40.7839 -19.0178 0
    endloop
  endfacet
  facet normal 0.923881 -0.382681 0
    outer loop
      vertex 42.2862 -15.3909 0
      vertex 42.2862 -15.3909 20
      vertex 40.7839 -19.0178 20
    endloop
  endfacet
  facet normal 0.953715 -0.300711 0
    outer loop
      vertex 43.4667 -11.6469 0
      vertex 42.2862 -15.3909 20
      vertex 42.2862 -15.3909 0
    endloop
  endfacet
  facet normal 0.953715 -0.300711 0
    outer loop
      vertex 43.4667 -11.6469 0
      vertex 43.4667 -11.6469 20
      vertex 42.2862 -15.3909 20
    endloop
  endfacet
  facet normal 0.976301 -0.216417 0
    outer loop
      vertex 44.3163 -7.81419 0
      vertex 43.4667 -11.6469 20
      vertex 43.4667 -11.6469 0
    endloop
  endfacet
  facet normal 0.976301 -0.216417 0
    outer loop
      vertex 44.3163 -7.81419 0
      vertex 44.3163 -7.81419 20
      vertex 43.4667 -11.6469 20
    endloop
  endfacet
  facet normal 0.991442 -0.130547 0
    outer loop
      vertex 44.8288 -3.922 0
      vertex 44.3163 -7.81419 20
      vertex 44.3163 -7.81419 0
    endloop
  endfacet
  facet normal 0.991442 -0.130547 0
    outer loop
      vertex 44.8288 -3.922 0
      vertex 44.8288 -3.922 20
      vertex 44.3163 -7.81419 20
    endloop
  endfacet
  facet normal 0.999049 -0.0436097 0
    outer loop
      vertex 45 0 0
      vertex 44.8288 -3.922 20
      vertex 44.8288 -3.922 0
    endloop
  endfacet
  facet normal 0.999049 -0.0436097 0
    outer loop
      vertex 45 0 0
      vertex 45 0 20
      vertex 44.8288 -3.922 20
    endloop
  endfacet
  facet normal 0.999049 0.0436097 0
    outer loop
      vertex 44.8288 3.922 0
      vertex 45 0 20
      vertex 45 0 0
    endloop
  endfacet
  facet normal 0.999049 0.0436097 -0
    outer loop
      vertex 44.8288 3.922 0
      vertex 44.8288 3.922 20
      vertex 45 0 20
    endloop
  endfacet
  facet normal 0.991442 0.130547 0
    outer loop
      vertex 44.3163 7.81419 0
      vertex 44.8288 3.922 20
      vertex 44.8288 3.922 0
    endloop
  endfacet
  facet normal 0.991442 0.130547 -0
    outer loop
      vertex 44.3163 7.81419 0
      vertex 44.3163 7.81419 20
      vertex 44.8288 3.922 20
    endloop
  endfacet
  facet normal 0.976301 0.216417 0
    outer loop
      vertex 43.4667 11.6469 0
      vertex 44.3163 7.81419 20
      vertex 44.3163 7.81419 0
    endloop
  endfacet
  facet normal 0.976301 0.216417 -0
    outer loop
      vertex 43.4667 11.6469 0
      vertex 43.4667 11.6469 20
      vertex 44.3163 7.81419 20
    endloop
  endfacet
  facet normal 0.953715 0.300711 0
    outer loop
      vertex 42.2862 15.3909 0
      vertex 43.4667 11.6469 20
      vertex 43.4667 11.6469 0
    endloop
  endfacet
  facet normal 0.953715 0.300711 -0
    outer loop
      vertex 42.2862 15.3909 0
      vertex 42.2862 15.3909 20
      vertex 43.4667 11.6469 20
    endloop
  endfacet
  facet normal 0.923881 0.382681 0
    outer loop
      vertex 40.7839 19.0178 0
      vertex 42.2862 15.3909 20
      vertex 42.2862 15.3909 0
    endloop
  endfacet
  facet normal 0.923881 0.382681 -0
    outer loop
      vertex 40.7839 19.0178 0
      vertex 40.7839 19.0178 20
      vertex 42.2862 15.3909 20
    endloop
  endfacet
  facet normal 0.887002 0.461765 0
    outer loop
      vertex 38.9711 22.5 0
      vertex 40.7839 19.0178 20
      vertex 40.7839 19.0178 0
    endloop
  endfacet
  facet normal 0.887002 0.461765 -0
    outer loop
      vertex 38.9711 22.5 0
      vertex 38.9711 22.5 20
      vertex 40.7839 19.0178 20
    endloop
  endfacet
  facet normal 0.843389 0.537304 0
    outer loop
      vertex 36.8618 25.8109 0
      vertex 38.9711 22.5 20
      vertex 38.9711 22.5 0
    endloop
  endfacet
  facet normal 0.843389 0.537304 -0
    outer loop
      vertex 36.8618 25.8109 0
      vertex 36.8618 25.8109 20
      vertex 38.9711 22.5 20
    endloop
  endfacet
  facet normal 0.793358 0.608755 0
    outer loop
      vertex 34.472 28.9254 0
      vertex 36.8618 25.8109 20
      vertex 36.8618 25.8109 0
    endloop
  endfacet
  facet normal 0.793358 0.608755 -0
    outer loop
      vertex 34.472 28.9254 0
      vertex 34.472 28.9254 20
      vertex 36.8618 25.8109 20
    endloop
  endfacet
  facet normal 0.737281 0.675586 0
    outer loop
      vertex 31.8198 31.8198 0
      vertex 34.472 28.9254 20
      vertex 34.472 28.9254 0
    endloop
  endfacet
  facet normal 0.737281 0.675586 -0
    outer loop
      vertex 31.8198 31.8198 0
      vertex 31.8198 31.8198 20
      vertex 34.472 28.9254 20
    endloop
  endfacet
  facet normal 0.675586 0.737281 0
    outer loop
      vertex 28.9254 34.472 0
      vertex 31.8198 31.8198 20
      vertex 31.8198 31.8198 0
    endloop
  endfacet
  facet normal 0.675586 0.737281 -0
    outer loop
      vertex 28.9254 34.472 0
      vertex 28.9254 34.472 20
      vertex 31.8198 31.8198 20
    endloop
  endfacet
  facet normal 0.608755 0.793358 0
    outer loop
      vertex 25.8109 36.8618 0
      vertex 28.9254 34.472 20
      vertex 28.9254 34.472 0
    endloop
  endfacet
  facet normal 0.608755 0.793358 -0
    outer loop
      vertex 25.8109 36.8618 0
      vertex 25.8109 36.8618 20
      vertex 28.9254 34.472 20
    endloop
  endfacet
  facet normal 0.537304 0.843389 0
    outer loop
      vertex 22.5 38.9711 0
      vertex 25.8109 36.8618 20
      vertex 25.8109 36.8618 0
    endloop
  endfacet
  facet normal 0.537304 0.843389 -0
    outer loop
      vertex 22.5 38.9711 0
      vertex 22.5 38.9711 20
      vertex 25.8109 36.8618 20
    endloop
  endfacet
  facet normal 0.461765 0.887002 0
    outer loop
      vertex 19.0178 40.7839 0
      vertex 22.5 38.9711 20
      vertex 22.5 38.9711 0
    endloop
  endfacet
  facet normal 0.461765 0.887002 -0
    outer loop
      vertex 19.0178 40.7839 0
      vertex 19.0178 40.7839 20
      vertex 22.5 38.9711 20
    endloop
  endfacet
  facet normal 0.382681 0.923881 0
    outer loop
      vertex 15.3909 42.2862 0
      vertex 19.0178 40.7839 20
      vertex 19.0178 40.7839 0
    endloop
  endfacet
  facet normal 0.382681 0.923881 -0
    outer loop
      vertex 15.3909 42.2862 0
      vertex 15.3909 42.2862 20
      vertex 19.0178 40.7839 20
    endloop
  endfacet
  facet normal 0.300711 0.953715 0
    outer loop
      vertex 11.6469 43.4667 0
      vertex 15.3909 42.2862 20
      vertex 15.3909 42.2862 0
    endloop
  endfacet
  facet normal 0.300711 0.953715 -0
    outer loop
      vertex 11.6469 43.4667 0
      vertex 11.6469 43.4667 20
      vertex 15.3909 42.2862 20
    endloop
  endfacet
  facet normal 0.216417 0.976301 0
    outer loop
      vertex 7.81419 44.3163 0
      vertex 11.6469 43.4667 20
      vertex 11.6469 43.4667 0
    endloop
  endfacet
  facet normal 0.216417 0.976301 -0
    outer loop
      vertex 7.81419 44.3163 0
      vertex 7.81419 44.3163 20
      vertex 11.6469 43.4667 20
    endloop
  endfacet
  facet normal 0.130547 0.991442 0
    outer loop
      vertex 3.922 44.8288 0
      vertex 7.81419 44.3163 20
      vertex 7.81419 44.3163 0
    endloop
  endfacet
  facet normal 0.130547 0.991442 -0
    outer loop
      vertex 3.922 44.8288 0
      vertex 3.922 44.8288 20
      vertex 7.81419 44.3163 20
    endloop
  endfacet
  facet normal 0.0436097 0.999049 0
    outer loop
      vertex 0 45 0
      vertex 3.922 44.8288 20
      vertex 3.922 44.8288 0
    endloop
  endfacet
  facet normal 0.0436097 0.999049 -0
    outer loop
      vertex 0 45 0
      vertex 0 45 20
      vertex 3.922 44.8288 20
    endloop
  endfacet
  facet normal -0.0436097 0.999049 0
    outer loop
      vertex -3.922 44.8288 0
      vertex 0 45 20
      vertex 0 45 0
    endloop
  endfacet
  facet normal -0.0436097 0.999049 0
    outer loop
      vertex -3.922 44.8288 0
      vertex -3.922 44.8288 20
      vertex 0 45 20
    endloop
  endfacet
  facet normal -0.130547 0.991442 0
    outer loop
      vertex -7.81419 44.3163 0
      vertex -3.922 44.8288 20
      vertex -3.922 44.8288 0
    endloop
  endfacet
  facet normal -0.130547 0.991442 0
    outer loop
      vertex -7.81419 44.3163 0
      vertex -7.81419 44.3163 20
      vertex -3.922 44.8288 20
    endloop
  endfacet
  facet normal -0.216417 0.976301 0
    outer loop
      vertex -11.6469 43.4667 0
      vertex -7.81419 44.3163 20
      vertex -7.81419 44.3163 0
    endloop
  endfacet
  facet normal -0.216417 0.976301 0
    outer loop
      vertex -11.6469 43.4667 0
      vertex -11.6469 43.4667 20
      vertex -7.81419 44.3163 20
    endloop
  endfacet
  facet normal -0.300711 0.953715 0
    outer loop
      vertex -15.3909 42.2862 0
      vertex -11.6469 43.4667 20
      vertex -11.6469 43.4667 0
    endloop
  endfacet
  facet normal -0.300711 0.953715 0
    outer loop
      vertex -15.3909 42.2862 0
      vertex -15.3909 42.2862 20
      vertex -11.6469 43.4667 20
    endloop
  endfacet
  facet normal -0.382681 0.923881 0
    outer loop
      vertex -19.0178 40.7839 0
      vertex -15.3909 42.2862 20
      vertex -15.3909 42.2862 0
    endloop
  endfacet
  facet normal -0.382681 0.923881 0
    outer loop
      vertex -19.0178 40.7839 0
      vertex -19.0178 40.7839 20
      vertex -15.3909 42.2862 20
    endloop
  endfacet
  facet normal -0.461765 0.887002 0
    outer loop
      vertex -22.5 38.9711 0
      vertex -19.0178 40.7839 20
      vertex -19.0178 40.7839 0
    endloop
  endfacet
  facet normal -0.461765 0.887002 0
    outer loop
      vertex -22.5 38.9711 0
      vertex -22.5 38.9711 20
      vertex -19.0178 40.7839 20
    endloop
  endfacet
  facet normal -0.537304 0.843389 0
    outer loop
      vertex -25.8109 36.8618 0
      vertex -22.5 38.9711 20
      vertex -22.5 38.9711 0
    endloop
  endfacet
  facet normal -0.537304 0.843389 0
    outer loop
      vertex -25.8109 36.8618 0
      vertex -25.8109 36.8618 20
      vertex -22.5 38.9711 20
    endloop
  endfacet
  facet normal -0.608755 0.793358 0
    outer loop
      vertex -28.9254 34.472 0
      vertex -25.8109 36.8618 20
      vertex -25.8109 36.8618 0
    endloop
  endfacet
  facet normal -0.608755 0.793358 0
    outer loop
      vertex -28.9254 34.472 0
      vertex -28.9254 34.472 20
      vertex -25.8109 36.8618 20
    endloop
  endfacet
  facet normal -0.675586 0.737281 0
    outer loop
      vertex -31.8198 31.8198 0
      vertex -28.9254 34.472 20
      vertex -28.9254 34.472 0
    endloop
  endfacet
  facet normal -0.675586 0.737281 0
    outer loop
      vertex -31.8198 31.8198 0
      vertex -31.8198 31.8198 20
      vertex -28.9254 34.472 20
    endloop
  endfacet
  facet normal -0.737281 0.675586 0
    outer loop
      vertex -34.472 28.9254 0
      vertex -31.8198 31.8198 20
      vertex -31.8198 31.8198 0
    endloop
  endfacet
  facet normal -0.737281 0.675586 0
    outer loop
      vertex -34.472 28.9254 0
      vertex -34.472 28.9254 20
      vertex -31.8198 31.8198 20
    endloop
  endfacet
  facet normal -0.793358 0.608755 0
    outer loop
      vertex -36.8618 25.8109 0
      vertex -34.472 28.9254 20
      vertex -34.472 28.9254 0
    endloop
  endfacet
  facet normal -0.793358 0.608755 0
    outer loop
      vertex -36.8618 25.8109 0
      vertex -36.8618 25.8109 20
      vertex -34.472 28.9254 20
    endloop
  endfacet
  facet normal -0.843389 0.537304 0
    outer loop
      vertex -38.9711 22.5 0
      vertex -36.8618 25.8109 20
      vertex -36.8618 25.8109 0
    endloop
  endfacet
  facet normal -0.843389 0.537304 0
    outer loop
      vertex -38.9711 22.5 0
      vertex -38.9711 22.5 20
      vertex -36.8618 25.8109 20
    endloop
  endfacet
  facet normal -0.887002 0.461765 0
    outer loop
      vertex -40.7839 19.0178 0
      vertex -38.9711 22.5 20
      vertex -38.9711 22.5 0
    endloop
  endfacet
  facet normal -0.887002 0.461765 0
    outer loop
      vertex -40.7839 19.0178 0
      vertex -40.7839 19.0178 20
      vertex -38.9711 22.5 20
    endloop
  endfacet
  facet normal -0.923881 0.382681 0
    outer loop
      vertex -42.2862 15.3909 0
      vertex -40.7839 19.0178 20
      vertex -40.7839 19.0178 0
    endloop
  endfacet
  facet normal -0.923881 0.382681 0
    outer loop
      vertex -42.2862 15.3909 0
      vertex -42.2862 15.3909 20
      vertex -40.7839 19.0178 20
    endloop
  endfacet
  facet normal -0.953715 0.300711 0
    outer loop
      vertex -43.4667 11.6469 0
      vertex -42.2862 15.3909 20
      vertex -42.2862 15.3909 0
    endloop
  endfacet
  facet normal -0.953715 0.300711 0
    outer loop
      vertex -43.4667 11.6469 0
      vertex -43.4667 11.6469 20
      vertex -42.2862 15.3909 20
    endloop
  endfacet
  facet normal -0.976301 0.216417 0
    outer loop
      vertex -44.3163 7.81419 0
      vertex -43.4667 11.6469 20
      vertex -43.4667 11.6469 0
    endloop
  endfacet
  facet normal -0.976301 0.216417 0
    outer loop
      vertex -44.3163 7.81419 0
      vertex -44.3163 7.81419 20
      vertex -43.4667 11.6469 20
    endloop
  endfacet
  facet normal -0.991442 0.130547 0
    outer loop
      vertex -44.8288 3.922 0
      vertex -44.3163 7.81419 20
      vertex -44.3163 7.81419 0
    endloop
  endfacet
  facet normal -0.991442 0.130547 0
    outer loop
      vertex -44.8288 3.922 0
      vertex -44.8288 3.922 20
      vertex -44.3163 7.81419 20
    endloop
  endfacet
  facet normal -0.999049 0.0436097 0
    outer loop
      vertex -45 0 0
      vertex -44.8288 3.922 20
      vertex -44.8288 3.922 0
    endloop
  endfacet
  facet normal -0.999049 0.0436097 0
    outer loop
      vertex -45 0 0
      vertex -45 0 20
      vertex -44.8288 3.922 20
    endloop
  endfacet
  facet normal -0.999049 -0.0436097 0
    outer loop
      vertex -44.8288 -3.922 0
      vertex -45 0 20
      vertex -45 0 0
    endloop
  endfacet
  facet normal -0.999049 -0.0436097 0
    outer loop
      vertex -44.8288 -3.922 0
      vertex -44.8288 -3.922 20
      vertex -45 0 20
    endloop
  endfacet
  facet normal -0.991442 -0.130547 0
    outer loop
      vertex -44.3163 -7.81419 0
      vertex -44.8288 -3.922 20
      vertex -44.8288 -3.922 0
    endloop
  endfacet
  facet normal -0.991442 -0.130547 0
    outer loop
      vertex -44.3163 -7.81419 0
      vertex -44.3163 -7.81419 20
      vertex -44.8288 -3.922 20
    endloop
  endfacet
  facet normal -0.976301 -0.216417 0
    outer loop
      vertex -43.4667 -11.6469 0
      vertex -44.3163 -7.81419 20
      vertex -44.3163 -7.81419 0
    endloop
  endfacet
  facet normal -0.976301 -0.216417 0
    outer loop
      vertex -43.4667 -11.6469 0
      vertex -43.4667 -11.6469 20
      vertex -44.3163 -7.81419 20
    endloop
  endfacet
  facet normal -0.953715 -0.300711 0
    outer loop
      vertex -42.2862 -15.3909 0
      vertex -43.4667 -11.6469 20
      vertex -43.4667 -11.6469 0
    endloop
  endfacet
  facet normal -0.953715 -0.300711 0
    outer loop
      vertex -42.2862 -15.3909 0
      vertex -42.2862 -15.3909 20
      vertex -43.4667 -11.6469 20
    endloop
  endfacet
  facet normal -0.923881 -0.382681 0
    outer loop
      vertex -40.7839 -19.0178 0
      vertex -42.2862 -15.3909 20
      vertex -42.2862 -15.3909 0
    endloop
  endfacet
  facet normal -0.923881 -0.382681 0
    outer loop
      vertex -40.7839 -19.0178 0
      vertex -40.7839 -19.0178 20
      vertex -42.2862 -15.3909 20
    endloop
  endfacet
  facet normal -0.887002 -0.461765 0
    outer loop
      vertex -38.9711 -22.5 0
      vertex -40.7839 -19.0178 20
      vertex -40.7839 -19.0178 0
    endloop
  endfacet
  facet normal -0.887002 -0.461765 0
    outer loop
      vertex -38.9711 -22.5 0
      vertex -38.9711 -22.5 20
      vertex -40.7839 -19.0178 20
    endloop
  endfacet
  facet normal -0.843389 -0.537304 0
    outer loop
      vertex -36.8618 -25.8109 0
      vertex -38.9711 -22.5 20
      vertex -38.9711 -22.5 0
    endloop
  endfacet
  facet normal -0.843389 -0.537304 0
    outer loop
      vertex -36.8618 -25.8109 0
      vertex -36.8618 -25.8109 20
      vertex -38.9711 -22.5 20
    endloop
  endfacet
  facet normal -0.793358 -0.608755 0
    outer loop
      vertex -34.472 -28.9254 0
      vertex -36.8618 -25.8109 20
      vertex -36.8618 -25.8109 0
    endloop
  endfacet
  facet normal -0.793358 -0.608755 0
    outer loop
      vertex -34.472 -28.9254 0
      vertex -34.472 -28.9254 20
      vertex -36.8618 -25.8109 20
    endloop
  endfacet
  facet normal -0.737281 -0.675586 0
    outer loop
      vertex -31.8198 -31.8198 0
      vertex -34.472 -28.9254 20
      vertex -34.472 -28.9254 0
    endloop
  endfacet
  facet normal -0.737281 -0.675586 0
    outer loop
      vertex -31.8198 -31.8198 0
      vertex -31.8198 -31.8198 20
      vertex -34.472 -28.9254 20
    endloop
  endfacet
  facet normal -0.675586 -0.737281 0
    outer loop
      vertex -28.9254 -34.472 0
      vertex -31.8198 -31.8198 20
      vertex -31.8198 -31.8198 0
    endloop
  endfacet
  facet normal -0.675586 -0.737281 0
    outer loop
      vertex -28.9254 -34.472 0
      vertex -28.9254 -34.472 20
      vertex -31.8198 -31.8198 20
    endloop
  endfacet
  facet normal -0.608755 -0.793358 0
    outer loop
      vertex -25.8109 -36.8618 0
      vertex -28.9254 -34.472 20
      vertex -28.9254 -34.472 0
    endloop
  endfacet
  facet normal -0.608755 -0.793358 0
    outer loop
      vertex -25.8109 -36.8618 0
      vertex -25.8109 -36.8618 20
      vertex -28.9254 -34.472 20
    endloop
  endfacet
  facet normal -0.537304 -0.843389 0
    outer loop
      vertex -22.5 -38.9711 0
      vertex -25.8109 -36.8618 20
      vertex -25.8109 -36.8618 0
    endloop
  endfacet
  facet normal -0.537304 -0.843389 0
    outer loop
      vertex -22.5 -38.9711 0
      vertex -22.5 -38.9711 20
      vertex -25.8109 -36.8618 20
    endloop
  endfacet
  facet normal -0.461765 -0.887002 0
    outer loop
      vertex -19.0178 -40.7839 0
      vertex -22.5 -38.9711 20
      vertex -22.5 -38.9711 0
    endloop
  endfacet
  facet normal -0.461765 -0.887002 0
    outer loop
      vertex -19.0178 -40.7839 0
      vertex -19.0178 -40.7839 20
      vertex -22.5 -38.9711 20
    endloop
  endfacet
  facet normal -0.382681 -0.923881 0
    outer loop
      vertex -15.3909 -42.2862 0
      vertex -19.0178 -40.7839 20
      vertex -19.0178 -40.7839 0
    endloop
  endfacet
  facet normal -0.382681 -0.923881 0
    outer loop
      vertex -15.3909 -42.2862 0
      vertex -15.3909 -42.2862 20
      vertex -19.0178 -40.7839 20
    endloop
  endfacet
  facet normal -0.300711 -0.953715 0
    outer loop
      vertex -11.6469 -43.4667 0
      vertex -15.3909 -42.2862 20
      vertex -15.3909 -42.2862 0
    endloop
  endfacet
  facet normal -0.300711 -0.953715 0
    outer loop
      vertex -11.6469 -43.4667 0
      vertex -11.6469 -43.4667 20
      vertex -15.3909 -42.2862 20
    endloop
  endfacet
  facet normal -0.216417 -0.976301 0
    outer loop
      vertex -7.81419 -44.3163 0
      vertex -11.6469 -43.4667 20
      vertex -11.6469 -43.4667 0
    endloop
  endfacet
  facet normal -0.216417 -0.976301 0
    outer loop
      vertex -7.81419 -44.3163 0
      vertex -7.81419 -44.3163 20
      vertex -11.6469 -43.4667 20
    endloop
  endfacet
  facet normal -0.130547 -0.991442 0
    outer loop
      vertex -3.922 -44.8288 0
      vertex -7.81419 -44.3163 20
      vertex -7.81419 -44.3163 0
    endloop
  endfacet
  facet normal -0.130547 -0.991442 0
    outer loop
      vertex -3.922 -44.8288 0
      vertex -3.922 -44.8288 20
      vertex -7.81419 -44.3163 20
    endloop
  endfacet
  facet normal -0.0436097 -0.999049 0
    outer loop
      vertex 0 -45 0
      vertex -3.922 -44.8288 20
      vertex -3.922 -44.8288 0
    endloop
  endfacet
  facet normal -0.0436097 -0.999049 0
    outer loop
      vertex 0 -45 0
      vertex 0 -45 20
      vertex -3.922 -44.8288 20
    endloop
  endfacet
  facet normal 0.0436097 -0.999049 0
    outer loop
      vertex 3.922 -44.8288 0
      vertex 0 -45 20
      vertex 0 -45 0
    endloop
  endfacet
  facet normal 0.0436097 -0.999049 0
    outer loop
      vertex 3.922 -44.8288 0
      vertex 3.922 -44.8288 20
      vertex 0 -45 20
    endloop
  endfacet
  facet normal 0.130521 0.991446 -0
    outer loop
      vertex 12.6108 16.3702 0
      vertex 12.6108 16.3702 20
      vertex 13.3028 16.2791 0
    endloop
  endfacet
  facet normal 0.130521 0.991446 0
    outer loop
      vertex 13.3028 16.2791 20
      vertex 13.3028 16.2791 0
      vertex 12.6108 16.3702 20
    endloop
  endfacet
  facet normal 0.21649 0.976285 -0
    outer loop
      vertex 11.9294 16.5213 0
      vertex 11.9294 16.5213 20
      vertex 12.6108 16.3702 0
    endloop
  endfacet
  facet normal 0.21649 0.976285 0
    outer loop
      vertex 12.6108 16.3702 20
      vertex 12.6108 16.3702 0
      vertex 11.9294 16.5213 20
    endloop
  endfacet
  facet normal 0.300754 0.953702 -0
    outer loop
      vertex 11.2638 16.7312 0
      vertex 11.2638 16.7312 20
      vertex 11.9294 16.5213 0
    endloop
  endfacet
  facet normal 0.300754 0.953702 0
    outer loop
      vertex 11.9294 16.5213 20
      vertex 11.9294 16.5213 0
      vertex 11.2638 16.7312 20
    endloop
  endfacet
  facet normal 0.38263 0.923902 -0
    outer loop
      vertex 10.6191 16.9982 0
      vertex 10.6191 16.9982 20
      vertex 11.2638 16.7312 0
    endloop
  endfacet
  facet normal 0.38263 0.923902 0
    outer loop
      vertex 11.2638 16.7312 20
      vertex 11.2638 16.7312 0
      vertex 10.6191 16.9982 20
    endloop
  endfacet
  facet normal 0.461768 0.887001 -0
    outer loop
      vertex 10 17.3205 0
      vertex 10 17.3205 20
      vertex 10.6191 16.9982 0
    endloop
  endfacet
  facet normal 0.461768 0.887001 0
    outer loop
      vertex 10.6191 16.9982 20
      vertex 10.6191 16.9982 0
      vertex 10 17.3205 20
    endloop
  endfacet
  facet normal 0.537314 0.843382 -0
    outer loop
      vertex 9.41139 17.6955 0
      vertex 9.41139 17.6955 20
      vertex 10 17.3205 0
    endloop
  endfacet
  facet normal 0.537314 0.843382 0
    outer loop
      vertex 10 17.3205 20
      vertex 10 17.3205 0
      vertex 9.41139 17.6955 20
    endloop
  endfacet
  facet normal 0.608706 0.793396 -0
    outer loop
      vertex 8.8577 18.1203 0
      vertex 8.8577 18.1203 20
      vertex 9.41139 17.6955 0
    endloop
  endfacet
  facet normal 0.608706 0.793396 0
    outer loop
      vertex 9.41139 17.6955 20
      vertex 9.41139 17.6955 0
      vertex 8.8577 18.1203 20
    endloop
  endfacet
  facet normal 0.675549 0.737315 -0
    outer loop
      vertex 8.34309 18.5918 0
      vertex 8.34309 18.5918 20
      vertex 8.8577 18.1203 0
    endloop
  endfacet
  facet normal 0.675549 0.737315 0
    outer loop
      vertex 8.8577 18.1203 20
      vertex 8.8577 18.1203 0
      vertex 8.34309 18.5918 20
    endloop
  endfacet
  facet normal 0.737316 0.675548 -0
    outer loop
      vertex 7.8716 19.1064 0
      vertex 7.8716 19.1064 20
      vertex 8.34309 18.5918 0
    endloop
  endfacet
  facet normal 0.737316 0.675548 0
    outer loop
      vertex 8.34309 18.5918 20
      vertex 8.34309 18.5918 0
      vertex 7.8716 19.1064 20
    endloop
  endfacet
  facet normal 0.793394 0.608708 -0
    outer loop
      vertex 7.44679 19.6601 0
      vertex 7.44679 19.6601 20
      vertex 7.8716 19.1064 0
    endloop
  endfacet
  facet normal 0.793394 0.608708 0
    outer loop
      vertex 7.8716 19.1064 20
      vertex 7.8716 19.1064 0
      vertex 7.44679 19.6601 20
    endloop
  endfacet
  facet normal 0.843378 0.53732 -0
    outer loop
      vertex 7.07179 20.2487 0
      vertex 7.07179 20.2487 20
      vertex 7.44679 19.6601 0
    endloop
  endfacet
  facet normal 0.843378 0.53732 0
    outer loop
      vertex 7.44679 19.6601 20
      vertex 7.44679 19.6601 0
      vertex 7.07179 20.2487 20
    endloop
  endfacet
  facet normal 0.887007 0.461756 -0
    outer loop
      vertex 6.7495 20.8678 0
      vertex 6.7495 20.8678 20
      vertex 7.07179 20.2487 0
    endloop
  endfacet
  facet normal 0.887007 0.461756 0
    outer loop
      vertex 7.07179 20.2487 20
      vertex 7.07179 20.2487 0
      vertex 6.7495 20.8678 20
    endloop
  endfacet
  facet normal 0.923902 0.38263 -0
    outer loop
      vertex 6.4825 21.5125 0
      vertex 6.4825 21.5125 20
      vertex 6.7495 20.8678 0
    endloop
  endfacet
  facet normal 0.923902 0.38263 0
    outer loop
      vertex 6.7495 20.8678 20
      vertex 6.7495 20.8678 0
      vertex 6.4825 21.5125 20
    endloop
  endfacet
  facet normal 0.953702 0.300754 -0
    outer loop
      vertex 6.2726 22.1781 0
      vertex 6.2726 22.1781 20
      vertex 6.4825 21.5125 0
    endloop
  endfacet
  facet normal 0.953702 0.300754 0
    outer loop
      vertex 6.4825 21.5125 20
      vertex 6.4825 21.5125 0
      vertex 6.2726 22.1781 20
    endloop
  endfacet
  facet normal 0.976282 0.216504 -0
    outer loop
      vertex 6.12149 22.8595 0
      vertex 6.12149 22.8595 20
      vertex 6.2726 22.1781 0
    endloop
  endfacet
  facet normal 0.976282 0.216504 0
    outer loop
      vertex 6.2726 22.1781 20
      vertex 6.2726 22.1781 0
      vertex 6.12149 22.8595 20
    endloop
  endfacet
  facet normal 0.991447 0.130507 -0
    outer loop
      vertex 6.0304 23.5515 0
      vertex 6.0304 23.5515 20
      vertex 6.12149 22.8595 0
    endloop
  endfacet
  facet normal 0.991447 0.130507 0
    outer loop
      vertex 6.12149 22.8595 20
      vertex 6.12149 22.8595 0
      vertex 6.0304 23.5515 20
    endloop
  endfacet
  facet normal 0.999051 0.0435616 -0
    outer loop
      vertex 6 24.2487 0
      vertex 6 24.2487 20
      vertex 6.0304 23.5515 0
    endloop
  endfacet
  facet normal 0.999051 0.0435616 0
    outer loop
      vertex 6.0304 23.5515 20
      vertex 6.0304 23.5515 0
      vertex 6 24.2487 20
    endloop
  endfacet
  facet normal 0.999051 -0.0435616 0
    outer loop
      vertex 6.0304 24.9459 0
      vertex 6.0304 24.9459 20
      vertex 6 24.2487 0
    endloop
  endfacet
  facet normal 0.999051 -0.0435616 0
    outer loop
      vertex 6 24.2487 20
      vertex 6 24.2487 0
      vertex 6.0304 24.9459 20
    endloop
  endfacet
  facet normal 0.991447 -0.130507 0
    outer loop
      vertex 6.12149 25.6379 0
      vertex 6.12149 25.6379 20
      vertex 6.0304 24.9459 0
    endloop
  endfacet
  facet normal 0.991447 -0.130507 0
    outer loop
      vertex 6.0304 24.9459 20
      vertex 6.0304 24.9459 0
      vertex 6.12149 25.6379 20
    endloop
  endfacet
  facet normal 0.976282 -0.216504 0
    outer loop
      vertex 6.2726 26.3193 0
      vertex 6.2726 26.3193 20
      vertex 6.12149 25.6379 0
    endloop
  endfacet
  facet normal 0.976282 -0.216504 0
    outer loop
      vertex 6.12149 25.6379 20
      vertex 6.12149 25.6379 0
      vertex 6.2726 26.3193 20
    endloop
  endfacet
  facet normal 0.953702 -0.300754 0
    outer loop
      vertex 6.4825 26.9849 0
      vertex 6.4825 26.9849 20
      vertex 6.2726 26.3193 0
    endloop
  endfacet
  facet normal 0.953702 -0.300754 0
    outer loop
      vertex 6.2726 26.3193 20
      vertex 6.2726 26.3193 0
      vertex 6.4825 26.9849 20
    endloop
  endfacet
  facet normal 0.923902 -0.38263 0
    outer loop
      vertex 6.7495 27.6296 0
      vertex 6.7495 27.6296 20
      vertex 6.4825 26.9849 0
    endloop
  endfacet
  facet normal 0.923902 -0.38263 0
    outer loop
      vertex 6.4825 26.9849 20
      vertex 6.4825 26.9849 0
      vertex 6.7495 27.6296 20
    endloop
  endfacet
  facet normal 0.887007 -0.461756 0
    outer loop
      vertex 7.07179 28.2487 0
      vertex 7.07179 28.2487 20
      vertex 6.7495 27.6296 0
    endloop
  endfacet
  facet normal 0.887007 -0.461756 0
    outer loop
      vertex 6.7495 27.6296 20
      vertex 6.7495 27.6296 0
      vertex 7.07179 28.2487 20
    endloop
  endfacet
  facet normal 0.843378 -0.53732 0
    outer loop
      vertex 7.44679 28.8373 0
      vertex 7.44679 28.8373 20
      vertex 7.07179 28.2487 0
    endloop
  endfacet
  facet normal 0.843378 -0.53732 0
    outer loop
      vertex 7.07179 28.2487 20
      vertex 7.07179 28.2487 0
      vertex 7.44679 28.8373 20
    endloop
  endfacet
  facet normal 0.793394 -0.608708 0
    outer loop
      vertex 7.8716 29.391 0
      vertex 7.8716 29.391 20
      vertex 7.44679 28.8373 0
    endloop
  endfacet
  facet normal 0.793394 -0.608708 0
    outer loop
      vertex 7.44679 28.8373 20
      vertex 7.44679 28.8373 0
      vertex 7.8716 29.391 20
    endloop
  endfacet
  facet normal 0.737316 -0.675548 0
    outer loop
      vertex 8.34309 29.9056 0
      vertex 8.34309 29.9056 20
      vertex 7.8716 29.391 0
    endloop
  endfacet
  facet normal 0.737316 -0.675548 0
    outer loop
      vertex 7.8716 29.391 20
      vertex 7.8716 29.391 0
      vertex 8.34309 29.9056 20
    endloop
  endfacet
  facet normal 0.675549 -0.737315 0
    outer loop
      vertex 8.8577 30.3771 0
      vertex 8.8577 30.3771 20
      vertex 8.34309 29.9056 0
    endloop
  endfacet
  facet normal 0.675549 -0.737315 0
    outer loop
      vertex 8.34309 29.9056 20
      vertex 8.34309 29.9056 0
      vertex 8.8577 30.3771 20
    endloop
  endfacet
  facet normal 0.608706 -0.793396 0
    outer loop
      vertex 9.41139 30.8019 0
      vertex 9.41139 30.8019 20
      vertex 8.8577 30.3771 0
    endloop
  endfacet
  facet normal 0.608706 -0.793396 0
    outer loop
      vertex 8.8577 30.3771 20
      vertex 8.8577 30.3771 0
      vertex 9.41139 30.8019 20
    endloop
  endfacet
  facet normal 0.537314 -0.843382 0
    outer loop
      vertex 10 31.1769 0
      vertex 10 31.1769 20
      vertex 9.41139 30.8019 0
    endloop
  endfacet
  facet normal 0.537314 -0.843382 0
    outer loop
      vertex 9.41139 30.8019 20
      vertex 9.41139 30.8019 0
      vertex 10 31.1769 20
    endloop
  endfacet
  facet normal 0.461768 -0.887001 0
    outer loop
      vertex 10.6191 31.4992 0
      vertex 10.6191 31.4992 20
      vertex 10 31.1769 0
    endloop
  endfacet
  facet normal 0.461768 -0.887001 0
    outer loop
      vertex 10 31.1769 20
      vertex 10 31.1769 0
      vertex 10.6191 31.4992 20
    endloop
  endfacet
  facet normal 0.38263 -0.923902 0
    outer loop
      vertex 11.2638 31.7662 0
      vertex 11.2638 31.7662 20
      vertex 10.6191 31.4992 0
    endloop
  endfacet
  facet normal 0.38263 -0.923902 0
    outer loop
      vertex 10.6191 31.4992 20
      vertex 10.6191 31.4992 0
      vertex 11.2638 31.7662 20
    endloop
  endfacet
  facet normal 0.300754 -0.953702 0
    outer loop
      vertex 11.9294 31.9761 0
      vertex 11.9294 31.9761 20
      vertex 11.2638 31.7662 0
    endloop
  endfacet
  facet normal 0.300754 -0.953702 0
    outer loop
      vertex 11.2638 31.7662 20
      vertex 11.2638 31.7662 0
      vertex 11.9294 31.9761 20
    endloop
  endfacet
  facet normal 0.21649 -0.976285 0
    outer loop
      vertex 12.6108 32.1272 0
      vertex 12.6108 32.1272 20
      vertex 11.9294 31.9761 0
    endloop
  endfacet
  facet normal 0.21649 -0.976285 0
    outer loop
      vertex 11.9294 31.9761 20
      vertex 11.9294 31.9761 0
      vertex 12.6108 32.1272 20
    endloop
  endfacet
  facet normal 0.130521 -0.991446 0
    outer loop
      vertex 13.3028 32.2183 0
      vertex 13.3028 32.2183 20
      vertex 12.6108 32.1272 0
    endloop
  endfacet
  facet normal 0.130521 -0.991446 0
    outer loop
      vertex 12.6108 32.1272 20
      vertex 12.6108 32.1272 0
      vertex 13.3028 32.2183 20
    endloop
  endfacet
  facet normal 0.0435616 -0.999051 0
    outer loop
      vertex 14 32.2487 0
      vertex 14 32.2487 20
      vertex 13.3028 32.2183 0
    endloop
  endfacet
  facet normal 0.0435616 -0.999051 0
    outer loop
      vertex 13.3028 32.2183 20
      vertex 13.3028 32.2183 0
      vertex 14 32.2487 20
    endloop
  endfacet
  facet normal -0.0435616 -0.999051 0
    outer loop
      vertex 14.6972 32.2183 0
      vertex 14.6972 32.2183 20
      vertex 14 32.2487 0
    endloop
  endfacet
  facet normal -0.0435616 -0.999051 -0
    outer loop
      vertex 14 32.2487 20
      vertex 14 32.2487 0
      vertex 14.6972 32.2183 20
    endloop
  endfacet
  facet normal -0.130521 -0.991446 0
    outer loop
      vertex 15.3892 32.1272 0
      vertex 15.3892 32.1272 20
      vertex 14.6972 32.2183 0
    endloop
  endfacet
  facet normal -0.130521 -0.991446 -0
    outer loop
      vertex 14.6972 32.2183 20
      vertex 14.6972 32.2183 0
      vertex 15.3892 32.1272 20
    endloop
  endfacet
  facet normal -0.21649 -0.976285 0
    outer loop
      vertex 16.0706 31.9761 0
      vertex 16.0706 31.9761 20
      vertex 15.3892 32.1272 0
    endloop
  endfacet
  facet normal -0.21649 -0.976285 -0
    outer loop
      vertex 15.3892 32.1272 20
      vertex 15.3892 32.1272 0
      vertex 16.0706 31.9761 20
    endloop
  endfacet
  facet normal -0.300754 -0.953702 0
    outer loop
      vertex 16.7362 31.7662 0
      vertex 16.7362 31.7662 20
      vertex 16.0706 31.9761 0
    endloop
  endfacet
  facet normal -0.300754 -0.953702 -0
    outer loop
      vertex 16.0706 31.9761 20
      vertex 16.0706 31.9761 0
      vertex 16.7362 31.7662 20
    endloop
  endfacet
  facet normal -0.38263 -0.923902 0
    outer loop
      vertex 17.3809 31.4992 0
      vertex 17.3809 31.4992 20
      vertex 16.7362 31.7662 0
    endloop
  endfacet
  facet normal -0.38263 -0.923902 -0
    outer loop
      vertex 16.7362 31.7662 20
      vertex 16.7362 31.7662 0
      vertex 17.3809 31.4992 20
    endloop
  endfacet
  facet normal -0.461768 -0.887001 0
    outer loop
      vertex 18 31.1769 0
      vertex 18 31.1769 20
      vertex 17.3809 31.4992 0
    endloop
  endfacet
  facet normal -0.461768 -0.887001 -0
    outer loop
      vertex 17.3809 31.4992 20
      vertex 17.3809 31.4992 0
      vertex 18 31.1769 20
    endloop
  endfacet
  facet normal -0.53732 -0.843378 0
    outer loop
      vertex 18.5886 30.8019 0
      vertex 18.5886 30.8019 20
      vertex 18 31.1769 0
    endloop
  endfacet
  facet normal -0.53732 -0.843378 -0
    outer loop
      vertex 18 31.1769 20
      vertex 18 31.1769 0
      vertex 18.5886 30.8019 20
    endloop
  endfacet
  facet normal -0.608699 -0.793401 0
    outer loop
      vertex 19.1423 30.3771 0
      vertex 19.1423 30.3771 20
      vertex 18.5886 30.8019 0
    endloop
  endfacet
  facet normal -0.608699 -0.793401 -0
    outer loop
      vertex 18.5886 30.8019 20
      vertex 18.5886 30.8019 0
      vertex 19.1423 30.3771 20
    endloop
  endfacet
  facet normal -0.675556 -0.737309 0
    outer loop
      vertex 19.6569 29.9056 0
      vertex 19.6569 29.9056 20
      vertex 19.1423 30.3771 0
    endloop
  endfacet
  facet normal -0.675556 -0.737309 -0
    outer loop
      vertex 19.1423 30.3771 20
      vertex 19.1423 30.3771 0
      vertex 19.6569 29.9056 20
    endloop
  endfacet
  facet normal -0.737309 -0.675556 0
    outer loop
      vertex 20.1284 29.391 0
      vertex 20.1284 29.391 20
      vertex 19.6569 29.9056 0
    endloop
  endfacet
  facet normal -0.737309 -0.675556 -0
    outer loop
      vertex 19.6569 29.9056 20
      vertex 19.6569 29.9056 0
      vertex 20.1284 29.391 20
    endloop
  endfacet
  facet normal -0.793401 -0.608699 0
    outer loop
      vertex 20.5532 28.8373 0
      vertex 20.5532 28.8373 20
      vertex 20.1284 29.391 0
    endloop
  endfacet
  facet normal -0.793401 -0.608699 -0
    outer loop
      vertex 20.1284 29.391 20
      vertex 20.1284 29.391 0
      vertex 20.5532 28.8373 20
    endloop
  endfacet
  facet normal -0.843378 -0.53732 0
    outer loop
      vertex 20.9282 28.2487 0
      vertex 20.9282 28.2487 20
      vertex 20.5532 28.8373 0
    endloop
  endfacet
  facet normal -0.843378 -0.53732 -0
    outer loop
      vertex 20.5532 28.8373 20
      vertex 20.5532 28.8373 0
      vertex 20.9282 28.2487 20
    endloop
  endfacet
  facet normal -0.887001 -0.461768 0
    outer loop
      vertex 21.2505 27.6296 0
      vertex 21.2505 27.6296 20
      vertex 20.9282 28.2487 0
    endloop
  endfacet
  facet normal -0.887001 -0.461768 -0
    outer loop
      vertex 20.9282 28.2487 20
      vertex 20.9282 28.2487 0
      vertex 21.2505 27.6296 20
    endloop
  endfacet
  facet normal -0.923902 -0.38263 0
    outer loop
      vertex 21.5175 26.9849 0
      vertex 21.5175 26.9849 20
      vertex 21.2505 27.6296 0
    endloop
  endfacet
  facet normal -0.923902 -0.38263 -0
    outer loop
      vertex 21.2505 27.6296 20
      vertex 21.2505 27.6296 0
      vertex 21.5175 26.9849 20
    endloop
  endfacet
  facet normal -0.953702 -0.300754 0
    outer loop
      vertex 21.7274 26.3193 0
      vertex 21.7274 26.3193 20
      vertex 21.5175 26.9849 0
    endloop
  endfacet
  facet normal -0.953702 -0.300754 -0
    outer loop
      vertex 21.5175 26.9849 20
      vertex 21.5175 26.9849 0
      vertex 21.7274 26.3193 20
    endloop
  endfacet
  facet normal -0.976285 -0.21649 0
    outer loop
      vertex 21.8785 25.6379 0
      vertex 21.8785 25.6379 20
      vertex 21.7274 26.3193 0
    endloop
  endfacet
  facet normal -0.976285 -0.21649 -0
    outer loop
      vertex 21.7274 26.3193 20
      vertex 21.7274 26.3193 0
      vertex 21.8785 25.6379 20
    endloop
  endfacet
  facet normal -0.991446 -0.130521 0
    outer loop
      vertex 21.9696 24.9459 0
      vertex 21.9696 24.9459 20
      vertex 21.8785 25.6379 0
    endloop
  endfacet
  facet normal -0.991446 -0.130521 -0
    outer loop
      vertex 21.8785 25.6379 20
      vertex 21.8785 25.6379 0
      vertex 21.9696 24.9459 20
    endloop
  endfacet
  facet normal -0.999051 -0.0435616 0
    outer loop
      vertex 22 24.2487 0
      vertex 22 24.2487 20
      vertex 21.9696 24.9459 0
    endloop
  endfacet
  facet normal -0.999051 -0.0435616 -0
    outer loop
      vertex 21.9696 24.9459 20
      vertex 21.9696 24.9459 0
      vertex 22 24.2487 20
    endloop
  endfacet
  facet normal -0.999051 0.0435616 0
    outer loop
      vertex 21.9696 23.5515 0
      vertex 21.9696 23.5515 20
      vertex 22 24.2487 0
    endloop
  endfacet
  facet normal -0.999051 0.0435616 0
    outer loop
      vertex 22 24.2487 20
      vertex 22 24.2487 0
      vertex 21.9696 23.5515 20
    endloop
  endfacet
  facet normal -0.991446 0.130521 0
    outer loop
      vertex 21.8785 22.8595 0
      vertex 21.8785 22.8595 20
      vertex 21.9696 23.5515 0
    endloop
  endfacet
  facet normal -0.991446 0.130521 0
    outer loop
      vertex 21.9696 23.5515 20
      vertex 21.9696 23.5515 0
      vertex 21.8785 22.8595 20
    endloop
  endfacet
  facet normal -0.976285 0.21649 0
    outer loop
      vertex 21.7274 22.1781 0
      vertex 21.7274 22.1781 20
      vertex 21.8785 22.8595 0
    endloop
  endfacet
  facet normal -0.976285 0.21649 0
    outer loop
      vertex 21.8785 22.8595 20
      vertex 21.8785 22.8595 0
      vertex 21.7274 22.1781 20
    endloop
  endfacet
  facet normal -0.953702 0.300754 0
    outer loop
      vertex 21.5175 21.5125 0
      vertex 21.5175 21.5125 20
      vertex 21.7274 22.1781 0
    endloop
  endfacet
  facet normal -0.953702 0.300754 0
    outer loop
      vertex 21.7274 22.1781 20
      vertex 21.7274 22.1781 0
      vertex 21.5175 21.5125 20
    endloop
  endfacet
  facet normal -0.923902 0.38263 0
    outer loop
      vertex 21.2505 20.8678 0
      vertex 21.2505 20.8678 20
      vertex 21.5175 21.5125 0
    endloop
  endfacet
  facet normal -0.923902 0.38263 0
    outer loop
      vertex 21.5175 21.5125 20
      vertex 21.5175 21.5125 0
      vertex 21.2505 20.8678 20
    endloop
  endfacet
  facet normal -0.887001 0.461768 0
    outer loop
      vertex 20.9282 20.2487 0
      vertex 20.9282 20.2487 20
      vertex 21.2505 20.8678 0
    endloop
  endfacet
  facet normal -0.887001 0.461768 0
    outer loop
      vertex 21.2505 20.8678 20
      vertex 21.2505 20.8678 0
      vertex 20.9282 20.2487 20
    endloop
  endfacet
  facet normal -0.843378 0.53732 0
    outer loop
      vertex 20.5532 19.6601 0
      vertex 20.5532 19.6601 20
      vertex 20.9282 20.2487 0
    endloop
  endfacet
  facet normal -0.843378 0.53732 0
    outer loop
      vertex 20.9282 20.2487 20
      vertex 20.9282 20.2487 0
      vertex 20.5532 19.6601 20
    endloop
  endfacet
  facet normal -0.793401 0.608699 0
    outer loop
      vertex 20.1284 19.1064 0
      vertex 20.1284 19.1064 20
      vertex 20.5532 19.6601 0
    endloop
  endfacet
  facet normal -0.793401 0.608699 0
    outer loop
      vertex 20.5532 19.6601 20
      vertex 20.5532 19.6601 0
      vertex 20.1284 19.1064 20
    endloop
  endfacet
  facet normal -0.737309 0.675556 0
    outer loop
      vertex 19.6569 18.5918 0
      vertex 19.6569 18.5918 20
      vertex 20.1284 19.1064 0
    endloop
  endfacet
  facet normal -0.737309 0.675556 0
    outer loop
      vertex 20.1284 19.1064 20
      vertex 20.1284 19.1064 0
      vertex 19.6569 18.5918 20
    endloop
  endfacet
  facet normal -0.675556 0.737309 0
    outer loop
      vertex 19.1423 18.1203 0
      vertex 19.1423 18.1203 20
      vertex 19.6569 18.5918 0
    endloop
  endfacet
  facet normal -0.675556 0.737309 0
    outer loop
      vertex 19.6569 18.5918 20
      vertex 19.6569 18.5918 0
      vertex 19.1423 18.1203 20
    endloop
  endfacet
  facet normal -0.608699 0.793401 0
    outer loop
      vertex 18.5886 17.6955 0
      vertex 18.5886 17.6955 20
      vertex 19.1423 18.1203 0
    endloop
  endfacet
  facet normal -0.608699 0.793401 0
    outer loop
      vertex 19.1423 18.1203 20
      vertex 19.1423 18.1203 0
      vertex 18.5886 17.6955 20
    endloop
  endfacet
  facet normal -0.53732 0.843378 0
    outer loop
      vertex 18 17.3205 0
      vertex 18 17.3205 20
      vertex 18.5886 17.6955 0
    endloop
  endfacet
  facet normal -0.53732 0.843378 0
    outer loop
      vertex 18.5886 17.6955 20
      vertex 18.5886 17.6955 0
      vertex 18 17.3205 20
    endloop
  endfacet
  facet normal -0.461768 0.887001 0
    outer loop
      vertex 17.3809 16.9982 0
      vertex 17.3809 16.9982 20
      vertex 18 17.3205 0
    endloop
  endfacet
  facet normal -0.461768 0.887001 0
    outer loop
      vertex 18 17.3205 20
      vertex 18 17.3205 0
      vertex 17.3809 16.9982 20
    endloop
  endfacet
  facet normal -0.38263 0.923902 0
    outer loop
      vertex 16.7362 16.7312 0
      vertex 16.7362 16.7312 20
      vertex 17.3809 16.9982 0
    endloop
  endfacet
  facet normal -0.38263 0.923902 0
    outer loop
      vertex 17.3809 16.9982 20
      vertex 17.3809 16.9982 0
      vertex 16.7362 16.7312 20
    endloop
  endfacet
  facet normal -0.300754 0.953702 0
    outer loop
      vertex 16.0706 16.5213 0
      vertex 16.0706 16.5213 20
      vertex 16.7362 16.7312 0
    endloop
  endfacet
  facet normal -0.300754 0.953702 0
    outer loop
      vertex 16.7362 16.7312 20
      vertex 16.7362 16.7312 0
      vertex 16.0706 16.5213 20
    endloop
  endfacet
  facet normal -0.21649 0.976285 0
    outer loop
      vertex 15.3892 16.3702 0
      vertex 15.3892 16.3702 20
      vertex 16.0706 16.5213 0
    endloop
  endfacet
  facet normal -0.21649 0.976285 0
    outer loop
      vertex 16.0706 16.5213 20
      vertex 16.0706 16.5213 0
      vertex 15.3892 16.3702 20
    endloop
  endfacet
  facet normal -0.130521 0.991446 0
    outer loop
      vertex 14.6972 16.2791 0
      vertex 14.6972 16.2791 20
      vertex 15.3892 16.3702 0
    endloop
  endfacet
  facet normal -0.130521 0.991446 0
    outer loop
      vertex 15.3892 16.3702 20
      vertex 15.3892 16.3702 0
      vertex 14.6972 16.2791 20
    endloop
  endfacet
  facet normal -0.0435616 0.999051 0
    outer loop
      vertex 14 16.2487 0
      vertex 14 16.2487 20
      vertex 14.6972 16.2791 0
    endloop
  endfacet
  facet normal -0.0435616 0.999051 0
    outer loop
      vertex 14.6972 16.2791 20
      vertex 14.6972 16.2791 0
      vertex 14 16.2487 20
    endloop
  endfacet
  facet normal 0.0435616 0.999051 -0
    outer loop
      vertex 13.3028 16.2791 0
      vertex 13.3028 16.2791 20
      vertex 14 16.2487 0
    endloop
  endfacet
  facet normal 0.0435616 0.999051 0
    outer loop
      vertex 14 16.2487 20
      vertex 14 16.2487 0
      vertex 13.3028 16.2791 20
    endloop
  endfacet
  facet normal 0.130521 0.991446 -0
    outer loop
      vertex -15.3892 16.3702 0
      vertex -15.3892 16.3702 20
      vertex -14.6972 16.2791 0
    endloop
  endfacet
  facet normal 0.130521 0.991446 0
    outer loop
      vertex -14.6972 16.2791 20
      vertex -14.6972 16.2791 0
      vertex -15.3892 16.3702 20
    endloop
  endfacet
  facet normal 0.21649 0.976285 -0
    outer loop
      vertex -16.0706 16.5213 0
      vertex -16.0706 16.5213 20
      vertex -15.3892 16.3702 0
    endloop
  endfacet
  facet normal 0.21649 0.976285 0
    outer loop
      vertex -15.3892 16.3702 20
      vertex -15.3892 16.3702 0
      vertex -16.0706 16.5213 20
    endloop
  endfacet
  facet normal 0.300754 0.953702 -0
    outer loop
      vertex -16.7362 16.7312 0
      vertex -16.7362 16.7312 20
      vertex -16.0706 16.5213 0
    endloop
  endfacet
  facet normal 0.300754 0.953702 0
    outer loop
      vertex -16.0706 16.5213 20
      vertex -16.0706 16.5213 0
      vertex -16.7362 16.7312 20
    endloop
  endfacet
  facet normal 0.38263 0.923902 -0
    outer loop
      vertex -17.3809 16.9982 0
      vertex -17.3809 16.9982 20
      vertex -16.7362 16.7312 0
    endloop
  endfacet
  facet normal 0.38263 0.923902 0
    outer loop
      vertex -16.7362 16.7312 20
      vertex -16.7362 16.7312 0
      vertex -17.3809 16.9982 20
    endloop
  endfacet
  facet normal 0.461768 0.887001 -0
    outer loop
      vertex -18 17.3205 0
      vertex -18 17.3205 20
      vertex -17.3809 16.9982 0
    endloop
  endfacet
  facet normal 0.461768 0.887001 0
    outer loop
      vertex -17.3809 16.9982 20
      vertex -17.3809 16.9982 0
      vertex -18 17.3205 20
    endloop
  endfacet
  facet normal 0.53732 0.843378 -0
    outer loop
      vertex -18.5886 17.6955 0
      vertex -18.5886 17.6955 20
      vertex -18 17.3205 0
    endloop
  endfacet
  facet normal 0.53732 0.843378 0
    outer loop
      vertex -18 17.3205 20
      vertex -18 17.3205 0
      vertex -18.5886 17.6955 20
    endloop
  endfacet
  facet normal 0.608699 0.793401 -0
    outer loop
      vertex -19.1423 18.1203 0
      vertex -19.1423 18.1203 20
      vertex -18.5886 17.6955 0
    endloop
  endfacet
  facet normal 0.608699 0.793401 0
    outer loop
      vertex -18.5886 17.6955 20
      vertex -18.5886 17.6955 0
      vertex -19.1423 18.1203 20
    endloop
  endfacet
  facet normal 0.675556 0.737309 -0
    outer loop
      vertex -19.6569 18.5918 0
      vertex -19.6569 18.5918 20
      vertex -19.1423 18.1203 0
    endloop
  endfacet
  facet normal 0.675556 0.737309 0
    outer loop
      vertex -19.1423 18.1203 20
      vertex -19.1423 18.1203 0
      vertex -19.6569 18.5918 20
    endloop
  endfacet
  facet normal 0.737309 0.675556 -0
    outer loop
      vertex -20.1284 19.1064 0
      vertex -20.1284 19.1064 20
      vertex -19.6569 18.5918 0
    endloop
  endfacet
  facet normal 0.737309 0.675556 0
    outer loop
      vertex -19.6569 18.5918 20
      vertex -19.6569 18.5918 0
      vertex -20.1284 19.1064 20
    endloop
  endfacet
  facet normal 0.793401 0.608699 -0
    outer loop
      vertex -20.5532 19.6601 0
      vertex -20.5532 19.6601 20
      vertex -20.1284 19.1064 0
    endloop
  endfacet
  facet normal 0.793401 0.608699 0
    outer loop
      vertex -20.1284 19.1064 20
      vertex -20.1284 19.1064 0
      vertex -20.5532 19.6601 20
    endloop
  endfacet
  facet normal 0.843378 0.53732 -0
    outer loop
      vertex -20.9282 20.2487 0
      vertex -20.9282 20.2487 20
      vertex -20.5532 19.6601 0
    endloop
  endfacet
  facet normal 0.843378 0.53732 0
    outer loop
      vertex -20.5532 19.6601 20
      vertex -20.5532 19.6601 0
      vertex -20.9282 20.2487 20
    endloop
  endfacet
  facet normal 0.887001 0.461768 -0
    outer loop
      vertex -21.2505 20.8678 0
      vertex -21.2505 20.8678 20
      vertex -20.9282 20.2487 0
    endloop
  endfacet
  facet normal 0.887001 0.461768 0
    outer loop
      vertex -20.9282 20.2487 20
      vertex -20.9282 20.2487 0
      vertex -21.2505 20.8678 20
    endloop
  endfacet
  facet normal 0.923902 0.38263 -0
    outer loop
      vertex -21.5175 21.5125 0
      vertex -21.5175 21.5125 20
      vertex -21.2505 20.8678 0
    endloop
  endfacet
  facet normal 0.923902 0.38263 0
    outer loop
      vertex -21.2505 20.8678 20
      vertex -21.2505 20.8678 0
      vertex -21.5175 21.5125 20
    endloop
  endfacet
  facet normal 0.953702 0.300754 -0
    outer loop
      vertex -21.7274 22.1781 0
      vertex -21.7274 22.1781 20
      vertex -21.5175 21.5125 0
    endloop
  endfacet
  facet normal 0.953702 0.300754 0
    outer loop
      vertex -21.5175 21.5125 20
      vertex -21.5175 21.5125 0
      vertex -21.7274 22.1781 20
    endloop
  endfacet
  facet normal 0.976285 0.21649 -0
    outer loop
      vertex -21.8785 22.8595 0
      vertex -21.8785 22.8595 20
      vertex -21.7274 22.1781 0
    endloop
  endfacet
  facet normal 0.976285 0.21649 0
    outer loop
      vertex -21.7274 22.1781 20
      vertex -21.7274 22.1781 0
      vertex -21.8785 22.8595 20
    endloop
  endfacet
  facet normal 0.991446 0.130521 -0
    outer loop
      vertex -21.9696 23.5515 0
      vertex -21.9696 23.5515 20
      vertex -21.8785 22.8595 0
    endloop
  endfacet
  facet normal 0.991446 0.130521 0
    outer loop
      vertex -21.8785 22.8595 20
      vertex -21.8785 22.8595 0
      vertex -21.9696 23.5515 20
    endloop
  endfacet
  facet normal 0.999051 0.0435616 -0
    outer loop
      vertex -22 24.2487 0
      vertex -22 24.2487 20
      vertex -21.9696 23.5515 0
    endloop
  endfacet
  facet normal 0.999051 0.0435616 0
    outer loop
      vertex -21.9696 23.5515 20
      vertex -21.9696 23.5515 0
      vertex -22 24.2487 20
    endloop
  endfacet
  facet normal 0.999051 -0.0435616 0
    outer loop
      vertex -21.9696 24.9459 0
      vertex -21.9696 24.9459 20
      vertex -22 24.2487 0
    endloop
  endfacet
  facet normal 0.999051 -0.0435616 0
    outer loop
      vertex -22 24.2487 20
      vertex -22 24.2487 0
      vertex -21.9696 24.9459 20
    endloop
  endfacet
  facet normal 0.991446 -0.130521 0
    outer loop
      vertex -21.8785 25.6379 0
      vertex -21.8785 25.6379 20
      vertex -21.9696 24.9459 0
    endloop
  endfacet
  facet normal 0.991446 -0.130521 0
    outer loop
      vertex -21.9696 24.9459 20
      vertex -21.9696 24.9459 0
      vertex -21.8785 25.6379 20
    endloop
  endfacet
  facet normal 0.976285 -0.21649 0
    outer loop
      vertex -21.7274 26.3193 0
      vertex -21.7274 26.3193 20
      vertex -21.8785 25.6379 0
    endloop
  endfacet
  facet normal 0.976285 -0.21649 0
    outer loop
      vertex -21.8785 25.6379 20
      vertex -21.8785 25.6379 0
      vertex -21.7274 26.3193 20
    endloop
  endfacet
  facet normal 0.953702 -0.300754 0
    outer loop
      vertex -21.5175 26.9849 0
      vertex -21.5175 26.9849 20
      vertex -21.7274 26.3193 0
    endloop
  endfacet
  facet normal 0.953702 -0.300754 0
    outer loop
      vertex -21.7274 26.3193 20
      vertex -21.7274 26.3193 0
      vertex -21.5175 26.9849 20
    endloop
  endfacet
  facet normal 0.923902 -0.38263 0
    outer loop
      vertex -21.2505 27.6296 0
      vertex -21.2505 27.6296 20
      vertex -21.5175 26.9849 0
    endloop
  endfacet
  facet normal 0.923902 -0.38263 0
    outer loop
      vertex -21.5175 26.9849 20
      vertex -21.5175 26.9849 0
      vertex -21.2505 27.6296 20
    endloop
  endfacet
  facet normal 0.887001 -0.461768 0
    outer loop
      vertex -20.9282 28.2487 0
      vertex -20.9282 28.2487 20
      vertex -21.2505 27.6296 0
    endloop
  endfacet
  facet normal 0.887001 -0.461768 0
    outer loop
      vertex -21.2505 27.6296 20
      vertex -21.2505 27.6296 0
      vertex -20.9282 28.2487 20
    endloop
  endfacet
  facet normal 0.843378 -0.53732 0
    outer loop
      vertex -20.5532 28.8373 0
      vertex -20.5532 28.8373 20
      vertex -20.9282 28.2487 0
    endloop
  endfacet
  facet normal 0.843378 -0.53732 0
    outer loop
      vertex -20.9282 28.2487 20
      vertex -20.9282 28.2487 0
      vertex -20.5532 28.8373 20
    endloop
  endfacet
  facet normal 0.793401 -0.608699 0
    outer loop
      vertex -20.1284 29.391 0
      vertex -20.1284 29.391 20
      vertex -20.5532 28.8373 0
    endloop
  endfacet
  facet normal 0.793401 -0.608699 0
    outer loop
      vertex -20.5532 28.8373 20
      vertex -20.5532 28.8373 0
      vertex -20.1284 29.391 20
    endloop
  endfacet
  facet normal 0.737309 -0.675556 0
    outer loop
      vertex -19.6569 29.9056 0
      vertex -19.6569 29.9056 20
      vertex -20.1284 29.391 0
    endloop
  endfacet
  facet normal 0.737309 -0.675556 0
    outer loop
      vertex -20.1284 29.391 20
      vertex -20.1284 29.391 0
      vertex -19.6569 29.9056 20
    endloop
  endfacet
  facet normal 0.675556 -0.737309 0
    outer loop
      vertex -19.1423 30.3771 0
      vertex -19.1423 30.3771 20
      vertex -19.6569 29.9056 0
    endloop
  endfacet
  facet normal 0.675556 -0.737309 0
    outer loop
      vertex -19.6569 29.9056 20
      vertex -19.6569 29.9056 0
      vertex -19.1423 30.3771 20
    endloop
  endfacet
  facet normal 0.608699 -0.793401 0
    outer loop
      vertex -18.5886 30.8019 0
      vertex -18.5886 30.8019 20
      vertex -19.1423 30.3771 0
    endloop
  endfacet
  facet normal 0.608699 -0.793401 0
    outer loop
      vertex -19.1423 30.3771 20
      vertex -19.1423 30.3771 0
      vertex -18.5886 30.8019 20
    endloop
  endfacet
  facet normal 0.53732 -0.843378 0
    outer loop
      vertex -18 31.1769 0
      vertex -18 31.1769 20
      vertex -18.5886 30.8019 0
    endloop
  endfacet
  facet normal 0.53732 -0.843378 0
    outer loop
      vertex -18.5886 30.8019 20
      vertex -18.5886 30.8019 0
      vertex -18 31.1769 20
    endloop
  endfacet
  facet normal 0.461768 -0.887001 0
    outer loop
      vertex -17.3809 31.4992 0
      vertex -17.3809 31.4992 20
      vertex -18 31.1769 0
    endloop
  endfacet
  facet normal 0.461768 -0.887001 0
    outer loop
      vertex -18 31.1769 20
      vertex -18 31.1769 0
      vertex -17.3809 31.4992 20
    endloop
  endfacet
  facet normal 0.38263 -0.923902 0
    outer loop
      vertex -16.7362 31.7662 0
      vertex -16.7362 31.7662 20
      vertex -17.3809 31.4992 0
    endloop
  endfacet
  facet normal 0.38263 -0.923902 0
    outer loop
      vertex -17.3809 31.4992 20
      vertex -17.3809 31.4992 0
      vertex -16.7362 31.7662 20
    endloop
  endfacet
  facet normal 0.300754 -0.953702 0
    outer loop
      vertex -16.0706 31.9761 0
      vertex -16.0706 31.9761 20
      vertex -16.7362 31.7662 0
    endloop
  endfacet
  facet normal 0.300754 -0.953702 0
    outer loop
      vertex -16.7362 31.7662 20
      vertex -16.7362 31.7662 0
      vertex -16.0706 31.9761 20
    endloop
  endfacet
  facet normal 0.21649 -0.976285 0
    outer loop
      vertex -15.3892 32.1272 0
      vertex -15.3892 32.1272 20
      vertex -16.0706 31.9761 0
    endloop
  endfacet
  facet normal 0.21649 -0.976285 0
    outer loop
      vertex -16.0706 31.9761 20
      vertex -16.0706 31.9761 0
      vertex -15.3892 32.1272 20
    endloop
  endfacet
  facet normal 0.130521 -0.991446 0
    outer loop
      vertex -14.6972 32.2183 0
      vertex -14.6972 32.2183 20
      vertex -15.3892 32.1272 0
    endloop
  endfacet
  facet normal 0.130521 -0.991446 0
    outer loop
      vertex -15.3892 32.1272 20
      vertex -15.3892 32.1272 0
      vertex -14.6972 32.2183 20
    endloop
  endfacet
  facet normal 0.0435616 -0.999051 0
    outer loop
      vertex -14 32.2487 0
      vertex -14 32.2487 20
      vertex -14.6972 32.2183 0
    endloop
  endfacet
  facet normal 0.0435616 -0.999051 0
    outer loop
      vertex -14.6972 32.2183 20
      vertex -14.6972 32.2183 0
      vertex -14 32.2487 20
    endloop
  endfacet
  facet normal -0.0435616 -0.999051 0
    outer loop
      vertex -13.3028 32.2183 0
      vertex -13.3028 32.2183 20
      vertex -14 32.2487 0
    endloop
  endfacet
  facet normal -0.0435616 -0.999051 -0
    outer loop
      vertex -14 32.2487 20
      vertex -14 32.2487 0
      vertex -13.3028 32.2183 20
    endloop
  endfacet
  facet normal -0.130521 -0.991446 0
    outer loop
      vertex -12.6108 32.1272 0
      vertex -12.6108 32.1272 20
      vertex -13.3028 32.2183 0
    endloop
  endfacet
  facet normal -0.130521 -0.991446 -0
    outer loop
      vertex -13.3028 32.2183 20
      vertex -13.3028 32.2183 0
      vertex -12.6108 32.1272 20
    endloop
  endfacet
  facet normal -0.21649 -0.976285 0
    outer loop
      vertex -11.9294 31.9761 0
      vertex -11.9294 31.9761 20
      vertex -12.6108 32.1272 0
    endloop
  endfacet
  facet normal -0.21649 -0.976285 -0
    outer loop
      vertex -12.6108 32.1272 20
      vertex -12.6108 32.1272 0
      vertex -11.9294 31.9761 20
    endloop
  endfacet
  facet normal -0.300754 -0.953702 0
    outer loop
      vertex -11.2638 31.7662 0
      vertex -11.2638 31.7662 20
      vertex -11.9294 31.9761 0
    endloop
  endfacet
  facet normal -0.300754 -0.953702 -0
    outer loop
      vertex -11.9294 31.9761 20
      vertex -11.9294 31.9761 0
      vertex -11.2638 31.7662 20
    endloop
  endfacet
  facet normal -0.38263 -0.923902 0
    outer loop
      vertex -10.6191 31.4992 0
      vertex -10.6191 31.4992 20
      vertex -11.2638 31.7662 0
    endloop
  endfacet
  facet normal -0.38263 -0.923902 -0
    outer loop
      vertex -11.2638 31.7662 20
      vertex -11.2638 31.7662 0
      vertex -10.6191 31.4992 20
    endloop
  endfacet
  facet normal -0.461768 -0.887001 0
    outer loop
      vertex -10 31.1769 0
      vertex -10 31.1769 20
      vertex -10.6191 31.4992 0
    endloop
  endfacet
  facet normal -0.461768 -0.887001 -0
    outer loop
      vertex -10.6191 31.4992 20
      vertex -10.6191 31.4992 0
      vertex -10 31.1769 20
    endloop
  endfacet
  facet normal -0.537314 -0.843382 0
    outer loop
      vertex -9.41139 30.8019 0
      vertex -9.41139 30.8019 20
      vertex -10 31.1769 0
    endloop
  endfacet
  facet normal -0.537314 -0.843382 -0
    outer loop
      vertex -10 31.1769 20
      vertex -10 31.1769 0
      vertex -9.41139 30.8019 20
    endloop
  endfacet
  facet normal -0.608706 -0.793396 0
    outer loop
      vertex -8.8577 30.3771 0
      vertex -8.8577 30.3771 20
      vertex -9.41139 30.8019 0
    endloop
  endfacet
  facet normal -0.608706 -0.793396 -0
    outer loop
      vertex -9.41139 30.8019 20
      vertex -9.41139 30.8019 0
      vertex -8.8577 30.3771 20
    endloop
  endfacet
  facet normal -0.675549 -0.737315 0
    outer loop
      vertex -8.34309 29.9056 0
      vertex -8.34309 29.9056 20
      vertex -8.8577 30.3771 0
    endloop
  endfacet
  facet normal -0.675549 -0.737315 -0
    outer loop
      vertex -8.8577 30.3771 20
      vertex -8.8577 30.3771 0
      vertex -8.34309 29.9056 20
    endloop
  endfacet
  facet normal -0.737316 -0.675548 0
    outer loop
      vertex -7.8716 29.391 0
      vertex -7.8716 29.391 20
      vertex -8.34309 29.9056 0
    endloop
  endfacet
  facet normal -0.737316 -0.675548 -0
    outer loop
      vertex -8.34309 29.9056 20
      vertex -8.34309 29.9056 0
      vertex -7.8716 29.391 20
    endloop
  endfacet
  facet normal -0.793394 -0.608708 0
    outer loop
      vertex -7.44679 28.8373 0
      vertex -7.44679 28.8373 20
      vertex -7.8716 29.391 0
    endloop
  endfacet
  facet normal -0.793394 -0.608708 -0
    outer loop
      vertex -7.8716 29.391 20
      vertex -7.8716 29.391 0
      vertex -7.44679 28.8373 20
    endloop
  endfacet
  facet normal -0.843378 -0.53732 0
    outer loop
      vertex -7.07179 28.2487 0
      vertex -7.07179 28.2487 20
      vertex -7.44679 28.8373 0
    endloop
  endfacet
  facet normal -0.843378 -0.53732 -0
    outer loop
      vertex -7.44679 28.8373 20
      vertex -7.44679 28.8373 0
      vertex -7.07179 28.2487 20
    endloop
  endfacet
  facet normal -0.887007 -0.461756 0
    outer loop
      vertex -6.7495 27.6296 0
      vertex -6.7495 27.6296 20
      vertex -7.07179 28.2487 0
    endloop
  endfacet
  facet normal -0.887007 -0.461756 -0
    outer loop
      vertex -7.07179 28.2487 20
      vertex -7.07179 28.2487 0
      vertex -6.7495 27.6296 20
    endloop
  endfacet
  facet normal -0.923902 -0.38263 0
    outer loop
      vertex -6.4825 26.9849 0
      vertex -6.4825 26.9849 20
      vertex -6.7495 27.6296 0
    endloop
  endfacet
  facet normal -0.923902 -0.38263 -0
    outer loop
      vertex -6.7495 27.6296 20
      vertex -6.7495 27.6296 0
      vertex -6.4825 26.9849 20
    endloop
  endfacet
  facet normal -0.953702 -0.300754 0
    outer loop
      vertex -6.2726 26.3193 0
      vertex -6.2726 26.3193 20
      vertex -6.4825 26.9849 0
    endloop
  endfacet
  facet normal -0.953702 -0.300754 -0
    outer loop
      vertex -6.4825 26.9849 20
      vertex -6.4825 26.9849 0
      vertex -6.2726 26.3193 20
    endloop
  endfacet
  facet normal -0.976282 -0.216504 0
    outer loop
      vertex -6.12149 25.6379 0
      vertex -6.12149 25.6379 20
      vertex -6.2726 26.3193 0
    endloop
  endfacet
  facet normal -0.976282 -0.216504 -0
    outer loop
      vertex -6.2726 26.3193 20
      vertex -6.2726 26.3193 0
      vertex -6.12149 25.6379 20
    endloop
  endfacet
  facet normal -0.991447 -0.130507 0
    outer loop
      vertex -6.0304 24.9459 0
      vertex -6.0304 24.9459 20
      vertex -6.12149 25.6379 0
    endloop
  endfacet
  facet normal -0.991447 -0.130507 -0
    outer loop
      vertex -6.12149 25.6379 20
      vertex -6.12149 25.6379 0
      vertex -6.0304 24.9459 20
    endloop
  endfacet
  facet normal -0.999051 -0.0435616 0
    outer loop
      vertex -6 24.2487 0
      vertex -6 24.2487 20
      vertex -6.0304 24.9459 0
    endloop
  endfacet
  facet normal -0.999051 -0.0435616 -0
    outer loop
      vertex -6.0304 24.9459 20
      vertex -6.0304 24.9459 0
      vertex -6 24.2487 20
    endloop
  endfacet
  facet normal -0.999051 0.0435616 0
    outer loop
      vertex -6.0304 23.5515 0
      vertex -6.0304 23.5515 20
      vertex -6 24.2487 0
    endloop
  endfacet
  facet normal -0.999051 0.0435616 0
    outer loop
      vertex -6 24.2487 20
      vertex -6 24.2487 0
      vertex -6.0304 23.5515 20
    endloop
  endfacet
  facet normal -0.991447 0.130507 0
    outer loop
      vertex -6.12149 22.8595 0
      vertex -6.12149 22.8595 20
      vertex -6.0304 23.5515 0
    endloop
  endfacet
  facet normal -0.991447 0.130507 0
    outer loop
      vertex -6.0304 23.5515 20
      vertex -6.0304 23.5515 0
      vertex -6.12149 22.8595 20
    endloop
  endfacet
  facet normal -0.976282 0.216504 0
    outer loop
      vertex -6.2726 22.1781 0
      vertex -6.2726 22.1781 20
      vertex -6.12149 22.8595 0
    endloop
  endfacet
  facet normal -0.976282 0.216504 0
    outer loop
      vertex -6.12149 22.8595 20
      vertex -6.12149 22.8595 0
      vertex -6.2726 22.1781 20
    endloop
  endfacet
  facet normal -0.953702 0.300754 0
    outer loop
      vertex -6.4825 21.5125 0
      vertex -6.4825 21.5125 20
      vertex -6.2726 22.1781 0
    endloop
  endfacet
  facet normal -0.953702 0.300754 0
    outer loop
      vertex -6.2726 22.1781 20
      vertex -6.2726 22.1781 0
      vertex -6.4825 21.5125 20
    endloop
  endfacet
  facet normal -0.923902 0.38263 0
    outer loop
      vertex -6.7495 20.8678 0
      vertex -6.7495 20.8678 20
      vertex -6.4825 21.5125 0
    endloop
  endfacet
  facet normal -0.923902 0.38263 0
    outer loop
      vertex -6.4825 21.5125 20
      vertex -6.4825 21.5125 0
      vertex -6.7495 20.8678 20
    endloop
  endfacet
  facet normal -0.887007 0.461756 0
    outer loop
      vertex -7.07179 20.2487 0
      vertex -7.07179 20.2487 20
      vertex -6.7495 20.8678 0
    endloop
  endfacet
  facet normal -0.887007 0.461756 0
    outer loop
      vertex -6.7495 20.8678 20
      vertex -6.7495 20.8678 0
      vertex -7.07179 20.2487 20
    endloop
  endfacet
  facet normal -0.843378 0.53732 0
    outer loop
      vertex -7.44679 19.6601 0
      vertex -7.44679 19.6601 20
      vertex -7.07179 20.2487 0
    endloop
  endfacet
  facet normal -0.843378 0.53732 0
    outer loop
      vertex -7.07179 20.2487 20
      vertex -7.07179 20.2487 0
      vertex -7.44679 19.6601 20
    endloop
  endfacet
  facet normal -0.793394 0.608708 0
    outer loop
      vertex -7.8716 19.1064 0
      vertex -7.8716 19.1064 20
      vertex -7.44679 19.6601 0
    endloop
  endfacet
  facet normal -0.793394 0.608708 0
    outer loop
      vertex -7.44679 19.6601 20
      vertex -7.44679 19.6601 0
      vertex -7.8716 19.1064 20
    endloop
  endfacet
  facet normal -0.737316 0.675548 0
    outer loop
      vertex -8.34309 18.5918 0
      vertex -8.34309 18.5918 20
      vertex -7.8716 19.1064 0
    endloop
  endfacet
  facet normal -0.737316 0.675548 0
    outer loop
      vertex -7.8716 19.1064 20
      vertex -7.8716 19.1064 0
      vertex -8.34309 18.5918 20
    endloop
  endfacet
  facet normal -0.675549 0.737315 0
    outer loop
      vertex -8.8577 18.1203 0
      vertex -8.8577 18.1203 20
      vertex -8.34309 18.5918 0
    endloop
  endfacet
  facet normal -0.675549 0.737315 0
    outer loop
      vertex -8.34309 18.5918 20
      vertex -8.34309 18.5918 0
      vertex -8.8577 18.1203 20
    endloop
  endfacet
  facet normal -0.608706 0.793396 0
    outer loop
      vertex -9.41139 17.6955 0
      vertex -9.41139 17.6955 20
      vertex -8.8577 18.1203 0
    endloop
  endfacet
  facet normal -0.608706 0.793396 0
    outer loop
      vertex -8.8577 18.1203 20
      vertex -8.8577 18.1203 0
      vertex -9.41139 17.6955 20
    endloop
  endfacet
  facet normal -0.537314 0.843382 0
    outer loop
      vertex -10 17.3205 0
      vertex -10 17.3205 20
      vertex -9.41139 17.6955 0
    endloop
  endfacet
  facet normal -0.537314 0.843382 0
    outer loop
      vertex -9.41139 17.6955 20
      vertex -9.41139 17.6955 0
      vertex -10 17.3205 20
    endloop
  endfacet
  facet normal -0.461768 0.887001 0
    outer loop
      vertex -10.6191 16.9982 0
      vertex -10.6191 16.9982 20
      vertex -10 17.3205 0
    endloop
  endfacet
  facet normal -0.461768 0.887001 0
    outer loop
      vertex -10 17.3205 20
      vertex -10 17.3205 0
      vertex -10.6191 16.9982 20
    endloop
  endfacet
  facet normal -0.38263 0.923902 0
    outer loop
      vertex -11.2638 16.7312 0
      vertex -11.2638 16.7312 20
      vertex -10.6191 16.9982 0
    endloop
  endfacet
  facet normal -0.38263 0.923902 0
    outer loop
      vertex -10.6191 16.9982 20
      vertex -10.6191 16.9982 0
      vertex -11.2638 16.7312 20
    endloop
  endfacet
  facet normal -0.300754 0.953702 0
    outer loop
      vertex -11.9294 16.5213 0
      vertex -11.9294 16.5213 20
      vertex -11.2638 16.7312 0
    endloop
  endfacet
  facet normal -0.300754 0.953702 0
    outer loop
      vertex -11.2638 16.7312 20
      vertex -11.2638 16.7312 0
      vertex -11.9294 16.5213 20
    endloop
  endfacet
  facet normal -0.21649 0.976285 0
    outer loop
      vertex -12.6108 16.3702 0
      vertex -12.6108 16.3702 20
      vertex -11.9294 16.5213 0
    endloop
  endfacet
  facet normal -0.21649 0.976285 0
    outer loop
      vertex -11.9294 16.5213 20
      vertex -11.9294 16.5213 0
      vertex -12.6108 16.3702 20
    endloop
  endfacet
  facet normal -0.130521 0.991446 0
    outer loop
      vertex -13.3028 16.2791 0
      vertex -13.3028 16.2791 20
      vertex -12.6108 16.3702 0
    endloop
  endfacet
  facet normal -0.130521 0.991446 0
    outer loop
      vertex -12.6108 16.3702 20
      vertex -12.6108 16.3702 0
      vertex -13.3028 16.2791 20
    endloop
  endfacet
  facet normal -0.0435616 0.999051 0
    outer loop
      vertex -14 16.2487 0
      vertex -14 16.2487 20
      vertex -13.3028 16.2791 0
    endloop
  endfacet
  facet normal -0.0435616 0.999051 0
    outer loop
      vertex -13.3028 16.2791 20
      vertex -13.3028 16.2791 0
      vertex -14 16.2487 20
    endloop
  endfacet
  facet normal 0.0435616 0.999051 -0
    outer loop
      vertex -14.6972 16.2791 0
      vertex -14.6972 16.2791 20
      vertex -14 16.2487 0
    endloop
  endfacet
  facet normal 0.0435616 0.999051 0
    outer loop
      vertex -14 16.2487 20
      vertex -14 16.2487 0
      vertex -14.6972 16.2791 20
    endloop
  endfacet
  facet normal 0.129318 0.991603 -0
    outer loop
      vertex -1.72089 -9.8508 0
      vertex -1.72089 -9.8508 20
      vertex -0.863693 -9.96259 0
    endloop
  endfacet
  facet normal 0.129318 0.991603 0
    outer loop
      vertex -0.863693 -9.96259 20
      vertex -0.863693 -9.96259 0
      vertex -1.72089 -9.8508 20
    endloop
  endfacet
  facet normal 0.214566 0.976709 -0
    outer loop
      vertex -2.56529 -9.6653 0
      vertex -2.56529 -9.6653 20
      vertex -1.72089 -9.8508 0
    endloop
  endfacet
  facet normal 0.214566 0.976709 0
    outer loop
      vertex -1.72089 -9.8508 20
      vertex -1.72089 -9.8508 0
      vertex -2.56529 -9.6653 20
    endloop
  endfacet
  facet normal 0.298101 0.954534 -0
    outer loop
      vertex -3.39049 -9.40759 0
      vertex -3.39049 -9.40759 20
      vertex -2.56529 -9.6653 0
    endloop
  endfacet
  facet normal 0.298101 0.954534 0
    outer loop
      vertex -2.56529 -9.6653 20
      vertex -2.56529 -9.6653 0
      vertex -3.39049 -9.40759 20
    endloop
  endfacet
  facet normal 0.37939 0.925237 -0
    outer loop
      vertex -4.1904 -9.07959 0
      vertex -4.1904 -9.07959 20
      vertex -3.39049 -9.40759 0
    endloop
  endfacet
  facet normal 0.37939 0.925237 0
    outer loop
      vertex -3.39049 -9.40759 20
      vertex -3.39049 -9.40759 0
      vertex -4.1904 -9.07959 20
    endloop
  endfacet
  facet normal 0.457875 0.889016 -0
    outer loop
      vertex -4.95889 -8.68379 0
      vertex -4.95889 -8.68379 20
      vertex -4.1904 -9.07959 0
    endloop
  endfacet
  facet normal 0.457875 0.889016 0
    outer loop
      vertex -4.1904 -9.07959 20
      vertex -4.1904 -9.07959 0
      vertex -4.95889 -8.68379 20
    endloop
  endfacet
  facet normal 0.532995 0.846118 -0
    outer loop
      vertex -5.6904 -8.22299 0
      vertex -5.6904 -8.22299 20
      vertex -4.95889 -8.68379 0
    endloop
  endfacet
  facet normal 0.532995 0.846118 0
    outer loop
      vertex -4.95889 -8.68379 20
      vertex -4.95889 -8.68379 0
      vertex -5.6904 -8.22299 20
    endloop
  endfacet
  facet normal 0.604032 0.79696 -0
    outer loop
      vertex -6.37939 -7.70079 0
      vertex -6.37939 -7.70079 20
      vertex -5.6904 -8.22299 0
    endloop
  endfacet
  facet normal 0.604032 0.79696 0
    outer loop
      vertex -5.6904 -8.22299 20
      vertex -5.6904 -8.22299 0
      vertex -6.37939 -7.70079 20
    endloop
  endfacet
  facet normal 0.67058 0.741837 -0
    outer loop
      vertex -7.02069 -7.12109 0
      vertex -7.02069 -7.12109 20
      vertex -6.37939 -7.70079 0
    endloop
  endfacet
  facet normal 0.67058 0.741837 0
    outer loop
      vertex -6.37939 -7.70079 20
      vertex -6.37939 -7.70079 0
      vertex -7.02069 -7.12109 20
    endloop
  endfacet
  facet normal 0.732197 0.681093 -0
    outer loop
      vertex -7.6095 -6.4881 0
      vertex -7.6095 -6.4881 20
      vertex -7.02069 -7.12109 0
    endloop
  endfacet
  facet normal 0.732197 0.681093 0
    outer loop
      vertex -7.02069 -7.12109 20
      vertex -7.02069 -7.12109 0
      vertex -7.6095 -6.4881 20
    endloop
  endfacet
  facet normal 0.788327 0.615256 -0
    outer loop
      vertex -8.14139 -5.80659 0
      vertex -8.14139 -5.80659 20
      vertex -7.6095 -6.4881 0
    endloop
  endfacet
  facet normal 0.788327 0.615256 0
    outer loop
      vertex -7.6095 -6.4881 20
      vertex -7.6095 -6.4881 0
      vertex -8.14139 -5.80659 20
    endloop
  endfacet
  facet normal 0.838485 0.544925 -0
    outer loop
      vertex -8.61249 -5.0817 0
      vertex -8.61249 -5.0817 20
      vertex -8.14139 -5.80659 0
    endloop
  endfacet
  facet normal 0.838485 0.544925 0
    outer loop
      vertex -8.14139 -5.80659 20
      vertex -8.14139 -5.80659 0
      vertex -8.61249 -5.0817 20
    endloop
  endfacet
  facet normal 0.882368 0.470559 -0
    outer loop
      vertex -9.01929 -4.31889 0
      vertex -9.01929 -4.31889 20
      vertex -8.61249 -5.0817 0
    endloop
  endfacet
  facet normal 0.882368 0.470559 0
    outer loop
      vertex -8.61249 -5.0817 20
      vertex -8.61249 -5.0817 0
      vertex -9.01929 -4.31889 20
    endloop
  endfacet
  facet normal 0.919766 0.392467 -0
    outer loop
      vertex -9.3586 -3.5237 0
      vertex -9.3586 -3.5237 20
      vertex -9.01929 -4.31889 0
    endloop
  endfacet
  facet normal 0.919766 0.392467 0
    outer loop
      vertex -9.01929 -4.31889 20
      vertex -9.01929 -4.31889 0
      vertex -9.3586 -3.5237 20
    endloop
  endfacet
  facet normal 0.950204 0.311629 -0
    outer loop
      vertex -9.62799 -2.70229 0
      vertex -9.62799 -2.70229 20
      vertex -9.3586 -3.5237 0
    endloop
  endfacet
  facet normal 0.950204 0.311629 0
    outer loop
      vertex -9.3586 -3.5237 20
      vertex -9.3586 -3.5237 0
      vertex -9.62799 -2.70229 20
    endloop
  endfacet
  facet normal 0.973583 0.228333 -0
    outer loop
      vertex -9.82539 -1.8606 0
      vertex -9.82539 -1.8606 20
      vertex -9.62799 -2.70229 0
    endloop
  endfacet
  facet normal 0.973583 0.228333 0
    outer loop
      vertex -9.62799 -2.70229 20
      vertex -9.62799 -2.70229 0
      vertex -9.82539 -1.8606 20
    endloop
  endfacet
  facet normal 0.989661 0.143427 -0
    outer loop
      vertex -9.94939 -1.00499 0
      vertex -9.94939 -1.00499 20
      vertex -9.82539 -1.8606 0
    endloop
  endfacet
  facet normal 0.989661 0.143427 0
    outer loop
      vertex -9.82539 -1.8606 20
      vertex -9.82539 -1.8606 0
      vertex -9.94939 -1.00499 20
    endloop
  endfacet
  facet normal 0.998352 0.0573798 -0
    outer loop
      vertex -9.99899 -0.141998 0
      vertex -9.99899 -0.141998 20
      vertex -9.94939 -1.00499 0
    endloop
  endfacet
  facet normal 0.998352 0.0573798 0
    outer loop
      vertex -9.94939 -1.00499 20
      vertex -9.94939 -1.00499 0
      vertex -9.99899 -0.141998 20
    endloop
  endfacet
  facet normal 0.999578 -0.0290321 0
    outer loop
      vertex -9.97389 0.722198 0
      vertex -9.97389 0.722198 20
      vertex -9.99899 -0.141998 0
    endloop
  endfacet
  facet normal 0.999578 -0.0290321 0
    outer loop
      vertex -9.99899 -0.141998 20
      vertex -9.99899 -0.141998 0
      vertex -9.97389 0.722198 20
    endloop
  endfacet
  facet normal 0.993342 -0.115206 0
    outer loop
      vertex -9.8743 1.58089 0
      vertex -9.8743 1.58089 20
      vertex -9.97389 0.722198 0
    endloop
  endfacet
  facet normal 0.993342 -0.115206 0
    outer loop
      vertex -9.97389 0.722198 20
      vertex -9.97389 0.722198 0
      vertex -9.8743 1.58089 20
    endloop
  endfacet
  facet normal 0.979652 -0.200705 0
    outer loop
      vertex -9.70079 2.4278 0
      vertex -9.70079 2.4278 20
      vertex -9.8743 1.58089 0
    endloop
  endfacet
  facet normal 0.979652 -0.200705 0
    outer loop
      vertex -9.8743 1.58089 20
      vertex -9.8743 1.58089 0
      vertex -9.70079 2.4278 20
    endloop
  endfacet
  facet normal 0.958696 -0.284431 0
    outer loop
      vertex -9.4549 3.25659 0
      vertex -9.4549 3.25659 20
      vertex -9.70079 2.4278 0
    endloop
  endfacet
  facet normal 0.958696 -0.284431 0
    outer loop
      vertex -9.70079 2.4278 20
      vertex -9.70079 2.4278 0
      vertex -9.4549 3.25659 20
    endloop
  endfacet
  facet normal 0.930534 -0.366206 0
    outer loop
      vertex -9.13829 4.0611 0
      vertex -9.13829 4.0611 20
      vertex -9.4549 3.25659 0
    endloop
  endfacet
  facet normal 0.930534 -0.366206 0
    outer loop
      vertex -9.4549 3.25659 20
      vertex -9.4549 3.25659 0
      vertex -9.13829 4.0611 20
    endloop
  endfacet
  facet normal 0.895417 -0.445228 0
    outer loop
      vertex -8.75339 4.83519 0
      vertex -8.75339 4.83519 20
      vertex -9.13829 4.0611 0
    endloop
  endfacet
  facet normal 0.895417 -0.445228 0
    outer loop
      vertex -9.13829 4.0611 20
      vertex -9.13829 4.0611 0
      vertex -8.75339 4.83519 20
    endloop
  endfacet
  facet normal 0.853611 -0.520912 0
    outer loop
      vertex -8.30309 5.57309 0
      vertex -8.30309 5.57309 20
      vertex -8.75339 4.83519 0
    endloop
  endfacet
  facet normal 0.853611 -0.520912 0
    outer loop
      vertex -8.75339 4.83519 20
      vertex -8.75339 4.83519 0
      vertex -8.30309 5.57309 20
    endloop
  endfacet
  facet normal 0.805428 -0.592694 0
    outer loop
      vertex -7.7907 6.26939 0
      vertex -7.7907 6.26939 20
      vertex -8.30309 5.57309 0
    endloop
  endfacet
  facet normal 0.805428 -0.592694 0
    outer loop
      vertex -8.30309 5.57309 20
      vertex -8.30309 5.57309 0
      vertex -7.7907 6.26939 20
    endloop
  endfacet
  facet normal 0.751263 -0.660003 0
    outer loop
      vertex -7.22009 6.9189 0
      vertex -7.22009 6.9189 20
      vertex -7.7907 6.26939 0
    endloop
  endfacet
  facet normal 0.751263 -0.660003 0
    outer loop
      vertex -7.7907 6.26939 20
      vertex -7.7907 6.26939 0
      vertex -7.22009 6.9189 20
    endloop
  endfacet
  facet normal 0.691372 -0.722499 0
    outer loop
      vertex -6.59549 7.51659 0
      vertex -6.59549 7.51659 20
      vertex -7.22009 6.9189 0
    endloop
  endfacet
  facet normal 0.691372 -0.722499 0
    outer loop
      vertex -7.22009 6.9189 20
      vertex -7.22009 6.9189 0
      vertex -6.59549 7.51659 20
    endloop
  endfacet
  facet normal 0.626506 -0.779417 0
    outer loop
      vertex -5.92169 8.0582 0
      vertex -5.92169 8.0582 20
      vertex -6.59549 7.51659 0
    endloop
  endfacet
  facet normal 0.626506 -0.779417 0
    outer loop
      vertex -6.59549 7.51659 20
      vertex -6.59549 7.51659 0
      vertex -5.92169 8.0582 20
    endloop
  endfacet
  facet normal 0.556751 -0.830679 0
    outer loop
      vertex -5.2036 8.53949 0
      vertex -5.2036 8.53949 20
      vertex -5.92169 8.0582 0
    endloop
  endfacet
  facet normal 0.556751 -0.830679 0
    outer loop
      vertex -5.92169 8.0582 20
      vertex -5.92169 8.0582 0
      vertex -5.2036 8.53949 20
    endloop
  endfacet
  facet normal 0.483024 -0.875607 0
    outer loop
      vertex -4.44659 8.95709 0
      vertex -4.44659 8.95709 20
      vertex -5.2036 8.53949 0
    endloop
  endfacet
  facet normal 0.483024 -0.875607 0
    outer loop
      vertex -5.2036 8.53949 20
      vertex -5.2036 8.53949 0
      vertex -4.44659 8.95709 20
    endloop
  endfacet
  facet normal 0.405424 -0.914129 0
    outer loop
      vertex -3.6563 9.30759 0
      vertex -3.6563 9.30759 20
      vertex -4.44659 8.95709 0
    endloop
  endfacet
  facet normal 0.405424 -0.914129 0
    outer loop
      vertex -4.44659 8.95709 20
      vertex -4.44659 8.95709 0
      vertex -3.6563 9.30759 20
    endloop
  endfacet
  facet normal 0.32506 -0.945693 0
    outer loop
      vertex -2.83879 9.58859 0
      vertex -2.83879 9.58859 20
      vertex -3.6563 9.30759 0
    endloop
  endfacet
  facet normal 0.32506 -0.945693 0
    outer loop
      vertex -3.6563 9.30759 20
      vertex -3.6563 9.30759 0
      vertex -2.83879 9.58859 20
    endloop
  endfacet
  facet normal 0.242212 -0.970223 0
    outer loop
      vertex -2 9.79799 0
      vertex -2 9.79799 20
      vertex -2.83879 9.58859 0
    endloop
  endfacet
  facet normal 0.242212 -0.970223 0
    outer loop
      vertex -2.83879 9.58859 20
      vertex -2.83879 9.58859 0
      vertex -2 9.79799 20
    endloop
  endfacet
  facet normal 1 0 -0
    outer loop
      vertex -2 11.5 0
      vertex -2 11.5 20
      vertex -2 9.79799 0
    endloop
  endfacet
  facet normal 1 -0 0
    outer loop
      vertex -2 9.79799 20
      vertex -2 9.79799 0
      vertex -2 11.5 20
    endloop
  endfacet
  facet normal 0 -1 0
    outer loop
      vertex 2 11.5 0
      vertex 2 11.5 20
      vertex -2 11.5 0
    endloop
  endfacet
  facet normal 0 -1 0
    outer loop
      vertex -2 11.5 20
      vertex -2 11.5 0
      vertex 2 11.5 20
    endloop
  endfacet
  facet normal -1 0 0
    outer loop
      vertex 2 9.79799 0
      vertex 2 9.79799 20
      vertex 2 11.5 0
    endloop
  endfacet
  facet normal -1 -0 -0
    outer loop
      vertex 2 11.5 20
      vertex 2 11.5 0
      vertex 2 9.79799 20
    endloop
  endfacet
  facet normal -0.242212 -0.970223 0
    outer loop
      vertex 2.83879 9.58859 0
      vertex 2.83879 9.58859 20
      vertex 2 9.79799 0
    endloop
  endfacet
  facet normal -0.242212 -0.970223 -0
    outer loop
      vertex 2 9.79799 20
      vertex 2 9.79799 0
      vertex 2.83879 9.58859 20
    endloop
  endfacet
  facet normal -0.32506 -0.945693 0
    outer loop
      vertex 3.6563 9.30759 0
      vertex 3.6563 9.30759 20
      vertex 2.83879 9.58859 0
    endloop
  endfacet
  facet normal -0.32506 -0.945693 -0
    outer loop
      vertex 2.83879 9.58859 20
      vertex 2.83879 9.58859 0
      vertex 3.6563 9.30759 20
    endloop
  endfacet
  facet normal -0.405424 -0.914129 0
    outer loop
      vertex 4.44659 8.95709 0
      vertex 4.44659 8.95709 20
      vertex 3.6563 9.30759 0
    endloop
  endfacet
  facet normal -0.405424 -0.914129 -0
    outer loop
      vertex 3.6563 9.30759 20
      vertex 3.6563 9.30759 0
      vertex 4.44659 8.95709 20
    endloop
  endfacet
  facet normal -0.483024 -0.875607 0
    outer loop
      vertex 5.2036 8.53949 0
      vertex 5.2036 8.53949 20
      vertex 4.44659 8.95709 0
    endloop
  endfacet
  facet normal -0.483024 -0.875607 -0
    outer loop
      vertex 4.44659 8.95709 20
      vertex 4.44659 8.95709 0
      vertex 5.2036 8.53949 20
    endloop
  endfacet
  facet normal -0.556751 -0.830679 0
    outer loop
      vertex 5.92169 8.0582 0
      vertex 5.92169 8.0582 20
      vertex 5.2036 8.53949 0
    endloop
  endfacet
  facet normal -0.556751 -0.830679 -0
    outer loop
      vertex 5.2036 8.53949 20
      vertex 5.2036 8.53949 0
      vertex 5.92169 8.0582 20
    endloop
  endfacet
  facet normal -0.626506 -0.779417 0
    outer loop
      vertex 6.59549 7.51659 0
      vertex 6.59549 7.51659 20
      vertex 5.92169 8.0582 0
    endloop
  endfacet
  facet normal -0.626506 -0.779417 -0
    outer loop
      vertex 5.92169 8.0582 20
      vertex 5.92169 8.0582 0
      vertex 6.59549 7.51659 20
    endloop
  endfacet
  facet normal -0.691372 -0.722499 0
    outer loop
      vertex 7.22009 6.9189 0
      vertex 7.22009 6.9189 20
      vertex 6.59549 7.51659 0
    endloop
  endfacet
  facet normal -0.691372 -0.722499 -0
    outer loop
      vertex 6.59549 7.51659 20
      vertex 6.59549 7.51659 0
      vertex 7.22009 6.9189 20
    endloop
  endfacet
  facet normal -0.751263 -0.660003 0
    outer loop
      vertex 7.7907 6.26939 0
      vertex 7.7907 6.26939 20
      vertex 7.22009 6.9189 0
    endloop
  endfacet
  facet normal -0.751263 -0.660003 -0
    outer loop
      vertex 7.22009 6.9189 20
      vertex 7.22009 6.9189 0
      vertex 7.7907 6.26939 20
    endloop
  endfacet
  facet normal -0.805428 -0.592694 0
    outer loop
      vertex 8.30309 5.57309 0
      vertex 8.30309 5.57309 20
      vertex 7.7907 6.26939 0
    endloop
  endfacet
  facet normal -0.805428 -0.592694 -0
    outer loop
      vertex 7.7907 6.26939 20
      vertex 7.7907 6.26939 0
      vertex 8.30309 5.57309 20
    endloop
  endfacet
  facet normal -0.853611 -0.520912 0
    outer loop
      vertex 8.75339 4.83519 0
      vertex 8.75339 4.83519 20
      vertex 8.30309 5.57309 0
    endloop
  endfacet
  facet normal -0.853611 -0.520912 -0
    outer loop
      vertex 8.30309 5.57309 20
      vertex 8.30309 5.57309 0
      vertex 8.75339 4.83519 20
    endloop
  endfacet
  facet normal -0.895417 -0.445228 0
    outer loop
      vertex 9.13829 4.0611 0
      vertex 9.13829 4.0611 20
      vertex 8.75339 4.83519 0
    endloop
  endfacet
  facet normal -0.895417 -0.445228 -0
    outer loop
      vertex 8.75339 4.83519 20
      vertex 8.75339 4.83519 0
      vertex 9.13829 4.0611 20
    endloop
  endfacet
  facet normal -0.930534 -0.366206 0
    outer loop
      vertex 9.4549 3.25659 0
      vertex 9.4549 3.25659 20
      vertex 9.13829 4.0611 0
    endloop
  endfacet
  facet normal -0.930534 -0.366206 -0
    outer loop
      vertex 9.13829 4.0611 20
      vertex 9.13829 4.0611 0
      vertex 9.4549 3.25659 20
    endloop
  endfacet
  facet normal -0.958696 -0.284431 0
    outer loop
      vertex 9.70079 2.4278 0
      vertex 9.70079 2.4278 20
      vertex 9.4549 3.25659 0
    endloop
  endfacet
  facet normal -0.958696 -0.284431 -0
    outer loop
      vertex 9.4549 3.25659 20
      vertex 9.4549 3.25659 0
      vertex 9.70079 2.4278 20
    endloop
  endfacet
  facet normal -0.979652 -0.200705 0
    outer loop
      vertex 9.8743 1.58089 0
      vertex 9.8743 1.58089 20
      vertex 9.70079 2.4278 0
    endloop
  endfacet
  facet normal -0.979652 -0.200705 -0
    outer loop
      vertex 9.70079 2.4278 20
      vertex 9.70079 2.4278 0
      vertex 9.8743 1.58089 20
    endloop
  endfacet
  facet normal -0.993342 -0.115206 0
    outer loop
      vertex 9.97389 0.722198 0
      vertex 9.97389 0.722198 20
      vertex 9.8743 1.58089 0
    endloop
  endfacet
  facet normal -0.993342 -0.115206 -0
    outer loop
      vertex 9.8743 1.58089 20
      vertex 9.8743 1.58089 0
      vertex 9.97389 0.722198 20
    endloop
  endfacet
  facet normal -0.999578 -0.0290321 0
    outer loop
      vertex 9.99899 -0.141998 0
      vertex 9.99899 -0.141998 20
      vertex 9.97389 0.722198 0
    endloop
  endfacet
  facet normal -0.999578 -0.0290321 -0
    outer loop
      vertex 9.97389 0.722198 20
      vertex 9.97389 0.722198 0
      vertex 9.99899 -0.141998 20
    endloop
  endfacet
  facet normal -0.998352 0.0573798 0
    outer loop
      vertex 9.94939 -1.00499 0
      vertex 9.94939 -1.00499 20
      vertex 9.99899 -0.141998 0
    endloop
  endfacet
  facet normal -0.998352 0.0573798 0
    outer loop
      vertex 9.99899 -0.141998 20
      vertex 9.99899 -0.141998 0
      vertex 9.94939 -1.00499 20
    endloop
  endfacet
  facet normal -0.989661 0.143427 0
    outer loop
      vertex 9.82539 -1.8606 0
      vertex 9.82539 -1.8606 20
      vertex 9.94939 -1.00499 0
    endloop
  endfacet
  facet normal -0.989661 0.143427 0
    outer loop
      vertex 9.94939 -1.00499 20
      vertex 9.94939 -1.00499 0
      vertex 9.82539 -1.8606 20
    endloop
  endfacet
  facet normal -0.973583 0.228333 0
    outer loop
      vertex 9.62799 -2.70229 0
      vertex 9.62799 -2.70229 20
      vertex 9.82539 -1.8606 0
    endloop
  endfacet
  facet normal -0.973583 0.228333 0
    outer loop
      vertex 9.82539 -1.8606 20
      vertex 9.82539 -1.8606 0
      vertex 9.62799 -2.70229 20
    endloop
  endfacet
  facet normal -0.950204 0.311629 0
    outer loop
      vertex 9.3586 -3.5237 0
      vertex 9.3586 -3.5237 20
      vertex 9.62799 -2.70229 0
    endloop
  endfacet
  facet normal -0.950204 0.311629 0
    outer loop
      vertex 9.62799 -2.70229 20
      vertex 9.62799 -2.70229 0
      vertex 9.3586 -3.5237 20
    endloop
  endfacet
  facet normal -0.919766 0.392467 0
    outer loop
      vertex 9.01929 -4.31889 0
      vertex 9.01929 -4.31889 20
      vertex 9.3586 -3.5237 0
    endloop
  endfacet
  facet normal -0.919766 0.392467 0
    outer loop
      vertex 9.3586 -3.5237 20
      vertex 9.3586 -3.5237 0
      vertex 9.01929 -4.31889 20
    endloop
  endfacet
  facet normal -0.882368 0.470559 0
    outer loop
      vertex 8.61249 -5.0817 0
      vertex 8.61249 -5.0817 20
      vertex 9.01929 -4.31889 0
    endloop
  endfacet
  facet normal -0.882368 0.470559 0
    outer loop
      vertex 9.01929 -4.31889 20
      vertex 9.01929 -4.31889 0
      vertex 8.61249 -5.0817 20
    endloop
  endfacet
  facet normal -0.838485 0.544925 0
    outer loop
      vertex 8.14139 -5.80659 0
      vertex 8.14139 -5.80659 20
      vertex 8.61249 -5.0817 0
    endloop
  endfacet
  facet normal -0.838485 0.544925 0
    outer loop
      vertex 8.61249 -5.0817 20
      vertex 8.61249 -5.0817 0
      vertex 8.14139 -5.80659 20
    endloop
  endfacet
  facet normal -0.788327 0.615256 0
    outer loop
      vertex 7.6095 -6.4881 0
      vertex 7.6095 -6.4881 20
      vertex 8.14139 -5.80659 0
    endloop
  endfacet
  facet normal -0.788327 0.615256 0
    outer loop
      vertex 8.14139 -5.80659 20
      vertex 8.14139 -5.80659 0
      vertex 7.6095 -6.4881 20
    endloop
  endfacet
  facet normal -0.732197 0.681093 0
    outer loop
      vertex 7.02069 -7.12109 0
      vertex 7.02069 -7.12109 20
      vertex 7.6095 -6.4881 0
    endloop
  endfacet
  facet normal -0.732197 0.681093 0
    outer loop
      vertex 7.6095 -6.4881 20
      vertex 7.6095 -6.4881 0
      vertex 7.02069 -7.12109 20
    endloop
  endfacet
  facet normal -0.67058 0.741837 0
    outer loop
      vertex 6.37939 -7.70079 0
      vertex 6.37939 -7.70079 20
      vertex 7.02069 -7.12109 0
    endloop
  endfacet
  facet normal -0.67058 0.741837 0
    outer loop
      vertex 7.02069 -7.12109 20
      vertex 7.02069 -7.12109 0
      vertex 6.37939 -7.70079 20
    endloop
  endfacet
  facet normal -0.604032 0.79696 0
    outer loop
      vertex 5.6904 -8.22299 0
      vertex 5.6904 -8.22299 20
      vertex 6.37939 -7.70079 0
    endloop
  endfacet
  facet normal -0.604032 0.79696 0
    outer loop
      vertex 6.37939 -7.70079 20
      vertex 6.37939 -7.70079 0
      vertex 5.6904 -8.22299 20
    endloop
  endfacet
  facet normal -0.532995 0.846118 0
    outer loop
      vertex 4.95889 -8.68379 0
      vertex 4.95889 -8.68379 20
      vertex 5.6904 -8.22299 0
    endloop
  endfacet
  facet normal -0.532995 0.846118 0
    outer loop
      vertex 5.6904 -8.22299 20
      vertex 5.6904 -8.22299 0
      vertex 4.95889 -8.68379 20
    endloop
  endfacet
  facet normal -0.457875 0.889016 0
    outer loop
      vertex 4.1904 -9.07959 0
      vertex 4.1904 -9.07959 20
      vertex 4.95889 -8.68379 0
    endloop
  endfacet
  facet normal -0.457875 0.889016 0
    outer loop
      vertex 4.95889 -8.68379 20
      vertex 4.95889 -8.68379 0
      vertex 4.1904 -9.07959 20
    endloop
  endfacet
  facet normal -0.37939 0.925237 0
    outer loop
      vertex 3.39049 -9.40759 0
      vertex 3.39049 -9.40759 20
      vertex 4.1904 -9.07959 0
    endloop
  endfacet
  facet normal -0.37939 0.925237 0
    outer loop
      vertex 4.1904 -9.07959 20
      vertex 4.1904 -9.07959 0
      vertex 3.39049 -9.40759 20
    endloop
  endfacet
  facet normal -0.298101 0.954534 0
    outer loop
      vertex 2.56529 -9.6653 0
      vertex 2.56529 -9.6653 20
      vertex 3.39049 -9.40759 0
    endloop
  endfacet
  facet normal -0.298101 0.954534 0
    outer loop
      vertex 3.39049 -9.40759 20
      vertex 3.39049 -9.40759 0
      vertex 2.56529 -9.6653 20
    endloop
  endfacet
  facet normal -0.214566 0.976709 0
    outer loop
      vertex 1.72089 -9.8508 0
      vertex 1.72089 -9.8508 20
      vertex 2.56529 -9.6653 0
    endloop
  endfacet
  facet normal -0.214566 0.976709 0
    outer loop
      vertex 2.56529 -9.6653 20
      vertex 2.56529 -9.6653 0
      vertex 1.72089 -9.8508 20
    endloop
  endfacet
  facet normal -0.129318 0.991603 0
    outer loop
      vertex 0.863693 -9.96259 0
      vertex 0.863693 -9.96259 20
      vertex 1.72089 -9.8508 0
    endloop
  endfacet
  facet normal -0.129318 0.991603 0
    outer loop
      vertex 1.72089 -9.8508 20
      vertex 1.72089 -9.8508 0
      vertex 0.863693 -9.96259 20
    endloop
  endfacet
  facet normal -0.0432734 0.999063 0
    outer loop
      vertex 0 -10 0
      vertex 0 -10 20
      vertex 0.863693 -9.96259 0
    endloop
  endfacet
  facet normal -0.0432734 0.999063 0
    outer loop
      vertex 0.863693 -9.96259 20
      vertex 0.863693 -9.96259 0
      vertex 0 -10 20
    endloop
  endfacet
  facet normal 0.0432734 0.999063 -0
    outer loop
      vertex -0.863693 -9.96259 0
      vertex -0.863693 -9.96259 20
      vertex 0 -10 0
    endloop
  endfacet
  facet normal 0.0432734 0.999063 0
    outer loop
      vertex 0 -10 20
      vertex 0 -10 0
      vertex -0.863693 -9.96259 20
    endloop
  endfacet
  facet normal 0.130521 0.991446 -0
    outer loop
      vertex 26.6108 -7.87849 0
      vertex 26.6108 -7.87849 20
      vertex 27.3028 -7.96959 0
    endloop
  endfacet
  facet normal 0.130521 0.991446 0
    outer loop
      vertex 27.3028 -7.96959 20
      vertex 27.3028 -7.96959 0
      vertex 26.6108 -7.87849 20
    endloop
  endfacet
  facet normal 0.21649 0.976285 -0
    outer loop
      vertex 25.9294 -7.72739 0
      vertex 25.9294 -7.72739 20
      vertex 26.6108 -7.87849 0
    endloop
  endfacet
  facet normal 0.21649 0.976285 0
    outer loop
      vertex 26.6108 -7.87849 20
      vertex 26.6108 -7.87849 0
      vertex 25.9294 -7.72739 20
    endloop
  endfacet
  facet normal 0.300754 0.953702 -0
    outer loop
      vertex 25.2638 -7.51749 0
      vertex 25.2638 -7.51749 20
      vertex 25.9294 -7.72739 0
    endloop
  endfacet
  facet normal 0.300754 0.953702 0
    outer loop
      vertex 25.9294 -7.72739 20
      vertex 25.9294 -7.72739 0
      vertex 25.2638 -7.51749 20
    endloop
  endfacet
  facet normal 0.38263 0.923902 -0
    outer loop
      vertex 24.6191 -7.25049 0
      vertex 24.6191 -7.25049 20
      vertex 25.2638 -7.51749 0
    endloop
  endfacet
  facet normal 0.38263 0.923902 0
    outer loop
      vertex 25.2638 -7.51749 20
      vertex 25.2638 -7.51749 0
      vertex 24.6191 -7.25049 20
    endloop
  endfacet
  facet normal 0.461768 0.887001 -0
    outer loop
      vertex 24 -6.92819 0
      vertex 24 -6.92819 20
      vertex 24.6191 -7.25049 0
    endloop
  endfacet
  facet normal 0.461768 0.887001 0
    outer loop
      vertex 24.6191 -7.25049 20
      vertex 24.6191 -7.25049 0
      vertex 24 -6.92819 20
    endloop
  endfacet
  facet normal 0.53732 0.843378 -0
    outer loop
      vertex 23.4114 -6.55319 0
      vertex 23.4114 -6.55319 20
      vertex 24 -6.92819 0
    endloop
  endfacet
  facet normal 0.53732 0.843378 0
    outer loop
      vertex 24 -6.92819 20
      vertex 24 -6.92819 0
      vertex 23.4114 -6.55319 20
    endloop
  endfacet
  facet normal 0.608699 0.793401 -0
    outer loop
      vertex 22.8577 -6.12839 0
      vertex 22.8577 -6.12839 20
      vertex 23.4114 -6.55319 0
    endloop
  endfacet
  facet normal 0.608699 0.793401 0
    outer loop
      vertex 23.4114 -6.55319 20
      vertex 23.4114 -6.55319 0
      vertex 22.8577 -6.12839 20
    endloop
  endfacet
  facet normal 0.675556 0.737309 -0
    outer loop
      vertex 22.3431 -5.65689 0
      vertex 22.3431 -5.65689 20
      vertex 22.8577 -6.12839 0
    endloop
  endfacet
  facet normal 0.675556 0.737309 0
    outer loop
      vertex 22.8577 -6.12839 20
      vertex 22.8577 -6.12839 0
      vertex 22.3431 -5.65689 20
    endloop
  endfacet
  facet normal 0.737309 0.675556 -0
    outer loop
      vertex 21.8716 -5.14229 0
      vertex 21.8716 -5.14229 20
      vertex 22.3431 -5.65689 0
    endloop
  endfacet
  facet normal 0.737309 0.675556 0
    outer loop
      vertex 22.3431 -5.65689 20
      vertex 22.3431 -5.65689 0
      vertex 21.8716 -5.14229 20
    endloop
  endfacet
  facet normal 0.793401 0.608699 -0
    outer loop
      vertex 21.4468 -4.58859 0
      vertex 21.4468 -4.58859 20
      vertex 21.8716 -5.14229 0
    endloop
  endfacet
  facet normal 0.793401 0.608699 0
    outer loop
      vertex 21.8716 -5.14229 20
      vertex 21.8716 -5.14229 0
      vertex 21.4468 -4.58859 20
    endloop
  endfacet
  facet normal 0.843374 0.537327 -0
    outer loop
      vertex 21.0718 -4 0
      vertex 21.0718 -4 20
      vertex 21.4468 -4.58859 0
    endloop
  endfacet
  facet normal 0.843374 0.537327 0
    outer loop
      vertex 21.4468 -4.58859 20
      vertex 21.4468 -4.58859 0
      vertex 21.0718 -4 20
    endloop
  endfacet
  facet normal 0.887004 0.461762 -0
    outer loop
      vertex 20.7495 -3.38089 0
      vertex 20.7495 -3.38089 20
      vertex 21.0718 -4 0
    endloop
  endfacet
  facet normal 0.887004 0.461762 0
    outer loop
      vertex 21.0718 -4 20
      vertex 21.0718 -4 0
      vertex 20.7495 -3.38089 20
    endloop
  endfacet
  facet normal 0.923902 0.38263 -0
    outer loop
      vertex 20.4825 -2.73619 0
      vertex 20.4825 -2.73619 20
      vertex 20.7495 -3.38089 0
    endloop
  endfacet
  facet normal 0.923902 0.38263 0
    outer loop
      vertex 20.7495 -3.38089 20
      vertex 20.7495 -3.38089 0
      vertex 20.4825 -2.73619 20
    endloop
  endfacet
  facet normal 0.953702 0.300754 -0
    outer loop
      vertex 20.2726 -2.07059 0
      vertex 20.2726 -2.07059 20
      vertex 20.4825 -2.73619 0
    endloop
  endfacet
  facet normal 0.953702 0.300754 0
    outer loop
      vertex 20.4825 -2.73619 20
      vertex 20.4825 -2.73619 0
      vertex 20.2726 -2.07059 20
    endloop
  endfacet
  facet normal 0.976285 0.21649 -0
    outer loop
      vertex 20.1215 -1.38919 0
      vertex 20.1215 -1.38919 20
      vertex 20.2726 -2.07059 0
    endloop
  endfacet
  facet normal 0.976285 0.21649 0
    outer loop
      vertex 20.2726 -2.07059 20
      vertex 20.2726 -2.07059 0
      vertex 20.1215 -1.38919 20
    endloop
  endfacet
  facet normal 0.991446 0.130521 -0
    outer loop
      vertex 20.0304 -0.697189 0
      vertex 20.0304 -0.697189 20
      vertex 20.1215 -1.38919 0
    endloop
  endfacet
  facet normal 0.991446 0.130521 0
    outer loop
      vertex 20.1215 -1.38919 20
      vertex 20.1215 -1.38919 0
      vertex 20.0304 -0.697189 20
    endloop
  endfacet
  facet normal 0.999051 0.0435623 -0
    outer loop
      vertex 20 0 0
      vertex 20 0 20
      vertex 20.0304 -0.697189 0
    endloop
  endfacet
  facet normal 0.999051 0.0435623 0
    outer loop
      vertex 20.0304 -0.697189 20
      vertex 20.0304 -0.697189 0
      vertex 20 0 20
    endloop
  endfacet
  facet normal 0.999051 -0.0435623 0
    outer loop
      vertex 20.0304 0.697189 0
      vertex 20.0304 0.697189 20
      vertex 20 0 0
    endloop
  endfacet
  facet normal 0.999051 -0.0435623 0
    outer loop
      vertex 20 0 20
      vertex 20 0 0
      vertex 20.0304 0.697189 20
    endloop
  endfacet
  facet normal 0.991446 -0.130521 0
    outer loop
      vertex 20.1215 1.38919 0
      vertex 20.1215 1.38919 20
      vertex 20.0304 0.697189 0
    endloop
  endfacet
  facet normal 0.991446 -0.130521 0
    outer loop
      vertex 20.0304 0.697189 20
      vertex 20.0304 0.697189 0
      vertex 20.1215 1.38919 20
    endloop
  endfacet
  facet normal 0.976285 -0.21649 0
    outer loop
      vertex 20.2726 2.07059 0
      vertex 20.2726 2.07059 20
      vertex 20.1215 1.38919 0
    endloop
  endfacet
  facet normal 0.976285 -0.21649 0
    outer loop
      vertex 20.1215 1.38919 20
      vertex 20.1215 1.38919 0
      vertex 20.2726 2.07059 20
    endloop
  endfacet
  facet normal 0.953702 -0.300754 0
    outer loop
      vertex 20.4825 2.73619 0
      vertex 20.4825 2.73619 20
      vertex 20.2726 2.07059 0
    endloop
  endfacet
  facet normal 0.953702 -0.300754 0
    outer loop
      vertex 20.2726 2.07059 20
      vertex 20.2726 2.07059 0
      vertex 20.4825 2.73619 20
    endloop
  endfacet
  facet normal 0.923902 -0.38263 0
    outer loop
      vertex 20.7495 3.38089 0
      vertex 20.7495 3.38089 20
      vertex 20.4825 2.73619 0
    endloop
  endfacet
  facet normal 0.923902 -0.38263 0
    outer loop
      vertex 20.4825 2.73619 20
      vertex 20.4825 2.73619 0
      vertex 20.7495 3.38089 20
    endloop
  endfacet
  facet normal 0.887004 -0.461762 0
    outer loop
      vertex 21.0718 4 0
      vertex 21.0718 4 20
      vertex 20.7495 3.38089 0
    endloop
  endfacet
  facet normal 0.887004 -0.461762 0
    outer loop
      vertex 20.7495 3.38089 20
      vertex 20.7495 3.38089 0
      vertex 21.0718 4 20
    endloop
  endfacet
  facet normal 0.843374 -0.537327 0
    outer loop
      vertex 21.4468 4.58859 0
      vertex 21.4468 4.58859 20
      vertex 21.0718 4 0
    endloop
  endfacet
  facet normal 0.843374 -0.537327 0
    outer loop
      vertex 21.0718 4 20
      vertex 21.0718 4 0
      vertex 21.4468 4.58859 20
    endloop
  endfacet
  facet normal 0.793401 -0.608699 0
    outer loop
      vertex 21.8716 5.14229 0
      vertex 21.8716 5.14229 20
      vertex 21.4468 4.58859 0
    endloop
  endfacet
  facet normal 0.793401 -0.608699 0
    outer loop
      vertex 21.4468 4.58859 20
      vertex 21.4468 4.58859 0
      vertex 21.8716 5.14229 20
    endloop
  endfacet
  facet normal 0.737309 -0.675556 0
    outer loop
      vertex 22.3431 5.65689 0
      vertex 22.3431 5.65689 20
      vertex 21.8716 5.14229 0
    endloop
  endfacet
  facet normal 0.737309 -0.675556 0
    outer loop
      vertex 21.8716 5.14229 20
      vertex 21.8716 5.14229 0
      vertex 22.3431 5.65689 20
    endloop
  endfacet
  facet normal 0.675556 -0.737309 0
    outer loop
      vertex 22.8577 6.12839 0
      vertex 22.8577 6.12839 20
      vertex 22.3431 5.65689 0
    endloop
  endfacet
  facet normal 0.675556 -0.737309 0
    outer loop
      vertex 22.3431 5.65689 20
      vertex 22.3431 5.65689 0
      vertex 22.8577 6.12839 20
    endloop
  endfacet
  facet normal 0.608699 -0.793401 0
    outer loop
      vertex 23.4114 6.55319 0
      vertex 23.4114 6.55319 20
      vertex 22.8577 6.12839 0
    endloop
  endfacet
  facet normal 0.608699 -0.793401 0
    outer loop
      vertex 22.8577 6.12839 20
      vertex 22.8577 6.12839 0
      vertex 23.4114 6.55319 20
    endloop
  endfacet
  facet normal 0.53732 -0.843378 0
    outer loop
      vertex 24 6.92819 0
      vertex 24 6.92819 20
      vertex 23.4114 6.55319 0
    endloop
  endfacet
  facet normal 0.53732 -0.843378 0
    outer loop
      vertex 23.4114 6.55319 20
      vertex 23.4114 6.55319 0
      vertex 24 6.92819 20
    endloop
  endfacet
  facet normal 0.461768 -0.887001 0
    outer loop
      vertex 24.6191 7.25049 0
      vertex 24.6191 7.25049 20
      vertex 24 6.92819 0
    endloop
  endfacet
  facet normal 0.461768 -0.887001 0
    outer loop
      vertex 24 6.92819 20
      vertex 24 6.92819 0
      vertex 24.6191 7.25049 20
    endloop
  endfacet
  facet normal 0.38263 -0.923902 0
    outer loop
      vertex 25.2638 7.51749 0
      vertex 25.2638 7.51749 20
      vertex 24.6191 7.25049 0
    endloop
  endfacet
  facet normal 0.38263 -0.923902 0
    outer loop
      vertex 24.6191 7.25049 20
      vertex 24.6191 7.25049 0
      vertex 25.2638 7.51749 20
    endloop
  endfacet
  facet normal 0.300754 -0.953702 0
    outer loop
      vertex 25.9294 7.72739 0
      vertex 25.9294 7.72739 20
      vertex 25.2638 7.51749 0
    endloop
  endfacet
  facet normal 0.300754 -0.953702 0
    outer loop
      vertex 25.2638 7.51749 20
      vertex 25.2638 7.51749 0
      vertex 25.9294 7.72739 20
    endloop
  endfacet
  facet normal 0.21649 -0.976285 0
    outer loop
      vertex 26.6108 7.87849 0
      vertex 26.6108 7.87849 20
      vertex 25.9294 7.72739 0
    endloop
  endfacet
  facet normal 0.21649 -0.976285 0
    outer loop
      vertex 25.9294 7.72739 20
      vertex 25.9294 7.72739 0
      vertex 26.6108 7.87849 20
    endloop
  endfacet
  facet normal 0.130521 -0.991446 0
    outer loop
      vertex 27.3028 7.96959 0
      vertex 27.3028 7.96959 20
      vertex 26.6108 7.87849 0
    endloop
  endfacet
  facet normal 0.130521 -0.991446 0
    outer loop
      vertex 26.6108 7.87849 20
      vertex 26.6108 7.87849 0
      vertex 27.3028 7.96959 20
    endloop
  endfacet
  facet normal 0.0435759 -0.99905 0
    outer loop
      vertex 28 8 0
      vertex 28 8 20
      vertex 27.3028 7.96959 0
    endloop
  endfacet
  facet normal 0.0435759 -0.99905 0
    outer loop
      vertex 27.3028 7.96959 20
      vertex 27.3028 7.96959 0
      vertex 28 8 20
    endloop
  endfacet
  facet normal -0.0435759 -0.99905 0
    outer loop
      vertex 28.6972 7.96959 0
      vertex 28.6972 7.96959 20
      vertex 28 8 0
    endloop
  endfacet
  facet normal -0.0435759 -0.99905 -0
    outer loop
      vertex 28 8 20
      vertex 28 8 0
      vertex 28.6972 7.96959 20
    endloop
  endfacet
  facet normal -0.130521 -0.991446 0
    outer loop
      vertex 29.3892 7.87849 0
      vertex 29.3892 7.87849 20
      vertex 28.6972 7.96959 0
    endloop
  endfacet
  facet normal -0.130521 -0.991446 -0
    outer loop
      vertex 28.6972 7.96959 20
      vertex 28.6972 7.96959 0
      vertex 29.3892 7.87849 20
    endloop
  endfacet
  facet normal -0.21649 -0.976285 0
    outer loop
      vertex 30.0706 7.72739 0
      vertex 30.0706 7.72739 20
      vertex 29.3892 7.87849 0
    endloop
  endfacet
  facet normal -0.21649 -0.976285 -0
    outer loop
      vertex 29.3892 7.87849 20
      vertex 29.3892 7.87849 0
      vertex 30.0706 7.72739 20
    endloop
  endfacet
  facet normal -0.300754 -0.953702 0
    outer loop
      vertex 30.7362 7.51749 0
      vertex 30.7362 7.51749 20
      vertex 30.0706 7.72739 0
    endloop
  endfacet
  facet normal -0.300754 -0.953702 -0
    outer loop
      vertex 30.0706 7.72739 20
      vertex 30.0706 7.72739 0
      vertex 30.7362 7.51749 20
    endloop
  endfacet
  facet normal -0.38263 -0.923902 0
    outer loop
      vertex 31.3809 7.25049 0
      vertex 31.3809 7.25049 20
      vertex 30.7362 7.51749 0
    endloop
  endfacet
  facet normal -0.38263 -0.923902 -0
    outer loop
      vertex 30.7362 7.51749 20
      vertex 30.7362 7.51749 0
      vertex 31.3809 7.25049 20
    endloop
  endfacet
  facet normal -0.461768 -0.887001 0
    outer loop
      vertex 32 6.92819 0
      vertex 32 6.92819 20
      vertex 31.3809 7.25049 0
    endloop
  endfacet
  facet normal -0.461768 -0.887001 -0
    outer loop
      vertex 31.3809 7.25049 20
      vertex 31.3809 7.25049 0
      vertex 32 6.92819 20
    endloop
  endfacet
  facet normal -0.53732 -0.843378 0
    outer loop
      vertex 32.5886 6.55319 0
      vertex 32.5886 6.55319 20
      vertex 32 6.92819 0
    endloop
  endfacet
  facet normal -0.53732 -0.843378 -0
    outer loop
      vertex 32 6.92819 20
      vertex 32 6.92819 0
      vertex 32.5886 6.55319 20
    endloop
  endfacet
  facet normal -0.608699 -0.793401 0
    outer loop
      vertex 33.1423 6.12839 0
      vertex 33.1423 6.12839 20
      vertex 32.5886 6.55319 0
    endloop
  endfacet
  facet normal -0.608699 -0.793401 -0
    outer loop
      vertex 32.5886 6.55319 20
      vertex 32.5886 6.55319 0
      vertex 33.1423 6.12839 20
    endloop
  endfacet
  facet normal -0.675556 -0.737309 0
    outer loop
      vertex 33.6569 5.65689 0
      vertex 33.6569 5.65689 20
      vertex 33.1423 6.12839 0
    endloop
  endfacet
  facet normal -0.675556 -0.737309 -0
    outer loop
      vertex 33.1423 6.12839 20
      vertex 33.1423 6.12839 0
      vertex 33.6569 5.65689 20
    endloop
  endfacet
  facet normal -0.737309 -0.675556 0
    outer loop
      vertex 34.1284 5.14229 0
      vertex 34.1284 5.14229 20
      vertex 33.6569 5.65689 0
    endloop
  endfacet
  facet normal -0.737309 -0.675556 -0
    outer loop
      vertex 33.6569 5.65689 20
      vertex 33.6569 5.65689 0
      vertex 34.1284 5.14229 20
    endloop
  endfacet
  facet normal -0.793401 -0.608699 0
    outer loop
      vertex 34.5532 4.58859 0
      vertex 34.5532 4.58859 20
      vertex 34.1284 5.14229 0
    endloop
  endfacet
  facet normal -0.793401 -0.608699 -0
    outer loop
      vertex 34.1284 5.14229 20
      vertex 34.1284 5.14229 0
      vertex 34.5532 4.58859 20
    endloop
  endfacet
  facet normal -0.843374 -0.537327 0
    outer loop
      vertex 34.9282 4 0
      vertex 34.9282 4 20
      vertex 34.5532 4.58859 0
    endloop
  endfacet
  facet normal -0.843374 -0.537327 -0
    outer loop
      vertex 34.5532 4.58859 20
      vertex 34.5532 4.58859 0
      vertex 34.9282 4 20
    endloop
  endfacet
  facet normal -0.887004 -0.461762 0
    outer loop
      vertex 35.2505 3.38089 0
      vertex 35.2505 3.38089 20
      vertex 34.9282 4 0
    endloop
  endfacet
  facet normal -0.887004 -0.461762 -0
    outer loop
      vertex 34.9282 4 20
      vertex 34.9282 4 0
      vertex 35.2505 3.38089 20
    endloop
  endfacet
  facet normal -0.923902 -0.38263 0
    outer loop
      vertex 35.5175 2.73619 0
      vertex 35.5175 2.73619 20
      vertex 35.2505 3.38089 0
    endloop
  endfacet
  facet normal -0.923902 -0.38263 -0
    outer loop
      vertex 35.2505 3.38089 20
      vertex 35.2505 3.38089 0
      vertex 35.5175 2.73619 20
    endloop
  endfacet
  facet normal -0.953702 -0.300754 0
    outer loop
      vertex 35.7274 2.07059 0
      vertex 35.7274 2.07059 20
      vertex 35.5175 2.73619 0
    endloop
  endfacet
  facet normal -0.953702 -0.300754 -0
    outer loop
      vertex 35.5175 2.73619 20
      vertex 35.5175 2.73619 0
      vertex 35.7274 2.07059 20
    endloop
  endfacet
  facet normal -0.976285 -0.21649 0
    outer loop
      vertex 35.8785 1.38919 0
      vertex 35.8785 1.38919 20
      vertex 35.7274 2.07059 0
    endloop
  endfacet
  facet normal -0.976285 -0.21649 -0
    outer loop
      vertex 35.7274 2.07059 20
      vertex 35.7274 2.07059 0
      vertex 35.8785 1.38919 20
    endloop
  endfacet
  facet normal -0.991446 -0.130521 0
    outer loop
      vertex 35.9696 0.697189 0
      vertex 35.9696 0.697189 20
      vertex 35.8785 1.38919 0
    endloop
  endfacet
  facet normal -0.991446 -0.130521 -0
    outer loop
      vertex 35.8785 1.38919 20
      vertex 35.8785 1.38919 0
      vertex 35.9696 0.697189 20
    endloop
  endfacet
  facet normal -0.999051 -0.0435623 0
    outer loop
      vertex 36 0 0
      vertex 36 0 20
      vertex 35.9696 0.697189 0
    endloop
  endfacet
  facet normal -0.999051 -0.0435623 -0
    outer loop
      vertex 35.9696 0.697189 20
      vertex 35.9696 0.697189 0
      vertex 36 0 20
    endloop
  endfacet
  facet normal -0.999051 0.0435623 0
    outer loop
      vertex 35.9696 -0.697189 0
      vertex 35.9696 -0.697189 20
      vertex 36 0 0
    endloop
  endfacet
  facet normal -0.999051 0.0435623 0
    outer loop
      vertex 36 0 20
      vertex 36 0 0
      vertex 35.9696 -0.697189 20
    endloop
  endfacet
  facet normal -0.991446 0.130521 0
    outer loop
      vertex 35.8785 -1.38919 0
      vertex 35.8785 -1.38919 20
      vertex 35.9696 -0.697189 0
    endloop
  endfacet
  facet normal -0.991446 0.130521 0
    outer loop
      vertex 35.9696 -0.697189 20
      vertex 35.9696 -0.697189 0
      vertex 35.8785 -1.38919 20
    endloop
  endfacet
  facet normal -0.976285 0.21649 0
    outer loop
      vertex 35.7274 -2.07059 0
      vertex 35.7274 -2.07059 20
      vertex 35.8785 -1.38919 0
    endloop
  endfacet
  facet normal -0.976285 0.21649 0
    outer loop
      vertex 35.8785 -1.38919 20
      vertex 35.8785 -1.38919 0
      vertex 35.7274 -2.07059 20
    endloop
  endfacet
  facet normal -0.953702 0.300754 0
    outer loop
      vertex 35.5175 -2.73619 0
      vertex 35.5175 -2.73619 20
      vertex 35.7274 -2.07059 0
    endloop
  endfacet
  facet normal -0.953702 0.300754 0
    outer loop
      vertex 35.7274 -2.07059 20
      vertex 35.7274 -2.07059 0
      vertex 35.5175 -2.73619 20
    endloop
  endfacet
  facet normal -0.923902 0.38263 0
    outer loop
      vertex 35.2505 -3.38089 0
      vertex 35.2505 -3.38089 20
      vertex 35.5175 -2.73619 0
    endloop
  endfacet
  facet normal -0.923902 0.38263 0
    outer loop
      vertex 35.5175 -2.73619 20
      vertex 35.5175 -2.73619 0
      vertex 35.2505 -3.38089 20
    endloop
  endfacet
  facet normal -0.887004 0.461762 0
    outer loop
      vertex 34.9282 -4 0
      vertex 34.9282 -4 20
      vertex 35.2505 -3.38089 0
    endloop
  endfacet
  facet normal -0.887004 0.461762 0
    outer loop
      vertex 35.2505 -3.38089 20
      vertex 35.2505 -3.38089 0
      vertex 34.9282 -4 20
    endloop
  endfacet
  facet normal -0.843374 0.537327 0
    outer loop
      vertex 34.5532 -4.58859 0
      vertex 34.5532 -4.58859 20
      vertex 34.9282 -4 0
    endloop
  endfacet
  facet normal -0.843374 0.537327 0
    outer loop
      vertex 34.9282 -4 20
      vertex 34.9282 -4 0
      vertex 34.5532 -4.58859 20
    endloop
  endfacet
  facet normal -0.793401 0.608699 0
    outer loop
      vertex 34.1284 -5.14229 0
      vertex 34.1284 -5.14229 20
      vertex 34.5532 -4.58859 0
    endloop
  endfacet
  facet normal -0.793401 0.608699 0
    outer loop
      vertex 34.5532 -4.58859 20
      vertex 34.5532 -4.58859 0
      vertex 34.1284 -5.14229 20
    endloop
  endfacet
  facet normal -0.737309 0.675556 0
    outer loop
      vertex 33.6569 -5.65689 0
      vertex 33.6569 -5.65689 20
      vertex 34.1284 -5.14229 0
    endloop
  endfacet
  facet normal -0.737309 0.675556 0
    outer loop
      vertex 34.1284 -5.14229 20
      vertex 34.1284 -5.14229 0
      vertex 33.6569 -5.65689 20
    endloop
  endfacet
  facet normal -0.675556 0.737309 0
    outer loop
      vertex 33.1423 -6.12839 0
      vertex 33.1423 -6.12839 20
      vertex 33.6569 -5.65689 0
    endloop
  endfacet
  facet normal -0.675556 0.737309 0
    outer loop
      vertex 33.6569 -5.65689 20
      vertex 33.6569 -5.65689 0
      vertex 33.1423 -6.12839 20
    endloop
  endfacet
  facet normal -0.608699 0.793401 0
    outer loop
      vertex 32.5886 -6.55319 0
      vertex 32.5886 -6.55319 20
      vertex 33.1423 -6.12839 0
    endloop
  endfacet
  facet normal -0.608699 0.793401 0
    outer loop
      vertex 33.1423 -6.12839 20
      vertex 33.1423 -6.12839 0
      vertex 32.5886 -6.55319 20
    endloop
  endfacet
  facet normal -0.53732 0.843378 0
    outer loop
      vertex 32 -6.92819 0
      vertex 32 -6.92819 20
      vertex 32.5886 -6.55319 0
    endloop
  endfacet
  facet normal -0.53732 0.843378 0
    outer loop
      vertex 32.5886 -6.55319 20
      vertex 32.5886 -6.55319 0
      vertex 32 -6.92819 20
    endloop
  endfacet
  facet normal -0.461768 0.887001 0
    outer loop
      vertex 31.3809 -7.25049 0
      vertex 31.3809 -7.25049 20
      vertex 32 -6.92819 0
    endloop
  endfacet
  facet normal -0.461768 0.887001 0
    outer loop
      vertex 32 -6.92819 20
      vertex 32 -6.92819 0
      vertex 31.3809 -7.25049 20
    endloop
  endfacet
  facet normal -0.38263 0.923902 0
    outer loop
      vertex 30.7362 -7.51749 0
      vertex 30.7362 -7.51749 20
      vertex 31.3809 -7.25049 0
    endloop
  endfacet
  facet normal -0.38263 0.923902 0
    outer loop
      vertex 31.3809 -7.25049 20
      vertex 31.3809 -7.25049 0
      vertex 30.7362 -7.51749 20
    endloop
  endfacet
  facet normal -0.300754 0.953702 0
    outer loop
      vertex 30.0706 -7.72739 0
      vertex 30.0706 -7.72739 20
      vertex 30.7362 -7.51749 0
    endloop
  endfacet
  facet normal -0.300754 0.953702 0
    outer loop
      vertex 30.7362 -7.51749 20
      vertex 30.7362 -7.51749 0
      vertex 30.0706 -7.72739 20
    endloop
  endfacet
  facet normal -0.21649 0.976285 0
    outer loop
      vertex 29.3892 -7.87849 0
      vertex 29.3892 -7.87849 20
      vertex 30.0706 -7.72739 0
    endloop
  endfacet
  facet normal -0.21649 0.976285 0
    outer loop
      vertex 30.0706 -7.72739 20
      vertex 30.0706 -7.72739 0
      vertex 29.3892 -7.87849 20
    endloop
  endfacet
  facet normal -0.130521 0.991446 0
    outer loop
      vertex 28.6972 -7.96959 0
      vertex 28.6972 -7.96959 20
      vertex 29.3892 -7.87849 0
    endloop
  endfacet
  facet normal -0.130521 0.991446 0
    outer loop
      vertex 29.3892 -7.87849 20
      vertex 29.3892 -7.87849 0
      vertex 28.6972 -7.96959 20
    endloop
  endfacet
  facet normal -0.0435759 0.99905 0
    outer loop
      vertex 28 -8 0
      vertex 28 -8 20
      vertex 28.6972 -7.96959 0
    endloop
  endfacet
  facet normal -0.0435759 0.99905 0
    outer loop
      vertex 28.6972 -7.96959 20
      vertex 28.6972 -7.96959 0
      vertex 28 -8 20
    endloop
  endfacet
  facet normal 0.0435759 0.99905 -0
    outer loop
      vertex 27.3028 -7.96959 0
      vertex 27.3028 -7.96959 20
      vertex 28 -8 0
    endloop
  endfacet
  facet normal 0.0435759 0.99905 0
    outer loop
      vertex 28 -8 20
      vertex 28 -8 0
      vertex 27.3028 -7.96959 20
    endloop
  endfacet
  facet normal 0.130521 0.991446 -0
    outer loop
      vertex -29.3892 -7.87849 0
      vertex -29.3892 -7.87849 20
      vertex -28.6972 -7.96959 0
    endloop
  endfacet
  facet normal 0.130521 0.991446 0
    outer loop
      vertex -28.6972 -7.96959 20
      vertex -28.6972 -7.96959 0
      vertex -29.3892 -7.87849 20
    endloop
  endfacet
  facet normal 0.21649 0.976285 -0
    outer loop
      vertex -30.0706 -7.72739 0
      vertex -30.0706 -7.72739 20
      vertex -29.3892 -7.87849 0
    endloop
  endfacet
  facet normal 0.21649 0.976285 0
    outer loop
      vertex -29.3892 -7.87849 20
      vertex -29.3892 -7.87849 0
      vertex -30.0706 -7.72739 20
    endloop
  endfacet
  facet normal 0.300754 0.953702 -0
    outer loop
      vertex -30.7362 -7.51749 0
      vertex -30.7362 -7.51749 20
      vertex -30.0706 -7.72739 0
    endloop
  endfacet
  facet normal 0.300754 0.953702 0
    outer loop
      vertex -30.0706 -7.72739 20
      vertex -30.0706 -7.72739 0
      vertex -30.7362 -7.51749 20
    endloop
  endfacet
  facet normal 0.38263 0.923902 -0
    outer loop
      vertex -31.3809 -7.25049 0
      vertex -31.3809 -7.25049 20
      vertex -30.7362 -7.51749 0
    endloop
  endfacet
  facet normal 0.38263 0.923902 0
    outer loop
      vertex -30.7362 -7.51749 20
      vertex -30.7362 -7.51749 0
      vertex -31.3809 -7.25049 20
    endloop
  endfacet
  facet normal 0.461768 0.887001 -0
    outer loop
      vertex -32 -6.92819 0
      vertex -32 -6.92819 20
      vertex -31.3809 -7.25049 0
    endloop
  endfacet
  facet normal 0.461768 0.887001 0
    outer loop
      vertex -31.3809 -7.25049 20
      vertex -31.3809 -7.25049 0
      vertex -32 -6.92819 20
    endloop
  endfacet
  facet normal 0.53732 0.843378 -0
    outer loop
      vertex -32.5886 -6.55319 0
      vertex -32.5886 -6.55319 20
      vertex -32 -6.92819 0
    endloop
  endfacet
  facet normal 0.53732 0.843378 0
    outer loop
      vertex -32 -6.92819 20
      vertex -32 -6.92819 0
      vertex -32.5886 -6.55319 20
    endloop
  endfacet
  facet normal 0.608699 0.793401 -0
    outer loop
      vertex -33.1423 -6.12839 0
      vertex -33.1423 -6.12839 20
      vertex -32.5886 -6.55319 0
    endloop
  endfacet
  facet normal 0.608699 0.793401 0
    outer loop
      vertex -32.5886 -6.55319 20
      vertex -32.5886 -6.55319 0
      vertex -33.1423 -6.12839 20
    endloop
  endfacet
  facet normal 0.675556 0.737309 -0
    outer loop
      vertex -33.6569 -5.65689 0
      vertex -33.6569 -5.65689 20
      vertex -33.1423 -6.12839 0
    endloop
  endfacet
  facet normal 0.675556 0.737309 0
    outer loop
      vertex -33.1423 -6.12839 20
      vertex -33.1423 -6.12839 0
      vertex -33.6569 -5.65689 20
    endloop
  endfacet
  facet normal 0.737309 0.675556 -0
    outer loop
      vertex -34.1284 -5.14229 0
      vertex -34.1284 -5.14229 20
      vertex -33.6569 -5.65689 0
    endloop
  endfacet
  facet normal 0.737309 0.675556 0
    outer loop
      vertex -33.6569 -5.65689 20
      vertex -33.6569 -5.65689 0
      vertex -34.1284 -5.14229 20
    endloop
  endfacet
  facet normal 0.793401 0.608699 -0
    outer loop
      vertex -34.5532 -4.58859 0
      vertex -34.5532 -4.58859 20
      vertex -34.1284 -5.14229 0
    endloop
  endfacet
  facet normal 0.793401 0.608699 0
    outer loop
      vertex -34.1284 -5.14229 20
      vertex -34.1284 -5.14229 0
      vertex -34.5532 -4.58859 20
    endloop
  endfacet
  facet normal 0.843374 0.537327 -0
    outer loop
      vertex -34.9282 -4 0
      vertex -34.9282 -4 20
      vertex -34.5532 -4.58859 0
    endloop
  endfacet
  facet normal 0.843374 0.537327 0
    outer loop
      vertex -34.5532 -4.58859 20
      vertex -34.5532 -4.58859 0
      vertex -34.9282 -4 20
    endloop
  endfacet
  facet normal 0.887004 0.461762 -0
    outer loop
      vertex -35.2505 -3.38089 0
      vertex -35.2505 -3.38089 20
      vertex -34.9282 -4 0
    endloop
  endfacet
  facet normal 0.887004 0.461762 0
    outer loop
      vertex -34.9282 -4 20
      vertex -34.9282 -4 0
      vertex -35.2505 -3.38089 20
    endloop
  endfacet
  facet normal 0.923902 0.38263 -0
    outer loop
      vertex -35.5175 -2.73619 0
      vertex -35.5175 -2.73619 20
      vertex -35.2505 -3.38089 0
    endloop
  endfacet
  facet normal 0.923902 0.38263 0
    outer loop
      vertex -35.2505 -3.38089 20
      vertex -35.2505 -3.38089 0
      vertex -35.5175 -2.73619 20
    endloop
  endfacet
  facet normal 0.953702 0.300754 -0
    outer loop
      vertex -35.7274 -2.07059 0
      vertex -35.7274 -2.07059 20
      vertex -35.5175 -2.73619 0
    endloop
  endfacet
  facet normal 0.953702 0.300754 0
    outer loop
      vertex -35.5175 -2.73619 20
      vertex -35.5175 -2.73619 0
      vertex -35.7274 -2.07059 20
    endloop
  endfacet
  facet normal 0.976285 0.21649 -0
    outer loop
      vertex -35.8785 -1.38919 0
      vertex -35.8785 -1.38919 20
      vertex -35.7274 -2.07059 0
    endloop
  endfacet
  facet normal 0.976285 0.21649 0
    outer loop
      vertex -35.7274 -2.07059 20
      vertex -35.7274 -2.07059 0
      vertex -35.8785 -1.38919 20
    endloop
  endfacet
  facet normal 0.991446 0.130521 -0
    outer loop
      vertex -35.9696 -0.697189 0
      vertex -35.9696 -0.697189 20
      vertex -35.8785 -1.38919 0
    endloop
  endfacet
  facet normal 0.991446 0.130521 0
    outer loop
      vertex -35.8785 -1.38919 20
      vertex -35.8785 -1.38919 0
      vertex -35.9696 -0.697189 20
    endloop
  endfacet
  facet normal 0.999051 0.0435623 -0
    outer loop
      vertex -36 0 0
      vertex -36 0 20
      vertex -35.9696 -0.697189 0
    endloop
  endfacet
  facet normal 0.999051 0.0435623 0
    outer loop
      vertex -35.9696 -0.697189 20
      vertex -35.9696 -0.697189 0
      vertex -36 0 20
    endloop
  endfacet
  facet normal 0.999051 -0.0435623 0
    outer loop
      vertex -35.9696 0.697189 0
      vertex -35.9696 0.697189 20
      vertex -36 0 0
    endloop
  endfacet
  facet normal 0.999051 -0.0435623 0
    outer loop
      vertex -36 0 20
      vertex -36 0 0
      vertex -35.9696 0.697189 20
    endloop
  endfacet
  facet normal 0.991446 -0.130521 0
    outer loop
      vertex -35.8785 1.38919 0
      vertex -35.8785 1.38919 20
      vertex -35.9696 0.697189 0
    endloop
  endfacet
  facet normal 0.991446 -0.130521 0
    outer loop
      vertex -35.9696 0.697189 20
      vertex -35.9696 0.697189 0
      vertex -35.8785 1.38919 20
    endloop
  endfacet
  facet normal 0.976285 -0.21649 0
    outer loop
      vertex -35.7274 2.07059 0
      vertex -35.7274 2.07059 20
      vertex -35.8785 1.38919 0
    endloop
  endfacet
  facet normal 0.976285 -0.21649 0
    outer loop
      vertex -35.8785 1.38919 20
      vertex -35.8785 1.38919 0
      vertex -35.7274 2.07059 20
    endloop
  endfacet
  facet normal 0.953702 -0.300754 0
    outer loop
      vertex -35.5175 2.73619 0
      vertex -35.5175 2.73619 20
      vertex -35.7274 2.07059 0
    endloop
  endfacet
  facet normal 0.953702 -0.300754 0
    outer loop
      vertex -35.7274 2.07059 20
      vertex -35.7274 2.07059 0
      vertex -35.5175 2.73619 20
    endloop
  endfacet
  facet normal 0.923902 -0.38263 0
    outer loop
      vertex -35.2505 3.38089 0
      vertex -35.2505 3.38089 20
      vertex -35.5175 2.73619 0
    endloop
  endfacet
  facet normal 0.923902 -0.38263 0
    outer loop
      vertex -35.5175 2.73619 20
      vertex -35.5175 2.73619 0
      vertex -35.2505 3.38089 20
    endloop
  endfacet
  facet normal 0.887004 -0.461762 0
    outer loop
      vertex -34.9282 4 0
      vertex -34.9282 4 20
      vertex -35.2505 3.38089 0
    endloop
  endfacet
  facet normal 0.887004 -0.461762 0
    outer loop
      vertex -35.2505 3.38089 20
      vertex -35.2505 3.38089 0
      vertex -34.9282 4 20
    endloop
  endfacet
  facet normal 0.843374 -0.537327 0
    outer loop
      vertex -34.5532 4.58859 0
      vertex -34.5532 4.58859 20
      vertex -34.9282 4 0
    endloop
  endfacet
  facet normal 0.843374 -0.537327 0
    outer loop
      vertex -34.9282 4 20
      vertex -34.9282 4 0
      vertex -34.5532 4.58859 20
    endloop
  endfacet
  facet normal 0.793401 -0.608699 0
    outer loop
      vertex -34.1284 5.14229 0
      vertex -34.1284 5.14229 20
      vertex -34.5532 4.58859 0
    endloop
  endfacet
  facet normal 0.793401 -0.608699 0
    outer loop
      vertex -34.5532 4.58859 20
      vertex -34.5532 4.58859 0
      vertex -34.1284 5.14229 20
    endloop
  endfacet
  facet normal 0.737309 -0.675556 0
    outer loop
      vertex -33.6569 5.65689 0
      vertex -33.6569 5.65689 20
      vertex -34.1284 5.14229 0
    endloop
  endfacet
  facet normal 0.737309 -0.675556 0
    outer loop
      vertex -34.1284 5.14229 20
      vertex -34.1284 5.14229 0
      vertex -33.6569 5.65689 20
    endloop
  endfacet
  facet normal 0.675556 -0.737309 0
    outer loop
      vertex -33.1423 6.12839 0
      vertex -33.1423 6.12839 20
      vertex -33.6569 5.65689 0
    endloop
  endfacet
  facet normal 0.675556 -0.737309 0
    outer loop
      vertex -33.6569 5.65689 20
      vertex -33.6569 5.65689 0
      vertex -33.1423 6.12839 20
    endloop
  endfacet
  facet normal 0.608699 -0.793401 0
    outer loop
      vertex -32.5886 6.55319 0
      vertex -32.5886 6.55319 20
      vertex -33.1423 6.12839 0
    endloop
  endfacet
  facet normal 0.608699 -0.793401 0
    outer loop
      vertex -33.1423 6.12839 20
      vertex -33.1423 6.12839 0
      vertex -32.5886 6.55319 20
    endloop
  endfacet
  facet normal 0.53732 -0.843378 0
    outer loop
      vertex -32 6.92819 0
      vertex -32 6.92819 20
      vertex -32.5886 6.55319 0
    endloop
  endfacet
  facet normal 0.53732 -0.843378 0
    outer loop
      vertex -32.5886 6.55319 20
      vertex -32.5886 6.55319 0
      vertex -32 6.92819 20
    endloop
  endfacet
  facet normal 0.461768 -0.887001 0
    outer loop
      vertex -31.3809 7.25049 0
      vertex -31.3809 7.25049 20
      vertex -32 6.92819 0
    endloop
  endfacet
  facet normal 0.461768 -0.887001 0
    outer loop
      vertex -32 6.92819 20
      vertex -32 6.92819 0
      vertex -31.3809 7.25049 20
    endloop
  endfacet
  facet normal 0.38263 -0.923902 0
    outer loop
      vertex -30.7362 7.51749 0
      vertex -30.7362 7.51749 20
      vertex -31.3809 7.25049 0
    endloop
  endfacet
  facet normal 0.38263 -0.923902 0
    outer loop
      vertex -31.3809 7.25049 20
      vertex -31.3809 7.25049 0
      vertex -30.7362 7.51749 20
    endloop
  endfacet
  facet normal 0.300754 -0.953702 0
    outer loop
      vertex -30.0706 7.72739 0
      vertex -30.0706 7.72739 20
      vertex -30.7362 7.51749 0
    endloop
  endfacet
  facet normal 0.300754 -0.953702 0
    outer loop
      vertex -30.7362 7.51749 20
      vertex -30.7362 7.51749 0
      vertex -30.0706 7.72739 20
    endloop
  endfacet
  facet normal 0.21649 -0.976285 0
    outer loop
      vertex -29.3892 7.87849 0
      vertex -29.3892 7.87849 20
      vertex -30.0706 7.72739 0
    endloop
  endfacet
  facet normal 0.21649 -0.976285 0
    outer loop
      vertex -30.0706 7.72739 20
      vertex -30.0706 7.72739 0
      vertex -29.3892 7.87849 20
    endloop
  endfacet
  facet normal 0.130521 -0.991446 0
    outer loop
      vertex -28.6972 7.96959 0
      vertex -28.6972 7.96959 20
      vertex -29.3892 7.87849 0
    endloop
  endfacet
  facet normal 0.130521 -0.991446 0
    outer loop
      vertex -29.3892 7.87849 20
      vertex -29.3892 7.87849 0
      vertex -28.6972 7.96959 20
    endloop
  endfacet
  facet normal 0.0435759 -0.99905 0
    outer loop
      vertex -28 8 0
      vertex -28 8 20
      vertex -28.6972 7.96959 0
    endloop
  endfacet
  facet normal 0.0435759 -0.99905 0
    outer loop
      vertex -28.6972 7.96959 20
      vertex -28.6972 7.96959 0
      vertex -28 8 20
    endloop
  endfacet
  facet normal -0.0435759 -0.99905 0
    outer loop
      vertex -27.3028 7.96959 0
      vertex -27.3028 7.96959 20
      vertex -28 8 0
    endloop
  endfacet
  facet normal -0.0435759 -0.99905 -0
    outer loop
      vertex -28 8 20
      vertex -28 8 0
      vertex -27.3028 7.96959 20
    endloop
  endfacet
  facet normal -0.130521 -0.991446 0
    outer loop
      vertex -26.6108 7.87849 0
      vertex -26.6108 7.87849 20
      vertex -27.3028 7.96959 0
    endloop
  endfacet
  facet normal -0.130521 -0.991446 -0
    outer loop
      vertex -27.3028 7.96959 20
      vertex -27.3028 7.96959 0
      vertex -26.6108 7.87849 20
    endloop
  endfacet
  facet normal -0.21649 -0.976285 0
    outer loop
      vertex -25.9294 7.72739 0
      vertex -25.9294 7.72739 20
      vertex -26.6108 7.87849 0
    endloop
  endfacet
  facet normal -0.21649 -0.976285 -0
    outer loop
      vertex -26.6108 7.87849 20
      vertex -26.6108 7.87849 0
      vertex -25.9294 7.72739 20
    endloop
  endfacet
  facet normal -0.300754 -0.953702 0
    outer loop
      vertex -25.2638 7.51749 0
      vertex -25.2638 7.51749 20
      vertex -25.9294 7.72739 0
    endloop
  endfacet
  facet normal -0.300754 -0.953702 -0
    outer loop
      vertex -25.9294 7.72739 20
      vertex -25.9294 7.72739 0
      vertex -25.2638 7.51749 20
    endloop
  endfacet
  facet normal -0.38263 -0.923902 0
    outer loop
      vertex -24.6191 7.25049 0
      vertex -24.6191 7.25049 20
      vertex -25.2638 7.51749 0
    endloop
  endfacet
  facet normal -0.38263 -0.923902 -0
    outer loop
      vertex -25.2638 7.51749 20
      vertex -25.2638 7.51749 0
      vertex -24.6191 7.25049 20
    endloop
  endfacet
  facet normal -0.461768 -0.887001 0
    outer loop
      vertex -24 6.92819 0
      vertex -24 6.92819 20
      vertex -24.6191 7.25049 0
    endloop
  endfacet
  facet normal -0.461768 -0.887001 -0
    outer loop
      vertex -24.6191 7.25049 20
      vertex -24.6191 7.25049 0
      vertex -24 6.92819 20
    endloop
  endfacet
  facet normal -0.53732 -0.843378 0
    outer loop
      vertex -23.4114 6.55319 0
      vertex -23.4114 6.55319 20
      vertex -24 6.92819 0
    endloop
  endfacet
  facet normal -0.53732 -0.843378 -0
    outer loop
      vertex -24 6.92819 20
      vertex -24 6.92819 0
      vertex -23.4114 6.55319 20
    endloop
  endfacet
  facet normal -0.608699 -0.793401 0
    outer loop
      vertex -22.8577 6.12839 0
      vertex -22.8577 6.12839 20
      vertex -23.4114 6.55319 0
    endloop
  endfacet
  facet normal -0.608699 -0.793401 -0
    outer loop
      vertex -23.4114 6.55319 20
      vertex -23.4114 6.55319 0
      vertex -22.8577 6.12839 20
    endloop
  endfacet
  facet normal -0.675556 -0.737309 0
    outer loop
      vertex -22.3431 5.65689 0
      vertex -22.3431 5.65689 20
      vertex -22.8577 6.12839 0
    endloop
  endfacet
  facet normal -0.675556 -0.737309 -0
    outer loop
      vertex -22.8577 6.12839 20
      vertex -22.8577 6.12839 0
      vertex -22.3431 5.65689 20
    endloop
  endfacet
  facet normal -0.737309 -0.675556 0
    outer loop
      vertex -21.8716 5.14229 0
      vertex -21.8716 5.14229 20
      vertex -22.3431 5.65689 0
    endloop
  endfacet
  facet normal -0.737309 -0.675556 -0
    outer loop
      vertex -22.3431 5.65689 20
      vertex -22.3431 5.65689 0
      vertex -21.8716 5.14229 20
    endloop
  endfacet
  facet normal -0.793401 -0.608699 0
    outer loop
      vertex -21.4468 4.58859 0
      vertex -21.4468 4.58859 20
      vertex -21.8716 5.14229 0
    endloop
  endfacet
  facet normal -0.793401 -0.608699 -0
    outer loop
      vertex -21.8716 5.14229 20
      vertex -21.8716 5.14229 0
      vertex -21.4468 4.58859 20
    endloop
  endfacet
  facet normal -0.843374 -0.537327 0
    outer loop
      vertex -21.0718 4 0
      vertex -21.0718 4 20
      vertex -21.4468 4.58859 0
    endloop
  endfacet
  facet normal -0.843374 -0.537327 -0
    outer loop
      vertex -21.4468 4.58859 20
      vertex -21.4468 4.58859 0
      vertex -21.0718 4 20
    endloop
  endfacet
  facet normal -0.887004 -0.461762 0
    outer loop
      vertex -20.7495 3.38089 0
      vertex -20.7495 3.38089 20
      vertex -21.0718 4 0
    endloop
  endfacet
  facet normal -0.887004 -0.461762 -0
    outer loop
      vertex -21.0718 4 20
      vertex -21.0718 4 0
      vertex -20.7495 3.38089 20
    endloop
  endfacet
  facet normal -0.923902 -0.38263 0
    outer loop
      vertex -20.4825 2.73619 0
      vertex -20.4825 2.73619 20
      vertex -20.7495 3.38089 0
    endloop
  endfacet
  facet normal -0.923902 -0.38263 -0
    outer loop
      vertex -20.7495 3.38089 20
      vertex -20.7495 3.38089 0
      vertex -20.4825 2.73619 20
    endloop
  endfacet
  facet normal -0.953702 -0.300754 0
    outer loop
      vertex -20.2726 2.07059 0
      vertex -20.2726 2.07059 20
      vertex -20.4825 2.73619 0
    endloop
  endfacet
  facet normal -0.953702 -0.300754 -0
    outer loop
      vertex -20.4825 2.73619 20
      vertex -20.4825 2.73619 0
      vertex -20.2726 2.07059 20
    endloop
  endfacet
  facet normal -0.976285 -0.21649 0
    outer loop
      vertex -20.1215 1.38919 0
      vertex -20.1215 1.38919 20
      vertex -20.2726 2.07059 0
    endloop
  endfacet
  facet normal -0.976285 -0.21649 -0
    outer loop
      vertex -20.2726 2.07059 20
      vertex -20.2726 2.07059 0
      vertex -20.1215 1.38919 20
    endloop
  endfacet
  facet normal -0.991446 -0.130521 0
    outer loop
      vertex -20.0304 0.697189 0
      vertex -20.0304 0.697189 20
      vertex -20.1215 1.38919 0
    endloop
  endfacet
  facet normal -0.991446 -0.130521 -0
    outer loop
      vertex -20.1215 1.38919 20
      vertex -20.1215 1.38919 0
      vertex -20.0304 0.697189 20
    endloop
  endfacet
  facet normal -0.999051 -0.0435623 0
    outer loop
      vertex -20 0 0
      vertex -20 0 20
      vertex -20.0304 0.697189 0
    endloop
  endfacet
  facet normal -0.999051 -0.0435623 -0
    outer loop
      vertex -20.0304 0.697189 20
      vertex -20.0304 0.697189 0
      vertex -20 0 20
    endloop
  endfacet
  facet normal -0.999051 0.0435623 0
    outer loop
      vertex -20.0304 -0.697189 0
      vertex -20.0304 -0.697189 20
      vertex -20 0 0
    endloop
  endfacet
  facet normal -0.999051 0.0435623 0
    outer loop
      vertex -20 0 20
      vertex -20 0 0
      vertex -20.0304 -0.697189 20
    endloop
  endfacet
  facet normal -0.991446 0.130521 0
    outer loop
      vertex -20.1215 -1.38919 0
      vertex -20.1215 -1.38919 20
      vertex -20.0304 -0.697189 0
    endloop
  endfacet
  facet normal -0.991446 0.130521 0
    outer loop
      vertex -20.0304 -0.697189 20
      vertex -20.0304 -0.697189 0
      vertex -20.1215 -1.38919 20
    endloop
  endfacet
  facet normal -0.976285 0.21649 0
    outer loop
      vertex -20.2726 -2.07059 0
      vertex -20.2726 -2.07059 20
      vertex -20.1215 -1.38919 0
    endloop
  endfacet
  facet normal -0.976285 0.21649 0
    outer loop
      vertex -20.1215 -1.38919 20
      vertex -20.1215 -1.38919 0
      vertex -20.2726 -2.07059 20
    endloop
  endfacet
  facet normal -0.953702 0.300754 0
    outer loop
      vertex -20.4825 -2.73619 0
      vertex -20.4825 -2.73619 20
      vertex -20.2726 -2.07059 0
    endloop
  endfacet
  facet normal -0.953702 0.300754 0
    outer loop
      vertex -20.2726 -2.07059 20
      vertex -20.2726 -2.07059 0
      vertex -20.4825 -2.73619 20
    endloop
  endfacet
  facet normal -0.923902 0.38263 0
    outer loop
      vertex -20.7495 -3.38089 0
      vertex -20.7495 -3.38089 20
      vertex -20.4825 -2.73619 0
    endloop
  endfacet
  facet normal -0.923902 0.38263 0
    outer loop
      vertex -20.4825 -2.73619 20
      vertex -20.4825 -2.73619 0
      vertex -20.7495 -3.38089 20
    endloop
  endfacet
  facet normal -0.887004 0.461762 0
    outer loop
      vertex -21.0718 -4 0
      vertex -21.0718 -4 20
      vertex -20.7495 -3.38089 0
    endloop
  endfacet
  facet normal -0.887004 0.461762 0
    outer loop
      vertex -20.7495 -3.38089 20
      vertex -20.7495 -3.38089 0
      vertex -21.0718 -4 20
    endloop
  endfacet
  facet normal -0.843374 0.537327 0
    outer loop
      vertex -21.4468 -4.58859 0
      vertex -21.4468 -4.58859 20
      vertex -21.0718 -4 0
    endloop
  endfacet
  facet normal -0.843374 0.537327 0
    outer loop
      vertex -21.0718 -4 20
      vertex -21.0718 -4 0
      vertex -21.4468 -4.58859 20
    endloop
  endfacet
  facet normal -0.793401 0.608699 0
    outer loop
      vertex -21.8716 -5.14229 0
      vertex -21.8716 -5.14229 20
      vertex -21.4468 -4.58859 0
    endloop
  endfacet
  facet normal -0.793401 0.608699 0
    outer loop
      vertex -21.4468 -4.58859 20
      vertex -21.4468 -4.58859 0
      vertex -21.8716 -5.14229 20
    endloop
  endfacet
  facet normal -0.737309 0.675556 0
    outer loop
      vertex -22.3431 -5.65689 0
      vertex -22.3431 -5.65689 20
      vertex -21.8716 -5.14229 0
    endloop
  endfacet
  facet normal -0.737309 0.675556 0
    outer loop
      vertex -21.8716 -5.14229 20
      vertex -21.8716 -5.14229 0
      vertex -22.3431 -5.65689 20
    endloop
  endfacet
  facet normal -0.675556 0.737309 0
    outer loop
      vertex -22.8577 -6.12839 0
      vertex -22.8577 -6.12839 20
      vertex -22.3431 -5.65689 0
    endloop
  endfacet
  facet normal -0.675556 0.737309 0
    outer loop
      vertex -22.3431 -5.65689 20
      vertex -22.3431 -5.65689 0
      vertex -22.8577 -6.12839 20
    endloop
  endfacet
  facet normal -0.608699 0.793401 0
    outer loop
      vertex -23.4114 -6.55319 0
      vertex -23.4114 -6.55319 20
      vertex -22.8577 -6.12839 0
    endloop
  endfacet
  facet normal -0.608699 0.793401 0
    outer loop
      vertex -22.8577 -6.12839 20
      vertex -22.8577 -6.12839 0
      vertex -23.4114 -6.55319 20
    endloop
  endfacet
  facet normal -0.53732 0.843378 0
    outer loop
      vertex -24 -6.92819 0
      vertex -24 -6.92819 20
      vertex -23.4114 -6.55319 0
    endloop
  endfacet
  facet normal -0.53732 0.843378 0
    outer loop
      vertex -23.4114 -6.55319 20
      vertex -23.4114 -6.55319 0
      vertex -24 -6.92819 20
    endloop
  endfacet
  facet normal -0.461768 0.887001 0
    outer loop
      vertex -24.6191 -7.25049 0
      vertex -24.6191 -7.25049 20
      vertex -24 -6.92819 0
    endloop
  endfacet
  facet normal -0.461768 0.887001 0
    outer loop
      vertex -24 -6.92819 20
      vertex -24 -6.92819 0
      vertex -24.6191 -7.25049 20
    endloop
  endfacet
  facet normal -0.38263 0.923902 0
    outer loop
      vertex -25.2638 -7.51749 0
      vertex -25.2638 -7.51749 20
      vertex -24.6191 -7.25049 0
    endloop
  endfacet
  facet normal -0.38263 0.923902 0
    outer loop
      vertex -24.6191 -7.25049 20
      vertex -24.6191 -7.25049 0
      vertex -25.2638 -7.51749 20
    endloop
  endfacet
  facet normal -0.300754 0.953702 0
    outer loop
      vertex -25.9294 -7.72739 0
      vertex -25.9294 -7.72739 20
      vertex -25.2638 -7.51749 0
    endloop
  endfacet
  facet normal -0.300754 0.953702 0
    outer loop
      vertex -25.2638 -7.51749 20
      vertex -25.2638 -7.51749 0
      vertex -25.9294 -7.72739 20
    endloop
  endfacet
  facet normal -0.21649 0.976285 0
    outer loop
      vertex -26.6108 -7.87849 0
      vertex -26.6108 -7.87849 20
      vertex -25.9294 -7.72739 0
    endloop
  endfacet
  facet normal -0.21649 0.976285 0
    outer loop
      vertex -25.9294 -7.72739 20
      vertex -25.9294 -7.72739 0
      vertex -26.6108 -7.87849 20
    endloop
  endfacet
  facet normal -0.130521 0.991446 0
    outer loop
      vertex -27.3028 -7.96959 0
      vertex -27.3028 -7.96959 20
      vertex -26.6108 -7.87849 0
    endloop
  endfacet
  facet normal -0.130521 0.991446 0
    outer loop
      vertex -26.6108 -7.87849 20
      vertex -26.6108 -7.87849 0
      vertex -27.3028 -7.96959 20
    endloop
  endfacet
  facet normal -0.0435759 0.99905 0
    outer loop
      vertex -28 -8 0
      vertex -28 -8 20
      vertex -27.3028 -7.96959 0
    endloop
  endfacet
  facet normal -0.0435759 0.99905 0
    outer loop
      vertex -27.3028 -7.96959 20
      vertex -27.3028 -7.96959 0
      vertex -28 -8 20
    endloop
  endfacet
  facet normal 0.0435759 0.99905 -0
    outer loop
      vertex -28.6972 -7.96959 0
      vertex -28.6972 -7.96959 20
      vertex -28 -8 0
    endloop
  endfacet
  facet normal 0.0435759 0.99905 0
    outer loop
      vertex -28 -8 20
      vertex -28 -8 0
      vertex -28.6972 -7.96959 20
    endloop
  endfacet
  facet normal 0.130521 0.991446 -0
    outer loop
      vertex -15.3892 -32.1272 0
      vertex -15.3892 -32.1272 20
      vertex -14.6972 -32.2183 0
    endloop
  endfacet
  facet normal 0.130521 0.991446 0
    outer loop
      vertex -14.6972 -32.2183 20
      vertex -14.6972 -32.2183 0
      vertex -15.3892 -32.1272 20
    endloop
  endfacet
  facet normal 0.21649 0.976285 -0
    outer loop
      vertex -16.0706 -31.9761 0
      vertex -16.0706 -31.9761 20
      vertex -15.3892 -32.1272 0
    endloop
  endfacet
  facet normal 0.21649 0.976285 0
    outer loop
      vertex -15.3892 -32.1272 20
      vertex -15.3892 -32.1272 0
      vertex -16.0706 -31.9761 20
    endloop
  endfacet
  facet normal 0.300754 0.953702 -0
    outer loop
      vertex -16.7362 -31.7662 0
      vertex -16.7362 -31.7662 20
      vertex -16.0706 -31.9761 0
    endloop
  endfacet
  facet normal 0.300754 0.953702 0
    outer loop
      vertex -16.0706 -31.9761 20
      vertex -16.0706 -31.9761 0
      vertex -16.7362 -31.7662 20
    endloop
  endfacet
  facet normal 0.38263 0.923902 -0
    outer loop
      vertex -17.3809 -31.4992 0
      vertex -17.3809 -31.4992 20
      vertex -16.7362 -31.7662 0
    endloop
  endfacet
  facet normal 0.38263 0.923902 0
    outer loop
      vertex -16.7362 -31.7662 20
      vertex -16.7362 -31.7662 0
      vertex -17.3809 -31.4992 20
    endloop
  endfacet
  facet normal 0.461768 0.887001 -0
    outer loop
      vertex -18 -31.1769 0
      vertex -18 -31.1769 20
      vertex -17.3809 -31.4992 0
    endloop
  endfacet
  facet normal 0.461768 0.887001 0
    outer loop
      vertex -17.3809 -31.4992 20
      vertex -17.3809 -31.4992 0
      vertex -18 -31.1769 20
    endloop
  endfacet
  facet normal 0.53732 0.843378 -0
    outer loop
      vertex -18.5886 -30.8019 0
      vertex -18.5886 -30.8019 20
      vertex -18 -31.1769 0
    endloop
  endfacet
  facet normal 0.53732 0.843378 0
    outer loop
      vertex -18 -31.1769 20
      vertex -18 -31.1769 0
      vertex -18.5886 -30.8019 20
    endloop
  endfacet
  facet normal 0.608699 0.793401 -0
    outer loop
      vertex -19.1423 -30.3771 0
      vertex -19.1423 -30.3771 20
      vertex -18.5886 -30.8019 0
    endloop
  endfacet
  facet normal 0.608699 0.793401 0
    outer loop
      vertex -18.5886 -30.8019 20
      vertex -18.5886 -30.8019 0
      vertex -19.1423 -30.3771 20
    endloop
  endfacet
  facet normal 0.675556 0.737309 -0
    outer loop
      vertex -19.6569 -29.9056 0
      vertex -19.6569 -29.9056 20
      vertex -19.1423 -30.3771 0
    endloop
  endfacet
  facet normal 0.675556 0.737309 0
    outer loop
      vertex -19.1423 -30.3771 20
      vertex -19.1423 -30.3771 0
      vertex -19.6569 -29.9056 20
    endloop
  endfacet
  facet normal 0.737309 0.675556 -0
    outer loop
      vertex -20.1284 -29.391 0
      vertex -20.1284 -29.391 20
      vertex -19.6569 -29.9056 0
    endloop
  endfacet
  facet normal 0.737309 0.675556 0
    outer loop
      vertex -19.6569 -29.9056 20
      vertex -19.6569 -29.9056 0
      vertex -20.1284 -29.391 20
    endloop
  endfacet
  facet normal 0.793401 0.608699 -0
    outer loop
      vertex -20.5532 -28.8373 0
      vertex -20.5532 -28.8373 20
      vertex -20.1284 -29.391 0
    endloop
  endfacet
  facet normal 0.793401 0.608699 0
    outer loop
      vertex -20.1284 -29.391 20
      vertex -20.1284 -29.391 0
      vertex -20.5532 -28.8373 20
    endloop
  endfacet
  facet normal 0.843378 0.53732 -0
    outer loop
      vertex -20.9282 -28.2487 0
      vertex -20.9282 -28.2487 20
      vertex -20.5532 -28.8373 0
    endloop
  endfacet
  facet normal 0.843378 0.53732 0
    outer loop
      vertex -20.5532 -28.8373 20
      vertex -20.5532 -28.8373 0
      vertex -20.9282 -28.2487 20
    endloop
  endfacet
  facet normal 0.887001 0.461768 -0
    outer loop
      vertex -21.2505 -27.6296 0
      vertex -21.2505 -27.6296 20
      vertex -20.9282 -28.2487 0
    endloop
  endfacet
  facet normal 0.887001 0.461768 0
    outer loop
      vertex -20.9282 -28.2487 20
      vertex -20.9282 -28.2487 0
      vertex -21.2505 -27.6296 20
    endloop
  endfacet
  facet normal 0.923902 0.38263 -0
    outer loop
      vertex -21.5175 -26.9849 0
      vertex -21.5175 -26.9849 20
      vertex -21.2505 -27.6296 0
    endloop
  endfacet
  facet normal 0.923902 0.38263 0
    outer loop
      vertex -21.2505 -27.6296 20
      vertex -21.2505 -27.6296 0
      vertex -21.5175 -26.9849 20
    endloop
  endfacet
  facet normal 0.953702 0.300754 -0
    outer loop
      vertex -21.7274 -26.3193 0
      vertex -21.7274 -26.3193 20
      vertex -21.5175 -26.9849 0
    endloop
  endfacet
  facet normal 0.953702 0.300754 0
    outer loop
      vertex -21.5175 -26.9849 20
      vertex -21.5175 -26.9849 0
      vertex -21.7274 -26.3193 20
    endloop
  endfacet
  facet normal 0.976285 0.21649 -0
    outer loop
      vertex -21.8785 -25.6379 0
      vertex -21.8785 -25.6379 20
      vertex -21.7274 -26.3193 0
    endloop
  endfacet
  facet normal 0.976285 0.21649 0
    outer loop
      vertex -21.7274 -26.3193 20
      vertex -21.7274 -26.3193 0
      vertex -21.8785 -25.6379 20
    endloop
  endfacet
  facet normal 0.991446 0.130521 -0
    outer loop
      vertex -21.9696 -24.9459 0
      vertex -21.9696 -24.9459 20
      vertex -21.8785 -25.6379 0
    endloop
  endfacet
  facet normal 0.991446 0.130521 0
    outer loop
      vertex -21.8785 -25.6379 20
      vertex -21.8785 -25.6379 0
      vertex -21.9696 -24.9459 20
    endloop
  endfacet
  facet normal 0.999051 0.0435616 -0
    outer loop
      vertex -22 -24.2487 0
      vertex -22 -24.2487 20
      vertex -21.9696 -24.9459 0
    endloop
  endfacet
  facet normal 0.999051 0.0435616 0
    outer loop
      vertex -21.9696 -24.9459 20
      vertex -21.9696 -24.9459 0
      vertex -22 -24.2487 20
    endloop
  endfacet
  facet normal 0.999051 -0.0435616 0
    outer loop
      vertex -21.9696 -23.5515 0
      vertex -21.9696 -23.5515 20
      vertex -22 -24.2487 0
    endloop
  endfacet
  facet normal 0.999051 -0.0435616 0
    outer loop
      vertex -22 -24.2487 20
      vertex -22 -24.2487 0
      vertex -21.9696 -23.5515 20
    endloop
  endfacet
  facet normal 0.991446 -0.130521 0
    outer loop
      vertex -21.8785 -22.8595 0
      vertex -21.8785 -22.8595 20
      vertex -21.9696 -23.5515 0
    endloop
  endfacet
  facet normal 0.991446 -0.130521 0
    outer loop
      vertex -21.9696 -23.5515 20
      vertex -21.9696 -23.5515 0
      vertex -21.8785 -22.8595 20
    endloop
  endfacet
  facet normal 0.976285 -0.21649 0
    outer loop
      vertex -21.7274 -22.1781 0
      vertex -21.7274 -22.1781 20
      vertex -21.8785 -22.8595 0
    endloop
  endfacet
  facet normal 0.976285 -0.21649 0
    outer loop
      vertex -21.8785 -22.8595 20
      vertex -21.8785 -22.8595 0
      vertex -21.7274 -22.1781 20
    endloop
  endfacet
  facet normal 0.953702 -0.300754 0
    outer loop
      vertex -21.5175 -21.5125 0
      vertex -21.5175 -21.5125 20
      vertex -21.7274 -22.1781 0
    endloop
  endfacet
  facet normal 0.953702 -0.300754 0
    outer loop
      vertex -21.7274 -22.1781 20
      vertex -21.7274 -22.1781 0
      vertex -21.5175 -21.5125 20
    endloop
  endfacet
  facet normal 0.923902 -0.38263 0
    outer loop
      vertex -21.2505 -20.8678 0
      vertex -21.2505 -20.8678 20
      vertex -21.5175 -21.5125 0
    endloop
  endfacet
  facet normal 0.923902 -0.38263 0
    outer loop
      vertex -21.5175 -21.5125 20
      vertex -21.5175 -21.5125 0
      vertex -21.2505 -20.8678 20
    endloop
  endfacet
  facet normal 0.887001 -0.461768 0
    outer loop
      vertex -20.9282 -20.2487 0
      vertex -20.9282 -20.2487 20
      vertex -21.2505 -20.8678 0
    endloop
  endfacet
  facet normal 0.887001 -0.461768 0
    outer loop
      vertex -21.2505 -20.8678 20
      vertex -21.2505 -20.8678 0
      vertex -20.9282 -20.2487 20
    endloop
  endfacet
  facet normal 0.843378 -0.53732 0
    outer loop
      vertex -20.5532 -19.6601 0
      vertex -20.5532 -19.6601 20
      vertex -20.9282 -20.2487 0
    endloop
  endfacet
  facet normal 0.843378 -0.53732 0
    outer loop
      vertex -20.9282 -20.2487 20
      vertex -20.9282 -20.2487 0
      vertex -20.5532 -19.6601 20
    endloop
  endfacet
  facet normal 0.793401 -0.608699 0
    outer loop
      vertex -20.1284 -19.1064 0
      vertex -20.1284 -19.1064 20
      vertex -20.5532 -19.6601 0
    endloop
  endfacet
  facet normal 0.793401 -0.608699 0
    outer loop
      vertex -20.5532 -19.6601 20
      vertex -20.5532 -19.6601 0
      vertex -20.1284 -19.1064 20
    endloop
  endfacet
  facet normal 0.737309 -0.675556 0
    outer loop
      vertex -19.6569 -18.5918 0
      vertex -19.6569 -18.5918 20
      vertex -20.1284 -19.1064 0
    endloop
  endfacet
  facet normal 0.737309 -0.675556 0
    outer loop
      vertex -20.1284 -19.1064 20
      vertex -20.1284 -19.1064 0
      vertex -19.6569 -18.5918 20
    endloop
  endfacet
  facet normal 0.675556 -0.737309 0
    outer loop
      vertex -19.1423 -18.1203 0
      vertex -19.1423 -18.1203 20
      vertex -19.6569 -18.5918 0
    endloop
  endfacet
  facet normal 0.675556 -0.737309 0
    outer loop
      vertex -19.6569 -18.5918 20
      vertex -19.6569 -18.5918 0
      vertex -19.1423 -18.1203 20
    endloop
  endfacet
  facet normal 0.608699 -0.793401 0
    outer loop
      vertex -18.5886 -17.6955 0
      vertex -18.5886 -17.6955 20
      vertex -19.1423 -18.1203 0
    endloop
  endfacet
  facet normal 0.608699 -0.793401 0
    outer loop
      vertex -19.1423 -18.1203 20
      vertex -19.1423 -18.1203 0
      vertex -18.5886 -17.6955 20
    endloop
  endfacet
  facet normal 0.53732 -0.843378 0
    outer loop
      vertex -18 -17.3205 0
      vertex -18 -17.3205 20
      vertex -18.5886 -17.6955 0
    endloop
  endfacet
  facet normal 0.53732 -0.843378 0
    outer loop
      vertex -18.5886 -17.6955 20
      vertex -18.5886 -17.6955 0
      vertex -18 -17.3205 20
    endloop
  endfacet
  facet normal 0.461768 -0.887001 0
    outer loop
      vertex -17.3809 -16.9982 0
      vertex -17.3809 -16.9982 20
      vertex -18 -17.3205 0
    endloop
  endfacet
  facet normal 0.461768 -0.887001 0
    outer loop
      vertex -18 -17.3205 20
      vertex -18 -17.3205 0
      vertex -17.3809 -16.9982 20
    endloop
  endfacet
  facet normal 0.38263 -0.923902 0
    outer loop
      vertex -16.7362 -16.7312 0
      vertex -16.7362 -16.7312 20
      vertex -17.3809 -16.9982 0
    endloop
  endfacet
  facet normal 0.38263 -0.923902 0
    outer loop
      vertex -17.3809 -16.9982 20
      vertex -17.3809 -16.9982 0
      vertex -16.7362 -16.7312 20
    endloop
  endfacet
  facet normal 0.300754 -0.953702 0
    outer loop
      vertex -16.0706 -16.5213 0
      vertex -16.0706 -16.5213 20
      vertex -16.7362 -16.7312 0
    endloop
  endfacet
  facet normal 0.300754 -0.953702 0
    outer loop
      vertex -16.7362 -16.7312 20
      vertex -16.7362 -16.7312 0
      vertex -16.0706 -16.5213 20
    endloop
  endfacet
  facet normal 0.21649 -0.976285 0
    outer loop
      vertex -15.3892 -16.3702 0
      vertex -15.3892 -16.3702 20
      vertex -16.0706 -16.5213 0
    endloop
  endfacet
  facet normal 0.21649 -0.976285 0
    outer loop
      vertex -16.0706 -16.5213 20
      vertex -16.0706 -16.5213 0
      vertex -15.3892 -16.3702 20
    endloop
  endfacet
  facet normal 0.130521 -0.991446 0
    outer loop
      vertex -14.6972 -16.2791 0
      vertex -14.6972 -16.2791 20
      vertex -15.3892 -16.3702 0
    endloop
  endfacet
  facet normal 0.130521 -0.991446 0
    outer loop
      vertex -15.3892 -16.3702 20
      vertex -15.3892 -16.3702 0
      vertex -14.6972 -16.2791 20
    endloop
  endfacet
  facet normal 0.0435616 -0.999051 0
    outer loop
      vertex -14 -16.2487 0
      vertex -14 -16.2487 20
      vertex -14.6972 -16.2791 0
    endloop
  endfacet
  facet normal 0.0435616 -0.999051 0
    outer loop
      vertex -14.6972 -16.2791 20
      vertex -14.6972 -16.2791 0
      vertex -14 -16.2487 20
    endloop
  endfacet
  facet normal -0.0435616 -0.999051 0
    outer loop
      vertex -13.3028 -16.2791 0
      vertex -13.3028 -16.2791 20
      vertex -14 -16.2487 0
    endloop
  endfacet
  facet normal -0.0435616 -0.999051 -0
    outer loop
      vertex -14 -16.2487 20
      vertex -14 -16.2487 0
      vertex -13.3028 -16.2791 20
    endloop
  endfacet
  facet normal -0.130521 -0.991446 0
    outer loop
      vertex -12.6108 -16.3702 0
      vertex -12.6108 -16.3702 20
      vertex -13.3028 -16.2791 0
    endloop
  endfacet
  facet normal -0.130521 -0.991446 -0
    outer loop
      vertex -13.3028 -16.2791 20
      vertex -13.3028 -16.2791 0
      vertex -12.6108 -16.3702 20
    endloop
  endfacet
  facet normal -0.21649 -0.976285 0
    outer loop
      vertex -11.9294 -16.5213 0
      vertex -11.9294 -16.5213 20
      vertex -12.6108 -16.3702 0
    endloop
  endfacet
  facet normal -0.21649 -0.976285 -0
    outer loop
      vertex -12.6108 -16.3702 20
      vertex -12.6108 -16.3702 0
      vertex -11.9294 -16.5213 20
    endloop
  endfacet
  facet normal -0.300754 -0.953702 0
    outer loop
      vertex -11.2638 -16.7312 0
      vertex -11.2638 -16.7312 20
      vertex -11.9294 -16.5213 0
    endloop
  endfacet
  facet normal -0.300754 -0.953702 -0
    outer loop
      vertex -11.9294 -16.5213 20
      vertex -11.9294 -16.5213 0
      vertex -11.2638 -16.7312 20
    endloop
  endfacet
  facet normal -0.38263 -0.923902 0
    outer loop
      vertex -10.6191 -16.9982 0
      vertex -10.6191 -16.9982 20
      vertex -11.2638 -16.7312 0
    endloop
  endfacet
  facet normal -0.38263 -0.923902 -0
    outer loop
      vertex -11.2638 -16.7312 20
      vertex -11.2638 -16.7312 0
      vertex -10.6191 -16.9982 20
    endloop
  endfacet
  facet normal -0.461768 -0.887001 0
    outer loop
      vertex -10 -17.3205 0
      vertex -10 -17.3205 20
      vertex -10.6191 -16.9982 0
    endloop
  endfacet
  facet normal -0.461768 -0.887001 -0
    outer loop
      vertex -10.6191 -16.9982 20
      vertex -10.6191 -16.9982 0
      vertex -10 -17.3205 20
    endloop
  endfacet
  facet normal -0.537314 -0.843382 0
    outer loop
      vertex -9.41139 -17.6955 0
      vertex -9.41139 -17.6955 20
      vertex -10 -17.3205 0
    endloop
  endfacet
  facet normal -0.537314 -0.843382 -0
    outer loop
      vertex -10 -17.3205 20
      vertex -10 -17.3205 0
      vertex -9.41139 -17.6955 20
    endloop
  endfacet
  facet normal -0.608706 -0.793396 0
    outer loop
      vertex -8.8577 -18.1203 0
      vertex -8.8577 -18.1203 20
      vertex -9.41139 -17.6955 0
    endloop
  endfacet
  facet normal -0.608706 -0.793396 -0
    outer loop
      vertex -9.41139 -17.6955 20
      vertex -9.41139 -17.6955 0
      vertex -8.8577 -18.1203 20
    endloop
  endfacet
  facet normal -0.675549 -0.737315 0
    outer loop
      vertex -8.34309 -18.5918 0
      vertex -8.34309 -18.5918 20
      vertex -8.8577 -18.1203 0
    endloop
  endfacet
  facet normal -0.675549 -0.737315 -0
    outer loop
      vertex -8.8577 -18.1203 20
      vertex -8.8577 -18.1203 0
      vertex -8.34309 -18.5918 20
    endloop
  endfacet
  facet normal -0.737316 -0.675548 0
    outer loop
      vertex -7.8716 -19.1064 0
      vertex -7.8716 -19.1064 20
      vertex -8.34309 -18.5918 0
    endloop
  endfacet
  facet normal -0.737316 -0.675548 -0
    outer loop
      vertex -8.34309 -18.5918 20
      vertex -8.34309 -18.5918 0
      vertex -7.8716 -19.1064 20
    endloop
  endfacet
  facet normal -0.793394 -0.608708 0
    outer loop
      vertex -7.44679 -19.6601 0
      vertex -7.44679 -19.6601 20
      vertex -7.8716 -19.1064 0
    endloop
  endfacet
  facet normal -0.793394 -0.608708 -0
    outer loop
      vertex -7.8716 -19.1064 20
      vertex -7.8716 -19.1064 0
      vertex -7.44679 -19.6601 20
    endloop
  endfacet
  facet normal -0.843378 -0.53732 0
    outer loop
      vertex -7.07179 -20.2487 0
      vertex -7.07179 -20.2487 20
      vertex -7.44679 -19.6601 0
    endloop
  endfacet
  facet normal -0.843378 -0.53732 -0
    outer loop
      vertex -7.44679 -19.6601 20
      vertex -7.44679 -19.6601 0
      vertex -7.07179 -20.2487 20
    endloop
  endfacet
  facet normal -0.887007 -0.461756 0
    outer loop
      vertex -6.7495 -20.8678 0
      vertex -6.7495 -20.8678 20
      vertex -7.07179 -20.2487 0
    endloop
  endfacet
  facet normal -0.887007 -0.461756 -0
    outer loop
      vertex -7.07179 -20.2487 20
      vertex -7.07179 -20.2487 0
      vertex -6.7495 -20.8678 20
    endloop
  endfacet
  facet normal -0.923902 -0.38263 0
    outer loop
      vertex -6.4825 -21.5125 0
      vertex -6.4825 -21.5125 20
      vertex -6.7495 -20.8678 0
    endloop
  endfacet
  facet normal -0.923902 -0.38263 -0
    outer loop
      vertex -6.7495 -20.8678 20
      vertex -6.7495 -20.8678 0
      vertex -6.4825 -21.5125 20
    endloop
  endfacet
  facet normal -0.953702 -0.300754 0
    outer loop
      vertex -6.2726 -22.1781 0
      vertex -6.2726 -22.1781 20
      vertex -6.4825 -21.5125 0
    endloop
  endfacet
  facet normal -0.953702 -0.300754 -0
    outer loop
      vertex -6.4825 -21.5125 20
      vertex -6.4825 -21.5125 0
      vertex -6.2726 -22.1781 20
    endloop
  endfacet
  facet normal -0.976282 -0.216504 0
    outer loop
      vertex -6.12149 -22.8595 0
      vertex -6.12149 -22.8595 20
      vertex -6.2726 -22.1781 0
    endloop
  endfacet
  facet normal -0.976282 -0.216504 -0
    outer loop
      vertex -6.2726 -22.1781 20
      vertex -6.2726 -22.1781 0
      vertex -6.12149 -22.8595 20
    endloop
  endfacet
  facet normal -0.991447 -0.130507 0
    outer loop
      vertex -6.0304 -23.5515 0
      vertex -6.0304 -23.5515 20
      vertex -6.12149 -22.8595 0
    endloop
  endfacet
  facet normal -0.991447 -0.130507 -0
    outer loop
      vertex -6.12149 -22.8595 20
      vertex -6.12149 -22.8595 0
      vertex -6.0304 -23.5515 20
    endloop
  endfacet
  facet normal -0.999051 -0.0435616 0
    outer loop
      vertex -6 -24.2487 0
      vertex -6 -24.2487 20
      vertex -6.0304 -23.5515 0
    endloop
  endfacet
  facet normal -0.999051 -0.0435616 -0
    outer loop
      vertex -6.0304 -23.5515 20
      vertex -6.0304 -23.5515 0
      vertex -6 -24.2487 20
    endloop
  endfacet
  facet normal -0.999051 0.0435616 0
    outer loop
      vertex -6.0304 -24.9459 0
      vertex -6.0304 -24.9459 20
      vertex -6 -24.2487 0
    endloop
  endfacet
  facet normal -0.999051 0.0435616 0
    outer loop
      vertex -6 -24.2487 20
      vertex -6 -24.2487 0
      vertex -6.0304 -24.9459 20
    endloop
  endfacet
  facet normal -0.991447 0.130507 0
    outer loop
      vertex -6.12149 -25.6379 0
      vertex -6.12149 -25.6379 20
      vertex -6.0304 -24.9459 0
    endloop
  endfacet
  facet normal -0.991447 0.130507 0
    outer loop
      vertex -6.0304 -24.9459 20
      vertex -6.0304 -24.9459 0
      vertex -6.12149 -25.6379 20
    endloop
  endfacet
  facet normal -0.976282 0.216504 0
    outer loop
      vertex -6.2726 -26.3193 0
      vertex -6.2726 -26.3193 20
      vertex -6.12149 -25.6379 0
    endloop
  endfacet
  facet normal -0.976282 0.216504 0
    outer loop
      vertex -6.12149 -25.6379 20
      vertex -6.12149 -25.6379 0
      vertex -6.2726 -26.3193 20
    endloop
  endfacet
  facet normal -0.953702 0.300754 0
    outer loop
      vertex -6.4825 -26.9849 0
      vertex -6.4825 -26.9849 20
      vertex -6.2726 -26.3193 0
    endloop
  endfacet
  facet normal -0.953702 0.300754 0
    outer loop
      vertex -6.2726 -26.3193 20
      vertex -6.2726 -26.3193 0
      vertex -6.4825 -26.9849 20
    endloop
  endfacet
  facet normal -0.923902 0.38263 0
    outer loop
      vertex -6.7495 -27.6296 0
      vertex -6.7495 -27.6296 20
      vertex -6.4825 -26.9849 0
    endloop
  endfacet
  facet normal -0.923902 0.38263 0
    outer loop
      vertex -6.4825 -26.9849 20
      vertex -6.4825 -26.9849 0
      vertex -6.7495 -27.6296 20
    endloop
  endfacet
  facet normal -0.887007 0.461756 0
    outer loop
      vertex -7.07179 -28.2487 0
      vertex -7.07179 -28.2487 20
      vertex -6.7495 -27.6296 0
    endloop
  endfacet
  facet normal -0.887007 0.461756 0
    outer loop
      vertex -6.7495 -27.6296 20
      vertex -6.7495 -27.6296 0
      vertex -7.07179 -28.2487 20
    endloop
  endfacet
  facet normal -0.843378 0.53732 0
    outer loop
      vertex -7.44679 -28.8373 0
      vertex -7.44679 -28.8373 20
      vertex -7.07179 -28.2487 0
    endloop
  endfacet
  facet normal -0.843378 0.53732 0
    outer loop
      vertex -7.07179 -28.2487 20
      vertex -7.07179 -28.2487 0
      vertex -7.44679 -28.8373 20
    endloop
  endfacet
  facet normal -0.793394 0.608708 0
    outer loop
      vertex -7.8716 -29.391 0
      vertex -7.8716 -29.391 20
      vertex -7.44679 -28.8373 0
    endloop
  endfacet
  facet normal -0.793394 0.608708 0
    outer loop
      vertex -7.44679 -28.8373 20
      vertex -7.44679 -28.8373 0
      vertex -7.8716 -29.391 20
    endloop
  endfacet
  facet normal -0.737316 0.675548 0
    outer loop
      vertex -8.34309 -29.9056 0
      vertex -8.34309 -29.9056 20
      vertex -7.8716 -29.391 0
    endloop
  endfacet
  facet normal -0.737316 0.675548 0
    outer loop
      vertex -7.8716 -29.391 20
      vertex -7.8716 -29.391 0
      vertex -8.34309 -29.9056 20
    endloop
  endfacet
  facet normal -0.675549 0.737315 0
    outer loop
      vertex -8.8577 -30.3771 0
      vertex -8.8577 -30.3771 20
      vertex -8.34309 -29.9056 0
    endloop
  endfacet
  facet normal -0.675549 0.737315 0
    outer loop
      vertex -8.34309 -29.9056 20
      vertex -8.34309 -29.9056 0
      vertex -8.8577 -30.3771 20
    endloop
  endfacet
  facet normal -0.608706 0.793396 0
    outer loop
      vertex -9.41139 -30.8019 0
      vertex -9.41139 -30.8019 20
      vertex -8.8577 -30.3771 0
    endloop
  endfacet
  facet normal -0.608706 0.793396 0
    outer loop
      vertex -8.8577 -30.3771 20
      vertex -8.8577 -30.3771 0
      vertex -9.41139 -30.8019 20
    endloop
  endfacet
  facet normal -0.537314 0.843382 0
    outer loop
      vertex -10 -31.1769 0
      vertex -10 -31.1769 20
      vertex -9.41139 -30.8019 0
    endloop
  endfacet
  facet normal -0.537314 0.843382 0
    outer loop
      vertex -9.41139 -30.8019 20
      vertex -9.41139 -30.8019 0
      vertex -10 -31.1769 20
    endloop
  endfacet
  facet normal -0.461768 0.887001 0
    outer loop
      vertex -10.6191 -31.4992 0
      vertex -10.6191 -31.4992 20
      vertex -10 -31.1769 0
    endloop
  endfacet
  facet normal -0.461768 0.887001 0
    outer loop
      vertex -10 -31.1769 20
      vertex -10 -31.1769 0
      vertex -10.6191 -31.4992 20
    endloop
  endfacet
  facet normal -0.38263 0.923902 0
    outer loop
      vertex -11.2638 -31.7662 0
      vertex -11.2638 -31.7662 20
      vertex -10.6191 -31.4992 0
    endloop
  endfacet
  facet normal -0.38263 0.923902 0
    outer loop
      vertex -10.6191 -31.4992 20
      vertex -10.6191 -31.4992 0
      vertex -11.2638 -31.7662 20
    endloop
  endfacet
  facet normal -0.300754 0.953702 0
    outer loop
      vertex -11.9294 -31.9761 0
      vertex -11.9294 -31.9761 20
      vertex -11.2638 -31.7662 0
    endloop
  endfacet
  facet normal -0.300754 0.953702 0
    outer loop
      vertex -11.2638 -31.7662 20
      vertex -11.2638 -31.7662 0
      vertex -11.9294 -31.9761 20
    endloop
  endfacet
  facet normal -0.21649 0.976285 0
    outer loop
      vertex -12.6108 -32.1272 0
      vertex -12.6108 -32.1272 20
      vertex -11.9294 -31.9761 0
    endloop
  endfacet
  facet normal -0.21649 0.976285 0
    outer loop
      vertex -11.9294 -31.9761 20
      vertex -11.9294 -31.9761 0
      vertex -12.6108 -32.1272 20
    endloop
  endfacet
  facet normal -0.130521 0.991446 0
    outer loop
      vertex -13.3028 -32.2183 0
      vertex -13.3028 -32.2183 20
      vertex -12.6108 -32.1272 0
    endloop
  endfacet
  facet normal -0.130521 0.991446 0
    outer loop
      vertex -12.6108 -32.1272 20
      vertex -12.6108 -32.1272 0
      vertex -13.3028 -32.2183 20
    endloop
  endfacet
  facet normal -0.0435616 0.999051 0
    outer loop
      vertex -14 -32.2487 0
      vertex -14 -32.2487 20
      vertex -13.3028 -32.2183 0
    endloop
  endfacet
  facet normal -0.0435616 0.999051 0
    outer loop
      vertex -13.3028 -32.2183 20
      vertex -13.3028 -32.2183 0
      vertex -14 -32.2487 20
    endloop
  endfacet
  facet normal 0.0435616 0.999051 -0
    outer loop
      vertex -14.6972 -32.2183 0
      vertex -14.6972 -32.2183 20
      vertex -14 -32.2487 0
    endloop
  endfacet
  facet normal 0.0435616 0.999051 0
    outer loop
      vertex -14 -32.2487 20
      vertex -14 -32.2487 0
      vertex -14.6972 -32.2183 20
    endloop
  endfacet
  facet normal 0.130521 0.991446 -0
    outer loop
      vertex 12.6108 -32.1272 0
      vertex 12.6108 -32.1272 20
      vertex 13.3028 -32.2183 0
    endloop
  endfacet
  facet normal 0.130521 0.991446 0
    outer loop
      vertex 13.3028 -32.2183 20
      vertex 13.3028 -32.2183 0
      vertex 12.6108 -32.1272 20
    endloop
  endfacet
  facet normal 0.21649 0.976285 -0
    outer loop
      vertex 11.9294 -31.9761 0
      vertex 11.9294 -31.9761 20
      vertex 12.6108 -32.1272 0
    endloop
  endfacet
  facet normal 0.21649 0.976285 0
    outer loop
      vertex 12.6108 -32.1272 20
      vertex 12.6108 -32.1272 0
      vertex 11.9294 -31.9761 20
    endloop
  endfacet
  facet normal 0.300754 0.953702 -0
    outer loop
      vertex 11.2638 -31.7662 0
      vertex 11.2638 -31.7662 20
      vertex 11.9294 -31.9761 0
    endloop
  endfacet
  facet normal 0.300754 0.953702 0
    outer loop
      vertex 11.9294 -31.9761 20
      vertex 11.9294 -31.9761 0
      vertex 11.2638 -31.7662 20
    endloop
  endfacet
  facet normal 0.38263 0.923902 -0
    outer loop
      vertex 10.6191 -31.4992 0
      vertex 10.6191 -31.4992 20
      vertex 11.2638 -31.7662 0
    endloop
  endfacet
  facet normal 0.38263 0.923902 0
    outer loop
      vertex 11.2638 -31.7662 20
      vertex 11.2638 -31.7662 0
      vertex 10.6191 -31.4992 20
    endloop
  endfacet
  facet normal 0.461768 0.887001 -0
    outer loop
      vertex 10 -31.1769 0
      vertex 10 -31.1769 20
      vertex 10.6191 -31.4992 0
    endloop
  endfacet
  facet normal 0.461768 0.887001 0
    outer loop
      vertex 10.6191 -31.4992 20
      vertex 10.6191 -31.4992 0
      vertex 10 -31.1769 20
    endloop
  endfacet
  facet normal 0.537314 0.843382 -0
    outer loop
      vertex 9.41139 -30.8019 0
      vertex 9.41139 -30.8019 20
      vertex 10 -31.1769 0
    endloop
  endfacet
  facet normal 0.537314 0.843382 0
    outer loop
      vertex 10 -31.1769 20
      vertex 10 -31.1769 0
      vertex 9.41139 -30.8019 20
    endloop
  endfacet
  facet normal 0.608706 0.793396 -0
    outer loop
      vertex 8.8577 -30.3771 0
      vertex 8.8577 -30.3771 20
      vertex 9.41139 -30.8019 0
    endloop
  endfacet
  facet normal 0.608706 0.793396 0
    outer loop
      vertex 9.41139 -30.8019 20
      vertex 9.41139 -30.8019 0
      vertex 8.8577 -30.3771 20
    endloop
  endfacet
  facet normal 0.675549 0.737315 -0
    outer loop
      vertex 8.34309 -29.9056 0
      vertex 8.34309 -29.9056 20
      vertex 8.8577 -30.3771 0
    endloop
  endfacet
  facet normal 0.675549 0.737315 0
    outer loop
      vertex 8.8577 -30.3771 20
      vertex 8.8577 -30.3771 0
      vertex 8.34309 -29.9056 20
    endloop
  endfacet
  facet normal 0.737316 0.675548 -0
    outer loop
      vertex 7.8716 -29.391 0
      vertex 7.8716 -29.391 20
      vertex 8.34309 -29.9056 0
    endloop
  endfacet
  facet normal 0.737316 0.675548 0
    outer loop
      vertex 8.34309 -29.9056 20
      vertex 8.34309 -29.9056 0
      vertex 7.8716 -29.391 20
    endloop
  endfacet
  facet normal 0.793394 0.608708 -0
    outer loop
      vertex 7.44679 -28.8373 0
      vertex 7.44679 -28.8373 20
      vertex 7.8716 -29.391 0
    endloop
  endfacet
  facet normal 0.793394 0.608708 0
    outer loop
      vertex 7.8716 -29.391 20
      vertex 7.8716 -29.391 0
      vertex 7.44679 -28.8373 20
    endloop
  endfacet
  facet normal 0.843378 0.53732 -0
    outer loop
      vertex 7.07179 -28.2487 0
      vertex 7.07179 -28.2487 20
      vertex 7.44679 -28.8373 0
    endloop
  endfacet
  facet normal 0.843378 0.53732 0
    outer loop
      vertex 7.44679 -28.8373 20
      vertex 7.44679 -28.8373 0
      vertex 7.07179 -28.2487 20
    endloop
  endfacet
  facet normal 0.887007 0.461756 -0
    outer loop
      vertex 6.7495 -27.6296 0
      vertex 6.7495 -27.6296 20
      vertex 7.07179 -28.2487 0
    endloop
  endfacet
  facet normal 0.887007 0.461756 0
    outer loop
      vertex 7.07179 -28.2487 20
      vertex 7.07179 -28.2487 0
      vertex 6.7495 -27.6296 20
    endloop
  endfacet
  facet normal 0.923902 0.38263 -0
    outer loop
      vertex 6.4825 -26.9849 0
      vertex 6.4825 -26.9849 20
      vertex 6.7495 -27.6296 0
    endloop
  endfacet
  facet normal 0.923902 0.38263 0
    outer loop
      vertex 6.7495 -27.6296 20
      vertex 6.7495 -27.6296 0
      vertex 6.4825 -26.9849 20
    endloop
  endfacet
  facet normal 0.953702 0.300754 -0
    outer loop
      vertex 6.2726 -26.3193 0
      vertex 6.2726 -26.3193 20
      vertex 6.4825 -26.9849 0
    endloop
  endfacet
  facet normal 0.953702 0.300754 0
    outer loop
      vertex 6.4825 -26.9849 20
      vertex 6.4825 -26.9849 0
      vertex 6.2726 -26.3193 20
    endloop
  endfacet
  facet normal 0.976282 0.216504 -0
    outer loop
      vertex 6.12149 -25.6379 0
      vertex 6.12149 -25.6379 20
      vertex 6.2726 -26.3193 0
    endloop
  endfacet
  facet normal 0.976282 0.216504 0
    outer loop
      vertex 6.2726 -26.3193 20
      vertex 6.2726 -26.3193 0
      vertex 6.12149 -25.6379 20
    endloop
  endfacet
  facet normal 0.991447 0.130507 -0
    outer loop
      vertex 6.0304 -24.9459 0
      vertex 6.0304 -24.9459 20
      vertex 6.12149 -25.6379 0
    endloop
  endfacet
  facet normal 0.991447 0.130507 0
    outer loop
      vertex 6.12149 -25.6379 20
      vertex 6.12149 -25.6379 0
      vertex 6.0304 -24.9459 20
    endloop
  endfacet
  facet normal 0.999051 0.0435616 -0
    outer loop
      vertex 6 -24.2487 0
      vertex 6 -24.2487 20
      vertex 6.0304 -24.9459 0
    endloop
  endfacet
  facet normal 0.999051 0.0435616 0
    outer loop
      vertex 6.0304 -24.9459 20
      vertex 6.0304 -24.9459 0
      vertex 6 -24.2487 20
    endloop
  endfacet
  facet normal 0.999051 -0.0435616 0
    outer loop
      vertex 6.0304 -23.5515 0
      vertex 6.0304 -23.5515 20
      vertex 6 -24.2487 0
    endloop
  endfacet
  facet normal 0.999051 -0.0435616 0
    outer loop
      vertex 6 -24.2487 20
      vertex 6 -24.2487 0
      vertex 6.0304 -23.5515 20
    endloop
  endfacet
  facet normal 0.991447 -0.130507 0
    outer loop
      vertex 6.12149 -22.8595 0
      vertex 6.12149 -22.8595 20
      vertex 6.0304 -23.5515 0
    endloop
  endfacet
  facet normal 0.991447 -0.130507 0
    outer loop
      vertex 6.0304 -23.5515 20
      vertex 6.0304 -23.5515 0
      vertex 6.12149 -22.8595 20
    endloop
  endfacet
  facet normal 0.976282 -0.216504 0
    outer loop
      vertex 6.2726 -22.1781 0
      vertex 6.2726 -22.1781 20
      vertex 6.12149 -22.8595 0
    endloop
  endfacet
  facet normal 0.976282 -0.216504 0
    outer loop
      vertex 6.12149 -22.8595 20
      vertex 6.12149 -22.8595 0
      vertex 6.2726 -22.1781 20
    endloop
  endfacet
  facet normal 0.953702 -0.300754 0
    outer loop
      vertex 6.4825 -21.5125 0
      vertex 6.4825 -21.5125 20
      vertex 6.2726 -22.1781 0
    endloop
  endfacet
  facet normal 0.953702 -0.300754 0
    outer loop
      vertex 6.2726 -22.1781 20
      vertex 6.2726 -22.1781 0
      vertex 6.4825 -21.5125 20
    endloop
  endfacet
  facet normal 0.923902 -0.38263 0
    outer loop
      vertex 6.7495 -20.8678 0
      vertex 6.7495 -20.8678 20
      vertex 6.4825 -21.5125 0
    endloop
  endfacet
  facet normal 0.923902 -0.38263 0
    outer loop
      vertex 6.4825 -21.5125 20
      vertex 6.4825 -21.5125 0
      vertex 6.7495 -20.8678 20
    endloop
  endfacet
  facet normal 0.887007 -0.461756 0
    outer loop
      vertex 7.07179 -20.2487 0
      vertex 7.07179 -20.2487 20
      vertex 6.7495 -20.8678 0
    endloop
  endfacet
  facet normal 0.887007 -0.461756 0
    outer loop
      vertex 6.7495 -20.8678 20
      vertex 6.7495 -20.8678 0
      vertex 7.07179 -20.2487 20
    endloop
  endfacet
  facet normal 0.843378 -0.53732 0
    outer loop
      vertex 7.44679 -19.6601 0
      vertex 7.44679 -19.6601 20
      vertex 7.07179 -20.2487 0
    endloop
  endfacet
  facet normal 0.843378 -0.53732 0
    outer loop
      vertex 7.07179 -20.2487 20
      vertex 7.07179 -20.2487 0
      vertex 7.44679 -19.6601 20
    endloop
  endfacet
  facet normal 0.793394 -0.608708 0
    outer loop
      vertex 7.8716 -19.1064 0
      vertex 7.8716 -19.1064 20
      vertex 7.44679 -19.6601 0
    endloop
  endfacet
  facet normal 0.793394 -0.608708 0
    outer loop
      vertex 7.44679 -19.6601 20
      vertex 7.44679 -19.6601 0
      vertex 7.8716 -19.1064 20
    endloop
  endfacet
  facet normal 0.737316 -0.675548 0
    outer loop
      vertex 8.34309 -18.5918 0
      vertex 8.34309 -18.5918 20
      vertex 7.8716 -19.1064 0
    endloop
  endfacet
  facet normal 0.737316 -0.675548 0
    outer loop
      vertex 7.8716 -19.1064 20
      vertex 7.8716 -19.1064 0
      vertex 8.34309 -18.5918 20
    endloop
  endfacet
  facet normal 0.675549 -0.737315 0
    outer loop
      vertex 8.8577 -18.1203 0
      vertex 8.8577 -18.1203 20
      vertex 8.34309 -18.5918 0
    endloop
  endfacet
  facet normal 0.675549 -0.737315 0
    outer loop
      vertex 8.34309 -18.5918 20
      vertex 8.34309 -18.5918 0
      vertex 8.8577 -18.1203 20
    endloop
  endfacet
  facet normal 0.608706 -0.793396 0
    outer loop
      vertex 9.41139 -17.6955 0
      vertex 9.41139 -17.6955 20
      vertex 8.8577 -18.1203 0
    endloop
  endfacet
  facet normal 0.608706 -0.793396 0
    outer loop
      vertex 8.8577 -18.1203 20
      vertex 8.8577 -18.1203 0
      vertex 9.41139 -17.6955 20
    endloop
  endfacet
  facet normal 0.537314 -0.843382 0
    outer loop
      vertex 10 -17.3205 0
      vertex 10 -17.3205 20
      vertex 9.41139 -17.6955 0
    endloop
  endfacet
  facet normal 0.537314 -0.843382 0
    outer loop
      vertex 9.41139 -17.6955 20
      vertex 9.41139 -17.6955 0
      vertex 10 -17.3205 20
    endloop
  endfacet
  facet normal 0.461768 -0.887001 0
    outer loop
      vertex 10.6191 -16.9982 0
      vertex 10.6191 -16.9982 20
      vertex 10 -17.3205 0
    endloop
  endfacet
  facet normal 0.461768 -0.887001 0
    outer loop
      vertex 10 -17.3205 20
      vertex 10 -17.3205 0
      vertex 10.6191 -16.9982 20
    endloop
  endfacet
  facet normal 0.38263 -0.923902 0
    outer loop
      vertex 11.2638 -16.7312 0
      vertex 11.2638 -16.7312 20
      vertex 10.6191 -16.9982 0
    endloop
  endfacet
  facet normal 0.38263 -0.923902 0
    outer loop
      vertex 10.6191 -16.9982 20
      vertex 10.6191 -16.9982 0
      vertex 11.2638 -16.7312 20
    endloop
  endfacet
  facet normal 0.300754 -0.953702 0
    outer loop
      vertex 11.9294 -16.5213 0
      vertex 11.9294 -16.5213 20
      vertex 11.2638 -16.7312 0
    endloop
  endfacet
  facet normal 0.300754 -0.953702 0
    outer loop
      vertex 11.2638 -16.7312 20
      vertex 11.2638 -16.7312 0
      vertex 11.9294 -16.5213 20
    endloop
  endfacet
  facet normal 0.21649 -0.976285 0
    outer loop
      vertex 12.6108 -16.3702 0
      vertex 12.6108 -16.3702 20
      vertex 11.9294 -16.5213 0
    endloop
  endfacet
  facet normal 0.21649 -0.976285 0
    outer loop
      vertex 11.9294 -16.5213 20
      vertex 11.9294 -16.5213 0
      vertex 12.6108 -16.3702 20
    endloop
  endfacet
  facet normal 0.130521 -0.991446 0
    outer loop
      vertex 13.3028 -16.2791 0
      vertex 13.3028 -16.2791 20
      vertex 12.6108 -16.3702 0
    endloop
  endfacet
  facet normal 0.130521 -0.991446 0
    outer loop
      vertex 12.6108 -16.3702 20
      vertex 12.6108 -16.3702 0
      vertex 13.3028 -16.2791 20
    endloop
  endfacet
  facet normal 0.0435616 -0.999051 0
    outer loop
      vertex 14 -16.2487 0
      vertex 14 -16.2487 20
      vertex 13.3028 -16.2791 0
    endloop
  endfacet
  facet normal 0.0435616 -0.999051 0
    outer loop
      vertex 13.3028 -16.2791 20
      vertex 13.3028 -16.2791 0
      vertex 14 -16.2487 20
    endloop
  endfacet
  facet normal -0.0435616 -0.999051 0
    outer loop
      vertex 14.6972 -16.2791 0
      vertex 14.6972 -16.2791 20
      vertex 14 -16.2487 0
    endloop
  endfacet
  facet normal -0.0435616 -0.999051 -0
    outer loop
      vertex 14 -16.2487 20
      vertex 14 -16.2487 0
      vertex 14.6972 -16.2791 20
    endloop
  endfacet
  facet normal -0.130521 -0.991446 0
    outer loop
      vertex 15.3892 -16.3702 0
      vertex 15.3892 -16.3702 20
      vertex 14.6972 -16.2791 0
    endloop
  endfacet
  facet normal -0.130521 -0.991446 -0
    outer loop
      vertex 14.6972 -16.2791 20
      vertex 14.6972 -16.2791 0
      vertex 15.3892 -16.3702 20
    endloop
  endfacet
  facet normal -0.21649 -0.976285 0
    outer loop
      vertex 16.0706 -16.5213 0
      vertex 16.0706 -16.5213 20
      vertex 15.3892 -16.3702 0
    endloop
  endfacet
  facet normal -0.21649 -0.976285 -0
    outer loop
      vertex 15.3892 -16.3702 20
      vertex 15.3892 -16.3702 0
      vertex 16.0706 -16.5213 20
    endloop
  endfacet
  facet normal -0.300754 -0.953702 0
    outer loop
      vertex 16.7362 -16.7312 0
      vertex 16.7362 -16.7312 20
      vertex 16.0706 -16.5213 0
    endloop
  endfacet
  facet normal -0.300754 -0.953702 -0
    outer loop
      vertex 16.0706 -16.5213 20
      vertex 16.0706 -16.5213 0
      vertex 16.7362 -16.7312 20
    endloop
  endfacet
  facet normal -0.38263 -0.923902 0
    outer loop
      vertex 17.3809 -16.9982 0
      vertex 17.3809 -16.9982 20
      vertex 16.7362 -16.7312 0
    endloop
  endfacet
  facet normal -0.38263 -0.923902 -0
    outer loop
      vertex 16.7362 -16.7312 20
      vertex 16.7362 -16.7312 0
      vertex 17.3809 -16.9982 20
    endloop
  endfacet
  facet normal -0.461768 -0.887001 0
    outer loop
      vertex 18 -17.3205 0
      vertex 18 -17.3205 20
      vertex 17.3809 -16.9982 0
    endloop
  endfacet
  facet normal -0.461768 -0.887001 -0
    outer loop
      vertex 17.3809 -16.9982 20
      vertex 17.3809 -16.9982 0
      vertex 18 -17.3205 20
    endloop
  endfacet
  facet normal -0.53732 -0.843378 0
    outer loop
      vertex 18.5886 -17.6955 0
      vertex 18.5886 -17.6955 20
      vertex 18 -17.3205 0
    endloop
  endfacet
  facet normal -0.53732 -0.843378 -0
    outer loop
      vertex 18 -17.3205 20
      vertex 18 -17.3205 0
      vertex 18.5886 -17.6955 20
    endloop
  endfacet
  facet normal -0.608699 -0.793401 0
    outer loop
      vertex 19.1423 -18.1203 0
      vertex 19.1423 -18.1203 20
      vertex 18.5886 -17.6955 0
    endloop
  endfacet
  facet normal -0.608699 -0.793401 -0
    outer loop
      vertex 18.5886 -17.6955 20
      vertex 18.5886 -17.6955 0
      vertex 19.1423 -18.1203 20
    endloop
  endfacet
  facet normal -0.675556 -0.737309 0
    outer loop
      vertex 19.6569 -18.5918 0
      vertex 19.6569 -18.5918 20
      vertex 19.1423 -18.1203 0
    endloop
  endfacet
  facet normal -0.675556 -0.737309 -0
    outer loop
      vertex 19.1423 -18.1203 20
      vertex 19.1423 -18.1203 0
      vertex 19.6569 -18.5918 20
    endloop
  endfacet
  facet normal -0.737309 -0.675556 0
    outer loop
      vertex 20.1284 -19.1064 0
      vertex 20.1284 -19.1064 20
      vertex 19.6569 -18.5918 0
    endloop
  endfacet
  facet normal -0.737309 -0.675556 -0
    outer loop
      vertex 19.6569 -18.5918 20
      vertex 19.6569 -18.5918 0
      vertex 20.1284 -19.1064 20
    endloop
  endfacet
  facet normal -0.793401 -0.608699 0
    outer loop
      vertex 20.5532 -19.6601 0
      vertex 20.5532 -19.6601 20
      vertex 20.1284 -19.1064 0
    endloop
  endfacet
  facet normal -0.793401 -0.608699 -0
    outer loop
      vertex 20.1284 -19.1064 20
      vertex 20.1284 -19.1064 0
      vertex 20.5532 -19.6601 20
    endloop
  endfacet
  facet normal -0.843378 -0.53732 0
    outer loop
      vertex 20.9282 -20.2487 0
      vertex 20.9282 -20.2487 20
      vertex 20.5532 -19.6601 0
    endloop
  endfacet
  facet normal -0.843378 -0.53732 -0
    outer loop
      vertex 20.5532 -19.6601 20
      vertex 20.5532 -19.6601 0
      vertex 20.9282 -20.2487 20
    endloop
  endfacet
  facet normal -0.887001 -0.461768 0
    outer loop
      vertex 21.2505 -20.8678 0
      vertex 21.2505 -20.8678 20
      vertex 20.9282 -20.2487 0
    endloop
  endfacet
  facet normal -0.887001 -0.461768 -0
    outer loop
      vertex 20.9282 -20.2487 20
      vertex 20.9282 -20.2487 0
      vertex 21.2505 -20.8678 20
    endloop
  endfacet
  facet normal -0.923902 -0.38263 0
    outer loop
      vertex 21.5175 -21.5125 0
      vertex 21.5175 -21.5125 20
      vertex 21.2505 -20.8678 0
    endloop
  endfacet
  facet normal -0.923902 -0.38263 -0
    outer loop
      vertex 21.2505 -20.8678 20
      vertex 21.2505 -20.8678 0
      vertex 21.5175 -21.5125 20
    endloop
  endfacet
  facet normal -0.953702 -0.300754 0
    outer loop
      vertex 21.7274 -22.1781 0
      vertex 21.7274 -22.1781 20
      vertex 21.5175 -21.5125 0
    endloop
  endfacet
  facet normal -0.953702 -0.300754 -0
    outer loop
      vertex 21.5175 -21.5125 20
      vertex 21.5175 -21.5125 0
      vertex 21.7274 -22.1781 20
    endloop
  endfacet
  facet normal -0.976285 -0.21649 0
    outer loop
      vertex 21.8785 -22.8595 0
      vertex 21.8785 -22.8595 20
      vertex 21.7274 -22.1781 0
    endloop
  endfacet
  facet normal -0.976285 -0.21649 -0
    outer loop
      vertex 21.7274 -22.1781 20
      vertex 21.7274 -22.1781 0
      vertex 21.8785 -22.8595 20
    endloop
  endfacet
  facet normal -0.991446 -0.130521 0
    outer loop
      vertex 21.9696 -23.5515 0
      vertex 21.9696 -23.5515 20
      vertex 21.8785 -22.8595 0
    endloop
  endfacet
  facet normal -0.991446 -0.130521 -0
    outer loop
      vertex 21.8785 -22.8595 20
      vertex 21.8785 -22.8595 0
      vertex 21.9696 -23.5515 20
    endloop
  endfacet
  facet normal -0.999051 -0.0435616 0
    outer loop
      vertex 22 -24.2487 0
      vertex 22 -24.2487 20
      vertex 21.9696 -23.5515 0
    endloop
  endfacet
  facet normal -0.999051 -0.0435616 -0
    outer loop
      vertex 21.9696 -23.5515 20
      vertex 21.9696 -23.5515 0
      vertex 22 -24.2487 20
    endloop
  endfacet
  facet normal -0.999051 0.0435616 0
    outer loop
      vertex 21.9696 -24.9459 0
      vertex 21.9696 -24.9459 20
      vertex 22 -24.2487 0
    endloop
  endfacet
  facet normal -0.999051 0.0435616 0
    outer loop
      vertex 22 -24.2487 20
      vertex 22 -24.2487 0
      vertex 21.9696 -24.9459 20
    endloop
  endfacet
  facet normal -0.991446 0.130521 0
    outer loop
      vertex 21.8785 -25.6379 0
      vertex 21.8785 -25.6379 20
      vertex 21.9696 -24.9459 0
    endloop
  endfacet
  facet normal -0.991446 0.130521 0
    outer loop
      vertex 21.9696 -24.9459 20
      vertex 21.9696 -24.9459 0
      vertex 21.8785 -25.6379 20
    endloop
  endfacet
  facet normal -0.976285 0.21649 0
    outer loop
      vertex 21.7274 -26.3193 0
      vertex 21.7274 -26.3193 20
      vertex 21.8785 -25.6379 0
    endloop
  endfacet
  facet normal -0.976285 0.21649 0
    outer loop
      vertex 21.8785 -25.6379 20
      vertex 21.8785 -25.6379 0
      vertex 21.7274 -26.3193 20
    endloop
  endfacet
  facet normal -0.953702 0.300754 0
    outer loop
      vertex 21.5175 -26.9849 0
      vertex 21.5175 -26.9849 20
      vertex 21.7274 -26.3193 0
    endloop
  endfacet
  facet normal -0.953702 0.300754 0
    outer loop
      vertex 21.7274 -26.3193 20
      vertex 21.7274 -26.3193 0
      vertex 21.5175 -26.9849 20
    endloop
  endfacet
  facet normal -0.923902 0.38263 0
    outer loop
      vertex 21.2505 -27.6296 0
      vertex 21.2505 -27.6296 20
      vertex 21.5175 -26.9849 0
    endloop
  endfacet
  facet normal -0.923902 0.38263 0
    outer loop
      vertex 21.5175 -26.9849 20
      vertex 21.5175 -26.9849 0
      vertex 21.2505 -27.6296 20
    endloop
  endfacet
  facet normal -0.887001 0.461768 0
    outer loop
      vertex 20.9282 -28.2487 0
      vertex 20.9282 -28.2487 20
      vertex 21.2505 -27.6296 0
    endloop
  endfacet
  facet normal -0.887001 0.461768 0
    outer loop
      vertex 21.2505 -27.6296 20
      vertex 21.2505 -27.6296 0
      vertex 20.9282 -28.2487 20
    endloop
  endfacet
  facet normal -0.843378 0.53732 0
    outer loop
      vertex 20.5532 -28.8373 0
      vertex 20.5532 -28.8373 20
      vertex 20.9282 -28.2487 0
    endloop
  endfacet
  facet normal -0.843378 0.53732 0
    outer loop
      vertex 20.9282 -28.2487 20
      vertex 20.9282 -28.2487 0
      vertex 20.5532 -28.8373 20
    endloop
  endfacet
  facet normal -0.793401 0.608699 0
    outer loop
      vertex 20.1284 -29.391 0
      vertex 20.1284 -29.391 20
      vertex 20.5532 -28.8373 0
    endloop
  endfacet
  facet normal -0.793401 0.608699 0
    outer loop
      vertex 20.5532 -28.8373 20
      vertex 20.5532 -28.8373 0
      vertex 20.1284 -29.391 20
    endloop
  endfacet
  facet normal -0.737309 0.675556 0
    outer loop
      vertex 19.6569 -29.9056 0
      vertex 19.6569 -29.9056 20
      vertex 20.1284 -29.391 0
    endloop
  endfacet
  facet normal -0.737309 0.675556 0
    outer loop
      vertex 20.1284 -29.391 20
      vertex 20.1284 -29.391 0
      vertex 19.6569 -29.9056 20
    endloop
  endfacet
  facet normal -0.675556 0.737309 0
    outer loop
      vertex 19.1423 -30.3771 0
      vertex 19.1423 -30.3771 20
      vertex 19.6569 -29.9056 0
    endloop
  endfacet
  facet normal -0.675556 0.737309 0
    outer loop
      vertex 19.6569 -29.9056 20
      vertex 19.6569 -29.9056 0
      vertex 19.1423 -30.3771 20
    endloop
  endfacet
  facet normal -0.608699 0.793401 0
    outer loop
      vertex 18.5886 -30.8019 0
      vertex 18.5886 -30.8019 20
      vertex 19.1423 -30.3771 0
    endloop
  endfacet
  facet normal -0.608699 0.793401 0
    outer loop
      vertex 19.1423 -30.3771 20
      vertex 19.1423 -30.3771 0
      vertex 18.5886 -30.8019 20
    endloop
  endfacet
  facet normal -0.53732 0.843378 0
    outer loop
      vertex 18 -31.1769 0
      vertex 18 -31.1769 20
      vertex 18.5886 -30.8019 0
    endloop
  endfacet
  facet normal -0.53732 0.843378 0
    outer loop
      vertex 18.5886 -30.8019 20
      vertex 18.5886 -30.8019 0
      vertex 18 -31.1769 20
    endloop
  endfacet
  facet normal -0.461768 0.887001 0
    outer loop
      vertex 17.3809 -31.4992 0
      vertex 17.3809 -31.4992 20
      vertex 18 -31.1769 0
    endloop
  endfacet
  facet normal -0.461768 0.887001 0
    outer loop
      vertex 18 -31.1769 20
      vertex 18 -31.1769 0
      vertex 17.3809 -31.4992 20
    endloop
  endfacet
  facet normal -0.38263 0.923902 0
    outer loop
      vertex 16.7362 -31.7662 0
      vertex 16.7362 -31.7662 20
      vertex 17.3809 -31.4992 0
    endloop
  endfacet
  facet normal -0.38263 0.923902 0
    outer loop
      vertex 17.3809 -31.4992 20
      vertex 17.3809 -31.4992 0
      vertex 16.7362 -31.7662 20
    endloop
  endfacet
  facet normal -0.300754 0.953702 0
    outer loop
      vertex 16.0706 -31.9761 0
      vertex 16.0706 -31.9761 20
      vertex 16.7362 -31.7662 0
    endloop
  endfacet
  facet normal -0.300754 0.953702 0
    outer loop
      vertex 16.7362 -31.7662 20
      vertex 16.7362 -31.7662 0
      vertex 16.0706 -31.9761 20
    endloop
  endfacet
  facet normal -0.21649 0.976285 0
    outer loop
      vertex 15.3892 -32.1272 0
      vertex 15.3892 -32.1272 20
      vertex 16.0706 -31.9761 0
    endloop
  endfacet
  facet normal -0.21649 0.976285 0
    outer loop
      vertex 16.0706 -31.9761 20
      vertex 16.0706 -31.9761 0
      vertex 15.3892 -32.1272 20
    endloop
  endfacet
  facet normal -0.130521 0.991446 0
    outer loop
      vertex 14.6972 -32.2183 0
      vertex 14.6972 -32.2183 20
      vertex 15.3892 -32.1272 0
    endloop
  endfacet
  facet normal -0.130521 0.991446 0
    outer loop
      vertex 15.3892 -32.1272 20
      vertex 15.3892 -32.1272 0
      vertex 14.6972 -32.2183 20
    endloop
  endfacet
  facet normal -0.0435616 0.999051 0
    outer loop
      vertex 14 -32.2487 0
      vertex 14 -32.2487 20
      vertex 14.6972 -32.2183 0
    endloop
  endfacet
  facet normal -0.0435616 0.999051 0
    outer loop
      vertex 14.6972 -32.2183 20
      vertex 14.6972 -32.2183 0
      vertex 14 -32.2487 20
    endloop
  endfacet
  facet normal 0.0435616 0.999051 -0
    outer loop
      vertex 13.3028 -32.2183 0
      vertex 13.3028 -32.2183 20
      vertex 14 -32.2487 0
    endloop
  endfacet
  facet normal 0.0435616 0.999051 0
    outer loop
      vertex 14 -32.2487 20
      vertex 14 -32.2487 0
      vertex 13.3028 -32.2183 20
    endloop
  endfacet
endsolid OpenSCAD_Model
