solid OpenSCAD_Model
  facet normal 0 0 -1
    outer loop
      vertex 9.92879 51.9358 0
      vertex 15.9042 15.3679 0
      vertex 15.6699 15 0
    endloop
  endfacet
  facet normal 0 0 -1
    outer loop
      vertex 45 25 0
      vertex 60 17.5 0
      vertex 59.5642 17.481 0
    endloop
  endfacet
  facet normal 0 0 -1
    outer loop
      vertex 45 25 0
      vertex 24.981 12.0642 0
      vertex 25 12.5 0
    endloop
  endfacet
  facet normal 0 0 -1
    outer loop
      vertex 0 100 0
      vertex 5.40419 74.8679 0
      vertex 5.16989 74.5 0
    endloop
  endfacet
  facet normal -0 0 -1
    outer loop
      vertex 9.92879 86.9358 0
      vertex 7.78989 76.6985 0
      vertex 9.67159 87.1716 0
    endloop
  endfacet
  facet normal 0 0 -1
    outer loop
      vertex 0 0 0
      vertex 4.519 71.5642 0
      vertex 4.57599 71.1318 0
    endloop
  endfacet
  facet normal -0 0 -1
    outer loop
      vertex 7.78989 76.6985 0
      vertex 7.38689 76.5315 0
      vertex 9.67159 87.1716 0
    endloop
  endfacet
  facet normal 0 0 -1
    outer loop
      vertex 0 100 0
      vertex 11.4647 93.8637 0
      vertex 11.1319 93.7588 0
    endloop
  endfacet
  facet normal -0 0 -1
    outer loop
      vertex 9.67159 87.1716 0
      vertex 7.38689 76.5315 0
      vertex 9.43579 87.4288 0
    endloop
  endfacet
  facet normal 0 0 -1
    outer loop
      vertex 9.43579 87.4288 0
      vertex 7.38689 76.5315 0
      vertex 7 76.3301 0
    endloop
  endfacet
  facet normal 0 0 -1
    outer loop
      vertex 9.22339 87.7057 0
      vertex 7 76.3301 0
      vertex 6.6321 76.0958 0
    endloop
  endfacet
  facet normal 0 -0 -1
    outer loop
      vertex 9.03589 88 0
      vertex 9.22339 87.7057 0
      vertex 6.6321 76.0958 0
    endloop
  endfacet
  facet normal 0 0 -1
    outer loop
      vertex 6.28609 75.8302 0
      vertex 9.03589 88 0
      vertex 6.6321 76.0958 0
    endloop
  endfacet
  facet normal 0 0 -1
    outer loop
      vertex 6.28609 75.8302 0
      vertex 8.87479 88.3095 0
      vertex 9.03589 88 0
    endloop
  endfacet
  facet normal 0 0 -1
    outer loop
      vertex 5.96449 75.5355 0
      vertex 8.7412 88.6319 0
      vertex 8.87479 88.3095 0
    endloop
  endfacet
  facet normal -0 0 -1
    outer loop
      vertex 5.96449 75.5355 0
      vertex 5.6698 75.2139 0
      vertex 8.7412 88.6319 0
    endloop
  endfacet
  facet normal -0 0 -1
    outer loop
      vertex 8.7412 88.6319 0
      vertex 5.6698 75.2139 0
      vertex 8.63629 88.9647 0
    endloop
  endfacet
  facet normal -0 0 -1
    outer loop
      vertex 8.63629 88.9647 0
      vertex 5.6698 75.2139 0
      vertex 0 100 0
    endloop
  endfacet
  facet normal -0 0 -1
    outer loop
      vertex 5.16989 74.5 0
      vertex 4.96849 74.1131 0
      vertex 0 100 0
    endloop
  endfacet
  facet normal 0 0 -1
    outer loop
      vertex 0 100 0
      vertex 4.96849 74.1131 0
      vertex 4.8015 73.7101 0
    endloop
  endfacet
  facet normal 0 0 -1
    outer loop
      vertex 0 0 0
      vertex 0 100 0
      vertex 4.519 71.5642 0
    endloop
  endfacet
  facet normal 0 0 -1
    outer loop
      vertex 8.63629 88.9647 0
      vertex 0 100 0
      vertex 8.56079 89.3054 0
    endloop
  endfacet
  facet normal 0 0 -1
    outer loop
      vertex 8.56079 89.3054 0
      vertex 0 100 0
      vertex 8.5152 89.6514 0
    endloop
  endfacet
  facet normal 0 0 -1
    outer loop
      vertex 8.5152 89.6514 0
      vertex 0 100 0
      vertex 8.5 90 0
    endloop
  endfacet
  facet normal 0 0 -1
    outer loop
      vertex 8.5 90 0
      vertex 0 100 0
      vertex 8.5152 90.3486 0
    endloop
  endfacet
  facet normal 0 0 -1
    outer loop
      vertex 8.5152 90.3486 0
      vertex 0 100 0
      vertex 8.56079 90.6946 0
    endloop
  endfacet
  facet normal 0 0 -1
    outer loop
      vertex 8.56079 90.6946 0
      vertex 0 100 0
      vertex 8.63629 91.0353 0
    endloop
  endfacet
  facet normal 0 0 -1
    outer loop
      vertex 8.63629 91.0353 0
      vertex 0 100 0
      vertex 8.7412 91.3681 0
    endloop
  endfacet
  facet normal 0 0 -1
    outer loop
      vertex 8.7412 91.3681 0
      vertex 0 100 0
      vertex 8.87479 91.6905 0
    endloop
  endfacet
  facet normal 0 0 -1
    outer loop
      vertex 8.87479 91.6905 0
      vertex 0 100 0
      vertex 9.03589 92 0
    endloop
  endfacet
  facet normal 0 0 -1
    outer loop
      vertex 9.03589 92 0
      vertex 0 100 0
      vertex 9.22339 92.2943 0
    endloop
  endfacet
  facet normal 0 0 -1
    outer loop
      vertex 9.22339 92.2943 0
      vertex 0 100 0
      vertex 9.43579 92.5712 0
    endloop
  endfacet
  facet normal 0 0 -1
    outer loop
      vertex 9.43579 92.5712 0
      vertex 0 100 0
      vertex 9.67159 92.8284 0
    endloop
  endfacet
  facet normal 0 0 -1
    outer loop
      vertex 9.67159 92.8284 0
      vertex 0 100 0
      vertex 9.92879 93.0642 0
    endloop
  endfacet
  facet normal 0 0 -1
    outer loop
      vertex 9.92879 93.0642 0
      vertex 0 100 0
      vertex 10.2057 93.2766 0
    endloop
  endfacet
  facet normal 0 0 -1
    outer loop
      vertex 10.2057 93.2766 0
      vertex 0 100 0
      vertex 10.5 93.4641 0
    endloop
  endfacet
  facet normal 0 0 -1
    outer loop
      vertex 10.5 93.4641 0
      vertex 0 100 0
      vertex 10.8095 93.6252 0
    endloop
  endfacet
  facet normal 0 0 -1
    outer loop
      vertex 10.8095 93.6252 0
      vertex 0 100 0
      vertex 11.1319 93.7588 0
    endloop
  endfacet
  facet normal 0 0 -1
    outer loop
      vertex 0 100 0
      vertex 11.8054 93.9392 0
      vertex 11.4647 93.8637 0
    endloop
  endfacet
  facet normal 0 0 -1
    outer loop
      vertex 0 100 0
      vertex 12.1514 93.9848 0
      vertex 11.8054 93.9392 0
    endloop
  endfacet
  facet normal 0 0 -1
    outer loop
      vertex 0 100 0
      vertex 12.5 94 0
      vertex 12.1514 93.9848 0
    endloop
  endfacet
  facet normal 0 0 -1
    outer loop
      vertex 0 100 0
      vertex 25 100 0
      vertex 12.5 94 0
    endloop
  endfacet
  facet normal 0 0 -1
    outer loop
      vertex 12.5 94 0
      vertex 25 100 0
      vertex 12.8486 93.9848 0
    endloop
  endfacet
  facet normal 0 0 -1
    outer loop
      vertex 12.8486 93.9848 0
      vertex 25 100 0
      vertex 13.1946 93.9392 0
    endloop
  endfacet
  facet normal 0 0 -1
    outer loop
      vertex 13.1946 93.9392 0
      vertex 25 100 0
      vertex 13.5353 93.8637 0
    endloop
  endfacet
  facet normal 0 0 -1
    outer loop
      vertex 13.5353 93.8637 0
      vertex 25 100 0
      vertex 13.8681 93.7588 0
    endloop
  endfacet
  facet normal 0 0 -1
    outer loop
      vertex 13.8681 93.7588 0
      vertex 25 100 0
      vertex 14.1905 93.6252 0
    endloop
  endfacet
  facet normal 0 0 -1
    outer loop
      vertex 14.1905 93.6252 0
      vertex 25 100 0
      vertex 14.5 93.4641 0
    endloop
  endfacet
  facet normal 0 0 -1
    outer loop
      vertex 14.5 93.4641 0
      vertex 25 100 0
      vertex 14.7943 93.2766 0
    endloop
  endfacet
  facet normal 0 0 -1
    outer loop
      vertex 14.7943 93.2766 0
      vertex 25 100 0
      vertex 15.0712 93.0642 0
    endloop
  endfacet
  facet normal 0 0 -1
    outer loop
      vertex 15.0712 93.0642 0
      vertex 25 100 0
      vertex 15.3284 92.8284 0
    endloop
  endfacet
  facet normal 0 0 -1
    outer loop
      vertex 15.3284 92.8284 0
      vertex 25 100 0
      vertex 15.5642 92.5712 0
    endloop
  endfacet
  facet normal 0 0 -1
    outer loop
      vertex 15.5642 92.5712 0
      vertex 25 100 0
      vertex 15.7766 92.2943 0
    endloop
  endfacet
  facet normal 0 0 -1
    outer loop
      vertex 15.7766 92.2943 0
      vertex 25 100 0
      vertex 15.9641 92 0
    endloop
  endfacet
  facet normal 0 0 -1
    outer loop
      vertex 15.9641 92 0
      vertex 25 100 0
      vertex 16.1252 91.6905 0
    endloop
  endfacet
  facet normal 0 0 -1
    outer loop
      vertex 25 100 0
      vertex 16.5 90 0
      vertex 16.4848 90.3486 0
    endloop
  endfacet
  facet normal 0 0 -1
    outer loop
      vertex 16.2588 91.3681 0
      vertex 16.1252 91.6905 0
      vertex 25 100 0
    endloop
  endfacet
  facet normal 0 0 -1
    outer loop
      vertex 16.3637 91.0353 0
      vertex 16.2588 91.3681 0
      vertex 25 100 0
    endloop
  endfacet
  facet normal 0 0 -1
    outer loop
      vertex 16.4848 90.3486 0
      vertex 16.4392 90.6946 0
      vertex 25 100 0
    endloop
  endfacet
  facet normal 0 0 -1
    outer loop
      vertex 16.4392 90.6946 0
      vertex 16.3637 91.0353 0
      vertex 25 100 0
    endloop
  endfacet
  facet normal 0 0 -1
    outer loop
      vertex 25 100 0
      vertex 16.4848 89.6514 0
      vertex 16.5 90 0
    endloop
  endfacet
  facet normal 0 0 -1
    outer loop
      vertex 25 100 0
      vertex 16.4392 89.3054 0
      vertex 16.4848 89.6514 0
    endloop
  endfacet
  facet normal 0 0 -1
    outer loop
      vertex 25 100 0
      vertex 16.3637 88.9647 0
      vertex 16.4392 89.3054 0
    endloop
  endfacet
  facet normal 0 0 -1
    outer loop
      vertex 15.5642 87.4288 0
      vertex 15.7766 87.7057 0
      vertex 18 76.3301 0
    endloop
  endfacet
  facet normal 0 0 -1
    outer loop
      vertex 15.3284 87.1716 0
      vertex 17.6131 76.5315 0
      vertex 17.2101 76.6985 0
    endloop
  endfacet
  facet normal 0 0 -1
    outer loop
      vertex 15.3284 87.1716 0
      vertex 15.5642 87.4288 0
      vertex 17.6131 76.5315 0
    endloop
  endfacet
  facet normal 0 0 -1
    outer loop
      vertex 17.2101 76.6985 0
      vertex 15.0712 86.9358 0
      vertex 15.3284 87.1716 0
    endloop
  endfacet
  facet normal 0 0 -1
    outer loop
      vertex 17.2101 76.6985 0
      vertex 16.7941 76.8296 0
      vertex 15.0712 86.9358 0
    endloop
  endfacet
  facet normal 0 -0 -1
    outer loop
      vertex 15.0712 86.9358 0
      vertex 16.7941 76.8296 0
      vertex 14.7943 86.7234 0
    endloop
  endfacet
  facet normal 0 0 -1
    outer loop
      vertex 8.20589 67.1704 0
      vertex 8.63179 67.076 0
      vertex 10.2057 58.2766 0
    endloop
  endfacet
  facet normal 0 0 -1
    outer loop
      vertex 14.5 86.5359 0
      vertex 16.3682 76.924 0
      vertex 15.9358 76.981 0
    endloop
  endfacet
  facet normal 0 0 -1
    outer loop
      vertex 14.1905 86.3748 0
      vertex 14.5 86.5359 0
      vertex 15.9358 76.981 0
    endloop
  endfacet
  facet normal 0 0 -1
    outer loop
      vertex 15.5 77 0
      vertex 14.1905 86.3748 0
      vertex 15.9358 76.981 0
    endloop
  endfacet
  facet normal 0 -0 -1
    outer loop
      vertex 13.5353 86.1363 0
      vertex 15.5 77 0
      vertex 13.1946 86.0608 0
    endloop
  endfacet
  facet normal 0 0 -1
    outer loop
      vertex 9.5 77 0
      vertex 12.5 86 0
      vertex 15.5 77 0
    endloop
  endfacet
  facet normal -0 0 -1
    outer loop
      vertex 11.8054 86.0608 0
      vertex 9.5 77 0
      vertex 11.4647 86.1363 0
    endloop
  endfacet
  facet normal 0 -0 -1
    outer loop
      vertex 10.5 86.5359 0
      vertex 10.8095 86.3748 0
      vertex 9.06419 76.981 0
    endloop
  endfacet
  facet normal 0 0 -1
    outer loop
      vertex 10.2057 86.7234 0
      vertex 8.63179 76.924 0
      vertex 8.20589 76.8296 0
    endloop
  endfacet
  facet normal 0 -0 -1
    outer loop
      vertex 9.92879 86.9358 0
      vertex 10.2057 86.7234 0
      vertex 8.20589 76.8296 0
    endloop
  endfacet
  facet normal 0 0 -1
    outer loop
      vertex 8.20589 67.1704 0
      vertex 10.2057 58.2766 0
      vertex 9.92879 58.0642 0
    endloop
  endfacet
  facet normal 0 0 -1
    outer loop
      vertex 18 76.3301 0
      vertex 17.6131 76.5315 0
      vertex 15.5642 87.4288 0
    endloop
  endfacet
  facet normal 0 0 -1
    outer loop
      vertex 6.6321 67.9042 0
      vertex 7 67.6699 0
      vertex 9.22339 57.2943 0
    endloop
  endfacet
  facet normal 0 0 -1
    outer loop
      vertex 8.63179 76.924 0
      vertex 10.2057 86.7234 0
      vertex 10.5 86.5359 0
    endloop
  endfacet
  facet normal 0 0 -1
    outer loop
      vertex 9.03589 57 0
      vertex 6.6321 67.9042 0
      vertex 9.22339 57.2943 0
    endloop
  endfacet
  facet normal 0 0 -1
    outer loop
      vertex 8.87479 56.6905 0
      vertex 6.28609 68.1698 0
      vertex 6.6321 67.9042 0
    endloop
  endfacet
  facet normal -0 0 -1
    outer loop
      vertex 8.87479 56.6905 0
      vertex 8.7412 56.3681 0
      vertex 6.28609 68.1698 0
    endloop
  endfacet
  facet normal -0 0 -1
    outer loop
      vertex 8.7412 56.3681 0
      vertex 8.63629 56.0353 0
      vertex 5.96449 68.4645 0
    endloop
  endfacet
  facet normal -0 -0 -1
    outer loop
      vertex 5.96449 68.4645 0
      vertex 8.63629 56.0353 0
      vertex 5.6698 68.7861 0
    endloop
  endfacet
  facet normal 0 0 -1
    outer loop
      vertex 5.6698 68.7861 0
      vertex 8.63629 56.0353 0
      vertex 8.56079 55.6946 0
    endloop
  endfacet
  facet normal 0 0 -1
    outer loop
      vertex 5.40419 69.1321 0
      vertex 8.56079 55.6946 0
      vertex 8.5152 55.3486 0
    endloop
  endfacet
  facet normal 0 0 -1
    outer loop
      vertex 5.16989 69.5 0
      vertex 5.40419 69.1321 0
      vertex 8.5152 55.3486 0
    endloop
  endfacet
  facet normal 0 0 -1
    outer loop
      vertex 8.5 55 0
      vertex 5.16989 69.5 0
      vertex 8.5152 55.3486 0
    endloop
  endfacet
  facet normal 0 0 -1
    outer loop
      vertex 8.5 55 0
      vertex 4.96849 69.8869 0
      vertex 5.16989 69.5 0
    endloop
  endfacet
  facet normal -0 -0 -1
    outer loop
      vertex 8.5 55 0
      vertex 8.5152 54.6514 0
      vertex 4.96849 69.8869 0
    endloop
  endfacet
  facet normal -0 -0 -1
    outer loop
      vertex 8.5152 54.6514 0
      vertex 8.56079 54.3054 0
      vertex 4.8015 70.2899 0
    endloop
  endfacet
  facet normal 0 -0 -1
    outer loop
      vertex 4.8015 70.2899 0
      vertex 8.56079 54.3054 0
      vertex 0 0 0
    endloop
  endfacet
  facet normal 0 0 -1
    outer loop
      vertex 0 0 0
      vertex 8.56079 54.3054 0
      vertex 8.63629 53.9647 0
    endloop
  endfacet
  facet normal 0 0 -1
    outer loop
      vertex 0 0 0
      vertex 4.67039 70.7059 0
      vertex 4.8015 70.2899 0
    endloop
  endfacet
  facet normal 0 0 -1
    outer loop
      vertex 0 0 0
      vertex 4.57599 71.1318 0
      vertex 4.67039 70.7059 0
    endloop
  endfacet
  facet normal 0 0 -1
    outer loop
      vertex 4.519 71.5642 0
      vertex 0 100 0
      vertex 4.5 72 0
    endloop
  endfacet
  facet normal 0 0 -1
    outer loop
      vertex 4.5 72 0
      vertex 0 100 0
      vertex 4.519 72.4358 0
    endloop
  endfacet
  facet normal 0 0 -1
    outer loop
      vertex 4.519 72.4358 0
      vertex 0 100 0
      vertex 4.57599 72.8682 0
    endloop
  endfacet
  facet normal 0 0 -1
    outer loop
      vertex 4.57599 72.8682 0
      vertex 0 100 0
      vertex 4.67039 73.2941 0
    endloop
  endfacet
  facet normal 0 0 -1
    outer loop
      vertex 4.67039 73.2941 0
      vertex 0 100 0
      vertex 4.8015 73.7101 0
    endloop
  endfacet
  facet normal -0 0 -1
    outer loop
      vertex 5.6698 75.2139 0
      vertex 5.40419 74.8679 0
      vertex 0 100 0
    endloop
  endfacet
  facet normal 0 0 -1
    outer loop
      vertex 5.96449 75.5355 0
      vertex 8.87479 88.3095 0
      vertex 6.28609 75.8302 0
    endloop
  endfacet
  facet normal -0 0 -1
    outer loop
      vertex 9.43579 87.4288 0
      vertex 7 76.3301 0
      vertex 9.22339 87.7057 0
    endloop
  endfacet
  facet normal 0 0 -1
    outer loop
      vertex 9.92879 86.9358 0
      vertex 8.20589 76.8296 0
      vertex 7.78989 76.6985 0
    endloop
  endfacet
  facet normal -0 0 -1
    outer loop
      vertex 9.06419 76.981 0
      vertex 8.63179 76.924 0
      vertex 10.5 86.5359 0
    endloop
  endfacet
  facet normal -0 0 -1
    outer loop
      vertex 9.5 77 0
      vertex 9.06419 76.981 0
      vertex 10.8095 86.3748 0
    endloop
  endfacet
  facet normal -0 0 -1
    outer loop
      vertex 11.1319 86.2412 0
      vertex 9.5 77 0
      vertex 10.8095 86.3748 0
    endloop
  endfacet
  facet normal 0 -0 -1
    outer loop
      vertex 11.1319 86.2412 0
      vertex 11.4647 86.1363 0
      vertex 9.5 77 0
    endloop
  endfacet
  facet normal 0 0 -1
    outer loop
      vertex 9.5 77 0
      vertex 11.8054 86.0608 0
      vertex 12.1514 86.0152 0
    endloop
  endfacet
  facet normal -0 0 -1
    outer loop
      vertex 12.5 86 0
      vertex 9.5 77 0
      vertex 12.1514 86.0152 0
    endloop
  endfacet
  facet normal 0 -0 -1
    outer loop
      vertex 12.8486 86.0152 0
      vertex 15.5 77 0
      vertex 12.5 86 0
    endloop
  endfacet
  facet normal 0 0 -1
    outer loop
      vertex 12.8486 86.0152 0
      vertex 13.1946 86.0608 0
      vertex 15.5 77 0
    endloop
  endfacet
  facet normal 0 0 -1
    outer loop
      vertex 15.5 77 0
      vertex 13.5353 86.1363 0
      vertex 13.8681 86.2412 0
    endloop
  endfacet
  facet normal 0 -0 -1
    outer loop
      vertex 14.1905 86.3748 0
      vertex 15.5 77 0
      vertex 13.8681 86.2412 0
    endloop
  endfacet
  facet normal 0 0 -1
    outer loop
      vertex 14.7943 86.7234 0
      vertex 16.7941 76.8296 0
      vertex 16.3682 76.924 0
    endloop
  endfacet
  facet normal 0 -0 -1
    outer loop
      vertex 14.7943 86.7234 0
      vertex 16.3682 76.924 0
      vertex 14.5 86.5359 0
    endloop
  endfacet
  facet normal 0 0 -1
    outer loop
      vertex 18.3679 76.0958 0
      vertex 18 76.3301 0
      vertex 15.7766 87.7057 0
    endloop
  endfacet
  facet normal 0 -0 -1
    outer loop
      vertex 15.9641 88 0
      vertex 18.3679 76.0958 0
      vertex 15.7766 87.7057 0
    endloop
  endfacet
  facet normal 0 0 -1
    outer loop
      vertex 15.9641 88 0
      vertex 18.7139 75.8302 0
      vertex 18.3679 76.0958 0
    endloop
  endfacet
  facet normal 0 0 -1
    outer loop
      vertex 15.9641 88 0
      vertex 16.1252 88.3095 0
      vertex 18.7139 75.8302 0
    endloop
  endfacet
  facet normal 0 0 -1
    outer loop
      vertex 18.7139 75.8302 0
      vertex 16.1252 88.3095 0
      vertex 19.0355 75.5355 0
    endloop
  endfacet
  facet normal 0 0 -1
    outer loop
      vertex 19.0355 75.5355 0
      vertex 16.1252 88.3095 0
      vertex 16.2588 88.6319 0
    endloop
  endfacet
  facet normal 0 0 -1
    outer loop
      vertex 19.3302 75.2139 0
      vertex 19.0355 75.5355 0
      vertex 16.2588 88.6319 0
    endloop
  endfacet
  facet normal 0 -0 -1
    outer loop
      vertex 16.3637 88.9647 0
      vertex 19.3302 75.2139 0
      vertex 16.2588 88.6319 0
    endloop
  endfacet
  facet normal 0 0 -1
    outer loop
      vertex 16.3637 88.9647 0
      vertex 25 100 0
      vertex 19.3302 75.2139 0
    endloop
  endfacet
  facet normal 0 0 -1
    outer loop
      vertex 19.3302 75.2139 0
      vertex 25 100 0
      vertex 19.5958 74.8679 0
    endloop
  endfacet
  facet normal 0 0 -1
    outer loop
      vertex 19.5958 74.8679 0
      vertex 25 100 0
      vertex 19.8301 74.5 0
    endloop
  endfacet
  facet normal 0 0 -1
    outer loop
      vertex 19.8301 74.5 0
      vertex 25 100 0
      vertex 20.0315 74.1131 0
    endloop
  endfacet
  facet normal 0 0 -1
    outer loop
      vertex 20.0315 74.1131 0
      vertex 25 100 0
      vertex 20.1985 73.7101 0
    endloop
  endfacet
  facet normal 0 0 -1
    outer loop
      vertex 20.1985 73.7101 0
      vertex 25 100 0
      vertex 20.3296 73.2941 0
    endloop
  endfacet
  facet normal 0 0 -1
    outer loop
      vertex 20.3296 73.2941 0
      vertex 25 100 0
      vertex 20.424 72.8682 0
    endloop
  endfacet
  facet normal 0 0 -1
    outer loop
      vertex 20.424 72.8682 0
      vertex 25 100 0
      vertex 20.481 72.4358 0
    endloop
  endfacet
  facet normal 0 0 -1
    outer loop
      vertex 20.5 72 0
      vertex 20.481 72.4358 0
      vertex 25 100 0
    endloop
  endfacet
  facet normal 0 0 -1
    outer loop
      vertex 25 45 0
      vertex 20.5 72 0
      vertex 25 100 0
    endloop
  endfacet
  facet normal 0 0 -1
    outer loop
      vertex 25 45 0
      vertex 20.481 71.5642 0
      vertex 20.5 72 0
    endloop
  endfacet
  facet normal 0 0 -1
    outer loop
      vertex 25 45 0
      vertex 20.424 71.1318 0
      vertex 20.481 71.5642 0
    endloop
  endfacet
  facet normal 0 0 -1
    outer loop
      vertex 25 45 0
      vertex 20.3296 70.7059 0
      vertex 20.424 71.1318 0
    endloop
  endfacet
  facet normal 0 0 -1
    outer loop
      vertex 25 45 0
      vertex 20.1985 70.2899 0
      vertex 20.3296 70.7059 0
    endloop
  endfacet
  facet normal 0 0 -1
    outer loop
      vertex 25 45 0
      vertex 20.0315 69.8869 0
      vertex 20.1985 70.2899 0
    endloop
  endfacet
  facet normal 0 0 -1
    outer loop
      vertex 25 45 0
      vertex 19.8301 69.5 0
      vertex 20.0315 69.8869 0
    endloop
  endfacet
  facet normal 0 0 -1
    outer loop
      vertex 25 45 0
      vertex 19.5958 69.1321 0
      vertex 19.8301 69.5 0
    endloop
  endfacet
  facet normal 0 0 -1
    outer loop
      vertex 25 45 0
      vertex 19.3302 68.7861 0
      vertex 19.5958 69.1321 0
    endloop
  endfacet
  facet normal 0 0 -1
    outer loop
      vertex 16.1252 56.6905 0
      vertex 15.9641 57 0
      vertex 18.3679 67.9042 0
    endloop
  endfacet
  facet normal 0 0 -1
    outer loop
      vertex 15.3284 57.8284 0
      vertex 17.6131 67.4685 0
      vertex 15.5642 57.5712 0
    endloop
  endfacet
  facet normal 0 -0 -1
    outer loop
      vertex 16.7941 67.1704 0
      vertex 17.2101 67.3015 0
      vertex 15.0712 58.0642 0
    endloop
  endfacet
  facet normal 0 0 -1
    outer loop
      vertex 16.3682 67.076 0
      vertex 14.5 58.4641 0
      vertex 15.9358 67.019 0
    endloop
  endfacet
  facet normal 0 0 -1
    outer loop
      vertex 13.8681 58.7588 0
      vertex 13.5353 58.8637 0
      vertex 15.5 67 0
    endloop
  endfacet
  facet normal -0 0 -1
    outer loop
      vertex 15.5 67 0
      vertex 12.5 59 0
      vertex 9.5 67 0
    endloop
  endfacet
  facet normal 0 0 -1
    outer loop
      vertex 9.5 67 0
      vertex 11.8054 58.9392 0
      vertex 11.4647 58.8637 0
    endloop
  endfacet
  facet normal 0 0 -1
    outer loop
      vertex 9.06419 67.019 0
      vertex 10.8095 58.6252 0
      vertex 10.5 58.4641 0
    endloop
  endfacet
  facet normal 0 0 -1
    outer loop
      vertex 8.63179 67.076 0
      vertex 10.5 58.4641 0
      vertex 10.2057 58.2766 0
    endloop
  endfacet
  facet normal 0 0 -1
    outer loop
      vertex 11.1319 51.2412 0
      vertex 11.4647 51.1363 0
      vertex 17.1321 16.5958 0
    endloop
  endfacet
  facet normal 0 0 -1
    outer loop
      vertex 13.5353 58.8637 0
      vertex 13.1946 58.9392 0
      vertex 15.5 67 0
    endloop
  endfacet
  facet normal -0 -0 -1
    outer loop
      vertex 9.92879 51.9358 0
      vertex 15.6699 15 0
      vertex 9.67159 52.1716 0
    endloop
  endfacet
  facet normal -0 -0 -1
    outer loop
      vertex 9.06419 67.019 0
      vertex 10.5 58.4641 0
      vertex 8.63179 67.076 0
    endloop
  endfacet
  facet normal 0 0 -1
    outer loop
      vertex 9.67159 52.1716 0
      vertex 15.6699 15 0
      vertex 15.4685 14.6131 0
    endloop
  endfacet
  facet normal 0 0 -1
    outer loop
      vertex 0 0 0
      vertex 9.67159 52.1716 0
      vertex 15.4685 14.6131 0
    endloop
  endfacet
  facet normal -0 0 -1
    outer loop
      vertex 15.3015 14.2101 0
      vertex 0 0 0
      vertex 15.4685 14.6131 0
    endloop
  endfacet
  facet normal 0 0 -1
    outer loop
      vertex 15.3015 14.2101 0
      vertex 15.1704 13.7941 0
      vertex 0 0 0
    endloop
  endfacet
  facet normal 0 0 -1
    outer loop
      vertex 0 0 0
      vertex 15.1704 13.7941 0
      vertex 15.076 13.3682 0
    endloop
  endfacet
  facet normal -0 0 -1
    outer loop
      vertex 15.019 12.9358 0
      vertex 0 0 0
      vertex 15.076 13.3682 0
    endloop
  endfacet
  facet normal 0 0 -1
    outer loop
      vertex 0 0 0
      vertex 15 12.5 0
      vertex 15.019 12.0642 0
    endloop
  endfacet
  facet normal 0 0 -1
    outer loop
      vertex 0 0 0
      vertex 15.019 12.9358 0
      vertex 15 12.5 0
    endloop
  endfacet
  facet normal 0 0 -1
    outer loop
      vertex 0 0 0
      vertex 9.43579 52.4288 0
      vertex 9.67159 52.1716 0
    endloop
  endfacet
  facet normal 0 0 -1
    outer loop
      vertex 0 0 0
      vertex 9.22339 52.7057 0
      vertex 9.43579 52.4288 0
    endloop
  endfacet
  facet normal 0 0 -1
    outer loop
      vertex 0 0 0
      vertex 9.03589 53 0
      vertex 9.22339 52.7057 0
    endloop
  endfacet
  facet normal 0 0 -1
    outer loop
      vertex 0 0 0
      vertex 8.87479 53.3095 0
      vertex 9.03589 53 0
    endloop
  endfacet
  facet normal 0 0 -1
    outer loop
      vertex 0 0 0
      vertex 8.7412 53.6319 0
      vertex 8.87479 53.3095 0
    endloop
  endfacet
  facet normal 0 0 -1
    outer loop
      vertex 0 0 0
      vertex 8.63629 53.9647 0
      vertex 8.7412 53.6319 0
    endloop
  endfacet
  facet normal 0 0 -1
    outer loop
      vertex 8.5152 54.6514 0
      vertex 4.8015 70.2899 0
      vertex 4.96849 69.8869 0
    endloop
  endfacet
  facet normal -0 -0 -1
    outer loop
      vertex 5.6698 68.7861 0
      vertex 8.56079 55.6946 0
      vertex 5.40419 69.1321 0
    endloop
  endfacet
  facet normal 0 0 -1
    outer loop
      vertex 8.7412 56.3681 0
      vertex 5.96449 68.4645 0
      vertex 6.28609 68.1698 0
    endloop
  endfacet
  facet normal 0 0 -1
    outer loop
      vertex 8.87479 56.6905 0
      vertex 6.6321 67.9042 0
      vertex 9.03589 57 0
    endloop
  endfacet
  facet normal 0 0 -1
    outer loop
      vertex 7 67.6699 0
      vertex 9.43579 57.5712 0
      vertex 9.22339 57.2943 0
    endloop
  endfacet
  facet normal 0 0 -1
    outer loop
      vertex 7 67.6699 0
      vertex 7.38689 67.4685 0
      vertex 9.43579 57.5712 0
    endloop
  endfacet
  facet normal 0 0 -1
    outer loop
      vertex 9.43579 57.5712 0
      vertex 7.38689 67.4685 0
      vertex 9.67159 57.8284 0
    endloop
  endfacet
  facet normal 0 0 -1
    outer loop
      vertex 9.67159 57.8284 0
      vertex 7.38689 67.4685 0
      vertex 7.78989 67.3015 0
    endloop
  endfacet
  facet normal -0 0 -1
    outer loop
      vertex 9.92879 58.0642 0
      vertex 9.67159 57.8284 0
      vertex 7.78989 67.3015 0
    endloop
  endfacet
  facet normal -0 -0 -1
    outer loop
      vertex 8.20589 67.1704 0
      vertex 9.92879 58.0642 0
      vertex 7.78989 67.3015 0
    endloop
  endfacet
  facet normal -0 -0 -1
    outer loop
      vertex 9.5 67 0
      vertex 10.8095 58.6252 0
      vertex 9.06419 67.019 0
    endloop
  endfacet
  facet normal 0 0 -1
    outer loop
      vertex 9.5 67 0
      vertex 11.1319 58.7588 0
      vertex 10.8095 58.6252 0
    endloop
  endfacet
  facet normal 0 0 -1
    outer loop
      vertex 9.5 67 0
      vertex 11.4647 58.8637 0
      vertex 11.1319 58.7588 0
    endloop
  endfacet
  facet normal -0 0 -1
    outer loop
      vertex 12.1514 58.9848 0
      vertex 11.8054 58.9392 0
      vertex 9.5 67 0
    endloop
  endfacet
  facet normal -0 0 -1
    outer loop
      vertex 12.5 59 0
      vertex 12.1514 58.9848 0
      vertex 9.5 67 0
    endloop
  endfacet
  facet normal 0 0 -1
    outer loop
      vertex 12.8486 58.9848 0
      vertex 12.5 59 0
      vertex 15.5 67 0
    endloop
  endfacet
  facet normal 0 0 -1
    outer loop
      vertex 13.1946 58.9392 0
      vertex 12.8486 58.9848 0
      vertex 15.5 67 0
    endloop
  endfacet
  facet normal 0 0 -1
    outer loop
      vertex 16.2588 56.3681 0
      vertex 18.7139 68.1698 0
      vertex 19.0355 68.4645 0
    endloop
  endfacet
  facet normal 0 0 -1
    outer loop
      vertex 13.8681 58.7588 0
      vertex 15.5 67 0
      vertex 14.1905 58.6252 0
    endloop
  endfacet
  facet normal 0 0 -1
    outer loop
      vertex 14.1905 58.6252 0
      vertex 15.5 67 0
      vertex 15.9358 67.019 0
    endloop
  endfacet
  facet normal 0 0 -1
    outer loop
      vertex 14.5 58.4641 0
      vertex 14.1905 58.6252 0
      vertex 15.9358 67.019 0
    endloop
  endfacet
  facet normal 0 0 -1
    outer loop
      vertex 14.7943 58.2766 0
      vertex 14.5 58.4641 0
      vertex 16.3682 67.076 0
    endloop
  endfacet
  facet normal 0 0 -1
    outer loop
      vertex 16.7941 67.1704 0
      vertex 14.7943 58.2766 0
      vertex 16.3682 67.076 0
    endloop
  endfacet
  facet normal 0 0 -1
    outer loop
      vertex 16.7941 67.1704 0
      vertex 15.0712 58.0642 0
      vertex 14.7943 58.2766 0
    endloop
  endfacet
  facet normal 0 0 -1
    outer loop
      vertex 17.2101 67.3015 0
      vertex 15.3284 57.8284 0
      vertex 15.0712 58.0642 0
    endloop
  endfacet
  facet normal 0 -0 -1
    outer loop
      vertex 17.2101 67.3015 0
      vertex 17.6131 67.4685 0
      vertex 15.3284 57.8284 0
    endloop
  endfacet
  facet normal 0 -0 -1
    outer loop
      vertex 17.6131 67.4685 0
      vertex 18 67.6699 0
      vertex 15.5642 57.5712 0
    endloop
  endfacet
  facet normal 0 0 -1
    outer loop
      vertex 15.5642 57.5712 0
      vertex 18 67.6699 0
      vertex 15.7766 57.2943 0
    endloop
  endfacet
  facet normal 0 0 -1
    outer loop
      vertex 15.7766 57.2943 0
      vertex 18 67.6699 0
      vertex 18.3679 67.9042 0
    endloop
  endfacet
  facet normal 0 0 -1
    outer loop
      vertex 15.9641 57 0
      vertex 15.7766 57.2943 0
      vertex 18.3679 67.9042 0
    endloop
  endfacet
  facet normal 0 0 -1
    outer loop
      vertex 16.1252 56.6905 0
      vertex 18.3679 67.9042 0
      vertex 18.7139 68.1698 0
    endloop
  endfacet
  facet normal 0 0 -1
    outer loop
      vertex 16.2588 56.3681 0
      vertex 16.1252 56.6905 0
      vertex 18.7139 68.1698 0
    endloop
  endfacet
  facet normal 0 0 -1
    outer loop
      vertex 16.3637 56.0353 0
      vertex 16.2588 56.3681 0
      vertex 19.0355 68.4645 0
    endloop
  endfacet
  facet normal 0 0 -1
    outer loop
      vertex 19.3302 68.7861 0
      vertex 16.3637 56.0353 0
      vertex 19.0355 68.4645 0
    endloop
  endfacet
  facet normal 0 0 -1
    outer loop
      vertex 19.3302 68.7861 0
      vertex 16.4392 55.6946 0
      vertex 16.3637 56.0353 0
    endloop
  endfacet
  facet normal 0 -0 -1
    outer loop
      vertex 19.3302 68.7861 0
      vertex 25 45 0
      vertex 16.4392 55.6946 0
    endloop
  endfacet
  facet normal 0 0 -1
    outer loop
      vertex 16.4392 55.6946 0
      vertex 25 45 0
      vertex 16.4848 55.3486 0
    endloop
  endfacet
  facet normal 0 0 -1
    outer loop
      vertex 16.4848 55.3486 0
      vertex 25 45 0
      vertex 16.5 55 0
    endloop
  endfacet
  facet normal 0 -0 -1
    outer loop
      vertex 16.5 55 0
      vertex 25 45 0
      vertex 16.4848 54.6514 0
    endloop
  endfacet
  facet normal 0 -0 -1
    outer loop
      vertex 16.4848 54.6514 0
      vertex 25 45 0
      vertex 16.4392 54.3054 0
    endloop
  endfacet
  facet normal 0 -0 -1
    outer loop
      vertex 16.4392 54.3054 0
      vertex 25 45 0
      vertex 16.3637 53.9647 0
    endloop
  endfacet
  facet normal 0 -0 -1
    outer loop
      vertex 16.3637 53.9647 0
      vertex 25 45 0
      vertex 16.2588 53.6319 0
    endloop
  endfacet
  facet normal 0 -0 -1
    outer loop
      vertex 16.2588 53.6319 0
      vertex 25 45 0
      vertex 16.1252 53.3095 0
    endloop
  endfacet
  facet normal 0 -0 -1
    outer loop
      vertex 16.1252 53.3095 0
      vertex 25 45 0
      vertex 15.9641 53 0
    endloop
  endfacet
  facet normal 0 -0 -1
    outer loop
      vertex 15.9641 53 0
      vertex 25 45 0
      vertex 15.7766 52.7057 0
    endloop
  endfacet
  facet normal 0 -0 -1
    outer loop
      vertex 15.7766 52.7057 0
      vertex 25 45 0
      vertex 15.5642 52.4288 0
    endloop
  endfacet
  facet normal 0 -0 -1
    outer loop
      vertex 15.5642 52.4288 0
      vertex 25 45 0
      vertex 15.3284 52.1716 0
    endloop
  endfacet
  facet normal 0 -0 -1
    outer loop
      vertex 15.3284 52.1716 0
      vertex 25 45 0
      vertex 15.0712 51.9358 0
    endloop
  endfacet
  facet normal 0 -0 -1
    outer loop
      vertex 15.0712 51.9358 0
      vertex 25 45 0
      vertex 14.7943 51.7234 0
    endloop
  endfacet
  facet normal 0 -0 -1
    outer loop
      vertex 14.7943 51.7234 0
      vertex 25 45 0
      vertex 14.5 51.5359 0
    endloop
  endfacet
  facet normal 0 -0 -1
    outer loop
      vertex 14.5 51.5359 0
      vertex 25 45 0
      vertex 14.1905 51.3748 0
    endloop
  endfacet
  facet normal 0 -0 -1
    outer loop
      vertex 14.1905 51.3748 0
      vertex 25 45 0
      vertex 13.8681 51.2412 0
    endloop
  endfacet
  facet normal 0 -0 -1
    outer loop
      vertex 13.8681 51.2412 0
      vertex 25 45 0
      vertex 13.5353 51.1363 0
    endloop
  endfacet
  facet normal 0 -0 -1
    outer loop
      vertex 13.5353 51.1363 0
      vertex 25 45 0
      vertex 13.1946 51.0608 0
    endloop
  endfacet
  facet normal 0 -0 -1
    outer loop
      vertex 13.1946 51.0608 0
      vertex 25 45 0
      vertex 12.8486 51.0152 0
    endloop
  endfacet
  facet normal 0 -0 -1
    outer loop
      vertex 12.8486 51.0152 0
      vertex 25 45 0
      vertex 12.5 51 0
    endloop
  endfacet
  facet normal 0 -0 -1
    outer loop
      vertex 58.7059 7.67039 0
      vertex 59.1318 7.57599 0
      vertex 0 0 0
    endloop
  endfacet
  facet normal 0 0 -1
    outer loop
      vertex 0 0 0
      vertex 19.5642 7.519 0
      vertex 20 7.5 0
    endloop
  endfacet
  facet normal 0 0 -1
    outer loop
      vertex 25 45 0
      vertex 19.5642 17.481 0
      vertex 19.1318 17.424 0
    endloop
  endfacet
  facet normal 0 0 -1
    outer loop
      vertex 0 0 0
      vertex 19.1318 7.57599 0
      vertex 19.5642 7.519 0
    endloop
  endfacet
  facet normal 0 0 -1
    outer loop
      vertex 0 0 0
      vertex 18.7059 7.67039 0
      vertex 19.1318 7.57599 0
    endloop
  endfacet
  facet normal 0 0 -1
    outer loop
      vertex 0 0 0
      vertex 18.2899 7.8015 0
      vertex 18.7059 7.67039 0
    endloop
  endfacet
  facet normal 0 0 -1
    outer loop
      vertex 0 0 0
      vertex 17.8869 7.96849 0
      vertex 18.2899 7.8015 0
    endloop
  endfacet
  facet normal 0 0 -1
    outer loop
      vertex 0 0 0
      vertex 17.5 8.16989 0
      vertex 17.8869 7.96849 0
    endloop
  endfacet
  facet normal 0 0 -1
    outer loop
      vertex 0 0 0
      vertex 17.1321 8.40419 0
      vertex 17.5 8.16989 0
    endloop
  endfacet
  facet normal 0 0 -1
    outer loop
      vertex 0 0 0
      vertex 16.7861 8.6698 0
      vertex 17.1321 8.40419 0
    endloop
  endfacet
  facet normal 0 0 -1
    outer loop
      vertex 0 0 0
      vertex 16.4645 8.96449 0
      vertex 16.7861 8.6698 0
    endloop
  endfacet
  facet normal 0 0 -1
    outer loop
      vertex 0 0 0
      vertex 16.1698 9.28609 0
      vertex 16.4645 8.96449 0
    endloop
  endfacet
  facet normal 0 0 -1
    outer loop
      vertex 0 0 0
      vertex 15.9042 9.6321 0
      vertex 16.1698 9.28609 0
    endloop
  endfacet
  facet normal 0 0 -1
    outer loop
      vertex 0 0 0
      vertex 15.6699 10 0
      vertex 15.9042 9.6321 0
    endloop
  endfacet
  facet normal 0 0 -1
    outer loop
      vertex 0 0 0
      vertex 15.4685 10.3869 0
      vertex 15.6699 10 0
    endloop
  endfacet
  facet normal 0 0 -1
    outer loop
      vertex 0 0 0
      vertex 15.3015 10.7899 0
      vertex 15.4685 10.3869 0
    endloop
  endfacet
  facet normal 0 0 -1
    outer loop
      vertex 0 0 0
      vertex 15.1704 11.2059 0
      vertex 15.3015 10.7899 0
    endloop
  endfacet
  facet normal 0 0 -1
    outer loop
      vertex 0 0 0
      vertex 15.076 11.6318 0
      vertex 15.1704 11.2059 0
    endloop
  endfacet
  facet normal 0 0 -1
    outer loop
      vertex 0 0 0
      vertex 15.019 12.0642 0
      vertex 15.076 11.6318 0
    endloop
  endfacet
  facet normal 0 0 -1
    outer loop
      vertex 9.92879 51.9358 0
      vertex 10.2057 51.7234 0
      vertex 15.9042 15.3679 0
    endloop
  endfacet
  facet normal 0 0 -1
    outer loop
      vertex 15.9042 15.3679 0
      vertex 10.2057 51.7234 0
      vertex 16.1698 15.7139 0
    endloop
  endfacet
  facet normal 0 0 -1
    outer loop
      vertex 16.1698 15.7139 0
      vertex 10.2057 51.7234 0
      vertex 10.5 51.5359 0
    endloop
  endfacet
  facet normal -0 0 -1
    outer loop
      vertex 16.4645 16.0355 0
      vertex 16.1698 15.7139 0
      vertex 10.5 51.5359 0
    endloop
  endfacet
  facet normal -0 -0 -1
    outer loop
      vertex 10.8095 51.3748 0
      vertex 16.4645 16.0355 0
      vertex 10.5 51.5359 0
    endloop
  endfacet
  facet normal 0 0 -1
    outer loop
      vertex 10.8095 51.3748 0
      vertex 16.7861 16.3302 0
      vertex 16.4645 16.0355 0
    endloop
  endfacet
  facet normal 0 0 -1
    outer loop
      vertex 10.8095 51.3748 0
      vertex 11.1319 51.2412 0
      vertex 16.7861 16.3302 0
    endloop
  endfacet
  facet normal 0 0 -1
    outer loop
      vertex 16.7861 16.3302 0
      vertex 11.1319 51.2412 0
      vertex 17.1321 16.5958 0
    endloop
  endfacet
  facet normal 0 0 -1
    outer loop
      vertex 17.1321 16.5958 0
      vertex 11.4647 51.1363 0
      vertex 17.5 16.8301 0
    endloop
  endfacet
  facet normal 0 0 -1
    outer loop
      vertex 17.5 16.8301 0
      vertex 11.4647 51.1363 0
      vertex 11.8054 51.0608 0
    endloop
  endfacet
  facet normal -0 0 -1
    outer loop
      vertex 17.8869 17.0315 0
      vertex 17.5 16.8301 0
      vertex 11.8054 51.0608 0
    endloop
  endfacet
  facet normal -0 -0 -1
    outer loop
      vertex 12.1514 51.0152 0
      vertex 17.8869 17.0315 0
      vertex 11.8054 51.0608 0
    endloop
  endfacet
  facet normal 0 0 -1
    outer loop
      vertex 12.1514 51.0152 0
      vertex 18.2899 17.1985 0
      vertex 17.8869 17.0315 0
    endloop
  endfacet
  facet normal 0 0 -1
    outer loop
      vertex 12.1514 51.0152 0
      vertex 12.5 51 0
      vertex 18.2899 17.1985 0
    endloop
  endfacet
  facet normal 0 0 -1
    outer loop
      vertex 18.2899 17.1985 0
      vertex 12.5 51 0
      vertex 25 45 0
    endloop
  endfacet
  facet normal -0 0 -1
    outer loop
      vertex 19.1318 17.424 0
      vertex 18.7059 17.3296 0
      vertex 25 45 0
    endloop
  endfacet
  facet normal -0 0 -1
    outer loop
      vertex 18.7059 17.3296 0
      vertex 18.2899 17.1985 0
      vertex 25 45 0
    endloop
  endfacet
  facet normal 0 0 -1
    outer loop
      vertex 25 45 0
      vertex 20 17.5 0
      vertex 19.5642 17.481 0
    endloop
  endfacet
  facet normal 0 0 -1
    outer loop
      vertex 25 45 0
      vertex 20.4358 17.481 0
      vertex 20 17.5 0
    endloop
  endfacet
  facet normal 0 0 -1
    outer loop
      vertex 25 45 0
      vertex 20.8682 17.424 0
      vertex 20.4358 17.481 0
    endloop
  endfacet
  facet normal 0 0 -1
    outer loop
      vertex 25 45 0
      vertex 21.2941 17.3296 0
      vertex 20.8682 17.424 0
    endloop
  endfacet
  facet normal 0 0 -1
    outer loop
      vertex 25 45 0
      vertex 21.7101 17.1985 0
      vertex 21.2941 17.3296 0
    endloop
  endfacet
  facet normal 0 0 -1
    outer loop
      vertex 25 45 0
      vertex 22.1131 17.0315 0
      vertex 21.7101 17.1985 0
    endloop
  endfacet
  facet normal 0 0 -1
    outer loop
      vertex 25 45 0
      vertex 22.5 16.8301 0
      vertex 22.1131 17.0315 0
    endloop
  endfacet
  facet normal 0 -0 -1
    outer loop
      vertex 25 45 0
      vertex 45 25 0
      vertex 22.5 16.8301 0
    endloop
  endfacet
  facet normal 0 0 -1
    outer loop
      vertex 22.5 16.8301 0
      vertex 45 25 0
      vertex 22.8679 16.5958 0
    endloop
  endfacet
  facet normal 0 0 -1
    outer loop
      vertex 22.8679 16.5958 0
      vertex 45 25 0
      vertex 23.2139 16.3302 0
    endloop
  endfacet
  facet normal 0 0 -1
    outer loop
      vertex 23.2139 16.3302 0
      vertex 45 25 0
      vertex 23.5355 16.0355 0
    endloop
  endfacet
  facet normal 0 0 -1
    outer loop
      vertex 23.5355 16.0355 0
      vertex 45 25 0
      vertex 23.8302 15.7139 0
    endloop
  endfacet
  facet normal 0 0 -1
    outer loop
      vertex 23.8302 15.7139 0
      vertex 45 25 0
      vertex 24.0958 15.3679 0
    endloop
  endfacet
  facet normal 0 0 -1
    outer loop
      vertex 24.0958 15.3679 0
      vertex 45 25 0
      vertex 24.3301 15 0
    endloop
  endfacet
  facet normal 0 0 -1
    outer loop
      vertex 24.3301 15 0
      vertex 45 25 0
      vertex 24.5315 14.6131 0
    endloop
  endfacet
  facet normal 0 0 -1
    outer loop
      vertex 24.5315 14.6131 0
      vertex 45 25 0
      vertex 24.6985 14.2101 0
    endloop
  endfacet
  facet normal 0 0 -1
    outer loop
      vertex 24.6985 14.2101 0
      vertex 45 25 0
      vertex 24.8296 13.7941 0
    endloop
  endfacet
  facet normal 0 0 -1
    outer loop
      vertex 24.8296 13.7941 0
      vertex 45 25 0
      vertex 24.924 13.3682 0
    endloop
  endfacet
  facet normal 0 0 -1
    outer loop
      vertex 24.924 13.3682 0
      vertex 45 25 0
      vertex 24.981 12.9358 0
    endloop
  endfacet
  facet normal 0 0 -1
    outer loop
      vertex 24.981 12.9358 0
      vertex 45 25 0
      vertex 25 12.5 0
    endloop
  endfacet
  facet normal 0 0 -1
    outer loop
      vertex 55.4685 10.3869 0
      vertex 24.5315 10.3869 0
      vertex 55.3015 10.7899 0
    endloop
  endfacet
  facet normal 0 0 -1
    outer loop
      vertex 23.2139 8.6698 0
      vertex 56.4645 8.96449 0
      vertex 56.7861 8.6698 0
    endloop
  endfacet
  facet normal 0 0 -1
    outer loop
      vertex 22.8679 8.40419 0
      vertex 23.2139 8.6698 0
      vertex 56.7861 8.6698 0
    endloop
  endfacet
  facet normal 0 0 -1
    outer loop
      vertex 57.1321 8.40419 0
      vertex 22.8679 8.40419 0
      vertex 56.7861 8.6698 0
    endloop
  endfacet
  facet normal -0 0 -1
    outer loop
      vertex 57.1321 8.40419 0
      vertex 22.5 8.16989 0
      vertex 22.8679 8.40419 0
    endloop
  endfacet
  facet normal 0 -0 -1
    outer loop
      vertex 57.1321 8.40419 0
      vertex 57.5 8.16989 0
      vertex 22.5 8.16989 0
    endloop
  endfacet
  facet normal 0 0 -1
    outer loop
      vertex 22.5 8.16989 0
      vertex 57.5 8.16989 0
      vertex 57.8869 7.96849 0
    endloop
  endfacet
  facet normal 0 0 -1
    outer loop
      vertex 96.7861 16.3302 0
      vertex 62.8679 16.5958 0
      vertex 97.1321 16.5958 0
    endloop
  endfacet
  facet normal 0 0 -1
    outer loop
      vertex 21.7101 7.8015 0
      vertex 57.8869 7.96849 0
      vertex 58.2899 7.8015 0
    endloop
  endfacet
  facet normal 0 0 -1
    outer loop
      vertex 21.2941 7.67039 0
      vertex 21.7101 7.8015 0
      vertex 58.2899 7.8015 0
    endloop
  endfacet
  facet normal 0 0 -1
    outer loop
      vertex 58.7059 7.67039 0
      vertex 21.2941 7.67039 0
      vertex 58.2899 7.8015 0
    endloop
  endfacet
  facet normal -0 0 -1
    outer loop
      vertex 58.7059 7.67039 0
      vertex 0 0 0
      vertex 21.2941 7.67039 0
    endloop
  endfacet
  facet normal 0 0 -1
    outer loop
      vertex 120 0 0
      vertex 0 0 0
      vertex 60 7.5 0
    endloop
  endfacet
  facet normal 0 0 -1
    outer loop
      vertex 0 0 0
      vertex 59.1318 7.57599 0
      vertex 59.5642 7.519 0
    endloop
  endfacet
  facet normal -0 0 -1
    outer loop
      vertex 60 7.5 0
      vertex 0 0 0
      vertex 59.5642 7.519 0
    endloop
  endfacet
  facet normal 0 0 -1
    outer loop
      vertex 21.2941 7.67039 0
      vertex 0 0 0
      vertex 20.8682 7.57599 0
    endloop
  endfacet
  facet normal 0 0 -1
    outer loop
      vertex 20.8682 7.57599 0
      vertex 0 0 0
      vertex 20.4358 7.519 0
    endloop
  endfacet
  facet normal 0 0 -1
    outer loop
      vertex 20.4358 7.519 0
      vertex 0 0 0
      vertex 20 7.5 0
    endloop
  endfacet
  facet normal 0 -0 -1
    outer loop
      vertex 22.1131 7.96849 0
      vertex 57.8869 7.96849 0
      vertex 21.7101 7.8015 0
    endloop
  endfacet
  facet normal 0 0 -1
    outer loop
      vertex 22.1131 7.96849 0
      vertex 22.5 8.16989 0
      vertex 57.8869 7.96849 0
    endloop
  endfacet
  facet normal 0 0 -1
    outer loop
      vertex 23.2139 8.6698 0
      vertex 23.5355 8.96449 0
      vertex 56.4645 8.96449 0
    endloop
  endfacet
  facet normal 0 0 -1
    outer loop
      vertex 56.4645 8.96449 0
      vertex 23.5355 8.96449 0
      vertex 56.1698 9.28609 0
    endloop
  endfacet
  facet normal -0 0 -1
    outer loop
      vertex 56.1698 9.28609 0
      vertex 23.5355 8.96449 0
      vertex 23.8302 9.28609 0
    endloop
  endfacet
  facet normal 0 -0 -1
    outer loop
      vertex 55.9042 9.6321 0
      vertex 56.1698 9.28609 0
      vertex 23.8302 9.28609 0
    endloop
  endfacet
  facet normal 0 -0 -1
    outer loop
      vertex 24.0958 9.6321 0
      vertex 55.9042 9.6321 0
      vertex 23.8302 9.28609 0
    endloop
  endfacet
  facet normal 0 0 -1
    outer loop
      vertex 24.0958 9.6321 0
      vertex 55.6699 10 0
      vertex 55.9042 9.6321 0
    endloop
  endfacet
  facet normal 0 0 -1
    outer loop
      vertex 24.0958 9.6321 0
      vertex 24.3301 10 0
      vertex 55.6699 10 0
    endloop
  endfacet
  facet normal 0 0 -1
    outer loop
      vertex 55.6699 10 0
      vertex 24.3301 10 0
      vertex 55.4685 10.3869 0
    endloop
  endfacet
  facet normal -0 0 -1
    outer loop
      vertex 55.4685 10.3869 0
      vertex 24.3301 10 0
      vertex 24.5315 10.3869 0
    endloop
  endfacet
  facet normal 0 -0 -1
    outer loop
      vertex 55.1704 11.2059 0
      vertex 55.3015 10.7899 0
      vertex 24.6985 10.7899 0
    endloop
  endfacet
  facet normal -0 0 -1
    outer loop
      vertex 55.3015 10.7899 0
      vertex 24.5315 10.3869 0
      vertex 24.6985 10.7899 0
    endloop
  endfacet
  facet normal -0 0 -1
    outer loop
      vertex 55.1704 11.2059 0
      vertex 24.6985 10.7899 0
      vertex 24.8296 11.2059 0
    endloop
  endfacet
  facet normal 0 -0 -1
    outer loop
      vertex 55.076 11.6318 0
      vertex 55.1704 11.2059 0
      vertex 24.8296 11.2059 0
    endloop
  endfacet
  facet normal 0 -0 -1
    outer loop
      vertex 24.924 11.6318 0
      vertex 55.076 11.6318 0
      vertex 24.8296 11.2059 0
    endloop
  endfacet
  facet normal 0 0 -1
    outer loop
      vertex 24.924 11.6318 0
      vertex 55.019 12.0642 0
      vertex 55.076 11.6318 0
    endloop
  endfacet
  facet normal -0 0 -1
    outer loop
      vertex 55.019 12.0642 0
      vertex 24.924 11.6318 0
      vertex 24.981 12.0642 0
    endloop
  endfacet
  facet normal 0 -0 -1
    outer loop
      vertex 45 25 0
      vertex 55.019 12.0642 0
      vertex 24.981 12.0642 0
    endloop
  endfacet
  facet normal 0 0 -1
    outer loop
      vertex 45 25 0
      vertex 55 12.5 0
      vertex 55.019 12.0642 0
    endloop
  endfacet
  facet normal 0 0 -1
    outer loop
      vertex 45 25 0
      vertex 55.019 12.9358 0
      vertex 55 12.5 0
    endloop
  endfacet
  facet normal 0 0 -1
    outer loop
      vertex 45 25 0
      vertex 55.076 13.3682 0
      vertex 55.019 12.9358 0
    endloop
  endfacet
  facet normal 0 0 -1
    outer loop
      vertex 45 25 0
      vertex 55.1704 13.7941 0
      vertex 55.076 13.3682 0
    endloop
  endfacet
  facet normal 0 0 -1
    outer loop
      vertex 45 25 0
      vertex 55.3015 14.2101 0
      vertex 55.1704 13.7941 0
    endloop
  endfacet
  facet normal 0 0 -1
    outer loop
      vertex 45 25 0
      vertex 55.4685 14.6131 0
      vertex 55.3015 14.2101 0
    endloop
  endfacet
  facet normal 0 0 -1
    outer loop
      vertex 45 25 0
      vertex 55.6699 15 0
      vertex 55.4685 14.6131 0
    endloop
  endfacet
  facet normal 0 0 -1
    outer loop
      vertex 45 25 0
      vertex 55.9042 15.3679 0
      vertex 55.6699 15 0
    endloop
  endfacet
  facet normal 0 0 -1
    outer loop
      vertex 45 25 0
      vertex 56.1698 15.7139 0
      vertex 55.9042 15.3679 0
    endloop
  endfacet
  facet normal 0 0 -1
    outer loop
      vertex 45 25 0
      vertex 56.4645 16.0355 0
      vertex 56.1698 15.7139 0
    endloop
  endfacet
  facet normal 0 0 -1
    outer loop
      vertex 45 25 0
      vertex 56.7861 16.3302 0
      vertex 56.4645 16.0355 0
    endloop
  endfacet
  facet normal 0 0 -1
    outer loop
      vertex 45 25 0
      vertex 57.1321 16.5958 0
      vertex 56.7861 16.3302 0
    endloop
  endfacet
  facet normal 0 0 -1
    outer loop
      vertex 45 25 0
      vertex 57.5 16.8301 0
      vertex 57.1321 16.5958 0
    endloop
  endfacet
  facet normal 0 0 -1
    outer loop
      vertex 45 25 0
      vertex 57.8869 17.0315 0
      vertex 57.5 16.8301 0
    endloop
  endfacet
  facet normal 0 0 -1
    outer loop
      vertex 45 25 0
      vertex 58.2899 17.1985 0
      vertex 57.8869 17.0315 0
    endloop
  endfacet
  facet normal 0 0 -1
    outer loop
      vertex 45 25 0
      vertex 58.7059 17.3296 0
      vertex 58.2899 17.1985 0
    endloop
  endfacet
  facet normal 0 0 -1
    outer loop
      vertex 45 25 0
      vertex 59.1318 17.424 0
      vertex 58.7059 17.3296 0
    endloop
  endfacet
  facet normal 0 0 -1
    outer loop
      vertex 45 25 0
      vertex 59.5642 17.481 0
      vertex 59.1318 17.424 0
    endloop
  endfacet
  facet normal 0 0 -1
    outer loop
      vertex 60 17.5 0
      vertex 45 25 0
      vertex 60.4358 17.481 0
    endloop
  endfacet
  facet normal 0 0 -1
    outer loop
      vertex 60.8682 17.424 0
      vertex 60.4358 17.481 0
      vertex 45 25 0
    endloop
  endfacet
  facet normal 0 0 -1
    outer loop
      vertex 61.2941 17.3296 0
      vertex 60.8682 17.424 0
      vertex 45 25 0
    endloop
  endfacet
  facet normal 0 0 -1
    outer loop
      vertex 62.8679 16.5958 0
      vertex 62.5 16.8301 0
      vertex 97.1321 16.5958 0
    endloop
  endfacet
  facet normal 0 0 -1
    outer loop
      vertex 63.8302 15.7139 0
      vertex 63.5355 16.0355 0
      vertex 96.1698 15.7139 0
    endloop
  endfacet
  facet normal 0 0 -1
    outer loop
      vertex 64.0958 15.3679 0
      vertex 95.6699 15 0
      vertex 64.3301 15 0
    endloop
  endfacet
  facet normal 0 0 -1
    outer loop
      vertex 95.1704 13.7941 0
      vertex 64.6985 14.2101 0
      vertex 95.3015 14.2101 0
    endloop
  endfacet
  facet normal 0 0 -1
    outer loop
      vertex 64.924 13.3682 0
      vertex 95.019 12.9358 0
      vertex 64.981 12.9358 0
    endloop
  endfacet
  facet normal 0 0 -1
    outer loop
      vertex 64.924 11.6318 0
      vertex 95.019 12.0642 0
      vertex 95.076 11.6318 0
    endloop
  endfacet
  facet normal 0 -0 -1
    outer loop
      vertex 64.8296 11.2059 0
      vertex 95.1704 11.2059 0
      vertex 64.6985 10.7899 0
    endloop
  endfacet
  facet normal 0 0 -1
    outer loop
      vertex 64.6985 10.7899 0
      vertex 95.1704 11.2059 0
      vertex 95.3015 10.7899 0
    endloop
  endfacet
  facet normal 0 0 -1
    outer loop
      vertex 64.3301 10 0
      vertex 64.5315 10.3869 0
      vertex 95.4685 10.3869 0
    endloop
  endfacet
  facet normal 0 0 -1
    outer loop
      vertex 95.6699 10 0
      vertex 64.3301 10 0
      vertex 95.4685 10.3869 0
    endloop
  endfacet
  facet normal -0 0 -1
    outer loop
      vertex 95.6699 10 0
      vertex 64.0958 9.6321 0
      vertex 64.3301 10 0
    endloop
  endfacet
  facet normal 0 -0 -1
    outer loop
      vertex 95.6699 10 0
      vertex 95.9042 9.6321 0
      vertex 64.0958 9.6321 0
    endloop
  endfacet
  facet normal 0 -0 -1
    outer loop
      vertex 64.0958 9.6321 0
      vertex 95.9042 9.6321 0
      vertex 63.8302 9.28609 0
    endloop
  endfacet
  facet normal 0 0 -1
    outer loop
      vertex 63.8302 9.28609 0
      vertex 95.9042 9.6321 0
      vertex 96.1698 9.28609 0
    endloop
  endfacet
  facet normal 0 0 -1
    outer loop
      vertex 45 25 0
      vertex 98.7059 17.3296 0
      vertex 61.2941 17.3296 0
    endloop
  endfacet
  facet normal 0 0 -1
    outer loop
      vertex 63.2139 8.6698 0
      vertex 63.5355 8.96449 0
      vertex 96.4645 8.96449 0
    endloop
  endfacet
  facet normal 0 0 -1
    outer loop
      vertex 96.7861 8.6698 0
      vertex 63.2139 8.6698 0
      vertex 96.4645 8.96449 0
    endloop
  endfacet
  facet normal -0 0 -1
    outer loop
      vertex 96.7861 8.6698 0
      vertex 62.8679 8.40419 0
      vertex 63.2139 8.6698 0
    endloop
  endfacet
  facet normal 0 -0 -1
    outer loop
      vertex 96.7861 8.6698 0
      vertex 97.1321 8.40419 0
      vertex 62.8679 8.40419 0
    endloop
  endfacet
  facet normal 0 -0 -1
    outer loop
      vertex 62.8679 8.40419 0
      vertex 97.1321 8.40419 0
      vertex 62.5 8.16989 0
    endloop
  endfacet
  facet normal 0 0 -1
    outer loop
      vertex 62.5 8.16989 0
      vertex 97.1321 8.40419 0
      vertex 97.5 8.16989 0
    endloop
  endfacet
  facet normal 0 0 -1
    outer loop
      vertex 97.8869 7.96849 0
      vertex 62.5 8.16989 0
      vertex 97.5 8.16989 0
    endloop
  endfacet
  facet normal 0 0 -1
    outer loop
      vertex 120 0 0
      vertex 100 7.5 0
      vertex 100.436 7.519 0
    endloop
  endfacet
  facet normal 0 0 -1
    outer loop
      vertex 98.2899 7.8015 0
      vertex 61.7101 7.8015 0
      vertex 97.8869 7.96849 0
    endloop
  endfacet
  facet normal -0 0 -1
    outer loop
      vertex 98.2899 7.8015 0
      vertex 61.2941 7.67039 0
      vertex 61.7101 7.8015 0
    endloop
  endfacet
  facet normal 0 -0 -1
    outer loop
      vertex 98.2899 7.8015 0
      vertex 98.7059 7.67039 0
      vertex 61.2941 7.67039 0
    endloop
  endfacet
  facet normal 0 0 -1
    outer loop
      vertex 61.2941 7.67039 0
      vertex 98.7059 7.67039 0
      vertex 120 0 0
    endloop
  endfacet
  facet normal 0 0 -1
    outer loop
      vertex 120 0 0
      vertex 98.7059 7.67039 0
      vertex 99.1318 7.57599 0
    endloop
  endfacet
  facet normal -0 -0 -1
    outer loop
      vertex 99.5642 7.519 0
      vertex 120 0 0
      vertex 99.1318 7.57599 0
    endloop
  endfacet
  facet normal 0 0 -1
    outer loop
      vertex 99.5642 7.519 0
      vertex 100 7.5 0
      vertex 120 0 0
    endloop
  endfacet
  facet normal 0 0 -1
    outer loop
      vertex 60.8682 7.57599 0
      vertex 61.2941 7.67039 0
      vertex 120 0 0
    endloop
  endfacet
  facet normal 0 0 -1
    outer loop
      vertex 60 7.5 0
      vertex 60.4358 7.519 0
      vertex 120 0 0
    endloop
  endfacet
  facet normal 0 0 -1
    outer loop
      vertex 60.4358 7.519 0
      vertex 60.8682 7.57599 0
      vertex 120 0 0
    endloop
  endfacet
  facet normal 0 0 -1
    outer loop
      vertex 100 17.5 0
      vertex 120 25 0
      vertex 100.436 17.481 0
    endloop
  endfacet
  facet normal 0 0 -1
    outer loop
      vertex 97.8869 7.96849 0
      vertex 62.1131 7.96849 0
      vertex 62.5 8.16989 0
    endloop
  endfacet
  facet normal 0 0 -1
    outer loop
      vertex 61.7101 7.8015 0
      vertex 62.1131 7.96849 0
      vertex 97.8869 7.96849 0
    endloop
  endfacet
  facet normal 0 0 -1
    outer loop
      vertex 63.5355 8.96449 0
      vertex 63.8302 9.28609 0
      vertex 96.1698 9.28609 0
    endloop
  endfacet
  facet normal 0 0 -1
    outer loop
      vertex 63.5355 8.96449 0
      vertex 96.1698 9.28609 0
      vertex 96.4645 8.96449 0
    endloop
  endfacet
  facet normal 0 0 -1
    outer loop
      vertex 64.5315 10.3869 0
      vertex 64.6985 10.7899 0
      vertex 95.3015 10.7899 0
    endloop
  endfacet
  facet normal 0 0 -1
    outer loop
      vertex 64.5315 10.3869 0
      vertex 95.3015 10.7899 0
      vertex 95.4685 10.3869 0
    endloop
  endfacet
  facet normal 0 0 -1
    outer loop
      vertex 64.8296 11.2059 0
      vertex 95.076 11.6318 0
      vertex 95.1704 11.2059 0
    endloop
  endfacet
  facet normal 0 0 -1
    outer loop
      vertex 64.8296 11.2059 0
      vertex 64.924 11.6318 0
      vertex 95.076 11.6318 0
    endloop
  endfacet
  facet normal 0 0 -1
    outer loop
      vertex 64.924 11.6318 0
      vertex 64.981 12.0642 0
      vertex 95.019 12.0642 0
    endloop
  endfacet
  facet normal 0 0 -1
    outer loop
      vertex 95.019 12.0642 0
      vertex 64.981 12.0642 0
      vertex 65 12.5 0
    endloop
  endfacet
  facet normal -0 -0 -1
    outer loop
      vertex 95 12.5 0
      vertex 95.019 12.0642 0
      vertex 65 12.5 0
    endloop
  endfacet
  facet normal 0 0 -1
    outer loop
      vertex 95.019 12.9358 0
      vertex 95 12.5 0
      vertex 65 12.5 0
    endloop
  endfacet
  facet normal 0 0 -1
    outer loop
      vertex 64.981 12.9358 0
      vertex 95.019 12.9358 0
      vertex 65 12.5 0
    endloop
  endfacet
  facet normal 0 0 -1
    outer loop
      vertex 64.924 13.3682 0
      vertex 95.076 13.3682 0
      vertex 95.019 12.9358 0
    endloop
  endfacet
  facet normal 0 0 -1
    outer loop
      vertex 64.924 13.3682 0
      vertex 64.8296 13.7941 0
      vertex 95.076 13.3682 0
    endloop
  endfacet
  facet normal 0 0 -1
    outer loop
      vertex 95.076 13.3682 0
      vertex 64.8296 13.7941 0
      vertex 95.1704 13.7941 0
    endloop
  endfacet
  facet normal 0 0 -1
    outer loop
      vertex 95.1704 13.7941 0
      vertex 64.8296 13.7941 0
      vertex 64.6985 14.2101 0
    endloop
  endfacet
  facet normal 0 0 -1
    outer loop
      vertex 95.3015 14.2101 0
      vertex 64.6985 14.2101 0
      vertex 64.5315 14.6131 0
    endloop
  endfacet
  facet normal -0 0 -1
    outer loop
      vertex 95.4685 14.6131 0
      vertex 95.3015 14.2101 0
      vertex 64.5315 14.6131 0
    endloop
  endfacet
  facet normal 0 0 -1
    outer loop
      vertex 64.3301 15 0
      vertex 95.4685 14.6131 0
      vertex 64.5315 14.6131 0
    endloop
  endfacet
  facet normal 0 0 -1
    outer loop
      vertex 64.3301 15 0
      vertex 95.6699 15 0
      vertex 95.4685 14.6131 0
    endloop
  endfacet
  facet normal 0 0 -1
    outer loop
      vertex 64.0958 15.3679 0
      vertex 95.9042 15.3679 0
      vertex 95.6699 15 0
    endloop
  endfacet
  facet normal 0 0 -1
    outer loop
      vertex 64.0958 15.3679 0
      vertex 63.8302 15.7139 0
      vertex 95.9042 15.3679 0
    endloop
  endfacet
  facet normal 0 0 -1
    outer loop
      vertex 95.9042 15.3679 0
      vertex 63.8302 15.7139 0
      vertex 96.1698 15.7139 0
    endloop
  endfacet
  facet normal 0 0 -1
    outer loop
      vertex 96.1698 15.7139 0
      vertex 63.5355 16.0355 0
      vertex 96.4645 16.0355 0
    endloop
  endfacet
  facet normal 0 0 -1
    outer loop
      vertex 96.4645 16.0355 0
      vertex 63.5355 16.0355 0
      vertex 63.2139 16.3302 0
    endloop
  endfacet
  facet normal -0 0 -1
    outer loop
      vertex 96.7861 16.3302 0
      vertex 96.4645 16.0355 0
      vertex 63.2139 16.3302 0
    endloop
  endfacet
  facet normal 0 0 -1
    outer loop
      vertex 62.8679 16.5958 0
      vertex 96.7861 16.3302 0
      vertex 63.2139 16.3302 0
    endloop
  endfacet
  facet normal -0 0 -1
    outer loop
      vertex 97.5 16.8301 0
      vertex 97.1321 16.5958 0
      vertex 62.5 16.8301 0
    endloop
  endfacet
  facet normal 0 0 -1
    outer loop
      vertex 97.8869 17.0315 0
      vertex 97.5 16.8301 0
      vertex 62.5 16.8301 0
    endloop
  endfacet
  facet normal 0 0 -1
    outer loop
      vertex 62.1131 17.0315 0
      vertex 97.8869 17.0315 0
      vertex 62.5 16.8301 0
    endloop
  endfacet
  facet normal 0 0 -1
    outer loop
      vertex 62.1131 17.0315 0
      vertex 61.7101 17.1985 0
      vertex 97.8869 17.0315 0
    endloop
  endfacet
  facet normal 0 0 -1
    outer loop
      vertex 97.8869 17.0315 0
      vertex 61.7101 17.1985 0
      vertex 98.2899 17.1985 0
    endloop
  endfacet
  facet normal 0 0 -1
    outer loop
      vertex 98.2899 17.1985 0
      vertex 61.7101 17.1985 0
      vertex 61.2941 17.3296 0
    endloop
  endfacet
  facet normal -0 0 -1
    outer loop
      vertex 98.7059 17.3296 0
      vertex 98.2899 17.1985 0
      vertex 61.2941 17.3296 0
    endloop
  endfacet
  facet normal -0 0 -1
    outer loop
      vertex 99.1318 17.424 0
      vertex 98.7059 17.3296 0
      vertex 45 25 0
    endloop
  endfacet
  facet normal -0 0 -1
    outer loop
      vertex 120 25 0
      vertex 99.1318 17.424 0
      vertex 45 25 0
    endloop
  endfacet
  facet normal 0 0 -1
    outer loop
      vertex 120 25 0
      vertex 99.5642 17.481 0
      vertex 99.1318 17.424 0
    endloop
  endfacet
  facet normal 0 0 -1
    outer loop
      vertex 120 25 0
      vertex 100 17.5 0
      vertex 99.5642 17.481 0
    endloop
  endfacet
  facet normal 0 0 -1
    outer loop
      vertex 100.436 17.481 0
      vertex 120 25 0
      vertex 100.868 17.424 0
    endloop
  endfacet
  facet normal 0 0 -1
    outer loop
      vertex 100.868 17.424 0
      vertex 120 25 0
      vertex 101.294 17.3296 0
    endloop
  endfacet
  facet normal 0 0 -1
    outer loop
      vertex 101.294 17.3296 0
      vertex 120 25 0
      vertex 101.71 17.1985 0
    endloop
  endfacet
  facet normal 0 0 -1
    outer loop
      vertex 101.71 17.1985 0
      vertex 120 25 0
      vertex 102.113 17.0315 0
    endloop
  endfacet
  facet normal 0 0 -1
    outer loop
      vertex 102.113 17.0315 0
      vertex 120 25 0
      vertex 102.5 16.8301 0
    endloop
  endfacet
  facet normal 0 0 -1
    outer loop
      vertex 102.5 16.8301 0
      vertex 120 25 0
      vertex 102.868 16.5958 0
    endloop
  endfacet
  facet normal 0 0 -1
    outer loop
      vertex 102.868 16.5958 0
      vertex 120 25 0
      vertex 103.214 16.3302 0
    endloop
  endfacet
  facet normal 0 0 -1
    outer loop
      vertex 103.214 16.3302 0
      vertex 120 25 0
      vertex 103.535 16.0355 0
    endloop
  endfacet
  facet normal 0 0 -1
    outer loop
      vertex 103.535 16.0355 0
      vertex 120 25 0
      vertex 103.83 15.7139 0
    endloop
  endfacet
  facet normal 0 0 -1
    outer loop
      vertex 104.096 15.3679 0
      vertex 103.83 15.7139 0
      vertex 120 25 0
    endloop
  endfacet
  facet normal 0 0 -1
    outer loop
      vertex 104.33 15 0
      vertex 104.096 15.3679 0
      vertex 120 25 0
    endloop
  endfacet
  facet normal 0 0 -1
    outer loop
      vertex 104.531 14.6131 0
      vertex 104.33 15 0
      vertex 120 25 0
    endloop
  endfacet
  facet normal 0 0 -1
    outer loop
      vertex 104.698 14.2101 0
      vertex 104.531 14.6131 0
      vertex 120 25 0
    endloop
  endfacet
  facet normal 0 0 -1
    outer loop
      vertex 104.83 13.7941 0
      vertex 104.698 14.2101 0
      vertex 120 25 0
    endloop
  endfacet
  facet normal 0 0 -1
    outer loop
      vertex 104.924 13.3682 0
      vertex 104.83 13.7941 0
      vertex 120 25 0
    endloop
  endfacet
  facet normal 0 0 -1
    outer loop
      vertex 104.981 12.9358 0
      vertex 104.924 13.3682 0
      vertex 120 25 0
    endloop
  endfacet
  facet normal 0 0 -1
    outer loop
      vertex 105 12.5 0
      vertex 104.981 12.9358 0
      vertex 120 25 0
    endloop
  endfacet
  facet normal 0 0 -1
    outer loop
      vertex 120 0 0
      vertex 105 12.5 0
      vertex 120 25 0
    endloop
  endfacet
  facet normal 0 0 -1
    outer loop
      vertex 120 0 0
      vertex 104.981 12.0642 0
      vertex 105 12.5 0
    endloop
  endfacet
  facet normal 0 0 -1
    outer loop
      vertex 120 0 0
      vertex 104.924 11.6318 0
      vertex 104.981 12.0642 0
    endloop
  endfacet
  facet normal 0 0 -1
    outer loop
      vertex 120 0 0
      vertex 104.83 11.2059 0
      vertex 104.924 11.6318 0
    endloop
  endfacet
  facet normal 0 0 -1
    outer loop
      vertex 120 0 0
      vertex 104.698 10.7899 0
      vertex 104.83 11.2059 0
    endloop
  endfacet
  facet normal 0 0 -1
    outer loop
      vertex 120 0 0
      vertex 104.531 10.3869 0
      vertex 104.698 10.7899 0
    endloop
  endfacet
  facet normal 0 0 -1
    outer loop
      vertex 120 0 0
      vertex 104.33 10 0
      vertex 104.531 10.3869 0
    endloop
  endfacet
  facet normal 0 0 -1
    outer loop
      vertex 120 0 0
      vertex 104.096 9.6321 0
      vertex 104.33 10 0
    endloop
  endfacet
  facet normal 0 0 -1
    outer loop
      vertex 120 0 0
      vertex 103.83 9.28609 0
      vertex 104.096 9.6321 0
    endloop
  endfacet
  facet normal 0 0 -1
    outer loop
      vertex 120 0 0
      vertex 103.535 8.96449 0
      vertex 103.83 9.28609 0
    endloop
  endfacet
  facet normal 0 0 -1
    outer loop
      vertex 120 0 0
      vertex 103.214 8.6698 0
      vertex 103.535 8.96449 0
    endloop
  endfacet
  facet normal 0 0 -1
    outer loop
      vertex 120 0 0
      vertex 102.868 8.40419 0
      vertex 103.214 8.6698 0
    endloop
  endfacet
  facet normal 0 0 -1
    outer loop
      vertex 120 0 0
      vertex 102.5 8.16989 0
      vertex 102.868 8.40419 0
    endloop
  endfacet
  facet normal 0 0 -1
    outer loop
      vertex 120 0 0
      vertex 102.113 7.96849 0
      vertex 102.5 8.16989 0
    endloop
  endfacet
  facet normal 0 0 -1
    outer loop
      vertex 120 0 0
      vertex 101.71 7.8015 0
      vertex 102.113 7.96849 0
    endloop
  endfacet
  facet normal 0 0 -1
    outer loop
      vertex 120 0 0
      vertex 101.294 7.67039 0
      vertex 101.71 7.8015 0
    endloop
  endfacet
  facet normal 0 0 -1
    outer loop
      vertex 120 0 0
      vertex 100.868 7.57599 0
      vertex 101.294 7.67039 0
    endloop
  endfacet
  facet normal 0 0 -1
    outer loop
      vertex 120 0 0
      vertex 100.436 7.519 0
      vertex 100.868 7.57599 0
    endloop
  endfacet
  facet normal 0 -0 1
    outer loop
      vertex 15.6699 15 8
      vertex 15.9042 15.3679 8
      vertex 9.92879 51.9358 8
    endloop
  endfacet
  facet normal 0 -0 1
    outer loop
      vertex 59.5642 17.481 8
      vertex 60 17.5 8
      vertex 45 25 8
    endloop
  endfacet
  facet normal -0 0 1
    outer loop
      vertex 25 12.5 8
      vertex 24.981 12.0642 8
      vertex 45 25 8
    endloop
  endfacet
  facet normal 0 -0 1
    outer loop
      vertex 5.16989 74.5 8
      vertex 5.40419 74.8679 8
      vertex 0 100 8
    endloop
  endfacet
  facet normal 0 0 1
    outer loop
      vertex 9.67159 87.1716 8
      vertex 7.78989 76.6985 8
      vertex 9.92879 86.9358 8
    endloop
  endfacet
  facet normal 0 0 1
    outer loop
      vertex 4.57599 71.1318 8
      vertex 4.519 71.5642 8
      vertex 0 0 8
    endloop
  endfacet
  facet normal 0 0 1
    outer loop
      vertex 9.67159 87.1716 8
      vertex 7.38689 76.5315 8
      vertex 7.78989 76.6985 8
    endloop
  endfacet
  facet normal 0 -0 1
    outer loop
      vertex 11.1319 93.7588 8
      vertex 11.4647 93.8637 8
      vertex 0 100 8
    endloop
  endfacet
  facet normal 0 0 1
    outer loop
      vertex 9.43579 87.4288 8
      vertex 7.38689 76.5315 8
      vertex 9.67159 87.1716 8
    endloop
  endfacet
  facet normal 0 0 1
    outer loop
      vertex 7 76.3301 8
      vertex 7.38689 76.5315 8
      vertex 9.43579 87.4288 8
    endloop
  endfacet
  facet normal 0 0 1
    outer loop
      vertex 6.6321 76.0958 8
      vertex 7 76.3301 8
      vertex 9.22339 87.7057 8
    endloop
  endfacet
  facet normal 0 0 1
    outer loop
      vertex 6.6321 76.0958 8
      vertex 9.22339 87.7057 8
      vertex 9.03589 88 8
    endloop
  endfacet
  facet normal 0 -0 1
    outer loop
      vertex 6.6321 76.0958 8
      vertex 9.03589 88 8
      vertex 6.28609 75.8302 8
    endloop
  endfacet
  facet normal 0 0 1
    outer loop
      vertex 9.03589 88 8
      vertex 8.87479 88.3095 8
      vertex 6.28609 75.8302 8
    endloop
  endfacet
  facet normal 0 0 1
    outer loop
      vertex 8.87479 88.3095 8
      vertex 8.7412 88.6319 8
      vertex 5.96449 75.5355 8
    endloop
  endfacet
  facet normal 0 0 1
    outer loop
      vertex 8.7412 88.6319 8
      vertex 5.6698 75.2139 8
      vertex 5.96449 75.5355 8
    endloop
  endfacet
  facet normal 0 0 1
    outer loop
      vertex 8.63629 88.9647 8
      vertex 5.6698 75.2139 8
      vertex 8.7412 88.6319 8
    endloop
  endfacet
  facet normal 0 0 1
    outer loop
      vertex 0 100 8
      vertex 5.6698 75.2139 8
      vertex 8.63629 88.9647 8
    endloop
  endfacet
  facet normal 0 0 1
    outer loop
      vertex 0 100 8
      vertex 4.96849 74.1131 8
      vertex 5.16989 74.5 8
    endloop
  endfacet
  facet normal 0 -0 1
    outer loop
      vertex 4.8015 73.7101 8
      vertex 4.96849 74.1131 8
      vertex 0 100 8
    endloop
  endfacet
  facet normal 0 0 1
    outer loop
      vertex 4.519 71.5642 8
      vertex 0 100 8
      vertex 0 0 8
    endloop
  endfacet
  facet normal 0 0 1
    outer loop
      vertex 8.56079 89.3054 8
      vertex 0 100 8
      vertex 8.63629 88.9647 8
    endloop
  endfacet
  facet normal 0 0 1
    outer loop
      vertex 8.5152 89.6514 8
      vertex 0 100 8
      vertex 8.56079 89.3054 8
    endloop
  endfacet
  facet normal 0 0 1
    outer loop
      vertex 8.5 90 8
      vertex 0 100 8
      vertex 8.5152 89.6514 8
    endloop
  endfacet
  facet normal 0 0 1
    outer loop
      vertex 8.5152 90.3486 8
      vertex 0 100 8
      vertex 8.5 90 8
    endloop
  endfacet
  facet normal 0 0 1
    outer loop
      vertex 8.56079 90.6946 8
      vertex 0 100 8
      vertex 8.5152 90.3486 8
    endloop
  endfacet
  facet normal 0 0 1
    outer loop
      vertex 8.63629 91.0353 8
      vertex 0 100 8
      vertex 8.56079 90.6946 8
    endloop
  endfacet
  facet normal 0 0 1
    outer loop
      vertex 8.7412 91.3681 8
      vertex 0 100 8
      vertex 8.63629 91.0353 8
    endloop
  endfacet
  facet normal 0 0 1
    outer loop
      vertex 8.87479 91.6905 8
      vertex 0 100 8
      vertex 8.7412 91.3681 8
    endloop
  endfacet
  facet normal 0 0 1
    outer loop
      vertex 9.03589 92 8
      vertex 0 100 8
      vertex 8.87479 91.6905 8
    endloop
  endfacet
  facet normal 0 0 1
    outer loop
      vertex 9.22339 92.2943 8
      vertex 0 100 8
      vertex 9.03589 92 8
    endloop
  endfacet
  facet normal 0 0 1
    outer loop
      vertex 9.43579 92.5712 8
      vertex 0 100 8
      vertex 9.22339 92.2943 8
    endloop
  endfacet
  facet normal 0 0 1
    outer loop
      vertex 9.67159 92.8284 8
      vertex 0 100 8
      vertex 9.43579 92.5712 8
    endloop
  endfacet
  facet normal 0 0 1
    outer loop
      vertex 9.92879 93.0642 8
      vertex 0 100 8
      vertex 9.67159 92.8284 8
    endloop
  endfacet
  facet normal 0 0 1
    outer loop
      vertex 10.2057 93.2766 8
      vertex 0 100 8
      vertex 9.92879 93.0642 8
    endloop
  endfacet
  facet normal 0 0 1
    outer loop
      vertex 10.5 93.4641 8
      vertex 0 100 8
      vertex 10.2057 93.2766 8
    endloop
  endfacet
  facet normal 0 0 1
    outer loop
      vertex 10.8095 93.6252 8
      vertex 0 100 8
      vertex 10.5 93.4641 8
    endloop
  endfacet
  facet normal 0 0 1
    outer loop
      vertex 11.1319 93.7588 8
      vertex 0 100 8
      vertex 10.8095 93.6252 8
    endloop
  endfacet
  facet normal 0 -0 1
    outer loop
      vertex 11.4647 93.8637 8
      vertex 11.8054 93.9392 8
      vertex 0 100 8
    endloop
  endfacet
  facet normal 0 -0 1
    outer loop
      vertex 11.8054 93.9392 8
      vertex 12.1514 93.9848 8
      vertex 0 100 8
    endloop
  endfacet
  facet normal 0 -0 1
    outer loop
      vertex 12.1514 93.9848 8
      vertex 12.5 94 8
      vertex 0 100 8
    endloop
  endfacet
  facet normal 0 -0 1
    outer loop
      vertex 12.5 94 8
      vertex 25 100 8
      vertex 0 100 8
    endloop
  endfacet
  facet normal 0 -0 1
    outer loop
      vertex 12.8486 93.9848 8
      vertex 25 100 8
      vertex 12.5 94 8
    endloop
  endfacet
  facet normal 0 -0 1
    outer loop
      vertex 13.1946 93.9392 8
      vertex 25 100 8
      vertex 12.8486 93.9848 8
    endloop
  endfacet
  facet normal 0 -0 1
    outer loop
      vertex 13.5353 93.8637 8
      vertex 25 100 8
      vertex 13.1946 93.9392 8
    endloop
  endfacet
  facet normal 0 -0 1
    outer loop
      vertex 13.8681 93.7588 8
      vertex 25 100 8
      vertex 13.5353 93.8637 8
    endloop
  endfacet
  facet normal 0 -0 1
    outer loop
      vertex 14.1905 93.6252 8
      vertex 25 100 8
      vertex 13.8681 93.7588 8
    endloop
  endfacet
  facet normal 0 -0 1
    outer loop
      vertex 14.5 93.4641 8
      vertex 25 100 8
      vertex 14.1905 93.6252 8
    endloop
  endfacet
  facet normal 0 -0 1
    outer loop
      vertex 14.7943 93.2766 8
      vertex 25 100 8
      vertex 14.5 93.4641 8
    endloop
  endfacet
  facet normal 0 -0 1
    outer loop
      vertex 15.0712 93.0642 8
      vertex 25 100 8
      vertex 14.7943 93.2766 8
    endloop
  endfacet
  facet normal 0 -0 1
    outer loop
      vertex 15.3284 92.8284 8
      vertex 25 100 8
      vertex 15.0712 93.0642 8
    endloop
  endfacet
  facet normal 0 -0 1
    outer loop
      vertex 15.5642 92.5712 8
      vertex 25 100 8
      vertex 15.3284 92.8284 8
    endloop
  endfacet
  facet normal 0 -0 1
    outer loop
      vertex 15.7766 92.2943 8
      vertex 25 100 8
      vertex 15.5642 92.5712 8
    endloop
  endfacet
  facet normal 0 -0 1
    outer loop
      vertex 15.9641 92 8
      vertex 25 100 8
      vertex 15.7766 92.2943 8
    endloop
  endfacet
  facet normal 0 -0 1
    outer loop
      vertex 16.1252 91.6905 8
      vertex 25 100 8
      vertex 15.9641 92 8
    endloop
  endfacet
  facet normal -0 0 1
    outer loop
      vertex 16.4848 90.3486 8
      vertex 16.5 90 8
      vertex 25 100 8
    endloop
  endfacet
  facet normal 0 0 1
    outer loop
      vertex 25 100 8
      vertex 16.1252 91.6905 8
      vertex 16.2588 91.3681 8
    endloop
  endfacet
  facet normal 0 0 1
    outer loop
      vertex 25 100 8
      vertex 16.2588 91.3681 8
      vertex 16.3637 91.0353 8
    endloop
  endfacet
  facet normal 0 0 1
    outer loop
      vertex 25 100 8
      vertex 16.4392 90.6946 8
      vertex 16.4848 90.3486 8
    endloop
  endfacet
  facet normal 0 0 1
    outer loop
      vertex 25 100 8
      vertex 16.3637 91.0353 8
      vertex 16.4392 90.6946 8
    endloop
  endfacet
  facet normal -0 0 1
    outer loop
      vertex 16.5 90 8
      vertex 16.4848 89.6514 8
      vertex 25 100 8
    endloop
  endfacet
  facet normal -0 0 1
    outer loop
      vertex 16.4848 89.6514 8
      vertex 16.4392 89.3054 8
      vertex 25 100 8
    endloop
  endfacet
  facet normal -0 0 1
    outer loop
      vertex 16.4392 89.3054 8
      vertex 16.3637 88.9647 8
      vertex 25 100 8
    endloop
  endfacet
  facet normal 0 0 1
    outer loop
      vertex 18 76.3301 8
      vertex 15.7766 87.7057 8
      vertex 15.5642 87.4288 8
    endloop
  endfacet
  facet normal -0 -0 1
    outer loop
      vertex 17.2101 76.6985 8
      vertex 17.6131 76.5315 8
      vertex 15.3284 87.1716 8
    endloop
  endfacet
  facet normal 0 0 1
    outer loop
      vertex 17.6131 76.5315 8
      vertex 15.5642 87.4288 8
      vertex 15.3284 87.1716 8
    endloop
  endfacet
  facet normal 0 0 1
    outer loop
      vertex 15.3284 87.1716 8
      vertex 15.0712 86.9358 8
      vertex 17.2101 76.6985 8
    endloop
  endfacet
  facet normal 0 0 1
    outer loop
      vertex 15.0712 86.9358 8
      vertex 16.7941 76.8296 8
      vertex 17.2101 76.6985 8
    endloop
  endfacet
  facet normal -0 0 1
    outer loop
      vertex 14.7943 86.7234 8
      vertex 16.7941 76.8296 8
      vertex 15.0712 86.9358 8
    endloop
  endfacet
  facet normal 0 0 1
    outer loop
      vertex 10.2057 58.2766 8
      vertex 8.63179 67.076 8
      vertex 8.20589 67.1704 8
    endloop
  endfacet
  facet normal -0 -0 1
    outer loop
      vertex 15.9358 76.981 8
      vertex 16.3682 76.924 8
      vertex 14.5 86.5359 8
    endloop
  endfacet
  facet normal 0 0 1
    outer loop
      vertex 15.9358 76.981 8
      vertex 14.5 86.5359 8
      vertex 14.1905 86.3748 8
    endloop
  endfacet
  facet normal 0 0 1
    outer loop
      vertex 15.9358 76.981 8
      vertex 14.1905 86.3748 8
      vertex 15.5 77 8
    endloop
  endfacet
  facet normal -0 0 1
    outer loop
      vertex 13.1946 86.0608 8
      vertex 15.5 77 8
      vertex 13.5353 86.1363 8
    endloop
  endfacet
  facet normal 0 0 1
    outer loop
      vertex 15.5 77 8
      vertex 12.5 86 8
      vertex 9.5 77 8
    endloop
  endfacet
  facet normal 0 0 1
    outer loop
      vertex 11.4647 86.1363 8
      vertex 9.5 77 8
      vertex 11.8054 86.0608 8
    endloop
  endfacet
  facet normal 0 0 1
    outer loop
      vertex 9.06419 76.981 8
      vertex 10.8095 86.3748 8
      vertex 10.5 86.5359 8
    endloop
  endfacet
  facet normal 0 0 1
    outer loop
      vertex 8.20589 76.8296 8
      vertex 8.63179 76.924 8
      vertex 10.2057 86.7234 8
    endloop
  endfacet
  facet normal 0 0 1
    outer loop
      vertex 8.20589 76.8296 8
      vertex 10.2057 86.7234 8
      vertex 9.92879 86.9358 8
    endloop
  endfacet
  facet normal 0 -0 1
    outer loop
      vertex 9.92879 58.0642 8
      vertex 10.2057 58.2766 8
      vertex 8.20589 67.1704 8
    endloop
  endfacet
  facet normal 0 0 1
    outer loop
      vertex 15.5642 87.4288 8
      vertex 17.6131 76.5315 8
      vertex 18 76.3301 8
    endloop
  endfacet
  facet normal 0 0 1
    outer loop
      vertex 9.22339 57.2943 8
      vertex 7 67.6699 8
      vertex 6.6321 67.9042 8
    endloop
  endfacet
  facet normal 0 0 1
    outer loop
      vertex 10.5 86.5359 8
      vertex 10.2057 86.7234 8
      vertex 8.63179 76.924 8
    endloop
  endfacet
  facet normal 0 0 1
    outer loop
      vertex 9.22339 57.2943 8
      vertex 6.6321 67.9042 8
      vertex 9.03589 57 8
    endloop
  endfacet
  facet normal 0 0 1
    outer loop
      vertex 6.6321 67.9042 8
      vertex 6.28609 68.1698 8
      vertex 8.87479 56.6905 8
    endloop
  endfacet
  facet normal 0 0 1
    outer loop
      vertex 6.28609 68.1698 8
      vertex 8.7412 56.3681 8
      vertex 8.87479 56.6905 8
    endloop
  endfacet
  facet normal 0 0 1
    outer loop
      vertex 5.96449 68.4645 8
      vertex 8.63629 56.0353 8
      vertex 8.7412 56.3681 8
    endloop
  endfacet
  facet normal 0 0 1
    outer loop
      vertex 5.6698 68.7861 8
      vertex 8.63629 56.0353 8
      vertex 5.96449 68.4645 8
    endloop
  endfacet
  facet normal 0 -0 1
    outer loop
      vertex 8.56079 55.6946 8
      vertex 8.63629 56.0353 8
      vertex 5.6698 68.7861 8
    endloop
  endfacet
  facet normal 0 -0 1
    outer loop
      vertex 8.5152 55.3486 8
      vertex 8.56079 55.6946 8
      vertex 5.40419 69.1321 8
    endloop
  endfacet
  facet normal 0 0 1
    outer loop
      vertex 8.5152 55.3486 8
      vertex 5.40419 69.1321 8
      vertex 5.16989 69.5 8
    endloop
  endfacet
  facet normal 0 0 1
    outer loop
      vertex 8.5152 55.3486 8
      vertex 5.16989 69.5 8
      vertex 8.5 55 8
    endloop
  endfacet
  facet normal 0 0 1
    outer loop
      vertex 5.16989 69.5 8
      vertex 4.96849 69.8869 8
      vertex 8.5 55 8
    endloop
  endfacet
  facet normal 0 0 1
    outer loop
      vertex 4.96849 69.8869 8
      vertex 8.5152 54.6514 8
      vertex 8.5 55 8
    endloop
  endfacet
  facet normal 0 0 1
    outer loop
      vertex 4.8015 70.2899 8
      vertex 8.56079 54.3054 8
      vertex 8.5152 54.6514 8
    endloop
  endfacet
  facet normal 0 0 1
    outer loop
      vertex 0 0 8
      vertex 8.56079 54.3054 8
      vertex 4.8015 70.2899 8
    endloop
  endfacet
  facet normal 0 0 1
    outer loop
      vertex 8.63629 53.9647 8
      vertex 8.56079 54.3054 8
      vertex 0 0 8
    endloop
  endfacet
  facet normal 0 0 1
    outer loop
      vertex 4.8015 70.2899 8
      vertex 4.67039 70.7059 8
      vertex 0 0 8
    endloop
  endfacet
  facet normal 0 0 1
    outer loop
      vertex 4.67039 70.7059 8
      vertex 4.57599 71.1318 8
      vertex 0 0 8
    endloop
  endfacet
  facet normal 0 0 1
    outer loop
      vertex 4.5 72 8
      vertex 0 100 8
      vertex 4.519 71.5642 8
    endloop
  endfacet
  facet normal 0 0 1
    outer loop
      vertex 4.519 72.4358 8
      vertex 0 100 8
      vertex 4.5 72 8
    endloop
  endfacet
  facet normal 0 0 1
    outer loop
      vertex 4.57599 72.8682 8
      vertex 0 100 8
      vertex 4.519 72.4358 8
    endloop
  endfacet
  facet normal 0 0 1
    outer loop
      vertex 4.67039 73.2941 8
      vertex 0 100 8
      vertex 4.57599 72.8682 8
    endloop
  endfacet
  facet normal 0 0 1
    outer loop
      vertex 4.8015 73.7101 8
      vertex 0 100 8
      vertex 4.67039 73.2941 8
    endloop
  endfacet
  facet normal 0 0 1
    outer loop
      vertex 0 100 8
      vertex 5.40419 74.8679 8
      vertex 5.6698 75.2139 8
    endloop
  endfacet
  facet normal 0 -0 1
    outer loop
      vertex 6.28609 75.8302 8
      vertex 8.87479 88.3095 8
      vertex 5.96449 75.5355 8
    endloop
  endfacet
  facet normal 0 0 1
    outer loop
      vertex 9.22339 87.7057 8
      vertex 7 76.3301 8
      vertex 9.43579 87.4288 8
    endloop
  endfacet
  facet normal 0 0 1
    outer loop
      vertex 7.78989 76.6985 8
      vertex 8.20589 76.8296 8
      vertex 9.92879 86.9358 8
    endloop
  endfacet
  facet normal 0 0 1
    outer loop
      vertex 10.5 86.5359 8
      vertex 8.63179 76.924 8
      vertex 9.06419 76.981 8
    endloop
  endfacet
  facet normal 0 0 1
    outer loop
      vertex 10.8095 86.3748 8
      vertex 9.06419 76.981 8
      vertex 9.5 77 8
    endloop
  endfacet
  facet normal 0 0 1
    outer loop
      vertex 10.8095 86.3748 8
      vertex 9.5 77 8
      vertex 11.1319 86.2412 8
    endloop
  endfacet
  facet normal 0 0 1
    outer loop
      vertex 9.5 77 8
      vertex 11.4647 86.1363 8
      vertex 11.1319 86.2412 8
    endloop
  endfacet
  facet normal 0 0 1
    outer loop
      vertex 12.1514 86.0152 8
      vertex 11.8054 86.0608 8
      vertex 9.5 77 8
    endloop
  endfacet
  facet normal 0 0 1
    outer loop
      vertex 12.1514 86.0152 8
      vertex 9.5 77 8
      vertex 12.5 86 8
    endloop
  endfacet
  facet normal -0 0 1
    outer loop
      vertex 12.5 86 8
      vertex 15.5 77 8
      vertex 12.8486 86.0152 8
    endloop
  endfacet
  facet normal 0 0 1
    outer loop
      vertex 15.5 77 8
      vertex 13.1946 86.0608 8
      vertex 12.8486 86.0152 8
    endloop
  endfacet
  facet normal 0 0 1
    outer loop
      vertex 13.8681 86.2412 8
      vertex 13.5353 86.1363 8
      vertex 15.5 77 8
    endloop
  endfacet
  facet normal -0 0 1
    outer loop
      vertex 13.8681 86.2412 8
      vertex 15.5 77 8
      vertex 14.1905 86.3748 8
    endloop
  endfacet
  facet normal -0 -0 1
    outer loop
      vertex 16.3682 76.924 8
      vertex 16.7941 76.8296 8
      vertex 14.7943 86.7234 8
    endloop
  endfacet
  facet normal -0 0 1
    outer loop
      vertex 14.5 86.5359 8
      vertex 16.3682 76.924 8
      vertex 14.7943 86.7234 8
    endloop
  endfacet
  facet normal 0 0 1
    outer loop
      vertex 15.7766 87.7057 8
      vertex 18 76.3301 8
      vertex 18.3679 76.0958 8
    endloop
  endfacet
  facet normal -0 0 1
    outer loop
      vertex 15.7766 87.7057 8
      vertex 18.3679 76.0958 8
      vertex 15.9641 88 8
    endloop
  endfacet
  facet normal -0 -0 1
    outer loop
      vertex 18.3679 76.0958 8
      vertex 18.7139 75.8302 8
      vertex 15.9641 88 8
    endloop
  endfacet
  facet normal 0 0 1
    outer loop
      vertex 18.7139 75.8302 8
      vertex 16.1252 88.3095 8
      vertex 15.9641 88 8
    endloop
  endfacet
  facet normal 0 0 1
    outer loop
      vertex 19.0355 75.5355 8
      vertex 16.1252 88.3095 8
      vertex 18.7139 75.8302 8
    endloop
  endfacet
  facet normal 0 0 1
    outer loop
      vertex 16.2588 88.6319 8
      vertex 16.1252 88.3095 8
      vertex 19.0355 75.5355 8
    endloop
  endfacet
  facet normal 0 0 1
    outer loop
      vertex 16.2588 88.6319 8
      vertex 19.0355 75.5355 8
      vertex 19.3302 75.2139 8
    endloop
  endfacet
  facet normal -0 0 1
    outer loop
      vertex 16.2588 88.6319 8
      vertex 19.3302 75.2139 8
      vertex 16.3637 88.9647 8
    endloop
  endfacet
  facet normal 0 -0 1
    outer loop
      vertex 19.3302 75.2139 8
      vertex 25 100 8
      vertex 16.3637 88.9647 8
    endloop
  endfacet
  facet normal 0 -0 1
    outer loop
      vertex 19.5958 74.8679 8
      vertex 25 100 8
      vertex 19.3302 75.2139 8
    endloop
  endfacet
  facet normal 0 -0 1
    outer loop
      vertex 19.8301 74.5 8
      vertex 25 100 8
      vertex 19.5958 74.8679 8
    endloop
  endfacet
  facet normal 0 -0 1
    outer loop
      vertex 20.0315 74.1131 8
      vertex 25 100 8
      vertex 19.8301 74.5 8
    endloop
  endfacet
  facet normal 0 -0 1
    outer loop
      vertex 20.1985 73.7101 8
      vertex 25 100 8
      vertex 20.0315 74.1131 8
    endloop
  endfacet
  facet normal 0 -0 1
    outer loop
      vertex 20.3296 73.2941 8
      vertex 25 100 8
      vertex 20.1985 73.7101 8
    endloop
  endfacet
  facet normal 0 -0 1
    outer loop
      vertex 20.424 72.8682 8
      vertex 25 100 8
      vertex 20.3296 73.2941 8
    endloop
  endfacet
  facet normal 0 -0 1
    outer loop
      vertex 20.481 72.4358 8
      vertex 25 100 8
      vertex 20.424 72.8682 8
    endloop
  endfacet
  facet normal 0 0 1
    outer loop
      vertex 25 100 8
      vertex 20.481 72.4358 8
      vertex 20.5 72 8
    endloop
  endfacet
  facet normal 0 0 1
    outer loop
      vertex 25 100 8
      vertex 20.5 72 8
      vertex 25 45 8
    endloop
  endfacet
  facet normal 0 0 1
    outer loop
      vertex 20.5 72 8
      vertex 20.481 71.5642 8
      vertex 25 45 8
    endloop
  endfacet
  facet normal 0 0 1
    outer loop
      vertex 20.481 71.5642 8
      vertex 20.424 71.1318 8
      vertex 25 45 8
    endloop
  endfacet
  facet normal 0 0 1
    outer loop
      vertex 20.424 71.1318 8
      vertex 20.3296 70.7059 8
      vertex 25 45 8
    endloop
  endfacet
  facet normal 0 0 1
    outer loop
      vertex 20.3296 70.7059 8
      vertex 20.1985 70.2899 8
      vertex 25 45 8
    endloop
  endfacet
  facet normal 0 0 1
    outer loop
      vertex 20.1985 70.2899 8
      vertex 20.0315 69.8869 8
      vertex 25 45 8
    endloop
  endfacet
  facet normal 0 0 1
    outer loop
      vertex 20.0315 69.8869 8
      vertex 19.8301 69.5 8
      vertex 25 45 8
    endloop
  endfacet
  facet normal 0 0 1
    outer loop
      vertex 19.8301 69.5 8
      vertex 19.5958 69.1321 8
      vertex 25 45 8
    endloop
  endfacet
  facet normal 0 0 1
    outer loop
      vertex 19.5958 69.1321 8
      vertex 19.3302 68.7861 8
      vertex 25 45 8
    endloop
  endfacet
  facet normal 0 0 1
    outer loop
      vertex 18.3679 67.9042 8
      vertex 15.9641 57 8
      vertex 16.1252 56.6905 8
    endloop
  endfacet
  facet normal 0 -0 1
    outer loop
      vertex 15.5642 57.5712 8
      vertex 17.6131 67.4685 8
      vertex 15.3284 57.8284 8
    endloop
  endfacet
  facet normal 0 0 1
    outer loop
      vertex 15.0712 58.0642 8
      vertex 17.2101 67.3015 8
      vertex 16.7941 67.1704 8
    endloop
  endfacet
  facet normal -0 0 1
    outer loop
      vertex 15.9358 67.019 8
      vertex 14.5 58.4641 8
      vertex 16.3682 67.076 8
    endloop
  endfacet
  facet normal 0 0 1
    outer loop
      vertex 15.5 67 8
      vertex 13.5353 58.8637 8
      vertex 13.8681 58.7588 8
    endloop
  endfacet
  facet normal -0 0 1
    outer loop
      vertex 9.5 67 8
      vertex 12.5 59 8
      vertex 15.5 67 8
    endloop
  endfacet
  facet normal 0 -0 1
    outer loop
      vertex 11.4647 58.8637 8
      vertex 11.8054 58.9392 8
      vertex 9.5 67 8
    endloop
  endfacet
  facet normal 0 -0 1
    outer loop
      vertex 10.5 58.4641 8
      vertex 10.8095 58.6252 8
      vertex 9.06419 67.019 8
    endloop
  endfacet
  facet normal 0 -0 1
    outer loop
      vertex 10.2057 58.2766 8
      vertex 10.5 58.4641 8
      vertex 8.63179 67.076 8
    endloop
  endfacet
  facet normal 0 0 1
    outer loop
      vertex 17.1321 16.5958 8
      vertex 11.4647 51.1363 8
      vertex 11.1319 51.2412 8
    endloop
  endfacet
  facet normal 0 0 1
    outer loop
      vertex 15.5 67 8
      vertex 13.1946 58.9392 8
      vertex 13.5353 58.8637 8
    endloop
  endfacet
  facet normal 0 0 1
    outer loop
      vertex 9.67159 52.1716 8
      vertex 15.6699 15 8
      vertex 9.92879 51.9358 8
    endloop
  endfacet
  facet normal 0 0 1
    outer loop
      vertex 8.63179 67.076 8
      vertex 10.5 58.4641 8
      vertex 9.06419 67.019 8
    endloop
  endfacet
  facet normal 0 -0 1
    outer loop
      vertex 15.4685 14.6131 8
      vertex 15.6699 15 8
      vertex 9.67159 52.1716 8
    endloop
  endfacet
  facet normal 0 0 1
    outer loop
      vertex 15.4685 14.6131 8
      vertex 9.67159 52.1716 8
      vertex 0 0 8
    endloop
  endfacet
  facet normal 0 0 1
    outer loop
      vertex 15.4685 14.6131 8
      vertex 0 0 8
      vertex 15.3015 14.2101 8
    endloop
  endfacet
  facet normal 0 0 1
    outer loop
      vertex 0 0 8
      vertex 15.1704 13.7941 8
      vertex 15.3015 14.2101 8
    endloop
  endfacet
  facet normal 0 -0 1
    outer loop
      vertex 15.076 13.3682 8
      vertex 15.1704 13.7941 8
      vertex 0 0 8
    endloop
  endfacet
  facet normal 0 0 1
    outer loop
      vertex 15.076 13.3682 8
      vertex 0 0 8
      vertex 15.019 12.9358 8
    endloop
  endfacet
  facet normal 0 0 1
    outer loop
      vertex 15.019 12.0642 8
      vertex 15 12.5 8
      vertex 0 0 8
    endloop
  endfacet
  facet normal 0 -0 1
    outer loop
      vertex 15 12.5 8
      vertex 15.019 12.9358 8
      vertex 0 0 8
    endloop
  endfacet
  facet normal 0 0 1
    outer loop
      vertex 9.67159 52.1716 8
      vertex 9.43579 52.4288 8
      vertex 0 0 8
    endloop
  endfacet
  facet normal 0 0 1
    outer loop
      vertex 9.43579 52.4288 8
      vertex 9.22339 52.7057 8
      vertex 0 0 8
    endloop
  endfacet
  facet normal 0 0 1
    outer loop
      vertex 9.22339 52.7057 8
      vertex 9.03589 53 8
      vertex 0 0 8
    endloop
  endfacet
  facet normal 0 0 1
    outer loop
      vertex 9.03589 53 8
      vertex 8.87479 53.3095 8
      vertex 0 0 8
    endloop
  endfacet
  facet normal 0 0 1
    outer loop
      vertex 8.87479 53.3095 8
      vertex 8.7412 53.6319 8
      vertex 0 0 8
    endloop
  endfacet
  facet normal 0 0 1
    outer loop
      vertex 8.7412 53.6319 8
      vertex 8.63629 53.9647 8
      vertex 0 0 8
    endloop
  endfacet
  facet normal 0 0 1
    outer loop
      vertex 4.96849 69.8869 8
      vertex 4.8015 70.2899 8
      vertex 8.5152 54.6514 8
    endloop
  endfacet
  facet normal 0 0 1
    outer loop
      vertex 5.40419 69.1321 8
      vertex 8.56079 55.6946 8
      vertex 5.6698 68.7861 8
    endloop
  endfacet
  facet normal 0 0 1
    outer loop
      vertex 6.28609 68.1698 8
      vertex 5.96449 68.4645 8
      vertex 8.7412 56.3681 8
    endloop
  endfacet
  facet normal 0 0 1
    outer loop
      vertex 9.03589 57 8
      vertex 6.6321 67.9042 8
      vertex 8.87479 56.6905 8
    endloop
  endfacet
  facet normal 0 -0 1
    outer loop
      vertex 9.22339 57.2943 8
      vertex 9.43579 57.5712 8
      vertex 7 67.6699 8
    endloop
  endfacet
  facet normal 0 0 1
    outer loop
      vertex 9.43579 57.5712 8
      vertex 7.38689 67.4685 8
      vertex 7 67.6699 8
    endloop
  endfacet
  facet normal 0 0 1
    outer loop
      vertex 9.67159 57.8284 8
      vertex 7.38689 67.4685 8
      vertex 9.43579 57.5712 8
    endloop
  endfacet
  facet normal 0 0 1
    outer loop
      vertex 7.78989 67.3015 8
      vertex 7.38689 67.4685 8
      vertex 9.67159 57.8284 8
    endloop
  endfacet
  facet normal 0 0 1
    outer loop
      vertex 7.78989 67.3015 8
      vertex 9.67159 57.8284 8
      vertex 9.92879 58.0642 8
    endloop
  endfacet
  facet normal 0 0 1
    outer loop
      vertex 7.78989 67.3015 8
      vertex 9.92879 58.0642 8
      vertex 8.20589 67.1704 8
    endloop
  endfacet
  facet normal 0 0 1
    outer loop
      vertex 9.06419 67.019 8
      vertex 10.8095 58.6252 8
      vertex 9.5 67 8
    endloop
  endfacet
  facet normal 0 -0 1
    outer loop
      vertex 10.8095 58.6252 8
      vertex 11.1319 58.7588 8
      vertex 9.5 67 8
    endloop
  endfacet
  facet normal 0 -0 1
    outer loop
      vertex 11.1319 58.7588 8
      vertex 11.4647 58.8637 8
      vertex 9.5 67 8
    endloop
  endfacet
  facet normal 0 0 1
    outer loop
      vertex 9.5 67 8
      vertex 11.8054 58.9392 8
      vertex 12.1514 58.9848 8
    endloop
  endfacet
  facet normal 0 0 1
    outer loop
      vertex 9.5 67 8
      vertex 12.1514 58.9848 8
      vertex 12.5 59 8
    endloop
  endfacet
  facet normal 0 0 1
    outer loop
      vertex 15.5 67 8
      vertex 12.5 59 8
      vertex 12.8486 58.9848 8
    endloop
  endfacet
  facet normal 0 0 1
    outer loop
      vertex 15.5 67 8
      vertex 12.8486 58.9848 8
      vertex 13.1946 58.9392 8
    endloop
  endfacet
  facet normal 0 0 1
    outer loop
      vertex 19.0355 68.4645 8
      vertex 18.7139 68.1698 8
      vertex 16.2588 56.3681 8
    endloop
  endfacet
  facet normal 0 -0 1
    outer loop
      vertex 14.1905 58.6252 8
      vertex 15.5 67 8
      vertex 13.8681 58.7588 8
    endloop
  endfacet
  facet normal 0 0 1
    outer loop
      vertex 15.9358 67.019 8
      vertex 15.5 67 8
      vertex 14.1905 58.6252 8
    endloop
  endfacet
  facet normal 0 0 1
    outer loop
      vertex 15.9358 67.019 8
      vertex 14.1905 58.6252 8
      vertex 14.5 58.4641 8
    endloop
  endfacet
  facet normal 0 0 1
    outer loop
      vertex 16.3682 67.076 8
      vertex 14.5 58.4641 8
      vertex 14.7943 58.2766 8
    endloop
  endfacet
  facet normal -0 0 1
    outer loop
      vertex 16.3682 67.076 8
      vertex 14.7943 58.2766 8
      vertex 16.7941 67.1704 8
    endloop
  endfacet
  facet normal -0 0 1
    outer loop
      vertex 14.7943 58.2766 8
      vertex 15.0712 58.0642 8
      vertex 16.7941 67.1704 8
    endloop
  endfacet
  facet normal -0 0 1
    outer loop
      vertex 15.0712 58.0642 8
      vertex 15.3284 57.8284 8
      vertex 17.2101 67.3015 8
    endloop
  endfacet
  facet normal 0 0 1
    outer loop
      vertex 15.3284 57.8284 8
      vertex 17.6131 67.4685 8
      vertex 17.2101 67.3015 8
    endloop
  endfacet
  facet normal 0 0 1
    outer loop
      vertex 15.5642 57.5712 8
      vertex 18 67.6699 8
      vertex 17.6131 67.4685 8
    endloop
  endfacet
  facet normal 0 -0 1
    outer loop
      vertex 15.7766 57.2943 8
      vertex 18 67.6699 8
      vertex 15.5642 57.5712 8
    endloop
  endfacet
  facet normal 0 0 1
    outer loop
      vertex 18.3679 67.9042 8
      vertex 18 67.6699 8
      vertex 15.7766 57.2943 8
    endloop
  endfacet
  facet normal 0 0 1
    outer loop
      vertex 18.3679 67.9042 8
      vertex 15.7766 57.2943 8
      vertex 15.9641 57 8
    endloop
  endfacet
  facet normal 0 0 1
    outer loop
      vertex 18.7139 68.1698 8
      vertex 18.3679 67.9042 8
      vertex 16.1252 56.6905 8
    endloop
  endfacet
  facet normal 0 0 1
    outer loop
      vertex 18.7139 68.1698 8
      vertex 16.1252 56.6905 8
      vertex 16.2588 56.3681 8
    endloop
  endfacet
  facet normal 0 0 1
    outer loop
      vertex 19.0355 68.4645 8
      vertex 16.2588 56.3681 8
      vertex 16.3637 56.0353 8
    endloop
  endfacet
  facet normal -0 0 1
    outer loop
      vertex 19.0355 68.4645 8
      vertex 16.3637 56.0353 8
      vertex 19.3302 68.7861 8
    endloop
  endfacet
  facet normal -0 0 1
    outer loop
      vertex 16.3637 56.0353 8
      vertex 16.4392 55.6946 8
      vertex 19.3302 68.7861 8
    endloop
  endfacet
  facet normal -0 0 1
    outer loop
      vertex 16.4392 55.6946 8
      vertex 25 45 8
      vertex 19.3302 68.7861 8
    endloop
  endfacet
  facet normal -0 -0 1
    outer loop
      vertex 16.4848 55.3486 8
      vertex 25 45 8
      vertex 16.4392 55.6946 8
    endloop
  endfacet
  facet normal -0 -0 1
    outer loop
      vertex 16.5 55 8
      vertex 25 45 8
      vertex 16.4848 55.3486 8
    endloop
  endfacet
  facet normal -0 0 1
    outer loop
      vertex 16.4848 54.6514 8
      vertex 25 45 8
      vertex 16.5 55 8
    endloop
  endfacet
  facet normal -0 0 1
    outer loop
      vertex 16.4392 54.3054 8
      vertex 25 45 8
      vertex 16.4848 54.6514 8
    endloop
  endfacet
  facet normal -0 0 1
    outer loop
      vertex 16.3637 53.9647 8
      vertex 25 45 8
      vertex 16.4392 54.3054 8
    endloop
  endfacet
  facet normal -0 0 1
    outer loop
      vertex 16.2588 53.6319 8
      vertex 25 45 8
      vertex 16.3637 53.9647 8
    endloop
  endfacet
  facet normal -0 0 1
    outer loop
      vertex 16.1252 53.3095 8
      vertex 25 45 8
      vertex 16.2588 53.6319 8
    endloop
  endfacet
  facet normal -0 0 1
    outer loop
      vertex 15.9641 53 8
      vertex 25 45 8
      vertex 16.1252 53.3095 8
    endloop
  endfacet
  facet normal -0 0 1
    outer loop
      vertex 15.7766 52.7057 8
      vertex 25 45 8
      vertex 15.9641 53 8
    endloop
  endfacet
  facet normal -0 0 1
    outer loop
      vertex 15.5642 52.4288 8
      vertex 25 45 8
      vertex 15.7766 52.7057 8
    endloop
  endfacet
  facet normal -0 0 1
    outer loop
      vertex 15.3284 52.1716 8
      vertex 25 45 8
      vertex 15.5642 52.4288 8
    endloop
  endfacet
  facet normal -0 0 1
    outer loop
      vertex 15.0712 51.9358 8
      vertex 25 45 8
      vertex 15.3284 52.1716 8
    endloop
  endfacet
  facet normal -0 0 1
    outer loop
      vertex 14.7943 51.7234 8
      vertex 25 45 8
      vertex 15.0712 51.9358 8
    endloop
  endfacet
  facet normal -0 0 1
    outer loop
      vertex 14.5 51.5359 8
      vertex 25 45 8
      vertex 14.7943 51.7234 8
    endloop
  endfacet
  facet normal -0 0 1
    outer loop
      vertex 14.1905 51.3748 8
      vertex 25 45 8
      vertex 14.5 51.5359 8
    endloop
  endfacet
  facet normal -0 0 1
    outer loop
      vertex 13.8681 51.2412 8
      vertex 25 45 8
      vertex 14.1905 51.3748 8
    endloop
  endfacet
  facet normal -0 0 1
    outer loop
      vertex 13.5353 51.1363 8
      vertex 25 45 8
      vertex 13.8681 51.2412 8
    endloop
  endfacet
  facet normal -0 0 1
    outer loop
      vertex 13.1946 51.0608 8
      vertex 25 45 8
      vertex 13.5353 51.1363 8
    endloop
  endfacet
  facet normal -0 0 1
    outer loop
      vertex 12.8486 51.0152 8
      vertex 25 45 8
      vertex 13.1946 51.0608 8
    endloop
  endfacet
  facet normal -0 0 1
    outer loop
      vertex 12.5 51 8
      vertex 25 45 8
      vertex 12.8486 51.0152 8
    endloop
  endfacet
  facet normal 0 0 1
    outer loop
      vertex 0 0 8
      vertex 59.1318 7.57599 8
      vertex 58.7059 7.67039 8
    endloop
  endfacet
  facet normal 0 0 1
    outer loop
      vertex 20 7.5 8
      vertex 19.5642 7.519 8
      vertex 0 0 8
    endloop
  endfacet
  facet normal 0 0 1
    outer loop
      vertex 19.1318 17.424 8
      vertex 19.5642 17.481 8
      vertex 25 45 8
    endloop
  endfacet
  facet normal 0 0 1
    outer loop
      vertex 19.5642 7.519 8
      vertex 19.1318 7.57599 8
      vertex 0 0 8
    endloop
  endfacet
  facet normal 0 0 1
    outer loop
      vertex 19.1318 7.57599 8
      vertex 18.7059 7.67039 8
      vertex 0 0 8
    endloop
  endfacet
  facet normal 0 0 1
    outer loop
      vertex 18.7059 7.67039 8
      vertex 18.2899 7.8015 8
      vertex 0 0 8
    endloop
  endfacet
  facet normal 0 0 1
    outer loop
      vertex 18.2899 7.8015 8
      vertex 17.8869 7.96849 8
      vertex 0 0 8
    endloop
  endfacet
  facet normal 0 0 1
    outer loop
      vertex 17.8869 7.96849 8
      vertex 17.5 8.16989 8
      vertex 0 0 8
    endloop
  endfacet
  facet normal 0 0 1
    outer loop
      vertex 17.5 8.16989 8
      vertex 17.1321 8.40419 8
      vertex 0 0 8
    endloop
  endfacet
  facet normal 0 0 1
    outer loop
      vertex 17.1321 8.40419 8
      vertex 16.7861 8.6698 8
      vertex 0 0 8
    endloop
  endfacet
  facet normal 0 0 1
    outer loop
      vertex 16.7861 8.6698 8
      vertex 16.4645 8.96449 8
      vertex 0 0 8
    endloop
  endfacet
  facet normal 0 0 1
    outer loop
      vertex 16.4645 8.96449 8
      vertex 16.1698 9.28609 8
      vertex 0 0 8
    endloop
  endfacet
  facet normal 0 0 1
    outer loop
      vertex 16.1698 9.28609 8
      vertex 15.9042 9.6321 8
      vertex 0 0 8
    endloop
  endfacet
  facet normal 0 0 1
    outer loop
      vertex 15.9042 9.6321 8
      vertex 15.6699 10 8
      vertex 0 0 8
    endloop
  endfacet
  facet normal 0 0 1
    outer loop
      vertex 15.6699 10 8
      vertex 15.4685 10.3869 8
      vertex 0 0 8
    endloop
  endfacet
  facet normal 0 0 1
    outer loop
      vertex 15.4685 10.3869 8
      vertex 15.3015 10.7899 8
      vertex 0 0 8
    endloop
  endfacet
  facet normal 0 0 1
    outer loop
      vertex 15.3015 10.7899 8
      vertex 15.1704 11.2059 8
      vertex 0 0 8
    endloop
  endfacet
  facet normal 0 0 1
    outer loop
      vertex 15.1704 11.2059 8
      vertex 15.076 11.6318 8
      vertex 0 0 8
    endloop
  endfacet
  facet normal 0 0 1
    outer loop
      vertex 15.076 11.6318 8
      vertex 15.019 12.0642 8
      vertex 0 0 8
    endloop
  endfacet
  facet normal 0 0 1
    outer loop
      vertex 15.9042 15.3679 8
      vertex 10.2057 51.7234 8
      vertex 9.92879 51.9358 8
    endloop
  endfacet
  facet normal 0 0 1
    outer loop
      vertex 16.1698 15.7139 8
      vertex 10.2057 51.7234 8
      vertex 15.9042 15.3679 8
    endloop
  endfacet
  facet normal 0 0 1
    outer loop
      vertex 10.5 51.5359 8
      vertex 10.2057 51.7234 8
      vertex 16.1698 15.7139 8
    endloop
  endfacet
  facet normal 0 0 1
    outer loop
      vertex 10.5 51.5359 8
      vertex 16.1698 15.7139 8
      vertex 16.4645 16.0355 8
    endloop
  endfacet
  facet normal 0 0 1
    outer loop
      vertex 10.5 51.5359 8
      vertex 16.4645 16.0355 8
      vertex 10.8095 51.3748 8
    endloop
  endfacet
  facet normal 0 -0 1
    outer loop
      vertex 16.4645 16.0355 8
      vertex 16.7861 16.3302 8
      vertex 10.8095 51.3748 8
    endloop
  endfacet
  facet normal 0 0 1
    outer loop
      vertex 16.7861 16.3302 8
      vertex 11.1319 51.2412 8
      vertex 10.8095 51.3748 8
    endloop
  endfacet
  facet normal 0 0 1
    outer loop
      vertex 17.1321 16.5958 8
      vertex 11.1319 51.2412 8
      vertex 16.7861 16.3302 8
    endloop
  endfacet
  facet normal 0 0 1
    outer loop
      vertex 17.5 16.8301 8
      vertex 11.4647 51.1363 8
      vertex 17.1321 16.5958 8
    endloop
  endfacet
  facet normal 0 0 1
    outer loop
      vertex 11.8054 51.0608 8
      vertex 11.4647 51.1363 8
      vertex 17.5 16.8301 8
    endloop
  endfacet
  facet normal 0 0 1
    outer loop
      vertex 11.8054 51.0608 8
      vertex 17.5 16.8301 8
      vertex 17.8869 17.0315 8
    endloop
  endfacet
  facet normal 0 0 1
    outer loop
      vertex 11.8054 51.0608 8
      vertex 17.8869 17.0315 8
      vertex 12.1514 51.0152 8
    endloop
  endfacet
  facet normal 0 -0 1
    outer loop
      vertex 17.8869 17.0315 8
      vertex 18.2899 17.1985 8
      vertex 12.1514 51.0152 8
    endloop
  endfacet
  facet normal 0 0 1
    outer loop
      vertex 18.2899 17.1985 8
      vertex 12.5 51 8
      vertex 12.1514 51.0152 8
    endloop
  endfacet
  facet normal 0 0 1
    outer loop
      vertex 25 45 8
      vertex 12.5 51 8
      vertex 18.2899 17.1985 8
    endloop
  endfacet
  facet normal 0 0 1
    outer loop
      vertex 25 45 8
      vertex 18.7059 17.3296 8
      vertex 19.1318 17.424 8
    endloop
  endfacet
  facet normal 0 0 1
    outer loop
      vertex 25 45 8
      vertex 18.2899 17.1985 8
      vertex 18.7059 17.3296 8
    endloop
  endfacet
  facet normal 0 0 1
    outer loop
      vertex 19.5642 17.481 8
      vertex 20 17.5 8
      vertex 25 45 8
    endloop
  endfacet
  facet normal -0 0 1
    outer loop
      vertex 20 17.5 8
      vertex 20.4358 17.481 8
      vertex 25 45 8
    endloop
  endfacet
  facet normal -0 0 1
    outer loop
      vertex 20.4358 17.481 8
      vertex 20.8682 17.424 8
      vertex 25 45 8
    endloop
  endfacet
  facet normal -0 0 1
    outer loop
      vertex 20.8682 17.424 8
      vertex 21.2941 17.3296 8
      vertex 25 45 8
    endloop
  endfacet
  facet normal -0 0 1
    outer loop
      vertex 21.2941 17.3296 8
      vertex 21.7101 17.1985 8
      vertex 25 45 8
    endloop
  endfacet
  facet normal -0 0 1
    outer loop
      vertex 21.7101 17.1985 8
      vertex 22.1131 17.0315 8
      vertex 25 45 8
    endloop
  endfacet
  facet normal -0 0 1
    outer loop
      vertex 22.1131 17.0315 8
      vertex 22.5 16.8301 8
      vertex 25 45 8
    endloop
  endfacet
  facet normal 0 0 1
    outer loop
      vertex 22.5 16.8301 8
      vertex 45 25 8
      vertex 25 45 8
    endloop
  endfacet
  facet normal 0 -0 1
    outer loop
      vertex 22.8679 16.5958 8
      vertex 45 25 8
      vertex 22.5 16.8301 8
    endloop
  endfacet
  facet normal 0 -0 1
    outer loop
      vertex 23.2139 16.3302 8
      vertex 45 25 8
      vertex 22.8679 16.5958 8
    endloop
  endfacet
  facet normal 0 -0 1
    outer loop
      vertex 23.5355 16.0355 8
      vertex 45 25 8
      vertex 23.2139 16.3302 8
    endloop
  endfacet
  facet normal 0 -0 1
    outer loop
      vertex 23.8302 15.7139 8
      vertex 45 25 8
      vertex 23.5355 16.0355 8
    endloop
  endfacet
  facet normal 0 -0 1
    outer loop
      vertex 24.0958 15.3679 8
      vertex 45 25 8
      vertex 23.8302 15.7139 8
    endloop
  endfacet
  facet normal 0 -0 1
    outer loop
      vertex 24.3301 15 8
      vertex 45 25 8
      vertex 24.0958 15.3679 8
    endloop
  endfacet
  facet normal 0 -0 1
    outer loop
      vertex 24.5315 14.6131 8
      vertex 45 25 8
      vertex 24.3301 15 8
    endloop
  endfacet
  facet normal 0 -0 1
    outer loop
      vertex 24.6985 14.2101 8
      vertex 45 25 8
      vertex 24.5315 14.6131 8
    endloop
  endfacet
  facet normal 0 -0 1
    outer loop
      vertex 24.8296 13.7941 8
      vertex 45 25 8
      vertex 24.6985 14.2101 8
    endloop
  endfacet
  facet normal 0 -0 1
    outer loop
      vertex 24.924 13.3682 8
      vertex 45 25 8
      vertex 24.8296 13.7941 8
    endloop
  endfacet
  facet normal 0 -0 1
    outer loop
      vertex 24.981 12.9358 8
      vertex 45 25 8
      vertex 24.924 13.3682 8
    endloop
  endfacet
  facet normal 0 -0 1
    outer loop
      vertex 25 12.5 8
      vertex 45 25 8
      vertex 24.981 12.9358 8
    endloop
  endfacet
  facet normal 0 0 1
    outer loop
      vertex 55.3015 10.7899 8
      vertex 24.5315 10.3869 8
      vertex 55.4685 10.3869 8
    endloop
  endfacet
  facet normal 0 0 1
    outer loop
      vertex 56.7861 8.6698 8
      vertex 56.4645 8.96449 8
      vertex 23.2139 8.6698 8
    endloop
  endfacet
  facet normal 0 0 1
    outer loop
      vertex 56.7861 8.6698 8
      vertex 23.2139 8.6698 8
      vertex 22.8679 8.40419 8
    endloop
  endfacet
  facet normal 0 0 1
    outer loop
      vertex 56.7861 8.6698 8
      vertex 22.8679 8.40419 8
      vertex 57.1321 8.40419 8
    endloop
  endfacet
  facet normal -0 0 1
    outer loop
      vertex 22.8679 8.40419 8
      vertex 22.5 8.16989 8
      vertex 57.1321 8.40419 8
    endloop
  endfacet
  facet normal 0 0 1
    outer loop
      vertex 22.5 8.16989 8
      vertex 57.5 8.16989 8
      vertex 57.1321 8.40419 8
    endloop
  endfacet
  facet normal 0 0 1
    outer loop
      vertex 57.8869 7.96849 8
      vertex 57.5 8.16989 8
      vertex 22.5 8.16989 8
    endloop
  endfacet
  facet normal 0 0 1
    outer loop
      vertex 97.1321 16.5958 8
      vertex 62.8679 16.5958 8
      vertex 96.7861 16.3302 8
    endloop
  endfacet
  facet normal 0 0 1
    outer loop
      vertex 58.2899 7.8015 8
      vertex 57.8869 7.96849 8
      vertex 21.7101 7.8015 8
    endloop
  endfacet
  facet normal 0 0 1
    outer loop
      vertex 58.2899 7.8015 8
      vertex 21.7101 7.8015 8
      vertex 21.2941 7.67039 8
    endloop
  endfacet
  facet normal 0 0 1
    outer loop
      vertex 58.2899 7.8015 8
      vertex 21.2941 7.67039 8
      vertex 58.7059 7.67039 8
    endloop
  endfacet
  facet normal -0 0 1
    outer loop
      vertex 21.2941 7.67039 8
      vertex 0 0 8
      vertex 58.7059 7.67039 8
    endloop
  endfacet
  facet normal 0 0 1
    outer loop
      vertex 60 7.5 8
      vertex 0 0 8
      vertex 120 0 8
    endloop
  endfacet
  facet normal 0 0 1
    outer loop
      vertex 59.5642 7.519 8
      vertex 59.1318 7.57599 8
      vertex 0 0 8
    endloop
  endfacet
  facet normal 0 0 1
    outer loop
      vertex 59.5642 7.519 8
      vertex 0 0 8
      vertex 60 7.5 8
    endloop
  endfacet
  facet normal -0 0 1
    outer loop
      vertex 20.8682 7.57599 8
      vertex 0 0 8
      vertex 21.2941 7.67039 8
    endloop
  endfacet
  facet normal -0 0 1
    outer loop
      vertex 20.4358 7.519 8
      vertex 0 0 8
      vertex 20.8682 7.57599 8
    endloop
  endfacet
  facet normal -0 0 1
    outer loop
      vertex 20 7.5 8
      vertex 0 0 8
      vertex 20.4358 7.519 8
    endloop
  endfacet
  facet normal 0 0 1
    outer loop
      vertex 21.7101 7.8015 8
      vertex 57.8869 7.96849 8
      vertex 22.1131 7.96849 8
    endloop
  endfacet
  facet normal 0 0 1
    outer loop
      vertex 57.8869 7.96849 8
      vertex 22.5 8.16989 8
      vertex 22.1131 7.96849 8
    endloop
  endfacet
  facet normal 0 0 1
    outer loop
      vertex 56.4645 8.96449 8
      vertex 23.5355 8.96449 8
      vertex 23.2139 8.6698 8
    endloop
  endfacet
  facet normal 0 0 1
    outer loop
      vertex 56.1698 9.28609 8
      vertex 23.5355 8.96449 8
      vertex 56.4645 8.96449 8
    endloop
  endfacet
  facet normal -0 0 1
    outer loop
      vertex 23.8302 9.28609 8
      vertex 23.5355 8.96449 8
      vertex 56.1698 9.28609 8
    endloop
  endfacet
  facet normal 0 0 1
    outer loop
      vertex 23.8302 9.28609 8
      vertex 56.1698 9.28609 8
      vertex 55.9042 9.6321 8
    endloop
  endfacet
  facet normal 0 0 1
    outer loop
      vertex 23.8302 9.28609 8
      vertex 55.9042 9.6321 8
      vertex 24.0958 9.6321 8
    endloop
  endfacet
  facet normal 0 0 1
    outer loop
      vertex 55.9042 9.6321 8
      vertex 55.6699 10 8
      vertex 24.0958 9.6321 8
    endloop
  endfacet
  facet normal 0 0 1
    outer loop
      vertex 55.6699 10 8
      vertex 24.3301 10 8
      vertex 24.0958 9.6321 8
    endloop
  endfacet
  facet normal 0 0 1
    outer loop
      vertex 55.4685 10.3869 8
      vertex 24.3301 10 8
      vertex 55.6699 10 8
    endloop
  endfacet
  facet normal -0 0 1
    outer loop
      vertex 24.5315 10.3869 8
      vertex 24.3301 10 8
      vertex 55.4685 10.3869 8
    endloop
  endfacet
  facet normal 0 0 1
    outer loop
      vertex 24.6985 10.7899 8
      vertex 55.3015 10.7899 8
      vertex 55.1704 11.2059 8
    endloop
  endfacet
  facet normal -0 0 1
    outer loop
      vertex 24.6985 10.7899 8
      vertex 24.5315 10.3869 8
      vertex 55.3015 10.7899 8
    endloop
  endfacet
  facet normal -0 0 1
    outer loop
      vertex 24.8296 11.2059 8
      vertex 24.6985 10.7899 8
      vertex 55.1704 11.2059 8
    endloop
  endfacet
  facet normal 0 0 1
    outer loop
      vertex 24.8296 11.2059 8
      vertex 55.1704 11.2059 8
      vertex 55.076 11.6318 8
    endloop
  endfacet
  facet normal 0 0 1
    outer loop
      vertex 24.8296 11.2059 8
      vertex 55.076 11.6318 8
      vertex 24.924 11.6318 8
    endloop
  endfacet
  facet normal 0 0 1
    outer loop
      vertex 55.076 11.6318 8
      vertex 55.019 12.0642 8
      vertex 24.924 11.6318 8
    endloop
  endfacet
  facet normal -0 0 1
    outer loop
      vertex 24.981 12.0642 8
      vertex 24.924 11.6318 8
      vertex 55.019 12.0642 8
    endloop
  endfacet
  facet normal 0 0 1
    outer loop
      vertex 24.981 12.0642 8
      vertex 55.019 12.0642 8
      vertex 45 25 8
    endloop
  endfacet
  facet normal 0 0 1
    outer loop
      vertex 55.019 12.0642 8
      vertex 55 12.5 8
      vertex 45 25 8
    endloop
  endfacet
  facet normal 0 -0 1
    outer loop
      vertex 55 12.5 8
      vertex 55.019 12.9358 8
      vertex 45 25 8
    endloop
  endfacet
  facet normal 0 -0 1
    outer loop
      vertex 55.019 12.9358 8
      vertex 55.076 13.3682 8
      vertex 45 25 8
    endloop
  endfacet
  facet normal 0 -0 1
    outer loop
      vertex 55.076 13.3682 8
      vertex 55.1704 13.7941 8
      vertex 45 25 8
    endloop
  endfacet
  facet normal 0 -0 1
    outer loop
      vertex 55.1704 13.7941 8
      vertex 55.3015 14.2101 8
      vertex 45 25 8
    endloop
  endfacet
  facet normal 0 -0 1
    outer loop
      vertex 55.3015 14.2101 8
      vertex 55.4685 14.6131 8
      vertex 45 25 8
    endloop
  endfacet
  facet normal 0 -0 1
    outer loop
      vertex 55.4685 14.6131 8
      vertex 55.6699 15 8
      vertex 45 25 8
    endloop
  endfacet
  facet normal 0 -0 1
    outer loop
      vertex 55.6699 15 8
      vertex 55.9042 15.3679 8
      vertex 45 25 8
    endloop
  endfacet
  facet normal 0 -0 1
    outer loop
      vertex 55.9042 15.3679 8
      vertex 56.1698 15.7139 8
      vertex 45 25 8
    endloop
  endfacet
  facet normal 0 -0 1
    outer loop
      vertex 56.1698 15.7139 8
      vertex 56.4645 16.0355 8
      vertex 45 25 8
    endloop
  endfacet
  facet normal 0 -0 1
    outer loop
      vertex 56.4645 16.0355 8
      vertex 56.7861 16.3302 8
      vertex 45 25 8
    endloop
  endfacet
  facet normal 0 -0 1
    outer loop
      vertex 56.7861 16.3302 8
      vertex 57.1321 16.5958 8
      vertex 45 25 8
    endloop
  endfacet
  facet normal 0 -0 1
    outer loop
      vertex 57.1321 16.5958 8
      vertex 57.5 16.8301 8
      vertex 45 25 8
    endloop
  endfacet
  facet normal 0 -0 1
    outer loop
      vertex 57.5 16.8301 8
      vertex 57.8869 17.0315 8
      vertex 45 25 8
    endloop
  endfacet
  facet normal 0 -0 1
    outer loop
      vertex 57.8869 17.0315 8
      vertex 58.2899 17.1985 8
      vertex 45 25 8
    endloop
  endfacet
  facet normal 0 -0 1
    outer loop
      vertex 58.2899 17.1985 8
      vertex 58.7059 17.3296 8
      vertex 45 25 8
    endloop
  endfacet
  facet normal 0 -0 1
    outer loop
      vertex 58.7059 17.3296 8
      vertex 59.1318 17.424 8
      vertex 45 25 8
    endloop
  endfacet
  facet normal 0 -0 1
    outer loop
      vertex 59.1318 17.424 8
      vertex 59.5642 17.481 8
      vertex 45 25 8
    endloop
  endfacet
  facet normal 0 0 1
    outer loop
      vertex 60.4358 17.481 8
      vertex 45 25 8
      vertex 60 17.5 8
    endloop
  endfacet
  facet normal 0 0 1
    outer loop
      vertex 45 25 8
      vertex 60.4358 17.481 8
      vertex 60.8682 17.424 8
    endloop
  endfacet
  facet normal 0 0 1
    outer loop
      vertex 45 25 8
      vertex 60.8682 17.424 8
      vertex 61.2941 17.3296 8
    endloop
  endfacet
  facet normal 0 0 1
    outer loop
      vertex 97.1321 16.5958 8
      vertex 62.5 16.8301 8
      vertex 62.8679 16.5958 8
    endloop
  endfacet
  facet normal 0 0 1
    outer loop
      vertex 96.1698 15.7139 8
      vertex 63.5355 16.0355 8
      vertex 63.8302 15.7139 8
    endloop
  endfacet
  facet normal 0 -0 1
    outer loop
      vertex 64.3301 15 8
      vertex 95.6699 15 8
      vertex 64.0958 15.3679 8
    endloop
  endfacet
  facet normal 0 0 1
    outer loop
      vertex 95.3015 14.2101 8
      vertex 64.6985 14.2101 8
      vertex 95.1704 13.7941 8
    endloop
  endfacet
  facet normal 0 -0 1
    outer loop
      vertex 64.981 12.9358 8
      vertex 95.019 12.9358 8
      vertex 64.924 13.3682 8
    endloop
  endfacet
  facet normal 0 0 1
    outer loop
      vertex 95.076 11.6318 8
      vertex 95.019 12.0642 8
      vertex 64.924 11.6318 8
    endloop
  endfacet
  facet normal 0 0 1
    outer loop
      vertex 64.6985 10.7899 8
      vertex 95.1704 11.2059 8
      vertex 64.8296 11.2059 8
    endloop
  endfacet
  facet normal 0 0 1
    outer loop
      vertex 95.3015 10.7899 8
      vertex 95.1704 11.2059 8
      vertex 64.6985 10.7899 8
    endloop
  endfacet
  facet normal 0 0 1
    outer loop
      vertex 95.4685 10.3869 8
      vertex 64.5315 10.3869 8
      vertex 64.3301 10 8
    endloop
  endfacet
  facet normal 0 0 1
    outer loop
      vertex 95.4685 10.3869 8
      vertex 64.3301 10 8
      vertex 95.6699 10 8
    endloop
  endfacet
  facet normal -0 0 1
    outer loop
      vertex 64.3301 10 8
      vertex 64.0958 9.6321 8
      vertex 95.6699 10 8
    endloop
  endfacet
  facet normal 0 0 1
    outer loop
      vertex 64.0958 9.6321 8
      vertex 95.9042 9.6321 8
      vertex 95.6699 10 8
    endloop
  endfacet
  facet normal 0 0 1
    outer loop
      vertex 63.8302 9.28609 8
      vertex 95.9042 9.6321 8
      vertex 64.0958 9.6321 8
    endloop
  endfacet
  facet normal 0 0 1
    outer loop
      vertex 96.1698 9.28609 8
      vertex 95.9042 9.6321 8
      vertex 63.8302 9.28609 8
    endloop
  endfacet
  facet normal 0 -0 1
    outer loop
      vertex 61.2941 17.3296 8
      vertex 98.7059 17.3296 8
      vertex 45 25 8
    endloop
  endfacet
  facet normal 0 0 1
    outer loop
      vertex 96.4645 8.96449 8
      vertex 63.5355 8.96449 8
      vertex 63.2139 8.6698 8
    endloop
  endfacet
  facet normal 0 0 1
    outer loop
      vertex 96.4645 8.96449 8
      vertex 63.2139 8.6698 8
      vertex 96.7861 8.6698 8
    endloop
  endfacet
  facet normal -0 0 1
    outer loop
      vertex 63.2139 8.6698 8
      vertex 62.8679 8.40419 8
      vertex 96.7861 8.6698 8
    endloop
  endfacet
  facet normal 0 0 1
    outer loop
      vertex 62.8679 8.40419 8
      vertex 97.1321 8.40419 8
      vertex 96.7861 8.6698 8
    endloop
  endfacet
  facet normal 0 0 1
    outer loop
      vertex 62.5 8.16989 8
      vertex 97.1321 8.40419 8
      vertex 62.8679 8.40419 8
    endloop
  endfacet
  facet normal 0 0 1
    outer loop
      vertex 97.5 8.16989 8
      vertex 97.1321 8.40419 8
      vertex 62.5 8.16989 8
    endloop
  endfacet
  facet normal 0 0 1
    outer loop
      vertex 97.5 8.16989 8
      vertex 62.5 8.16989 8
      vertex 97.8869 7.96849 8
    endloop
  endfacet
  facet normal 0 0 1
    outer loop
      vertex 100.436 7.519 8
      vertex 100 7.5 8
      vertex 120 0 8
    endloop
  endfacet
  facet normal 0 0 1
    outer loop
      vertex 97.8869 7.96849 8
      vertex 61.7101 7.8015 8
      vertex 98.2899 7.8015 8
    endloop
  endfacet
  facet normal -0 0 1
    outer loop
      vertex 61.7101 7.8015 8
      vertex 61.2941 7.67039 8
      vertex 98.2899 7.8015 8
    endloop
  endfacet
  facet normal 0 0 1
    outer loop
      vertex 61.2941 7.67039 8
      vertex 98.7059 7.67039 8
      vertex 98.2899 7.8015 8
    endloop
  endfacet
  facet normal 0 0 1
    outer loop
      vertex 120 0 8
      vertex 98.7059 7.67039 8
      vertex 61.2941 7.67039 8
    endloop
  endfacet
  facet normal 0 0 1
    outer loop
      vertex 99.1318 7.57599 8
      vertex 98.7059 7.67039 8
      vertex 120 0 8
    endloop
  endfacet
  facet normal 0 0 1
    outer loop
      vertex 99.1318 7.57599 8
      vertex 120 0 8
      vertex 99.5642 7.519 8
    endloop
  endfacet
  facet normal 0 0 1
    outer loop
      vertex 120 0 8
      vertex 100 7.5 8
      vertex 99.5642 7.519 8
    endloop
  endfacet
  facet normal 0 0 1
    outer loop
      vertex 120 0 8
      vertex 61.2941 7.67039 8
      vertex 60.8682 7.57599 8
    endloop
  endfacet
  facet normal 0 0 1
    outer loop
      vertex 120 0 8
      vertex 60.4358 7.519 8
      vertex 60 7.5 8
    endloop
  endfacet
  facet normal 0 0 1
    outer loop
      vertex 120 0 8
      vertex 60.8682 7.57599 8
      vertex 60.4358 7.519 8
    endloop
  endfacet
  facet normal 0 -0 1
    outer loop
      vertex 100.436 17.481 8
      vertex 120 25 8
      vertex 100 17.5 8
    endloop
  endfacet
  facet normal 0 0 1
    outer loop
      vertex 62.5 8.16989 8
      vertex 62.1131 7.96849 8
      vertex 97.8869 7.96849 8
    endloop
  endfacet
  facet normal 0 0 1
    outer loop
      vertex 97.8869 7.96849 8
      vertex 62.1131 7.96849 8
      vertex 61.7101 7.8015 8
    endloop
  endfacet
  facet normal 0 0 1
    outer loop
      vertex 96.1698 9.28609 8
      vertex 63.8302 9.28609 8
      vertex 63.5355 8.96449 8
    endloop
  endfacet
  facet normal 0 0 1
    outer loop
      vertex 96.4645 8.96449 8
      vertex 96.1698 9.28609 8
      vertex 63.5355 8.96449 8
    endloop
  endfacet
  facet normal 0 0 1
    outer loop
      vertex 95.3015 10.7899 8
      vertex 64.6985 10.7899 8
      vertex 64.5315 10.3869 8
    endloop
  endfacet
  facet normal 0 0 1
    outer loop
      vertex 95.4685 10.3869 8
      vertex 95.3015 10.7899 8
      vertex 64.5315 10.3869 8
    endloop
  endfacet
  facet normal 0 0 1
    outer loop
      vertex 95.1704 11.2059 8
      vertex 95.076 11.6318 8
      vertex 64.8296 11.2059 8
    endloop
  endfacet
  facet normal 0 0 1
    outer loop
      vertex 95.076 11.6318 8
      vertex 64.924 11.6318 8
      vertex 64.8296 11.2059 8
    endloop
  endfacet
  facet normal 0 0 1
    outer loop
      vertex 95.019 12.0642 8
      vertex 64.981 12.0642 8
      vertex 64.924 11.6318 8
    endloop
  endfacet
  facet normal 0 0 1
    outer loop
      vertex 65 12.5 8
      vertex 64.981 12.0642 8
      vertex 95.019 12.0642 8
    endloop
  endfacet
  facet normal -0 0 1
    outer loop
      vertex 65 12.5 8
      vertex 95.019 12.0642 8
      vertex 95 12.5 8
    endloop
  endfacet
  facet normal 0 0 1
    outer loop
      vertex 65 12.5 8
      vertex 95 12.5 8
      vertex 95.019 12.9358 8
    endloop
  endfacet
  facet normal 0 -0 1
    outer loop
      vertex 65 12.5 8
      vertex 95.019 12.9358 8
      vertex 64.981 12.9358 8
    endloop
  endfacet
  facet normal 0 -0 1
    outer loop
      vertex 95.019 12.9358 8
      vertex 95.076 13.3682 8
      vertex 64.924 13.3682 8
    endloop
  endfacet
  facet normal 0 0 1
    outer loop
      vertex 95.076 13.3682 8
      vertex 64.8296 13.7941 8
      vertex 64.924 13.3682 8
    endloop
  endfacet
  facet normal 0 0 1
    outer loop
      vertex 95.1704 13.7941 8
      vertex 64.8296 13.7941 8
      vertex 95.076 13.3682 8
    endloop
  endfacet
  facet normal 0 0 1
    outer loop
      vertex 64.6985 14.2101 8
      vertex 64.8296 13.7941 8
      vertex 95.1704 13.7941 8
    endloop
  endfacet
  facet normal 0 0 1
    outer loop
      vertex 64.5315 14.6131 8
      vertex 64.6985 14.2101 8
      vertex 95.3015 14.2101 8
    endloop
  endfacet
  facet normal -0 0 1
    outer loop
      vertex 64.5315 14.6131 8
      vertex 95.3015 14.2101 8
      vertex 95.4685 14.6131 8
    endloop
  endfacet
  facet normal 0 -0 1
    outer loop
      vertex 64.5315 14.6131 8
      vertex 95.4685 14.6131 8
      vertex 64.3301 15 8
    endloop
  endfacet
  facet normal 0 -0 1
    outer loop
      vertex 95.4685 14.6131 8
      vertex 95.6699 15 8
      vertex 64.3301 15 8
    endloop
  endfacet
  facet normal 0 -0 1
    outer loop
      vertex 95.6699 15 8
      vertex 95.9042 15.3679 8
      vertex 64.0958 15.3679 8
    endloop
  endfacet
  facet normal 0 0 1
    outer loop
      vertex 95.9042 15.3679 8
      vertex 63.8302 15.7139 8
      vertex 64.0958 15.3679 8
    endloop
  endfacet
  facet normal 0 0 1
    outer loop
      vertex 96.1698 15.7139 8
      vertex 63.8302 15.7139 8
      vertex 95.9042 15.3679 8
    endloop
  endfacet
  facet normal 0 0 1
    outer loop
      vertex 96.4645 16.0355 8
      vertex 63.5355 16.0355 8
      vertex 96.1698 15.7139 8
    endloop
  endfacet
  facet normal 0 0 1
    outer loop
      vertex 63.2139 16.3302 8
      vertex 63.5355 16.0355 8
      vertex 96.4645 16.0355 8
    endloop
  endfacet
  facet normal -0 0 1
    outer loop
      vertex 63.2139 16.3302 8
      vertex 96.4645 16.0355 8
      vertex 96.7861 16.3302 8
    endloop
  endfacet
  facet normal 0 -0 1
    outer loop
      vertex 63.2139 16.3302 8
      vertex 96.7861 16.3302 8
      vertex 62.8679 16.5958 8
    endloop
  endfacet
  facet normal -0 0 1
    outer loop
      vertex 62.5 16.8301 8
      vertex 97.1321 16.5958 8
      vertex 97.5 16.8301 8
    endloop
  endfacet
  facet normal 0 0 1
    outer loop
      vertex 62.5 16.8301 8
      vertex 97.5 16.8301 8
      vertex 97.8869 17.0315 8
    endloop
  endfacet
  facet normal 0 -0 1
    outer loop
      vertex 62.5 16.8301 8
      vertex 97.8869 17.0315 8
      vertex 62.1131 17.0315 8
    endloop
  endfacet
  facet normal 0 0 1
    outer loop
      vertex 97.8869 17.0315 8
      vertex 61.7101 17.1985 8
      vertex 62.1131 17.0315 8
    endloop
  endfacet
  facet normal 0 0 1
    outer loop
      vertex 98.2899 17.1985 8
      vertex 61.7101 17.1985 8
      vertex 97.8869 17.0315 8
    endloop
  endfacet
  facet normal 0 0 1
    outer loop
      vertex 61.2941 17.3296 8
      vertex 61.7101 17.1985 8
      vertex 98.2899 17.1985 8
    endloop
  endfacet
  facet normal -0 0 1
    outer loop
      vertex 61.2941 17.3296 8
      vertex 98.2899 17.1985 8
      vertex 98.7059 17.3296 8
    endloop
  endfacet
  facet normal 0 0 1
    outer loop
      vertex 45 25 8
      vertex 98.7059 17.3296 8
      vertex 99.1318 17.424 8
    endloop
  endfacet
  facet normal -0 0 1
    outer loop
      vertex 45 25 8
      vertex 99.1318 17.424 8
      vertex 120 25 8
    endloop
  endfacet
  facet normal 0 0 1
    outer loop
      vertex 99.1318 17.424 8
      vertex 99.5642 17.481 8
      vertex 120 25 8
    endloop
  endfacet
  facet normal 0 0 1
    outer loop
      vertex 99.5642 17.481 8
      vertex 100 17.5 8
      vertex 120 25 8
    endloop
  endfacet
  facet normal 0 -0 1
    outer loop
      vertex 100.868 17.424 8
      vertex 120 25 8
      vertex 100.436 17.481 8
    endloop
  endfacet
  facet normal 0 -0 1
    outer loop
      vertex 101.294 17.3296 8
      vertex 120 25 8
      vertex 100.868 17.424 8
    endloop
  endfacet
  facet normal 0 -0 1
    outer loop
      vertex 101.71 17.1985 8
      vertex 120 25 8
      vertex 101.294 17.3296 8
    endloop
  endfacet
  facet normal 0 -0 1
    outer loop
      vertex 102.113 17.0315 8
      vertex 120 25 8
      vertex 101.71 17.1985 8
    endloop
  endfacet
  facet normal 0 -0 1
    outer loop
      vertex 102.5 16.8301 8
      vertex 120 25 8
      vertex 102.113 17.0315 8
    endloop
  endfacet
  facet normal 0 -0 1
    outer loop
      vertex 102.868 16.5958 8
      vertex 120 25 8
      vertex 102.5 16.8301 8
    endloop
  endfacet
  facet normal 0 -0 1
    outer loop
      vertex 103.214 16.3302 8
      vertex 120 25 8
      vertex 102.868 16.5958 8
    endloop
  endfacet
  facet normal 0 -0 1
    outer loop
      vertex 103.535 16.0355 8
      vertex 120 25 8
      vertex 103.214 16.3302 8
    endloop
  endfacet
  facet normal 0 -0 1
    outer loop
      vertex 103.83 15.7139 8
      vertex 120 25 8
      vertex 103.535 16.0355 8
    endloop
  endfacet
  facet normal 0 0 1
    outer loop
      vertex 120 25 8
      vertex 103.83 15.7139 8
      vertex 104.096 15.3679 8
    endloop
  endfacet
  facet normal 0 0 1
    outer loop
      vertex 120 25 8
      vertex 104.096 15.3679 8
      vertex 104.33 15 8
    endloop
  endfacet
  facet normal 0 0 1
    outer loop
      vertex 120 25 8
      vertex 104.33 15 8
      vertex 104.531 14.6131 8
    endloop
  endfacet
  facet normal 0 0 1
    outer loop
      vertex 120 25 8
      vertex 104.531 14.6131 8
      vertex 104.698 14.2101 8
    endloop
  endfacet
  facet normal 0 0 1
    outer loop
      vertex 120 25 8
      vertex 104.698 14.2101 8
      vertex 104.83 13.7941 8
    endloop
  endfacet
  facet normal 0 0 1
    outer loop
      vertex 120 25 8
      vertex 104.83 13.7941 8
      vertex 104.924 13.3682 8
    endloop
  endfacet
  facet normal 0 0 1
    outer loop
      vertex 120 25 8
      vertex 104.924 13.3682 8
      vertex 104.981 12.9358 8
    endloop
  endfacet
  facet normal 0 0 1
    outer loop
      vertex 120 25 8
      vertex 104.981 12.9358 8
      vertex 105 12.5 8
    endloop
  endfacet
  facet normal 0 0 1
    outer loop
      vertex 120 25 8
      vertex 105 12.5 8
      vertex 120 0 8
    endloop
  endfacet
  facet normal 0 0 1
    outer loop
      vertex 105 12.5 8
      vertex 104.981 12.0642 8
      vertex 120 0 8
    endloop
  endfacet
  facet normal 0 0 1
    outer loop
      vertex 104.981 12.0642 8
      vertex 104.924 11.6318 8
      vertex 120 0 8
    endloop
  endfacet
  facet normal 0 0 1
    outer loop
      vertex 104.924 11.6318 8
      vertex 104.83 11.2059 8
      vertex 120 0 8
    endloop
  endfacet
  facet normal 0 0 1
    outer loop
      vertex 104.83 11.2059 8
      vertex 104.698 10.7899 8
      vertex 120 0 8
    endloop
  endfacet
  facet normal 0 0 1
    outer loop
      vertex 104.698 10.7899 8
      vertex 104.531 10.3869 8
      vertex 120 0 8
    endloop
  endfacet
  facet normal 0 0 1
    outer loop
      vertex 104.531 10.3869 8
      vertex 104.33 10 8
      vertex 120 0 8
    endloop
  endfacet
  facet normal 0 0 1
    outer loop
      vertex 104.33 10 8
      vertex 104.096 9.6321 8
      vertex 120 0 8
    endloop
  endfacet
  facet normal 0 0 1
    outer loop
      vertex 104.096 9.6321 8
      vertex 103.83 9.28609 8
      vertex 120 0 8
    endloop
  endfacet
  facet normal 0 0 1
    outer loop
      vertex 103.83 9.28609 8
      vertex 103.535 8.96449 8
      vertex 120 0 8
    endloop
  endfacet
  facet normal 0 0 1
    outer loop
      vertex 103.535 8.96449 8
      vertex 103.214 8.6698 8
      vertex 120 0 8
    endloop
  endfacet
  facet normal 0 0 1
    outer loop
      vertex 103.214 8.6698 8
      vertex 102.868 8.40419 8
      vertex 120 0 8
    endloop
  endfacet
  facet normal 0 0 1
    outer loop
      vertex 102.868 8.40419 8
      vertex 102.5 8.16989 8
      vertex 120 0 8
    endloop
  endfacet
  facet normal 0 0 1
    outer loop
      vertex 102.5 8.16989 8
      vertex 102.113 7.96849 8
      vertex 120 0 8
    endloop
  endfacet
  facet normal 0 0 1
    outer loop
      vertex 102.113 7.96849 8
      vertex 101.71 7.8015 8
      vertex 120 0 8
    endloop
  endfacet
  facet normal 0 0 1
    outer loop
      vertex 101.71 7.8015 8
      vertex 101.294 7.67039 8
      vertex 120 0 8
    endloop
  endfacet
  facet normal 0 0 1
    outer loop
      vertex 101.294 7.67039 8
      vertex 100.868 7.57599 8
      vertex 120 0 8
    endloop
  endfacet
  facet normal 0 0 1
    outer loop
      vertex 100.868 7.57599 8
      vertex 100.436 7.519 8
      vertex 120 0 8
    endloop
  endfacet
  facet normal 0 1 0
    outer loop
      vertex 45 25 0
      vertex 120 25 8
      vertex 120 25 0
    endloop
  endfacet
  facet normal 0 1 0
    outer loop
      vertex 45 25 0
      vertex 45 25 8
      vertex 120 25 8
    endloop
  endfacet
  facet normal 0.707107 0.707107 0
    outer loop
      vertex 25 45 0
      vertex 45 25 8
      vertex 45 25 0
    endloop
  endfacet
  facet normal 0.707107 0.707107 -0
    outer loop
      vertex 25 45 0
      vertex 25 45 8
      vertex 45 25 8
    endloop
  endfacet
  facet normal 1 0 0
    outer loop
      vertex 25 100 0
      vertex 25 45 8
      vertex 25 45 0
    endloop
  endfacet
  facet normal 1 0 -0
    outer loop
      vertex 25 100 0
      vertex 25 100 8
      vertex 25 45 8
    endloop
  endfacet
  facet normal 0 1 0
    outer loop
      vertex 0 100 0
      vertex 25 100 8
      vertex 25 100 0
    endloop
  endfacet
  facet normal 0 1 0
    outer loop
      vertex 0 100 0
      vertex 0 100 8
      vertex 25 100 8
    endloop
  endfacet
  facet normal -1 0 0
    outer loop
      vertex 0 0 0
      vertex 0 100 8
      vertex 0 100 0
    endloop
  endfacet
  facet normal -1 0 0
    outer loop
      vertex 0 0 0
      vertex 0 0 8
      vertex 0 100 8
    endloop
  endfacet
  facet normal 0 -1 0
    outer loop
      vertex 120 0 0
      vertex 0 0 8
      vertex 0 0 0
    endloop
  endfacet
  facet normal 0 -1 0
    outer loop
      vertex 120 0 0
      vertex 120 0 8
      vertex 0 0 8
    endloop
  endfacet
  facet normal 1 0 0
    outer loop
      vertex 120 25 0
      vertex 120 0 8
      vertex 120 0 0
    endloop
  endfacet
  facet normal 1 0 -0
    outer loop
      vertex 120 25 0
      vertex 120 25 8
      vertex 120 0 8
    endloop
  endfacet
  facet normal 0.130662 0.991427 -0
    outer loop
      vertex 11.8054 86.0608 0
      vertex 11.8054 86.0608 8
      vertex 12.1514 86.0152 0
    endloop
  endfacet
  facet normal 0.130662 0.991427 0
    outer loop
      vertex 12.1514 86.0152 8
      vertex 12.1514 86.0152 0
      vertex 11.8054 86.0608 8
    endloop
  endfacet
  facet normal 0.216354 0.976315 -0
    outer loop
      vertex 11.4647 86.1363 0
      vertex 11.4647 86.1363 8
      vertex 11.8054 86.0608 0
    endloop
  endfacet
  facet normal 0.216354 0.976315 0
    outer loop
      vertex 11.8054 86.0608 8
      vertex 11.8054 86.0608 0
      vertex 11.4647 86.1363 8
    endloop
  endfacet
  facet normal 0.300624 0.953743 -0
    outer loop
      vertex 11.1319 86.2412 0
      vertex 11.1319 86.2412 8
      vertex 11.4647 86.1363 0
    endloop
  endfacet
  facet normal 0.300624 0.953743 0
    outer loop
      vertex 11.4647 86.1363 8
      vertex 11.4647 86.1363 0
      vertex 11.1319 86.2412 8
    endloop
  endfacet
  facet normal 0.382824 0.923821 -0
    outer loop
      vertex 10.8095 86.3748 0
      vertex 10.8095 86.3748 8
      vertex 11.1319 86.2412 0
    endloop
  endfacet
  facet normal 0.382824 0.923821 0
    outer loop
      vertex 11.1319 86.2412 8
      vertex 11.1319 86.2412 0
      vertex 10.8095 86.3748 8
    endloop
  endfacet
  facet normal 0.461714 0.887029 -0
    outer loop
      vertex 10.5 86.5359 0
      vertex 10.5 86.5359 8
      vertex 10.8095 86.3748 0
    endloop
  endfacet
  facet normal 0.461714 0.887029 0
    outer loop
      vertex 10.8095 86.3748 8
      vertex 10.8095 86.3748 0
      vertex 10.5 86.5359 8
    endloop
  endfacet
  facet normal 0.53732 0.843378 -0
    outer loop
      vertex 10.2057 86.7234 0
      vertex 10.2057 86.7234 8
      vertex 10.5 86.5359 0
    endloop
  endfacet
  facet normal 0.53732 0.843378 0
    outer loop
      vertex 10.5 86.5359 8
      vertex 10.5 86.5359 0
      vertex 10.2057 86.7234 8
    endloop
  endfacet
  facet normal 0.608616 0.793465 -0
    outer loop
      vertex 9.92879 86.9358 0
      vertex 9.92879 86.9358 8
      vertex 10.2057 86.7234 0
    endloop
  endfacet
  facet normal 0.608616 0.793465 0
    outer loop
      vertex 10.2057 86.7234 8
      vertex 10.2057 86.7234 0
      vertex 9.92879 86.9358 8
    endloop
  endfacet
  facet normal 0.675777 0.737107 -0
    outer loop
      vertex 9.67159 87.1716 0
      vertex 9.67159 87.1716 8
      vertex 9.92879 86.9358 0
    endloop
  endfacet
  facet normal 0.675777 0.737107 0
    outer loop
      vertex 9.92879 86.9358 8
      vertex 9.92879 86.9358 0
      vertex 9.67159 87.1716 8
    endloop
  endfacet
  facet normal 0.737107 0.675777 -0
    outer loop
      vertex 9.43579 87.4288 0
      vertex 9.43579 87.4288 8
      vertex 9.67159 87.1716 0
    endloop
  endfacet
  facet normal 0.737107 0.675777 0
    outer loop
      vertex 9.67159 87.1716 8
      vertex 9.67159 87.1716 0
      vertex 9.43579 87.4288 8
    endloop
  endfacet
  facet normal 0.793454 0.60863 -0
    outer loop
      vertex 9.22339 87.7057 0
      vertex 9.22339 87.7057 8
      vertex 9.43579 87.4288 0
    endloop
  endfacet
  facet normal 0.793454 0.60863 0
    outer loop
      vertex 9.43579 87.4288 8
      vertex 9.43579 87.4288 0
      vertex 9.22339 87.7057 8
    endloop
  endfacet
  facet normal 0.843378 0.53732 -0
    outer loop
      vertex 9.03589 88 0
      vertex 9.03589 88 8
      vertex 9.22339 87.7057 0
    endloop
  endfacet
  facet normal 0.843378 0.53732 0
    outer loop
      vertex 9.22339 87.7057 8
      vertex 9.22339 87.7057 0
      vertex 9.03589 88 8
    endloop
  endfacet
  facet normal 0.887029 0.461714 -0
    outer loop
      vertex 8.87479 88.3095 0
      vertex 8.87479 88.3095 8
      vertex 9.03589 88 0
    endloop
  endfacet
  facet normal 0.887029 0.461714 0
    outer loop
      vertex 9.03589 88 8
      vertex 9.03589 88 0
      vertex 8.87479 88.3095 8
    endloop
  endfacet
  facet normal 0.923831 0.3828 -0
    outer loop
      vertex 8.7412 88.6319 0
      vertex 8.7412 88.6319 8
      vertex 8.87479 88.3095 0
    endloop
  endfacet
  facet normal 0.923831 0.3828 0
    outer loop
      vertex 8.87479 88.3095 8
      vertex 8.87479 88.3095 0
      vertex 8.7412 88.6319 8
    endloop
  endfacet
  facet normal 0.953735 0.30065 -0
    outer loop
      vertex 8.63629 88.9647 0
      vertex 8.63629 88.9647 8
      vertex 8.7412 88.6319 0
    endloop
  endfacet
  facet normal 0.953735 0.30065 0
    outer loop
      vertex 8.7412 88.6319 8
      vertex 8.7412 88.6319 0
      vertex 8.63629 88.9647 8
    endloop
  endfacet
  facet normal 0.976315 0.216354 -0
    outer loop
      vertex 8.56079 89.3054 0
      vertex 8.56079 89.3054 8
      vertex 8.63629 88.9647 0
    endloop
  endfacet
  facet normal 0.976315 0.216354 0
    outer loop
      vertex 8.63629 88.9647 8
      vertex 8.63629 88.9647 0
      vertex 8.56079 89.3054 8
    endloop
  endfacet
  facet normal 0.991431 0.130634 -0
    outer loop
      vertex 8.5152 89.6514 0
      vertex 8.5152 89.6514 8
      vertex 8.56079 89.3054 0
    endloop
  endfacet
  facet normal 0.991431 0.130634 0
    outer loop
      vertex 8.56079 89.3054 8
      vertex 8.56079 89.3054 0
      vertex 8.5152 89.6514 8
    endloop
  endfacet
  facet normal 0.999051 0.0435616 -0
    outer loop
      vertex 8.5 90 0
      vertex 8.5 90 8
      vertex 8.5152 89.6514 0
    endloop
  endfacet
  facet normal 0.999051 0.0435616 0
    outer loop
      vertex 8.5152 89.6514 8
      vertex 8.5152 89.6514 0
      vertex 8.5 90 8
    endloop
  endfacet
  facet normal 0.999051 -0.0435616 0
    outer loop
      vertex 8.5152 90.3486 0
      vertex 8.5152 90.3486 8
      vertex 8.5 90 0
    endloop
  endfacet
  facet normal 0.999051 -0.0435616 0
    outer loop
      vertex 8.5 90 8
      vertex 8.5 90 0
      vertex 8.5152 90.3486 8
    endloop
  endfacet
  facet normal 0.991431 -0.130634 0
    outer loop
      vertex 8.56079 90.6946 0
      vertex 8.56079 90.6946 8
      vertex 8.5152 90.3486 0
    endloop
  endfacet
  facet normal 0.991431 -0.130634 0
    outer loop
      vertex 8.5152 90.3486 8
      vertex 8.5152 90.3486 0
      vertex 8.56079 90.6946 8
    endloop
  endfacet
  facet normal 0.976315 -0.216354 0
    outer loop
      vertex 8.63629 91.0353 0
      vertex 8.63629 91.0353 8
      vertex 8.56079 90.6946 0
    endloop
  endfacet
  facet normal 0.976315 -0.216354 0
    outer loop
      vertex 8.56079 90.6946 8
      vertex 8.56079 90.6946 0
      vertex 8.63629 91.0353 8
    endloop
  endfacet
  facet normal 0.953735 -0.30065 0
    outer loop
      vertex 8.7412 91.3681 0
      vertex 8.7412 91.3681 8
      vertex 8.63629 91.0353 0
    endloop
  endfacet
  facet normal 0.953735 -0.30065 0
    outer loop
      vertex 8.63629 91.0353 8
      vertex 8.63629 91.0353 0
      vertex 8.7412 91.3681 8
    endloop
  endfacet
  facet normal 0.923831 -0.3828 0
    outer loop
      vertex 8.87479 91.6905 0
      vertex 8.87479 91.6905 8
      vertex 8.7412 91.3681 0
    endloop
  endfacet
  facet normal 0.923831 -0.3828 0
    outer loop
      vertex 8.7412 91.3681 8
      vertex 8.7412 91.3681 0
      vertex 8.87479 91.6905 8
    endloop
  endfacet
  facet normal 0.887029 -0.461714 0
    outer loop
      vertex 9.03589 92 0
      vertex 9.03589 92 8
      vertex 8.87479 91.6905 0
    endloop
  endfacet
  facet normal 0.887029 -0.461714 0
    outer loop
      vertex 8.87479 91.6905 8
      vertex 8.87479 91.6905 0
      vertex 9.03589 92 8
    endloop
  endfacet
  facet normal 0.843378 -0.53732 0
    outer loop
      vertex 9.22339 92.2943 0
      vertex 9.22339 92.2943 8
      vertex 9.03589 92 0
    endloop
  endfacet
  facet normal 0.843378 -0.53732 0
    outer loop
      vertex 9.03589 92 8
      vertex 9.03589 92 0
      vertex 9.22339 92.2943 8
    endloop
  endfacet
  facet normal 0.793454 -0.60863 0
    outer loop
      vertex 9.43579 92.5712 0
      vertex 9.43579 92.5712 8
      vertex 9.22339 92.2943 0
    endloop
  endfacet
  facet normal 0.793454 -0.60863 0
    outer loop
      vertex 9.22339 92.2943 8
      vertex 9.22339 92.2943 0
      vertex 9.43579 92.5712 8
    endloop
  endfacet
  facet normal 0.737107 -0.675777 0
    outer loop
      vertex 9.67159 92.8284 0
      vertex 9.67159 92.8284 8
      vertex 9.43579 92.5712 0
    endloop
  endfacet
  facet normal 0.737107 -0.675777 0
    outer loop
      vertex 9.43579 92.5712 8
      vertex 9.43579 92.5712 0
      vertex 9.67159 92.8284 8
    endloop
  endfacet
  facet normal 0.675777 -0.737107 0
    outer loop
      vertex 9.92879 93.0642 0
      vertex 9.92879 93.0642 8
      vertex 9.67159 92.8284 0
    endloop
  endfacet
  facet normal 0.675777 -0.737107 0
    outer loop
      vertex 9.67159 92.8284 8
      vertex 9.67159 92.8284 0
      vertex 9.92879 93.0642 8
    endloop
  endfacet
  facet normal 0.608616 -0.793465 0
    outer loop
      vertex 10.2057 93.2766 0
      vertex 10.2057 93.2766 8
      vertex 9.92879 93.0642 0
    endloop
  endfacet
  facet normal 0.608616 -0.793465 0
    outer loop
      vertex 9.92879 93.0642 8
      vertex 9.92879 93.0642 0
      vertex 10.2057 93.2766 8
    endloop
  endfacet
  facet normal 0.53732 -0.843378 0
    outer loop
      vertex 10.5 93.4641 0
      vertex 10.5 93.4641 8
      vertex 10.2057 93.2766 0
    endloop
  endfacet
  facet normal 0.53732 -0.843378 0
    outer loop
      vertex 10.2057 93.2766 8
      vertex 10.2057 93.2766 0
      vertex 10.5 93.4641 8
    endloop
  endfacet
  facet normal 0.461714 -0.887029 0
    outer loop
      vertex 10.8095 93.6252 0
      vertex 10.8095 93.6252 8
      vertex 10.5 93.4641 0
    endloop
  endfacet
  facet normal 0.461714 -0.887029 0
    outer loop
      vertex 10.5 93.4641 8
      vertex 10.5 93.4641 0
      vertex 10.8095 93.6252 8
    endloop
  endfacet
  facet normal 0.382824 -0.923821 0
    outer loop
      vertex 11.1319 93.7588 0
      vertex 11.1319 93.7588 8
      vertex 10.8095 93.6252 0
    endloop
  endfacet
  facet normal 0.382824 -0.923821 0
    outer loop
      vertex 10.8095 93.6252 8
      vertex 10.8095 93.6252 0
      vertex 11.1319 93.7588 8
    endloop
  endfacet
  facet normal 0.300624 -0.953743 0
    outer loop
      vertex 11.4647 93.8637 0
      vertex 11.4647 93.8637 8
      vertex 11.1319 93.7588 0
    endloop
  endfacet
  facet normal 0.300624 -0.953743 0
    outer loop
      vertex 11.1319 93.7588 8
      vertex 11.1319 93.7588 0
      vertex 11.4647 93.8637 8
    endloop
  endfacet
  facet normal 0.216354 -0.976315 0
    outer loop
      vertex 11.8054 93.9392 0
      vertex 11.8054 93.9392 8
      vertex 11.4647 93.8637 0
    endloop
  endfacet
  facet normal 0.216354 -0.976315 0
    outer loop
      vertex 11.4647 93.8637 8
      vertex 11.4647 93.8637 0
      vertex 11.8054 93.9392 8
    endloop
  endfacet
  facet normal 0.130662 -0.991427 0
    outer loop
      vertex 12.1514 93.9848 0
      vertex 12.1514 93.9848 8
      vertex 11.8054 93.9392 0
    endloop
  endfacet
  facet normal 0.130662 -0.991427 0
    outer loop
      vertex 11.8054 93.9392 8
      vertex 11.8054 93.9392 0
      vertex 12.1514 93.9848 8
    endloop
  endfacet
  facet normal 0.0435616 -0.999051 0
    outer loop
      vertex 12.5 94 0
      vertex 12.5 94 8
      vertex 12.1514 93.9848 0
    endloop
  endfacet
  facet normal 0.0435616 -0.999051 0
    outer loop
      vertex 12.1514 93.9848 8
      vertex 12.1514 93.9848 0
      vertex 12.5 94 8
    endloop
  endfacet
  facet normal -0.0435616 -0.999051 0
    outer loop
      vertex 12.8486 93.9848 0
      vertex 12.8486 93.9848 8
      vertex 12.5 94 0
    endloop
  endfacet
  facet normal -0.0435616 -0.999051 -0
    outer loop
      vertex 12.5 94 8
      vertex 12.5 94 0
      vertex 12.8486 93.9848 8
    endloop
  endfacet
  facet normal -0.130662 -0.991427 0
    outer loop
      vertex 13.1946 93.9392 0
      vertex 13.1946 93.9392 8
      vertex 12.8486 93.9848 0
    endloop
  endfacet
  facet normal -0.130662 -0.991427 -0
    outer loop
      vertex 12.8486 93.9848 8
      vertex 12.8486 93.9848 0
      vertex 13.1946 93.9392 8
    endloop
  endfacet
  facet normal -0.216354 -0.976315 0
    outer loop
      vertex 13.5353 93.8637 0
      vertex 13.5353 93.8637 8
      vertex 13.1946 93.9392 0
    endloop
  endfacet
  facet normal -0.216354 -0.976315 -0
    outer loop
      vertex 13.1946 93.9392 8
      vertex 13.1946 93.9392 0
      vertex 13.5353 93.8637 8
    endloop
  endfacet
  facet normal -0.300624 -0.953743 0
    outer loop
      vertex 13.8681 93.7588 0
      vertex 13.8681 93.7588 8
      vertex 13.5353 93.8637 0
    endloop
  endfacet
  facet normal -0.300624 -0.953743 -0
    outer loop
      vertex 13.5353 93.8637 8
      vertex 13.5353 93.8637 0
      vertex 13.8681 93.7588 8
    endloop
  endfacet
  facet normal -0.382824 -0.923821 0
    outer loop
      vertex 14.1905 93.6252 0
      vertex 14.1905 93.6252 8
      vertex 13.8681 93.7588 0
    endloop
  endfacet
  facet normal -0.382824 -0.923821 -0
    outer loop
      vertex 13.8681 93.7588 8
      vertex 13.8681 93.7588 0
      vertex 14.1905 93.6252 8
    endloop
  endfacet
  facet normal -0.461714 -0.887029 0
    outer loop
      vertex 14.5 93.4641 0
      vertex 14.5 93.4641 8
      vertex 14.1905 93.6252 0
    endloop
  endfacet
  facet normal -0.461714 -0.887029 -0
    outer loop
      vertex 14.1905 93.6252 8
      vertex 14.1905 93.6252 0
      vertex 14.5 93.4641 8
    endloop
  endfacet
  facet normal -0.53732 -0.843378 0
    outer loop
      vertex 14.7943 93.2766 0
      vertex 14.7943 93.2766 8
      vertex 14.5 93.4641 0
    endloop
  endfacet
  facet normal -0.53732 -0.843378 -0
    outer loop
      vertex 14.5 93.4641 8
      vertex 14.5 93.4641 0
      vertex 14.7943 93.2766 8
    endloop
  endfacet
  facet normal -0.60863 -0.793454 0
    outer loop
      vertex 15.0712 93.0642 0
      vertex 15.0712 93.0642 8
      vertex 14.7943 93.2766 0
    endloop
  endfacet
  facet normal -0.60863 -0.793454 -0
    outer loop
      vertex 14.7943 93.2766 8
      vertex 14.7943 93.2766 0
      vertex 15.0712 93.0642 8
    endloop
  endfacet
  facet normal -0.675777 -0.737107 0
    outer loop
      vertex 15.3284 92.8284 0
      vertex 15.3284 92.8284 8
      vertex 15.0712 93.0642 0
    endloop
  endfacet
  facet normal -0.675777 -0.737107 -0
    outer loop
      vertex 15.0712 93.0642 8
      vertex 15.0712 93.0642 0
      vertex 15.3284 92.8284 8
    endloop
  endfacet
  facet normal -0.737107 -0.675777 0
    outer loop
      vertex 15.5642 92.5712 0
      vertex 15.5642 92.5712 8
      vertex 15.3284 92.8284 0
    endloop
  endfacet
  facet normal -0.737107 -0.675777 -0
    outer loop
      vertex 15.3284 92.8284 8
      vertex 15.3284 92.8284 0
      vertex 15.5642 92.5712 8
    endloop
  endfacet
  facet normal -0.793454 -0.60863 0
    outer loop
      vertex 15.7766 92.2943 0
      vertex 15.7766 92.2943 8
      vertex 15.5642 92.5712 0
    endloop
  endfacet
  facet normal -0.793454 -0.60863 -0
    outer loop
      vertex 15.5642 92.5712 8
      vertex 15.5642 92.5712 0
      vertex 15.7766 92.2943 8
    endloop
  endfacet
  facet normal -0.843378 -0.53732 0
    outer loop
      vertex 15.9641 92 0
      vertex 15.9641 92 8
      vertex 15.7766 92.2943 0
    endloop
  endfacet
  facet normal -0.843378 -0.53732 -0
    outer loop
      vertex 15.7766 92.2943 8
      vertex 15.7766 92.2943 0
      vertex 15.9641 92 8
    endloop
  endfacet
  facet normal -0.887029 -0.461714 0
    outer loop
      vertex 16.1252 91.6905 0
      vertex 16.1252 91.6905 8
      vertex 15.9641 92 0
    endloop
  endfacet
  facet normal -0.887029 -0.461714 -0
    outer loop
      vertex 15.9641 92 8
      vertex 15.9641 92 0
      vertex 16.1252 91.6905 8
    endloop
  endfacet
  facet normal -0.923821 -0.382824 0
    outer loop
      vertex 16.2588 91.3681 0
      vertex 16.2588 91.3681 8
      vertex 16.1252 91.6905 0
    endloop
  endfacet
  facet normal -0.923821 -0.382824 -0
    outer loop
      vertex 16.1252 91.6905 8
      vertex 16.1252 91.6905 0
      vertex 16.2588 91.3681 8
    endloop
  endfacet
  facet normal -0.953743 -0.300624 0
    outer loop
      vertex 16.3637 91.0353 0
      vertex 16.3637 91.0353 8
      vertex 16.2588 91.3681 0
    endloop
  endfacet
  facet normal -0.953743 -0.300624 -0
    outer loop
      vertex 16.2588 91.3681 8
      vertex 16.2588 91.3681 0
      vertex 16.3637 91.0353 8
    endloop
  endfacet
  facet normal -0.976315 -0.216354 0
    outer loop
      vertex 16.4392 90.6946 0
      vertex 16.4392 90.6946 8
      vertex 16.3637 91.0353 0
    endloop
  endfacet
  facet normal -0.976315 -0.216354 -0
    outer loop
      vertex 16.3637 91.0353 8
      vertex 16.3637 91.0353 0
      vertex 16.4392 90.6946 8
    endloop
  endfacet
  facet normal -0.991427 -0.130662 0
    outer loop
      vertex 16.4848 90.3486 0
      vertex 16.4848 90.3486 8
      vertex 16.4392 90.6946 0
    endloop
  endfacet
  facet normal -0.991427 -0.130662 -0
    outer loop
      vertex 16.4392 90.6946 8
      vertex 16.4392 90.6946 0
      vertex 16.4848 90.3486 8
    endloop
  endfacet
  facet normal -0.999051 -0.0435616 0
    outer loop
      vertex 16.5 90 0
      vertex 16.5 90 8
      vertex 16.4848 90.3486 0
    endloop
  endfacet
  facet normal -0.999051 -0.0435616 -0
    outer loop
      vertex 16.4848 90.3486 8
      vertex 16.4848 90.3486 0
      vertex 16.5 90 8
    endloop
  endfacet
  facet normal -0.999051 0.0435616 0
    outer loop
      vertex 16.4848 89.6514 0
      vertex 16.4848 89.6514 8
      vertex 16.5 90 0
    endloop
  endfacet
  facet normal -0.999051 0.0435616 0
    outer loop
      vertex 16.5 90 8
      vertex 16.5 90 0
      vertex 16.4848 89.6514 8
    endloop
  endfacet
  facet normal -0.991427 0.130662 0
    outer loop
      vertex 16.4392 89.3054 0
      vertex 16.4392 89.3054 8
      vertex 16.4848 89.6514 0
    endloop
  endfacet
  facet normal -0.991427 0.130662 0
    outer loop
      vertex 16.4848 89.6514 8
      vertex 16.4848 89.6514 0
      vertex 16.4392 89.3054 8
    endloop
  endfacet
  facet normal -0.976315 0.216354 0
    outer loop
      vertex 16.3637 88.9647 0
      vertex 16.3637 88.9647 8
      vertex 16.4392 89.3054 0
    endloop
  endfacet
  facet normal -0.976315 0.216354 0
    outer loop
      vertex 16.4392 89.3054 8
      vertex 16.4392 89.3054 0
      vertex 16.3637 88.9647 8
    endloop
  endfacet
  facet normal -0.953743 0.300624 0
    outer loop
      vertex 16.2588 88.6319 0
      vertex 16.2588 88.6319 8
      vertex 16.3637 88.9647 0
    endloop
  endfacet
  facet normal -0.953743 0.300624 0
    outer loop
      vertex 16.3637 88.9647 8
      vertex 16.3637 88.9647 0
      vertex 16.2588 88.6319 8
    endloop
  endfacet
  facet normal -0.923821 0.382824 0
    outer loop
      vertex 16.1252 88.3095 0
      vertex 16.1252 88.3095 8
      vertex 16.2588 88.6319 0
    endloop
  endfacet
  facet normal -0.923821 0.382824 0
    outer loop
      vertex 16.2588 88.6319 8
      vertex 16.2588 88.6319 0
      vertex 16.1252 88.3095 8
    endloop
  endfacet
  facet normal -0.887029 0.461714 0
    outer loop
      vertex 15.9641 88 0
      vertex 15.9641 88 8
      vertex 16.1252 88.3095 0
    endloop
  endfacet
  facet normal -0.887029 0.461714 0
    outer loop
      vertex 16.1252 88.3095 8
      vertex 16.1252 88.3095 0
      vertex 15.9641 88 8
    endloop
  endfacet
  facet normal -0.843378 0.53732 0
    outer loop
      vertex 15.7766 87.7057 0
      vertex 15.7766 87.7057 8
      vertex 15.9641 88 0
    endloop
  endfacet
  facet normal -0.843378 0.53732 0
    outer loop
      vertex 15.9641 88 8
      vertex 15.9641 88 0
      vertex 15.7766 87.7057 8
    endloop
  endfacet
  facet normal -0.793454 0.60863 0
    outer loop
      vertex 15.5642 87.4288 0
      vertex 15.5642 87.4288 8
      vertex 15.7766 87.7057 0
    endloop
  endfacet
  facet normal -0.793454 0.60863 0
    outer loop
      vertex 15.7766 87.7057 8
      vertex 15.7766 87.7057 0
      vertex 15.5642 87.4288 8
    endloop
  endfacet
  facet normal -0.737107 0.675777 0
    outer loop
      vertex 15.3284 87.1716 0
      vertex 15.3284 87.1716 8
      vertex 15.5642 87.4288 0
    endloop
  endfacet
  facet normal -0.737107 0.675777 0
    outer loop
      vertex 15.5642 87.4288 8
      vertex 15.5642 87.4288 0
      vertex 15.3284 87.1716 8
    endloop
  endfacet
  facet normal -0.675777 0.737107 0
    outer loop
      vertex 15.0712 86.9358 0
      vertex 15.0712 86.9358 8
      vertex 15.3284 87.1716 0
    endloop
  endfacet
  facet normal -0.675777 0.737107 0
    outer loop
      vertex 15.3284 87.1716 8
      vertex 15.3284 87.1716 0
      vertex 15.0712 86.9358 8
    endloop
  endfacet
  facet normal -0.60863 0.793454 0
    outer loop
      vertex 14.7943 86.7234 0
      vertex 14.7943 86.7234 8
      vertex 15.0712 86.9358 0
    endloop
  endfacet
  facet normal -0.60863 0.793454 0
    outer loop
      vertex 15.0712 86.9358 8
      vertex 15.0712 86.9358 0
      vertex 14.7943 86.7234 8
    endloop
  endfacet
  facet normal -0.53732 0.843378 0
    outer loop
      vertex 14.5 86.5359 0
      vertex 14.5 86.5359 8
      vertex 14.7943 86.7234 0
    endloop
  endfacet
  facet normal -0.53732 0.843378 0
    outer loop
      vertex 14.7943 86.7234 8
      vertex 14.7943 86.7234 0
      vertex 14.5 86.5359 8
    endloop
  endfacet
  facet normal -0.461714 0.887029 0
    outer loop
      vertex 14.1905 86.3748 0
      vertex 14.1905 86.3748 8
      vertex 14.5 86.5359 0
    endloop
  endfacet
  facet normal -0.461714 0.887029 0
    outer loop
      vertex 14.5 86.5359 8
      vertex 14.5 86.5359 0
      vertex 14.1905 86.3748 8
    endloop
  endfacet
  facet normal -0.382824 0.923821 0
    outer loop
      vertex 13.8681 86.2412 0
      vertex 13.8681 86.2412 8
      vertex 14.1905 86.3748 0
    endloop
  endfacet
  facet normal -0.382824 0.923821 0
    outer loop
      vertex 14.1905 86.3748 8
      vertex 14.1905 86.3748 0
      vertex 13.8681 86.2412 8
    endloop
  endfacet
  facet normal -0.300624 0.953743 0
    outer loop
      vertex 13.5353 86.1363 0
      vertex 13.5353 86.1363 8
      vertex 13.8681 86.2412 0
    endloop
  endfacet
  facet normal -0.300624 0.953743 0
    outer loop
      vertex 13.8681 86.2412 8
      vertex 13.8681 86.2412 0
      vertex 13.5353 86.1363 8
    endloop
  endfacet
  facet normal -0.216354 0.976315 0
    outer loop
      vertex 13.1946 86.0608 0
      vertex 13.1946 86.0608 8
      vertex 13.5353 86.1363 0
    endloop
  endfacet
  facet normal -0.216354 0.976315 0
    outer loop
      vertex 13.5353 86.1363 8
      vertex 13.5353 86.1363 0
      vertex 13.1946 86.0608 8
    endloop
  endfacet
  facet normal -0.130662 0.991427 0
    outer loop
      vertex 12.8486 86.0152 0
      vertex 12.8486 86.0152 8
      vertex 13.1946 86.0608 0
    endloop
  endfacet
  facet normal -0.130662 0.991427 0
    outer loop
      vertex 13.1946 86.0608 8
      vertex 13.1946 86.0608 0
      vertex 12.8486 86.0152 8
    endloop
  endfacet
  facet normal -0.0435616 0.999051 0
    outer loop
      vertex 12.5 86 0
      vertex 12.5 86 8
      vertex 12.8486 86.0152 0
    endloop
  endfacet
  facet normal -0.0435616 0.999051 0
    outer loop
      vertex 12.8486 86.0152 8
      vertex 12.8486 86.0152 0
      vertex 12.5 86 8
    endloop
  endfacet
  facet normal 0.0435616 0.999051 -0
    outer loop
      vertex 12.1514 86.0152 0
      vertex 12.1514 86.0152 8
      vertex 12.5 86 0
    endloop
  endfacet
  facet normal 0.0435616 0.999051 0
    outer loop
      vertex 12.5 86 8
      vertex 12.5 86 0
      vertex 12.1514 86.0152 8
    endloop
  endfacet
  facet normal 0.0435556 0.999051 -0
    outer loop
      vertex 9.06419 67.019 0
      vertex 9.06419 67.019 8
      vertex 9.5 67 0
    endloop
  endfacet
  facet normal 0.0435556 0.999051 0
    outer loop
      vertex 9.5 67 8
      vertex 9.5 67 0
      vertex 9.06419 67.019 8
    endloop
  endfacet
  facet normal 0.130692 0.991423 -0
    outer loop
      vertex 8.63179 67.076 0
      vertex 8.63179 67.076 8
      vertex 9.06419 67.019 0
    endloop
  endfacet
  facet normal 0.130692 0.991423 0
    outer loop
      vertex 9.06419 67.019 8
      vertex 9.06419 67.019 0
      vertex 8.63179 67.076 8
    endloop
  endfacet
  facet normal 0.216396 0.976306 -0
    outer loop
      vertex 8.20589 67.1704 0
      vertex 8.20589 67.1704 8
      vertex 8.63179 67.076 0
    endloop
  endfacet
  facet normal 0.216396 0.976306 0
    outer loop
      vertex 8.63179 67.076 8
      vertex 8.63179 67.076 0
      vertex 8.20589 67.1704 8
    endloop
  endfacet
  facet normal 0.300572 0.953759 -0
    outer loop
      vertex 7.78989 67.3015 0
      vertex 7.78989 67.3015 8
      vertex 8.20589 67.1704 0
    endloop
  endfacet
  facet normal 0.300572 0.953759 0
    outer loop
      vertex 8.20589 67.1704 8
      vertex 8.20589 67.1704 0
      vertex 7.78989 67.3015 8
    endloop
  endfacet
  facet normal 0.382824 0.923821 -0
    outer loop
      vertex 7.38689 67.4685 0
      vertex 7.38689 67.4685 8
      vertex 7.78989 67.3015 0
    endloop
  endfacet
  facet normal 0.382824 0.923821 0
    outer loop
      vertex 7.78989 67.3015 8
      vertex 7.78989 67.3015 0
      vertex 7.38689 67.4685 8
    endloop
  endfacet
  facet normal 0.461745 0.887013 -0
    outer loop
      vertex 7 67.6699 0
      vertex 7 67.6699 8
      vertex 7.38689 67.4685 0
    endloop
  endfacet
  facet normal 0.461745 0.887013 0
    outer loop
      vertex 7.38689 67.4685 8
      vertex 7.38689 67.4685 0
      vertex 7 67.6699 8
    endloop
  endfacet
  facet normal 0.537172 0.843473 -0
    outer loop
      vertex 6.6321 67.9042 0
      vertex 6.6321 67.9042 8
      vertex 7 67.6699 0
    endloop
  endfacet
  facet normal 0.537172 0.843473 0
    outer loop
      vertex 7 67.6699 8
      vertex 7 67.6699 0
      vertex 6.6321 67.9042 8
    endloop
  endfacet
  facet normal 0.608902 0.793246 -0
    outer loop
      vertex 6.28609 68.1698 0
      vertex 6.28609 68.1698 8
      vertex 6.6321 67.9042 0
    endloop
  endfacet
  facet normal 0.608902 0.793246 0
    outer loop
      vertex 6.6321 67.9042 8
      vertex 6.6321 67.9042 0
      vertex 6.28609 68.1698 8
    endloop
  endfacet
  facet normal 0.6756 0.737268 -0
    outer loop
      vertex 5.96449 68.4645 0
      vertex 5.96449 68.4645 8
      vertex 6.28609 68.1698 0
    endloop
  endfacet
  facet normal 0.6756 0.737268 0
    outer loop
      vertex 6.28609 68.1698 8
      vertex 6.28609 68.1698 0
      vertex 5.96449 68.4645 8
    endloop
  endfacet
  facet normal 0.73728 0.675588 -0
    outer loop
      vertex 5.6698 68.7861 0
      vertex 5.6698 68.7861 8
      vertex 5.96449 68.4645 0
    endloop
  endfacet
  facet normal 0.73728 0.675588 0
    outer loop
      vertex 5.96449 68.4645 8
      vertex 5.96449 68.4645 0
      vertex 5.6698 68.7861 8
    endloop
  endfacet
  facet normal 0.793226 0.608927 -0
    outer loop
      vertex 5.40419 69.1321 0
      vertex 5.40419 69.1321 8
      vertex 5.6698 68.7861 0
    endloop
  endfacet
  facet normal 0.793226 0.608927 0
    outer loop
      vertex 5.6698 68.7861 8
      vertex 5.6698 68.7861 0
      vertex 5.40419 69.1321 8
    endloop
  endfacet
  facet normal 0.843473 0.537172 -0
    outer loop
      vertex 5.16989 69.5 0
      vertex 5.16989 69.5 8
      vertex 5.40419 69.1321 0
    endloop
  endfacet
  facet normal 0.843473 0.537172 0
    outer loop
      vertex 5.40419 69.1321 8
      vertex 5.40419 69.1321 0
      vertex 5.16989 69.5 8
    endloop
  endfacet
  facet normal 0.887018 0.461735 -0
    outer loop
      vertex 4.96849 69.8869 0
      vertex 4.96849 69.8869 8
      vertex 5.16989 69.5 0
    endloop
  endfacet
  facet normal 0.887018 0.461735 0
    outer loop
      vertex 5.16989 69.5 8
      vertex 5.16989 69.5 0
      vertex 4.96849 69.8869 8
    endloop
  endfacet
  facet normal 0.923829 0.382805 -0
    outer loop
      vertex 4.8015 70.2899 0
      vertex 4.8015 70.2899 8
      vertex 4.96849 69.8869 0
    endloop
  endfacet
  facet normal 0.923829 0.382805 0
    outer loop
      vertex 4.96849 69.8869 8
      vertex 4.96849 69.8869 0
      vertex 4.8015 70.2899 8
    endloop
  endfacet
  facet normal 0.953753 0.300593 -0
    outer loop
      vertex 4.67039 70.7059 0
      vertex 4.67039 70.7059 8
      vertex 4.8015 70.2899 0
    endloop
  endfacet
  facet normal 0.953753 0.300593 0
    outer loop
      vertex 4.8015 70.2899 8
      vertex 4.8015 70.2899 0
      vertex 4.67039 70.7059 8
    endloop
  endfacet
  facet normal 0.976306 0.216396 -0
    outer loop
      vertex 4.57599 71.1318 0
      vertex 4.57599 71.1318 8
      vertex 4.67039 70.7059 0
    endloop
  endfacet
  facet normal 0.976306 0.216396 0
    outer loop
      vertex 4.67039 70.7059 8
      vertex 4.67039 70.7059 0
      vertex 4.57599 71.1318 8
    endloop
  endfacet
  facet normal 0.991426 0.130669 -0
    outer loop
      vertex 4.519 71.5642 0
      vertex 4.519 71.5642 8
      vertex 4.57599 71.1318 0
    endloop
  endfacet
  facet normal 0.991426 0.130669 0
    outer loop
      vertex 4.57599 71.1318 8
      vertex 4.57599 71.1318 0
      vertex 4.519 71.5642 8
    endloop
  endfacet
  facet normal 0.999051 0.0435566 -0
    outer loop
      vertex 4.5 72 0
      vertex 4.5 72 8
      vertex 4.519 71.5642 0
    endloop
  endfacet
  facet normal 0.999051 0.0435566 0
    outer loop
      vertex 4.519 71.5642 8
      vertex 4.519 71.5642 0
      vertex 4.5 72 8
    endloop
  endfacet
  facet normal 0.999051 -0.0435566 0
    outer loop
      vertex 4.519 72.4358 0
      vertex 4.519 72.4358 8
      vertex 4.5 72 0
    endloop
  endfacet
  facet normal 0.999051 -0.0435566 0
    outer loop
      vertex 4.5 72 8
      vertex 4.5 72 0
      vertex 4.519 72.4358 8
    endloop
  endfacet
  facet normal 0.991426 -0.130669 0
    outer loop
      vertex 4.57599 72.8682 0
      vertex 4.57599 72.8682 8
      vertex 4.519 72.4358 0
    endloop
  endfacet
  facet normal 0.991426 -0.130669 0
    outer loop
      vertex 4.519 72.4358 8
      vertex 4.519 72.4358 0
      vertex 4.57599 72.8682 8
    endloop
  endfacet
  facet normal 0.976306 -0.216396 0
    outer loop
      vertex 4.67039 73.2941 0
      vertex 4.67039 73.2941 8
      vertex 4.57599 72.8682 0
    endloop
  endfacet
  facet normal 0.976306 -0.216396 0
    outer loop
      vertex 4.57599 72.8682 8
      vertex 4.57599 72.8682 0
      vertex 4.67039 73.2941 8
    endloop
  endfacet
  facet normal 0.953753 -0.300593 0
    outer loop
      vertex 4.8015 73.7101 0
      vertex 4.8015 73.7101 8
      vertex 4.67039 73.2941 0
    endloop
  endfacet
  facet normal 0.953753 -0.300593 0
    outer loop
      vertex 4.67039 73.2941 8
      vertex 4.67039 73.2941 0
      vertex 4.8015 73.7101 8
    endloop
  endfacet
  facet normal 0.923829 -0.382805 0
    outer loop
      vertex 4.96849 74.1131 0
      vertex 4.96849 74.1131 8
      vertex 4.8015 73.7101 0
    endloop
  endfacet
  facet normal 0.923829 -0.382805 0
    outer loop
      vertex 4.8015 73.7101 8
      vertex 4.8015 73.7101 0
      vertex 4.96849 74.1131 8
    endloop
  endfacet
  facet normal 0.887018 -0.461735 0
    outer loop
      vertex 5.16989 74.5 0
      vertex 5.16989 74.5 8
      vertex 4.96849 74.1131 0
    endloop
  endfacet
  facet normal 0.887018 -0.461735 0
    outer loop
      vertex 4.96849 74.1131 8
      vertex 4.96849 74.1131 0
      vertex 5.16989 74.5 8
    endloop
  endfacet
  facet normal 0.843473 -0.537172 0
    outer loop
      vertex 5.40419 74.8679 0
      vertex 5.40419 74.8679 8
      vertex 5.16989 74.5 0
    endloop
  endfacet
  facet normal 0.843473 -0.537172 0
    outer loop
      vertex 5.16989 74.5 8
      vertex 5.16989 74.5 0
      vertex 5.40419 74.8679 8
    endloop
  endfacet
  facet normal 0.793226 -0.608927 0
    outer loop
      vertex 5.6698 75.2139 0
      vertex 5.6698 75.2139 8
      vertex 5.40419 74.8679 0
    endloop
  endfacet
  facet normal 0.793226 -0.608927 0
    outer loop
      vertex 5.40419 74.8679 8
      vertex 5.40419 74.8679 0
      vertex 5.6698 75.2139 8
    endloop
  endfacet
  facet normal 0.73728 -0.675588 0
    outer loop
      vertex 5.96449 75.5355 0
      vertex 5.96449 75.5355 8
      vertex 5.6698 75.2139 0
    endloop
  endfacet
  facet normal 0.73728 -0.675588 0
    outer loop
      vertex 5.6698 75.2139 8
      vertex 5.6698 75.2139 0
      vertex 5.96449 75.5355 8
    endloop
  endfacet
  facet normal 0.6756 -0.737268 0
    outer loop
      vertex 6.28609 75.8302 0
      vertex 6.28609 75.8302 8
      vertex 5.96449 75.5355 0
    endloop
  endfacet
  facet normal 0.6756 -0.737268 0
    outer loop
      vertex 5.96449 75.5355 8
      vertex 5.96449 75.5355 0
      vertex 6.28609 75.8302 8
    endloop
  endfacet
  facet normal 0.608902 -0.793246 0
    outer loop
      vertex 6.6321 76.0958 0
      vertex 6.6321 76.0958 8
      vertex 6.28609 75.8302 0
    endloop
  endfacet
  facet normal 0.608902 -0.793246 0
    outer loop
      vertex 6.28609 75.8302 8
      vertex 6.28609 75.8302 0
      vertex 6.6321 76.0958 8
    endloop
  endfacet
  facet normal 0.537172 -0.843473 0
    outer loop
      vertex 7 76.3301 0
      vertex 7 76.3301 8
      vertex 6.6321 76.0958 0
    endloop
  endfacet
  facet normal 0.537172 -0.843473 0
    outer loop
      vertex 6.6321 76.0958 8
      vertex 6.6321 76.0958 0
      vertex 7 76.3301 8
    endloop
  endfacet
  facet normal 0.461745 -0.887013 0
    outer loop
      vertex 7.38689 76.5315 0
      vertex 7.38689 76.5315 8
      vertex 7 76.3301 0
    endloop
  endfacet
  facet normal 0.461745 -0.887013 0
    outer loop
      vertex 7 76.3301 8
      vertex 7 76.3301 0
      vertex 7.38689 76.5315 8
    endloop
  endfacet
  facet normal 0.382824 -0.923821 0
    outer loop
      vertex 7.78989 76.6985 0
      vertex 7.78989 76.6985 8
      vertex 7.38689 76.5315 0
    endloop
  endfacet
  facet normal 0.382824 -0.923821 0
    outer loop
      vertex 7.38689 76.5315 8
      vertex 7.38689 76.5315 0
      vertex 7.78989 76.6985 8
    endloop
  endfacet
  facet normal 0.300572 -0.953759 0
    outer loop
      vertex 8.20589 76.8296 0
      vertex 8.20589 76.8296 8
      vertex 7.78989 76.6985 0
    endloop
  endfacet
  facet normal 0.300572 -0.953759 0
    outer loop
      vertex 7.78989 76.6985 8
      vertex 7.78989 76.6985 0
      vertex 8.20589 76.8296 8
    endloop
  endfacet
  facet normal 0.216396 -0.976306 0
    outer loop
      vertex 8.63179 76.924 0
      vertex 8.63179 76.924 8
      vertex 8.20589 76.8296 0
    endloop
  endfacet
  facet normal 0.216396 -0.976306 0
    outer loop
      vertex 8.20589 76.8296 8
      vertex 8.20589 76.8296 0
      vertex 8.63179 76.924 8
    endloop
  endfacet
  facet normal 0.130692 -0.991423 0
    outer loop
      vertex 9.06419 76.981 0
      vertex 9.06419 76.981 8
      vertex 8.63179 76.924 0
    endloop
  endfacet
  facet normal 0.130692 -0.991423 0
    outer loop
      vertex 8.63179 76.924 8
      vertex 8.63179 76.924 0
      vertex 9.06419 76.981 8
    endloop
  endfacet
  facet normal 0.0435556 -0.999051 0
    outer loop
      vertex 9.5 77 0
      vertex 9.5 77 8
      vertex 9.06419 76.981 0
    endloop
  endfacet
  facet normal 0.0435556 -0.999051 0
    outer loop
      vertex 9.06419 76.981 8
      vertex 9.06419 76.981 0
      vertex 9.5 77 8
    endloop
  endfacet
  facet normal 0 -1 0
    outer loop
      vertex 15.5 77 0
      vertex 15.5 77 8
      vertex 9.5 77 0
    endloop
  endfacet
  facet normal 0 -1 0
    outer loop
      vertex 9.5 77 8
      vertex 9.5 77 0
      vertex 15.5 77 8
    endloop
  endfacet
  facet normal -0.0435566 -0.999051 0
    outer loop
      vertex 15.9358 76.981 0
      vertex 15.9358 76.981 8
      vertex 15.5 77 0
    endloop
  endfacet
  facet normal -0.0435566 -0.999051 -0
    outer loop
      vertex 15.5 77 8
      vertex 15.5 77 0
      vertex 15.9358 76.981 8
    endloop
  endfacet
  facet normal -0.130692 -0.991423 0
    outer loop
      vertex 16.3682 76.924 0
      vertex 16.3682 76.924 8
      vertex 15.9358 76.981 0
    endloop
  endfacet
  facet normal -0.130692 -0.991423 -0
    outer loop
      vertex 15.9358 76.981 8
      vertex 15.9358 76.981 0
      vertex 16.3682 76.924 8
    endloop
  endfacet
  facet normal -0.216396 -0.976306 0
    outer loop
      vertex 16.7941 76.8296 0
      vertex 16.7941 76.8296 8
      vertex 16.3682 76.924 0
    endloop
  endfacet
  facet normal -0.216396 -0.976306 -0
    outer loop
      vertex 16.3682 76.924 8
      vertex 16.3682 76.924 0
      vertex 16.7941 76.8296 8
    endloop
  endfacet
  facet normal -0.300572 -0.953759 0
    outer loop
      vertex 17.2101 76.6985 0
      vertex 17.2101 76.6985 8
      vertex 16.7941 76.8296 0
    endloop
  endfacet
  facet normal -0.300572 -0.953759 -0
    outer loop
      vertex 16.7941 76.8296 8
      vertex 16.7941 76.8296 0
      vertex 17.2101 76.6985 8
    endloop
  endfacet
  facet normal -0.382824 -0.923821 0
    outer loop
      vertex 17.6131 76.5315 0
      vertex 17.6131 76.5315 8
      vertex 17.2101 76.6985 0
    endloop
  endfacet
  facet normal -0.382824 -0.923821 -0
    outer loop
      vertex 17.2101 76.6985 8
      vertex 17.2101 76.6985 0
      vertex 17.6131 76.5315 8
    endloop
  endfacet
  facet normal -0.461735 -0.887018 0
    outer loop
      vertex 18 76.3301 0
      vertex 18 76.3301 8
      vertex 17.6131 76.5315 0
    endloop
  endfacet
  facet normal -0.461735 -0.887018 -0
    outer loop
      vertex 17.6131 76.5315 8
      vertex 17.6131 76.5315 0
      vertex 18 76.3301 8
    endloop
  endfacet
  facet normal -0.537172 -0.843473 0
    outer loop
      vertex 18.3679 76.0958 0
      vertex 18.3679 76.0958 8
      vertex 18 76.3301 0
    endloop
  endfacet
  facet normal -0.537172 -0.843473 -0
    outer loop
      vertex 18 76.3301 8
      vertex 18 76.3301 0
      vertex 18.3679 76.0958 8
    endloop
  endfacet
  facet normal -0.608913 -0.793237 0
    outer loop
      vertex 18.7139 75.8302 0
      vertex 18.7139 75.8302 8
      vertex 18.3679 76.0958 0
    endloop
  endfacet
  facet normal -0.608913 -0.793237 -0
    outer loop
      vertex 18.3679 76.0958 8
      vertex 18.3679 76.0958 0
      vertex 18.7139 75.8302 8
    endloop
  endfacet
  facet normal -0.6756 -0.737268 0
    outer loop
      vertex 19.0355 75.5355 0
      vertex 19.0355 75.5355 8
      vertex 18.7139 75.8302 0
    endloop
  endfacet
  facet normal -0.6756 -0.737268 -0
    outer loop
      vertex 18.7139 75.8302 8
      vertex 18.7139 75.8302 0
      vertex 19.0355 75.5355 8
    endloop
  endfacet
  facet normal -0.737268 -0.6756 0
    outer loop
      vertex 19.3302 75.2139 0
      vertex 19.3302 75.2139 8
      vertex 19.0355 75.5355 0
    endloop
  endfacet
  facet normal -0.737268 -0.6756 -0
    outer loop
      vertex 19.0355 75.5355 8
      vertex 19.0355 75.5355 0
      vertex 19.3302 75.2139 8
    endloop
  endfacet
  facet normal -0.793237 -0.608913 0
    outer loop
      vertex 19.5958 74.8679 0
      vertex 19.5958 74.8679 8
      vertex 19.3302 75.2139 0
    endloop
  endfacet
  facet normal -0.793237 -0.608913 -0
    outer loop
      vertex 19.3302 75.2139 8
      vertex 19.3302 75.2139 0
      vertex 19.5958 74.8679 8
    endloop
  endfacet
  facet normal -0.843473 -0.537172 0
    outer loop
      vertex 19.8301 74.5 0
      vertex 19.8301 74.5 8
      vertex 19.5958 74.8679 0
    endloop
  endfacet
  facet normal -0.843473 -0.537172 -0
    outer loop
      vertex 19.5958 74.8679 8
      vertex 19.5958 74.8679 0
      vertex 19.8301 74.5 8
    endloop
  endfacet
  facet normal -0.887018 -0.461735 0
    outer loop
      vertex 20.0315 74.1131 0
      vertex 20.0315 74.1131 8
      vertex 19.8301 74.5 0
    endloop
  endfacet
  facet normal -0.887018 -0.461735 -0
    outer loop
      vertex 19.8301 74.5 8
      vertex 19.8301 74.5 0
      vertex 20.0315 74.1131 8
    endloop
  endfacet
  facet normal -0.923821 -0.382824 0
    outer loop
      vertex 20.1985 73.7101 0
      vertex 20.1985 73.7101 8
      vertex 20.0315 74.1131 0
    endloop
  endfacet
  facet normal -0.923821 -0.382824 -0
    outer loop
      vertex 20.0315 74.1131 8
      vertex 20.0315 74.1131 0
      vertex 20.1985 73.7101 8
    endloop
  endfacet
  facet normal -0.953759 -0.300572 0
    outer loop
      vertex 20.3296 73.2941 0
      vertex 20.3296 73.2941 8
      vertex 20.1985 73.7101 0
    endloop
  endfacet
  facet normal -0.953759 -0.300572 -0
    outer loop
      vertex 20.1985 73.7101 8
      vertex 20.1985 73.7101 0
      vertex 20.3296 73.2941 8
    endloop
  endfacet
  facet normal -0.976306 -0.216396 0
    outer loop
      vertex 20.424 72.8682 0
      vertex 20.424 72.8682 8
      vertex 20.3296 73.2941 0
    endloop
  endfacet
  facet normal -0.976306 -0.216396 -0
    outer loop
      vertex 20.3296 73.2941 8
      vertex 20.3296 73.2941 0
      vertex 20.424 72.8682 8
    endloop
  endfacet
  facet normal -0.991423 -0.130692 0
    outer loop
      vertex 20.481 72.4358 0
      vertex 20.481 72.4358 8
      vertex 20.424 72.8682 0
    endloop
  endfacet
  facet normal -0.991423 -0.130692 -0
    outer loop
      vertex 20.424 72.8682 8
      vertex 20.424 72.8682 0
      vertex 20.481 72.4358 8
    endloop
  endfacet
  facet normal -0.999051 -0.0435566 0
    outer loop
      vertex 20.5 72 0
      vertex 20.5 72 8
      vertex 20.481 72.4358 0
    endloop
  endfacet
  facet normal -0.999051 -0.0435566 -0
    outer loop
      vertex 20.481 72.4358 8
      vertex 20.481 72.4358 0
      vertex 20.5 72 8
    endloop
  endfacet
  facet normal -0.999051 0.0435566 0
    outer loop
      vertex 20.481 71.5642 0
      vertex 20.481 71.5642 8
      vertex 20.5 72 0
    endloop
  endfacet
  facet normal -0.999051 0.0435566 0
    outer loop
      vertex 20.5 72 8
      vertex 20.5 72 0
      vertex 20.481 71.5642 8
    endloop
  endfacet
  facet normal -0.991423 0.130692 0
    outer loop
      vertex 20.424 71.1318 0
      vertex 20.424 71.1318 8
      vertex 20.481 71.5642 0
    endloop
  endfacet
  facet normal -0.991423 0.130692 0
    outer loop
      vertex 20.481 71.5642 8
      vertex 20.481 71.5642 0
      vertex 20.424 71.1318 8
    endloop
  endfacet
  facet normal -0.976306 0.216396 0
    outer loop
      vertex 20.3296 70.7059 0
      vertex 20.3296 70.7059 8
      vertex 20.424 71.1318 0
    endloop
  endfacet
  facet normal -0.976306 0.216396 0
    outer loop
      vertex 20.424 71.1318 8
      vertex 20.424 71.1318 0
      vertex 20.3296 70.7059 8
    endloop
  endfacet
  facet normal -0.953759 0.300572 0
    outer loop
      vertex 20.1985 70.2899 0
      vertex 20.1985 70.2899 8
      vertex 20.3296 70.7059 0
    endloop
  endfacet
  facet normal -0.953759 0.300572 0
    outer loop
      vertex 20.3296 70.7059 8
      vertex 20.3296 70.7059 0
      vertex 20.1985 70.2899 8
    endloop
  endfacet
  facet normal -0.923821 0.382824 0
    outer loop
      vertex 20.0315 69.8869 0
      vertex 20.0315 69.8869 8
      vertex 20.1985 70.2899 0
    endloop
  endfacet
  facet normal -0.923821 0.382824 0
    outer loop
      vertex 20.1985 70.2899 8
      vertex 20.1985 70.2899 0
      vertex 20.0315 69.8869 8
    endloop
  endfacet
  facet normal -0.887018 0.461735 0
    outer loop
      vertex 19.8301 69.5 0
      vertex 19.8301 69.5 8
      vertex 20.0315 69.8869 0
    endloop
  endfacet
  facet normal -0.887018 0.461735 0
    outer loop
      vertex 20.0315 69.8869 8
      vertex 20.0315 69.8869 0
      vertex 19.8301 69.5 8
    endloop
  endfacet
  facet normal -0.843473 0.537172 0
    outer loop
      vertex 19.5958 69.1321 0
      vertex 19.5958 69.1321 8
      vertex 19.8301 69.5 0
    endloop
  endfacet
  facet normal -0.843473 0.537172 0
    outer loop
      vertex 19.8301 69.5 8
      vertex 19.8301 69.5 0
      vertex 19.5958 69.1321 8
    endloop
  endfacet
  facet normal -0.793237 0.608913 0
    outer loop
      vertex 19.3302 68.7861 0
      vertex 19.3302 68.7861 8
      vertex 19.5958 69.1321 0
    endloop
  endfacet
  facet normal -0.793237 0.608913 0
    outer loop
      vertex 19.5958 69.1321 8
      vertex 19.5958 69.1321 0
      vertex 19.3302 68.7861 8
    endloop
  endfacet
  facet normal -0.737268 0.6756 0
    outer loop
      vertex 19.0355 68.4645 0
      vertex 19.0355 68.4645 8
      vertex 19.3302 68.7861 0
    endloop
  endfacet
  facet normal -0.737268 0.6756 0
    outer loop
      vertex 19.3302 68.7861 8
      vertex 19.3302 68.7861 0
      vertex 19.0355 68.4645 8
    endloop
  endfacet
  facet normal -0.6756 0.737268 0
    outer loop
      vertex 18.7139 68.1698 0
      vertex 18.7139 68.1698 8
      vertex 19.0355 68.4645 0
    endloop
  endfacet
  facet normal -0.6756 0.737268 0
    outer loop
      vertex 19.0355 68.4645 8
      vertex 19.0355 68.4645 0
      vertex 18.7139 68.1698 8
    endloop
  endfacet
  facet normal -0.608913 0.793237 0
    outer loop
      vertex 18.3679 67.9042 0
      vertex 18.3679 67.9042 8
      vertex 18.7139 68.1698 0
    endloop
  endfacet
  facet normal -0.608913 0.793237 0
    outer loop
      vertex 18.7139 68.1698 8
      vertex 18.7139 68.1698 0
      vertex 18.3679 67.9042 8
    endloop
  endfacet
  facet normal -0.537172 0.843473 0
    outer loop
      vertex 18 67.6699 0
      vertex 18 67.6699 8
      vertex 18.3679 67.9042 0
    endloop
  endfacet
  facet normal -0.537172 0.843473 0
    outer loop
      vertex 18.3679 67.9042 8
      vertex 18.3679 67.9042 0
      vertex 18 67.6699 8
    endloop
  endfacet
  facet normal -0.461735 0.887018 0
    outer loop
      vertex 17.6131 67.4685 0
      vertex 17.6131 67.4685 8
      vertex 18 67.6699 0
    endloop
  endfacet
  facet normal -0.461735 0.887018 0
    outer loop
      vertex 18 67.6699 8
      vertex 18 67.6699 0
      vertex 17.6131 67.4685 8
    endloop
  endfacet
  facet normal -0.382824 0.923821 0
    outer loop
      vertex 17.2101 67.3015 0
      vertex 17.2101 67.3015 8
      vertex 17.6131 67.4685 0
    endloop
  endfacet
  facet normal -0.382824 0.923821 0
    outer loop
      vertex 17.6131 67.4685 8
      vertex 17.6131 67.4685 0
      vertex 17.2101 67.3015 8
    endloop
  endfacet
  facet normal -0.300572 0.953759 0
    outer loop
      vertex 16.7941 67.1704 0
      vertex 16.7941 67.1704 8
      vertex 17.2101 67.3015 0
    endloop
  endfacet
  facet normal -0.300572 0.953759 0
    outer loop
      vertex 17.2101 67.3015 8
      vertex 17.2101 67.3015 0
      vertex 16.7941 67.1704 8
    endloop
  endfacet
  facet normal -0.216396 0.976306 0
    outer loop
      vertex 16.3682 67.076 0
      vertex 16.3682 67.076 8
      vertex 16.7941 67.1704 0
    endloop
  endfacet
  facet normal -0.216396 0.976306 0
    outer loop
      vertex 16.7941 67.1704 8
      vertex 16.7941 67.1704 0
      vertex 16.3682 67.076 8
    endloop
  endfacet
  facet normal -0.130692 0.991423 0
    outer loop
      vertex 15.9358 67.019 0
      vertex 15.9358 67.019 8
      vertex 16.3682 67.076 0
    endloop
  endfacet
  facet normal -0.130692 0.991423 0
    outer loop
      vertex 16.3682 67.076 8
      vertex 16.3682 67.076 0
      vertex 15.9358 67.019 8
    endloop
  endfacet
  facet normal -0.0435566 0.999051 0
    outer loop
      vertex 15.5 67 0
      vertex 15.5 67 8
      vertex 15.9358 67.019 0
    endloop
  endfacet
  facet normal -0.0435566 0.999051 0
    outer loop
      vertex 15.9358 67.019 8
      vertex 15.9358 67.019 0
      vertex 15.5 67 8
    endloop
  endfacet
  facet normal 0 1 0
    outer loop
      vertex 9.5 67 0
      vertex 9.5 67 8
      vertex 15.5 67 0
    endloop
  endfacet
  facet normal 0 1 0
    outer loop
      vertex 15.5 67 8
      vertex 15.5 67 0
      vertex 9.5 67 8
    endloop
  endfacet
  facet normal 0.130662 0.991427 -0
    outer loop
      vertex 11.8054 51.0608 0
      vertex 11.8054 51.0608 8
      vertex 12.1514 51.0152 0
    endloop
  endfacet
  facet normal 0.130662 0.991427 0
    outer loop
      vertex 12.1514 51.0152 8
      vertex 12.1514 51.0152 0
      vertex 11.8054 51.0608 8
    endloop
  endfacet
  facet normal 0.216354 0.976315 -0
    outer loop
      vertex 11.4647 51.1363 0
      vertex 11.4647 51.1363 8
      vertex 11.8054 51.0608 0
    endloop
  endfacet
  facet normal 0.216354 0.976315 0
    outer loop
      vertex 11.8054 51.0608 8
      vertex 11.8054 51.0608 0
      vertex 11.4647 51.1363 8
    endloop
  endfacet
  facet normal 0.300624 0.953743 -0
    outer loop
      vertex 11.1319 51.2412 0
      vertex 11.1319 51.2412 8
      vertex 11.4647 51.1363 0
    endloop
  endfacet
  facet normal 0.300624 0.953743 0
    outer loop
      vertex 11.4647 51.1363 8
      vertex 11.4647 51.1363 0
      vertex 11.1319 51.2412 8
    endloop
  endfacet
  facet normal 0.382824 0.923821 -0
    outer loop
      vertex 10.8095 51.3748 0
      vertex 10.8095 51.3748 8
      vertex 11.1319 51.2412 0
    endloop
  endfacet
  facet normal 0.382824 0.923821 0
    outer loop
      vertex 11.1319 51.2412 8
      vertex 11.1319 51.2412 0
      vertex 10.8095 51.3748 8
    endloop
  endfacet
  facet normal 0.461714 0.887029 -0
    outer loop
      vertex 10.5 51.5359 0
      vertex 10.5 51.5359 8
      vertex 10.8095 51.3748 0
    endloop
  endfacet
  facet normal 0.461714 0.887029 0
    outer loop
      vertex 10.8095 51.3748 8
      vertex 10.8095 51.3748 0
      vertex 10.5 51.5359 8
    endloop
  endfacet
  facet normal 0.53732 0.843378 -0
    outer loop
      vertex 10.2057 51.7234 0
      vertex 10.2057 51.7234 8
      vertex 10.5 51.5359 0
    endloop
  endfacet
  facet normal 0.53732 0.843378 0
    outer loop
      vertex 10.5 51.5359 8
      vertex 10.5 51.5359 0
      vertex 10.2057 51.7234 8
    endloop
  endfacet
  facet normal 0.608616 0.793465 -0
    outer loop
      vertex 9.92879 51.9358 0
      vertex 9.92879 51.9358 8
      vertex 10.2057 51.7234 0
    endloop
  endfacet
  facet normal 0.608616 0.793465 0
    outer loop
      vertex 10.2057 51.7234 8
      vertex 10.2057 51.7234 0
      vertex 9.92879 51.9358 8
    endloop
  endfacet
  facet normal 0.675777 0.737107 -0
    outer loop
      vertex 9.67159 52.1716 0
      vertex 9.67159 52.1716 8
      vertex 9.92879 51.9358 0
    endloop
  endfacet
  facet normal 0.675777 0.737107 0
    outer loop
      vertex 9.92879 51.9358 8
      vertex 9.92879 51.9358 0
      vertex 9.67159 52.1716 8
    endloop
  endfacet
  facet normal 0.737107 0.675777 -0
    outer loop
      vertex 9.43579 52.4288 0
      vertex 9.43579 52.4288 8
      vertex 9.67159 52.1716 0
    endloop
  endfacet
  facet normal 0.737107 0.675777 0
    outer loop
      vertex 9.67159 52.1716 8
      vertex 9.67159 52.1716 0
      vertex 9.43579 52.4288 8
    endloop
  endfacet
  facet normal 0.793454 0.60863 -0
    outer loop
      vertex 9.22339 52.7057 0
      vertex 9.22339 52.7057 8
      vertex 9.43579 52.4288 0
    endloop
  endfacet
  facet normal 0.793454 0.60863 0
    outer loop
      vertex 9.43579 52.4288 8
      vertex 9.43579 52.4288 0
      vertex 9.22339 52.7057 8
    endloop
  endfacet
  facet normal 0.843378 0.53732 -0
    outer loop
      vertex 9.03589 53 0
      vertex 9.03589 53 8
      vertex 9.22339 52.7057 0
    endloop
  endfacet
  facet normal 0.843378 0.53732 0
    outer loop
      vertex 9.22339 52.7057 8
      vertex 9.22339 52.7057 0
      vertex 9.03589 53 8
    endloop
  endfacet
  facet normal 0.887029 0.461714 -0
    outer loop
      vertex 8.87479 53.3095 0
      vertex 8.87479 53.3095 8
      vertex 9.03589 53 0
    endloop
  endfacet
  facet normal 0.887029 0.461714 0
    outer loop
      vertex 9.03589 53 8
      vertex 9.03589 53 0
      vertex 8.87479 53.3095 8
    endloop
  endfacet
  facet normal 0.923831 0.3828 -0
    outer loop
      vertex 8.7412 53.6319 0
      vertex 8.7412 53.6319 8
      vertex 8.87479 53.3095 0
    endloop
  endfacet
  facet normal 0.923831 0.3828 0
    outer loop
      vertex 8.87479 53.3095 8
      vertex 8.87479 53.3095 0
      vertex 8.7412 53.6319 8
    endloop
  endfacet
  facet normal 0.953735 0.30065 -0
    outer loop
      vertex 8.63629 53.9647 0
      vertex 8.63629 53.9647 8
      vertex 8.7412 53.6319 0
    endloop
  endfacet
  facet normal 0.953735 0.30065 0
    outer loop
      vertex 8.7412 53.6319 8
      vertex 8.7412 53.6319 0
      vertex 8.63629 53.9647 8
    endloop
  endfacet
  facet normal 0.976315 0.216354 -0
    outer loop
      vertex 8.56079 54.3054 0
      vertex 8.56079 54.3054 8
      vertex 8.63629 53.9647 0
    endloop
  endfacet
  facet normal 0.976315 0.216354 0
    outer loop
      vertex 8.63629 53.9647 8
      vertex 8.63629 53.9647 0
      vertex 8.56079 54.3054 8
    endloop
  endfacet
  facet normal 0.991431 0.130634 -0
    outer loop
      vertex 8.5152 54.6514 0
      vertex 8.5152 54.6514 8
      vertex 8.56079 54.3054 0
    endloop
  endfacet
  facet normal 0.991431 0.130634 0
    outer loop
      vertex 8.56079 54.3054 8
      vertex 8.56079 54.3054 0
      vertex 8.5152 54.6514 8
    endloop
  endfacet
  facet normal 0.999051 0.0435616 -0
    outer loop
      vertex 8.5 55 0
      vertex 8.5 55 8
      vertex 8.5152 54.6514 0
    endloop
  endfacet
  facet normal 0.999051 0.0435616 0
    outer loop
      vertex 8.5152 54.6514 8
      vertex 8.5152 54.6514 0
      vertex 8.5 55 8
    endloop
  endfacet
  facet normal 0.999051 -0.0435616 0
    outer loop
      vertex 8.5152 55.3486 0
      vertex 8.5152 55.3486 8
      vertex 8.5 55 0
    endloop
  endfacet
  facet normal 0.999051 -0.0435616 0
    outer loop
      vertex 8.5 55 8
      vertex 8.5 55 0
      vertex 8.5152 55.3486 8
    endloop
  endfacet
  facet normal 0.991431 -0.130634 0
    outer loop
      vertex 8.56079 55.6946 0
      vertex 8.56079 55.6946 8
      vertex 8.5152 55.3486 0
    endloop
  endfacet
  facet normal 0.991431 -0.130634 0
    outer loop
      vertex 8.5152 55.3486 8
      vertex 8.5152 55.3486 0
      vertex 8.56079 55.6946 8
    endloop
  endfacet
  facet normal 0.976315 -0.216354 0
    outer loop
      vertex 8.63629 56.0353 0
      vertex 8.63629 56.0353 8
      vertex 8.56079 55.6946 0
    endloop
  endfacet
  facet normal 0.976315 -0.216354 0
    outer loop
      vertex 8.56079 55.6946 8
      vertex 8.56079 55.6946 0
      vertex 8.63629 56.0353 8
    endloop
  endfacet
  facet normal 0.953735 -0.30065 0
    outer loop
      vertex 8.7412 56.3681 0
      vertex 8.7412 56.3681 8
      vertex 8.63629 56.0353 0
    endloop
  endfacet
  facet normal 0.953735 -0.30065 0
    outer loop
      vertex 8.63629 56.0353 8
      vertex 8.63629 56.0353 0
      vertex 8.7412 56.3681 8
    endloop
  endfacet
  facet normal 0.923831 -0.3828 0
    outer loop
      vertex 8.87479 56.6905 0
      vertex 8.87479 56.6905 8
      vertex 8.7412 56.3681 0
    endloop
  endfacet
  facet normal 0.923831 -0.3828 0
    outer loop
      vertex 8.7412 56.3681 8
      vertex 8.7412 56.3681 0
      vertex 8.87479 56.6905 8
    endloop
  endfacet
  facet normal 0.887029 -0.461714 0
    outer loop
      vertex 9.03589 57 0
      vertex 9.03589 57 8
      vertex 8.87479 56.6905 0
    endloop
  endfacet
  facet normal 0.887029 -0.461714 0
    outer loop
      vertex 8.87479 56.6905 8
      vertex 8.87479 56.6905 0
      vertex 9.03589 57 8
    endloop
  endfacet
  facet normal 0.843378 -0.53732 0
    outer loop
      vertex 9.22339 57.2943 0
      vertex 9.22339 57.2943 8
      vertex 9.03589 57 0
    endloop
  endfacet
  facet normal 0.843378 -0.53732 0
    outer loop
      vertex 9.03589 57 8
      vertex 9.03589 57 0
      vertex 9.22339 57.2943 8
    endloop
  endfacet
  facet normal 0.793454 -0.60863 0
    outer loop
      vertex 9.43579 57.5712 0
      vertex 9.43579 57.5712 8
      vertex 9.22339 57.2943 0
    endloop
  endfacet
  facet normal 0.793454 -0.60863 0
    outer loop
      vertex 9.22339 57.2943 8
      vertex 9.22339 57.2943 0
      vertex 9.43579 57.5712 8
    endloop
  endfacet
  facet normal 0.737107 -0.675777 0
    outer loop
      vertex 9.67159 57.8284 0
      vertex 9.67159 57.8284 8
      vertex 9.43579 57.5712 0
    endloop
  endfacet
  facet normal 0.737107 -0.675777 0
    outer loop
      vertex 9.43579 57.5712 8
      vertex 9.43579 57.5712 0
      vertex 9.67159 57.8284 8
    endloop
  endfacet
  facet normal 0.675777 -0.737107 0
    outer loop
      vertex 9.92879 58.0642 0
      vertex 9.92879 58.0642 8
      vertex 9.67159 57.8284 0
    endloop
  endfacet
  facet normal 0.675777 -0.737107 0
    outer loop
      vertex 9.67159 57.8284 8
      vertex 9.67159 57.8284 0
      vertex 9.92879 58.0642 8
    endloop
  endfacet
  facet normal 0.608616 -0.793465 0
    outer loop
      vertex 10.2057 58.2766 0
      vertex 10.2057 58.2766 8
      vertex 9.92879 58.0642 0
    endloop
  endfacet
  facet normal 0.608616 -0.793465 0
    outer loop
      vertex 9.92879 58.0642 8
      vertex 9.92879 58.0642 0
      vertex 10.2057 58.2766 8
    endloop
  endfacet
  facet normal 0.53732 -0.843378 0
    outer loop
      vertex 10.5 58.4641 0
      vertex 10.5 58.4641 8
      vertex 10.2057 58.2766 0
    endloop
  endfacet
  facet normal 0.53732 -0.843378 0
    outer loop
      vertex 10.2057 58.2766 8
      vertex 10.2057 58.2766 0
      vertex 10.5 58.4641 8
    endloop
  endfacet
  facet normal 0.461714 -0.887029 0
    outer loop
      vertex 10.8095 58.6252 0
      vertex 10.8095 58.6252 8
      vertex 10.5 58.4641 0
    endloop
  endfacet
  facet normal 0.461714 -0.887029 0
    outer loop
      vertex 10.5 58.4641 8
      vertex 10.5 58.4641 0
      vertex 10.8095 58.6252 8
    endloop
  endfacet
  facet normal 0.382824 -0.923821 0
    outer loop
      vertex 11.1319 58.7588 0
      vertex 11.1319 58.7588 8
      vertex 10.8095 58.6252 0
    endloop
  endfacet
  facet normal 0.382824 -0.923821 0
    outer loop
      vertex 10.8095 58.6252 8
      vertex 10.8095 58.6252 0
      vertex 11.1319 58.7588 8
    endloop
  endfacet
  facet normal 0.300624 -0.953743 0
    outer loop
      vertex 11.4647 58.8637 0
      vertex 11.4647 58.8637 8
      vertex 11.1319 58.7588 0
    endloop
  endfacet
  facet normal 0.300624 -0.953743 0
    outer loop
      vertex 11.1319 58.7588 8
      vertex 11.1319 58.7588 0
      vertex 11.4647 58.8637 8
    endloop
  endfacet
  facet normal 0.216354 -0.976315 0
    outer loop
      vertex 11.8054 58.9392 0
      vertex 11.8054 58.9392 8
      vertex 11.4647 58.8637 0
    endloop
  endfacet
  facet normal 0.216354 -0.976315 0
    outer loop
      vertex 11.4647 58.8637 8
      vertex 11.4647 58.8637 0
      vertex 11.8054 58.9392 8
    endloop
  endfacet
  facet normal 0.130662 -0.991427 0
    outer loop
      vertex 12.1514 58.9848 0
      vertex 12.1514 58.9848 8
      vertex 11.8054 58.9392 0
    endloop
  endfacet
  facet normal 0.130662 -0.991427 0
    outer loop
      vertex 11.8054 58.9392 8
      vertex 11.8054 58.9392 0
      vertex 12.1514 58.9848 8
    endloop
  endfacet
  facet normal 0.0435616 -0.999051 0
    outer loop
      vertex 12.5 59 0
      vertex 12.5 59 8
      vertex 12.1514 58.9848 0
    endloop
  endfacet
  facet normal 0.0435616 -0.999051 0
    outer loop
      vertex 12.1514 58.9848 8
      vertex 12.1514 58.9848 0
      vertex 12.5 59 8
    endloop
  endfacet
  facet normal -0.0435616 -0.999051 0
    outer loop
      vertex 12.8486 58.9848 0
      vertex 12.8486 58.9848 8
      vertex 12.5 59 0
    endloop
  endfacet
  facet normal -0.0435616 -0.999051 -0
    outer loop
      vertex 12.5 59 8
      vertex 12.5 59 0
      vertex 12.8486 58.9848 8
    endloop
  endfacet
  facet normal -0.130662 -0.991427 0
    outer loop
      vertex 13.1946 58.9392 0
      vertex 13.1946 58.9392 8
      vertex 12.8486 58.9848 0
    endloop
  endfacet
  facet normal -0.130662 -0.991427 -0
    outer loop
      vertex 12.8486 58.9848 8
      vertex 12.8486 58.9848 0
      vertex 13.1946 58.9392 8
    endloop
  endfacet
  facet normal -0.216354 -0.976315 0
    outer loop
      vertex 13.5353 58.8637 0
      vertex 13.5353 58.8637 8
      vertex 13.1946 58.9392 0
    endloop
  endfacet
  facet normal -0.216354 -0.976315 -0
    outer loop
      vertex 13.1946 58.9392 8
      vertex 13.1946 58.9392 0
      vertex 13.5353 58.8637 8
    endloop
  endfacet
  facet normal -0.300624 -0.953743 0
    outer loop
      vertex 13.8681 58.7588 0
      vertex 13.8681 58.7588 8
      vertex 13.5353 58.8637 0
    endloop
  endfacet
  facet normal -0.300624 -0.953743 -0
    outer loop
      vertex 13.5353 58.8637 8
      vertex 13.5353 58.8637 0
      vertex 13.8681 58.7588 8
    endloop
  endfacet
  facet normal -0.382824 -0.923821 0
    outer loop
      vertex 14.1905 58.6252 0
      vertex 14.1905 58.6252 8
      vertex 13.8681 58.7588 0
    endloop
  endfacet
  facet normal -0.382824 -0.923821 -0
    outer loop
      vertex 13.8681 58.7588 8
      vertex 13.8681 58.7588 0
      vertex 14.1905 58.6252 8
    endloop
  endfacet
  facet normal -0.461714 -0.887029 0
    outer loop
      vertex 14.5 58.4641 0
      vertex 14.5 58.4641 8
      vertex 14.1905 58.6252 0
    endloop
  endfacet
  facet normal -0.461714 -0.887029 -0
    outer loop
      vertex 14.1905 58.6252 8
      vertex 14.1905 58.6252 0
      vertex 14.5 58.4641 8
    endloop
  endfacet
  facet normal -0.53732 -0.843378 0
    outer loop
      vertex 14.7943 58.2766 0
      vertex 14.7943 58.2766 8
      vertex 14.5 58.4641 0
    endloop
  endfacet
  facet normal -0.53732 -0.843378 -0
    outer loop
      vertex 14.5 58.4641 8
      vertex 14.5 58.4641 0
      vertex 14.7943 58.2766 8
    endloop
  endfacet
  facet normal -0.60863 -0.793454 0
    outer loop
      vertex 15.0712 58.0642 0
      vertex 15.0712 58.0642 8
      vertex 14.7943 58.2766 0
    endloop
  endfacet
  facet normal -0.60863 -0.793454 -0
    outer loop
      vertex 14.7943 58.2766 8
      vertex 14.7943 58.2766 0
      vertex 15.0712 58.0642 8
    endloop
  endfacet
  facet normal -0.675777 -0.737107 0
    outer loop
      vertex 15.3284 57.8284 0
      vertex 15.3284 57.8284 8
      vertex 15.0712 58.0642 0
    endloop
  endfacet
  facet normal -0.675777 -0.737107 -0
    outer loop
      vertex 15.0712 58.0642 8
      vertex 15.0712 58.0642 0
      vertex 15.3284 57.8284 8
    endloop
  endfacet
  facet normal -0.737107 -0.675777 0
    outer loop
      vertex 15.5642 57.5712 0
      vertex 15.5642 57.5712 8
      vertex 15.3284 57.8284 0
    endloop
  endfacet
  facet normal -0.737107 -0.675777 -0
    outer loop
      vertex 15.3284 57.8284 8
      vertex 15.3284 57.8284 0
      vertex 15.5642 57.5712 8
    endloop
  endfacet
  facet normal -0.793454 -0.60863 0
    outer loop
      vertex 15.7766 57.2943 0
      vertex 15.7766 57.2943 8
      vertex 15.5642 57.5712 0
    endloop
  endfacet
  facet normal -0.793454 -0.60863 -0
    outer loop
      vertex 15.5642 57.5712 8
      vertex 15.5642 57.5712 0
      vertex 15.7766 57.2943 8
    endloop
  endfacet
  facet normal -0.843378 -0.53732 0
    outer loop
      vertex 15.9641 57 0
      vertex 15.9641 57 8
      vertex 15.7766 57.2943 0
    endloop
  endfacet
  facet normal -0.843378 -0.53732 -0
    outer loop
      vertex 15.7766 57.2943 8
      vertex 15.7766 57.2943 0
      vertex 15.9641 57 8
    endloop
  endfacet
  facet normal -0.887029 -0.461714 0
    outer loop
      vertex 16.1252 56.6905 0
      vertex 16.1252 56.6905 8
      vertex 15.9641 57 0
    endloop
  endfacet
  facet normal -0.887029 -0.461714 -0
    outer loop
      vertex 15.9641 57 8
      vertex 15.9641 57 0
      vertex 16.1252 56.6905 8
    endloop
  endfacet
  facet normal -0.923821 -0.382824 0
    outer loop
      vertex 16.2588 56.3681 0
      vertex 16.2588 56.3681 8
      vertex 16.1252 56.6905 0
    endloop
  endfacet
  facet normal -0.923821 -0.382824 -0
    outer loop
      vertex 16.1252 56.6905 8
      vertex 16.1252 56.6905 0
      vertex 16.2588 56.3681 8
    endloop
  endfacet
  facet normal -0.953743 -0.300624 0
    outer loop
      vertex 16.3637 56.0353 0
      vertex 16.3637 56.0353 8
      vertex 16.2588 56.3681 0
    endloop
  endfacet
  facet normal -0.953743 -0.300624 -0
    outer loop
      vertex 16.2588 56.3681 8
      vertex 16.2588 56.3681 0
      vertex 16.3637 56.0353 8
    endloop
  endfacet
  facet normal -0.976315 -0.216354 0
    outer loop
      vertex 16.4392 55.6946 0
      vertex 16.4392 55.6946 8
      vertex 16.3637 56.0353 0
    endloop
  endfacet
  facet normal -0.976315 -0.216354 -0
    outer loop
      vertex 16.3637 56.0353 8
      vertex 16.3637 56.0353 0
      vertex 16.4392 55.6946 8
    endloop
  endfacet
  facet normal -0.991427 -0.130662 0
    outer loop
      vertex 16.4848 55.3486 0
      vertex 16.4848 55.3486 8
      vertex 16.4392 55.6946 0
    endloop
  endfacet
  facet normal -0.991427 -0.130662 -0
    outer loop
      vertex 16.4392 55.6946 8
      vertex 16.4392 55.6946 0
      vertex 16.4848 55.3486 8
    endloop
  endfacet
  facet normal -0.999051 -0.0435616 0
    outer loop
      vertex 16.5 55 0
      vertex 16.5 55 8
      vertex 16.4848 55.3486 0
    endloop
  endfacet
  facet normal -0.999051 -0.0435616 -0
    outer loop
      vertex 16.4848 55.3486 8
      vertex 16.4848 55.3486 0
      vertex 16.5 55 8
    endloop
  endfacet
  facet normal -0.999051 0.0435616 0
    outer loop
      vertex 16.4848 54.6514 0
      vertex 16.4848 54.6514 8
      vertex 16.5 55 0
    endloop
  endfacet
  facet normal -0.999051 0.0435616 0
    outer loop
      vertex 16.5 55 8
      vertex 16.5 55 0
      vertex 16.4848 54.6514 8
    endloop
  endfacet
  facet normal -0.991427 0.130662 0
    outer loop
      vertex 16.4392 54.3054 0
      vertex 16.4392 54.3054 8
      vertex 16.4848 54.6514 0
    endloop
  endfacet
  facet normal -0.991427 0.130662 0
    outer loop
      vertex 16.4848 54.6514 8
      vertex 16.4848 54.6514 0
      vertex 16.4392 54.3054 8
    endloop
  endfacet
  facet normal -0.976315 0.216354 0
    outer loop
      vertex 16.3637 53.9647 0
      vertex 16.3637 53.9647 8
      vertex 16.4392 54.3054 0
    endloop
  endfacet
  facet normal -0.976315 0.216354 0
    outer loop
      vertex 16.4392 54.3054 8
      vertex 16.4392 54.3054 0
      vertex 16.3637 53.9647 8
    endloop
  endfacet
  facet normal -0.953743 0.300624 0
    outer loop
      vertex 16.2588 53.6319 0
      vertex 16.2588 53.6319 8
      vertex 16.3637 53.9647 0
    endloop
  endfacet
  facet normal -0.953743 0.300624 0
    outer loop
      vertex 16.3637 53.9647 8
      vertex 16.3637 53.9647 0
      vertex 16.2588 53.6319 8
    endloop
  endfacet
  facet normal -0.923821 0.382824 0
    outer loop
      vertex 16.1252 53.3095 0
      vertex 16.1252 53.3095 8
      vertex 16.2588 53.6319 0
    endloop
  endfacet
  facet normal -0.923821 0.382824 0
    outer loop
      vertex 16.2588 53.6319 8
      vertex 16.2588 53.6319 0
      vertex 16.1252 53.3095 8
    endloop
  endfacet
  facet normal -0.887029 0.461714 0
    outer loop
      vertex 15.9641 53 0
      vertex 15.9641 53 8
      vertex 16.1252 53.3095 0
    endloop
  endfacet
  facet normal -0.887029 0.461714 0
    outer loop
      vertex 16.1252 53.3095 8
      vertex 16.1252 53.3095 0
      vertex 15.9641 53 8
    endloop
  endfacet
  facet normal -0.843378 0.53732 0
    outer loop
      vertex 15.7766 52.7057 0
      vertex 15.7766 52.7057 8
      vertex 15.9641 53 0
    endloop
  endfacet
  facet normal -0.843378 0.53732 0
    outer loop
      vertex 15.9641 53 8
      vertex 15.9641 53 0
      vertex 15.7766 52.7057 8
    endloop
  endfacet
  facet normal -0.793454 0.60863 0
    outer loop
      vertex 15.5642 52.4288 0
      vertex 15.5642 52.4288 8
      vertex 15.7766 52.7057 0
    endloop
  endfacet
  facet normal -0.793454 0.60863 0
    outer loop
      vertex 15.7766 52.7057 8
      vertex 15.7766 52.7057 0
      vertex 15.5642 52.4288 8
    endloop
  endfacet
  facet normal -0.737107 0.675777 0
    outer loop
      vertex 15.3284 52.1716 0
      vertex 15.3284 52.1716 8
      vertex 15.5642 52.4288 0
    endloop
  endfacet
  facet normal -0.737107 0.675777 0
    outer loop
      vertex 15.5642 52.4288 8
      vertex 15.5642 52.4288 0
      vertex 15.3284 52.1716 8
    endloop
  endfacet
  facet normal -0.675777 0.737107 0
    outer loop
      vertex 15.0712 51.9358 0
      vertex 15.0712 51.9358 8
      vertex 15.3284 52.1716 0
    endloop
  endfacet
  facet normal -0.675777 0.737107 0
    outer loop
      vertex 15.3284 52.1716 8
      vertex 15.3284 52.1716 0
      vertex 15.0712 51.9358 8
    endloop
  endfacet
  facet normal -0.60863 0.793454 0
    outer loop
      vertex 14.7943 51.7234 0
      vertex 14.7943 51.7234 8
      vertex 15.0712 51.9358 0
    endloop
  endfacet
  facet normal -0.60863 0.793454 0
    outer loop
      vertex 15.0712 51.9358 8
      vertex 15.0712 51.9358 0
      vertex 14.7943 51.7234 8
    endloop
  endfacet
  facet normal -0.53732 0.843378 0
    outer loop
      vertex 14.5 51.5359 0
      vertex 14.5 51.5359 8
      vertex 14.7943 51.7234 0
    endloop
  endfacet
  facet normal -0.53732 0.843378 0
    outer loop
      vertex 14.7943 51.7234 8
      vertex 14.7943 51.7234 0
      vertex 14.5 51.5359 8
    endloop
  endfacet
  facet normal -0.461714 0.887029 0
    outer loop
      vertex 14.1905 51.3748 0
      vertex 14.1905 51.3748 8
      vertex 14.5 51.5359 0
    endloop
  endfacet
  facet normal -0.461714 0.887029 0
    outer loop
      vertex 14.5 51.5359 8
      vertex 14.5 51.5359 0
      vertex 14.1905 51.3748 8
    endloop
  endfacet
  facet normal -0.382824 0.923821 0
    outer loop
      vertex 13.8681 51.2412 0
      vertex 13.8681 51.2412 8
      vertex 14.1905 51.3748 0
    endloop
  endfacet
  facet normal -0.382824 0.923821 0
    outer loop
      vertex 14.1905 51.3748 8
      vertex 14.1905 51.3748 0
      vertex 13.8681 51.2412 8
    endloop
  endfacet
  facet normal -0.300624 0.953743 0
    outer loop
      vertex 13.5353 51.1363 0
      vertex 13.5353 51.1363 8
      vertex 13.8681 51.2412 0
    endloop
  endfacet
  facet normal -0.300624 0.953743 0
    outer loop
      vertex 13.8681 51.2412 8
      vertex 13.8681 51.2412 0
      vertex 13.5353 51.1363 8
    endloop
  endfacet
  facet normal -0.216354 0.976315 0
    outer loop
      vertex 13.1946 51.0608 0
      vertex 13.1946 51.0608 8
      vertex 13.5353 51.1363 0
    endloop
  endfacet
  facet normal -0.216354 0.976315 0
    outer loop
      vertex 13.5353 51.1363 8
      vertex 13.5353 51.1363 0
      vertex 13.1946 51.0608 8
    endloop
  endfacet
  facet normal -0.130662 0.991427 0
    outer loop
      vertex 12.8486 51.0152 0
      vertex 12.8486 51.0152 8
      vertex 13.1946 51.0608 0
    endloop
  endfacet
  facet normal -0.130662 0.991427 0
    outer loop
      vertex 13.1946 51.0608 8
      vertex 13.1946 51.0608 0
      vertex 12.8486 51.0152 8
    endloop
  endfacet
  facet normal -0.0435616 0.999051 0
    outer loop
      vertex 12.5 51 0
      vertex 12.5 51 8
      vertex 12.8486 51.0152 0
    endloop
  endfacet
  facet normal -0.0435616 0.999051 0
    outer loop
      vertex 12.8486 51.0152 8
      vertex 12.8486 51.0152 0
      vertex 12.5 51 8
    endloop
  endfacet
  facet normal 0.0435616 0.999051 -0
    outer loop
      vertex 12.1514 51.0152 0
      vertex 12.1514 51.0152 8
      vertex 12.5 51 0
    endloop
  endfacet
  facet normal 0.0435616 0.999051 0
    outer loop
      vertex 12.5 51 8
      vertex 12.5 51 0
      vertex 12.1514 51.0152 8
    endloop
  endfacet
  facet normal 0.130669 0.991426 -0
    outer loop
      vertex 19.1318 7.57599 0
      vertex 19.1318 7.57599 8
      vertex 19.5642 7.519 0
    endloop
  endfacet
  facet normal 0.130669 0.991426 0
    outer loop
      vertex 19.5642 7.519 8
      vertex 19.5642 7.519 0
      vertex 19.1318 7.57599 8
    endloop
  endfacet
  facet normal 0.216396 0.976306 -0
    outer loop
      vertex 18.7059 7.67039 0
      vertex 18.7059 7.67039 8
      vertex 19.1318 7.57599 0
    endloop
  endfacet
  facet normal 0.216396 0.976306 0
    outer loop
      vertex 19.1318 7.57599 8
      vertex 19.1318 7.57599 0
      vertex 18.7059 7.67039 8
    endloop
  endfacet
  facet normal 0.300593 0.953753 -0
    outer loop
      vertex 18.2899 7.8015 0
      vertex 18.2899 7.8015 8
      vertex 18.7059 7.67039 0
    endloop
  endfacet
  facet normal 0.300593 0.953753 0
    outer loop
      vertex 18.7059 7.67039 8
      vertex 18.7059 7.67039 0
      vertex 18.2899 7.8015 8
    endloop
  endfacet
  facet normal 0.382805 0.923829 -0
    outer loop
      vertex 17.8869 7.96849 0
      vertex 17.8869 7.96849 8
      vertex 18.2899 7.8015 0
    endloop
  endfacet
  facet normal 0.382805 0.923829 0
    outer loop
      vertex 18.2899 7.8015 8
      vertex 18.2899 7.8015 0
      vertex 17.8869 7.96849 8
    endloop
  endfacet
  facet normal 0.461735 0.887018 -0
    outer loop
      vertex 17.5 8.16989 0
      vertex 17.5 8.16989 8
      vertex 17.8869 7.96849 0
    endloop
  endfacet
  facet normal 0.461735 0.887018 0
    outer loop
      vertex 17.8869 7.96849 8
      vertex 17.8869 7.96849 0
      vertex 17.5 8.16989 8
    endloop
  endfacet
  facet normal 0.537172 0.843473 -0
    outer loop
      vertex 17.1321 8.40419 0
      vertex 17.1321 8.40419 8
      vertex 17.5 8.16989 0
    endloop
  endfacet
  facet normal 0.537172 0.843473 0
    outer loop
      vertex 17.5 8.16989 8
      vertex 17.5 8.16989 0
      vertex 17.1321 8.40419 8
    endloop
  endfacet
  facet normal 0.608927 0.793226 -0
    outer loop
      vertex 16.7861 8.6698 0
      vertex 16.7861 8.6698 8
      vertex 17.1321 8.40419 0
    endloop
  endfacet
  facet normal 0.608927 0.793226 0
    outer loop
      vertex 17.1321 8.40419 8
      vertex 17.1321 8.40419 0
      vertex 16.7861 8.6698 8
    endloop
  endfacet
  facet normal 0.675588 0.73728 -0
    outer loop
      vertex 16.4645 8.96449 0
      vertex 16.4645 8.96449 8
      vertex 16.7861 8.6698 0
    endloop
  endfacet
  facet normal 0.675588 0.73728 0
    outer loop
      vertex 16.7861 8.6698 8
      vertex 16.7861 8.6698 0
      vertex 16.4645 8.96449 8
    endloop
  endfacet
  facet normal 0.737268 0.6756 -0
    outer loop
      vertex 16.1698 9.28609 0
      vertex 16.1698 9.28609 8
      vertex 16.4645 8.96449 0
    endloop
  endfacet
  facet normal 0.737268 0.6756 0
    outer loop
      vertex 16.4645 8.96449 8
      vertex 16.4645 8.96449 0
      vertex 16.1698 9.28609 8
    endloop
  endfacet
  facet normal 0.793246 0.608902 -0
    outer loop
      vertex 15.9042 9.6321 0
      vertex 15.9042 9.6321 8
      vertex 16.1698 9.28609 0
    endloop
  endfacet
  facet normal 0.793246 0.608902 0
    outer loop
      vertex 16.1698 9.28609 8
      vertex 16.1698 9.28609 0
      vertex 15.9042 9.6321 8
    endloop
  endfacet
  facet normal 0.843473 0.537172 -0
    outer loop
      vertex 15.6699 10 0
      vertex 15.6699 10 8
      vertex 15.9042 9.6321 0
    endloop
  endfacet
  facet normal 0.843473 0.537172 0
    outer loop
      vertex 15.9042 9.6321 8
      vertex 15.9042 9.6321 0
      vertex 15.6699 10 8
    endloop
  endfacet
  facet normal 0.887018 0.461735 -0
    outer loop
      vertex 15.4685 10.3869 0
      vertex 15.4685 10.3869 8
      vertex 15.6699 10 0
    endloop
  endfacet
  facet normal 0.887018 0.461735 0
    outer loop
      vertex 15.6699 10 8
      vertex 15.6699 10 0
      vertex 15.4685 10.3869 8
    endloop
  endfacet
  facet normal 0.923821 0.382824 -0
    outer loop
      vertex 15.3015 10.7899 0
      vertex 15.3015 10.7899 8
      vertex 15.4685 10.3869 0
    endloop
  endfacet
  facet normal 0.923821 0.382824 0
    outer loop
      vertex 15.4685 10.3869 8
      vertex 15.4685 10.3869 0
      vertex 15.3015 10.7899 8
    endloop
  endfacet
  facet normal 0.953759 0.300572 -0
    outer loop
      vertex 15.1704 11.2059 0
      vertex 15.1704 11.2059 8
      vertex 15.3015 10.7899 0
    endloop
  endfacet
  facet normal 0.953759 0.300572 0
    outer loop
      vertex 15.3015 10.7899 8
      vertex 15.3015 10.7899 0
      vertex 15.1704 11.2059 8
    endloop
  endfacet
  facet normal 0.976306 0.216396 -0
    outer loop
      vertex 15.076 11.6318 0
      vertex 15.076 11.6318 8
      vertex 15.1704 11.2059 0
    endloop
  endfacet
  facet normal 0.976306 0.216396 0
    outer loop
      vertex 15.1704 11.2059 8
      vertex 15.1704 11.2059 0
      vertex 15.076 11.6318 8
    endloop
  endfacet
  facet normal 0.991423 0.130692 -0
    outer loop
      vertex 15.019 12.0642 0
      vertex 15.019 12.0642 8
      vertex 15.076 11.6318 0
    endloop
  endfacet
  facet normal 0.991423 0.130692 0
    outer loop
      vertex 15.076 11.6318 8
      vertex 15.076 11.6318 0
      vertex 15.019 12.0642 8
    endloop
  endfacet
  facet normal 0.999051 0.0435566 -0
    outer loop
      vertex 15 12.5 0
      vertex 15 12.5 8
      vertex 15.019 12.0642 0
    endloop
  endfacet
  facet normal 0.999051 0.0435566 0
    outer loop
      vertex 15.019 12.0642 8
      vertex 15.019 12.0642 0
      vertex 15 12.5 8
    endloop
  endfacet
  facet normal 0.999051 -0.0435566 0
    outer loop
      vertex 15.019 12.9358 0
      vertex 15.019 12.9358 8
      vertex 15 12.5 0
    endloop
  endfacet
  facet normal 0.999051 -0.0435566 0
    outer loop
      vertex 15 12.5 8
      vertex 15 12.5 0
      vertex 15.019 12.9358 8
    endloop
  endfacet
  facet normal 0.991423 -0.130692 0
    outer loop
      vertex 15.076 13.3682 0
      vertex 15.076 13.3682 8
      vertex 15.019 12.9358 0
    endloop
  endfacet
  facet normal 0.991423 -0.130692 0
    outer loop
      vertex 15.019 12.9358 8
      vertex 15.019 12.9358 0
      vertex 15.076 13.3682 8
    endloop
  endfacet
  facet normal 0.976306 -0.216396 0
    outer loop
      vertex 15.1704 13.7941 0
      vertex 15.1704 13.7941 8
      vertex 15.076 13.3682 0
    endloop
  endfacet
  facet normal 0.976306 -0.216396 0
    outer loop
      vertex 15.076 13.3682 8
      vertex 15.076 13.3682 0
      vertex 15.1704 13.7941 8
    endloop
  endfacet
  facet normal 0.953759 -0.300572 0
    outer loop
      vertex 15.3015 14.2101 0
      vertex 15.3015 14.2101 8
      vertex 15.1704 13.7941 0
    endloop
  endfacet
  facet normal 0.953759 -0.300572 0
    outer loop
      vertex 15.1704 13.7941 8
      vertex 15.1704 13.7941 0
      vertex 15.3015 14.2101 8
    endloop
  endfacet
  facet normal 0.923821 -0.382824 0
    outer loop
      vertex 15.4685 14.6131 0
      vertex 15.4685 14.6131 8
      vertex 15.3015 14.2101 0
    endloop
  endfacet
  facet normal 0.923821 -0.382824 0
    outer loop
      vertex 15.3015 14.2101 8
      vertex 15.3015 14.2101 0
      vertex 15.4685 14.6131 8
    endloop
  endfacet
  facet normal 0.887018 -0.461735 0
    outer loop
      vertex 15.6699 15 0
      vertex 15.6699 15 8
      vertex 15.4685 14.6131 0
    endloop
  endfacet
  facet normal 0.887018 -0.461735 0
    outer loop
      vertex 15.4685 14.6131 8
      vertex 15.4685 14.6131 0
      vertex 15.6699 15 8
    endloop
  endfacet
  facet normal 0.843473 -0.537172 0
    outer loop
      vertex 15.9042 15.3679 0
      vertex 15.9042 15.3679 8
      vertex 15.6699 15 0
    endloop
  endfacet
  facet normal 0.843473 -0.537172 0
    outer loop
      vertex 15.6699 15 8
      vertex 15.6699 15 0
      vertex 15.9042 15.3679 8
    endloop
  endfacet
  facet normal 0.793237 -0.608913 0
    outer loop
      vertex 16.1698 15.7139 0
      vertex 16.1698 15.7139 8
      vertex 15.9042 15.3679 0
    endloop
  endfacet
  facet normal 0.793237 -0.608913 0
    outer loop
      vertex 15.9042 15.3679 8
      vertex 15.9042 15.3679 0
      vertex 16.1698 15.7139 8
    endloop
  endfacet
  facet normal 0.737268 -0.6756 0
    outer loop
      vertex 16.4645 16.0355 0
      vertex 16.4645 16.0355 8
      vertex 16.1698 15.7139 0
    endloop
  endfacet
  facet normal 0.737268 -0.6756 0
    outer loop
      vertex 16.1698 15.7139 8
      vertex 16.1698 15.7139 0
      vertex 16.4645 16.0355 8
    endloop
  endfacet
  facet normal 0.6756 -0.737268 0
    outer loop
      vertex 16.7861 16.3302 0
      vertex 16.7861 16.3302 8
      vertex 16.4645 16.0355 0
    endloop
  endfacet
  facet normal 0.6756 -0.737268 0
    outer loop
      vertex 16.4645 16.0355 8
      vertex 16.4645 16.0355 0
      vertex 16.7861 16.3302 8
    endloop
  endfacet
  facet normal 0.608913 -0.793237 0
    outer loop
      vertex 17.1321 16.5958 0
      vertex 17.1321 16.5958 8
      vertex 16.7861 16.3302 0
    endloop
  endfacet
  facet normal 0.608913 -0.793237 0
    outer loop
      vertex 16.7861 16.3302 8
      vertex 16.7861 16.3302 0
      vertex 17.1321 16.5958 8
    endloop
  endfacet
  facet normal 0.537172 -0.843473 0
    outer loop
      vertex 17.5 16.8301 0
      vertex 17.5 16.8301 8
      vertex 17.1321 16.5958 0
    endloop
  endfacet
  facet normal 0.537172 -0.843473 0
    outer loop
      vertex 17.1321 16.5958 8
      vertex 17.1321 16.5958 0
      vertex 17.5 16.8301 8
    endloop
  endfacet
  facet normal 0.461735 -0.887018 0
    outer loop
      vertex 17.8869 17.0315 0
      vertex 17.8869 17.0315 8
      vertex 17.5 16.8301 0
    endloop
  endfacet
  facet normal 0.461735 -0.887018 0
    outer loop
      vertex 17.5 16.8301 8
      vertex 17.5 16.8301 0
      vertex 17.8869 17.0315 8
    endloop
  endfacet
  facet normal 0.382824 -0.923821 0
    outer loop
      vertex 18.2899 17.1985 0
      vertex 18.2899 17.1985 8
      vertex 17.8869 17.0315 0
    endloop
  endfacet
  facet normal 0.382824 -0.923821 0
    outer loop
      vertex 17.8869 17.0315 8
      vertex 17.8869 17.0315 0
      vertex 18.2899 17.1985 8
    endloop
  endfacet
  facet normal 0.300572 -0.953759 0
    outer loop
      vertex 18.7059 17.3296 0
      vertex 18.7059 17.3296 8
      vertex 18.2899 17.1985 0
    endloop
  endfacet
  facet normal 0.300572 -0.953759 0
    outer loop
      vertex 18.2899 17.1985 8
      vertex 18.2899 17.1985 0
      vertex 18.7059 17.3296 8
    endloop
  endfacet
  facet normal 0.216396 -0.976306 0
    outer loop
      vertex 19.1318 17.424 0
      vertex 19.1318 17.424 8
      vertex 18.7059 17.3296 0
    endloop
  endfacet
  facet normal 0.216396 -0.976306 0
    outer loop
      vertex 18.7059 17.3296 8
      vertex 18.7059 17.3296 0
      vertex 19.1318 17.424 8
    endloop
  endfacet
  facet normal 0.130692 -0.991423 0
    outer loop
      vertex 19.5642 17.481 0
      vertex 19.5642 17.481 8
      vertex 19.1318 17.424 0
    endloop
  endfacet
  facet normal 0.130692 -0.991423 0
    outer loop
      vertex 19.1318 17.424 8
      vertex 19.1318 17.424 0
      vertex 19.5642 17.481 8
    endloop
  endfacet
  facet normal 0.0435566 -0.999051 0
    outer loop
      vertex 20 17.5 0
      vertex 20 17.5 8
      vertex 19.5642 17.481 0
    endloop
  endfacet
  facet normal 0.0435566 -0.999051 0
    outer loop
      vertex 19.5642 17.481 8
      vertex 19.5642 17.481 0
      vertex 20 17.5 8
    endloop
  endfacet
  facet normal -0.0435566 -0.999051 0
    outer loop
      vertex 20.4358 17.481 0
      vertex 20.4358 17.481 8
      vertex 20 17.5 0
    endloop
  endfacet
  facet normal -0.0435566 -0.999051 -0
    outer loop
      vertex 20 17.5 8
      vertex 20 17.5 0
      vertex 20.4358 17.481 8
    endloop
  endfacet
  facet normal -0.130692 -0.991423 0
    outer loop
      vertex 20.8682 17.424 0
      vertex 20.8682 17.424 8
      vertex 20.4358 17.481 0
    endloop
  endfacet
  facet normal -0.130692 -0.991423 -0
    outer loop
      vertex 20.4358 17.481 8
      vertex 20.4358 17.481 0
      vertex 20.8682 17.424 8
    endloop
  endfacet
  facet normal -0.216396 -0.976306 0
    outer loop
      vertex 21.2941 17.3296 0
      vertex 21.2941 17.3296 8
      vertex 20.8682 17.424 0
    endloop
  endfacet
  facet normal -0.216396 -0.976306 -0
    outer loop
      vertex 20.8682 17.424 8
      vertex 20.8682 17.424 0
      vertex 21.2941 17.3296 8
    endloop
  endfacet
  facet normal -0.300572 -0.953759 0
    outer loop
      vertex 21.7101 17.1985 0
      vertex 21.7101 17.1985 8
      vertex 21.2941 17.3296 0
    endloop
  endfacet
  facet normal -0.300572 -0.953759 -0
    outer loop
      vertex 21.2941 17.3296 8
      vertex 21.2941 17.3296 0
      vertex 21.7101 17.1985 8
    endloop
  endfacet
  facet normal -0.382824 -0.923821 0
    outer loop
      vertex 22.1131 17.0315 0
      vertex 22.1131 17.0315 8
      vertex 21.7101 17.1985 0
    endloop
  endfacet
  facet normal -0.382824 -0.923821 -0
    outer loop
      vertex 21.7101 17.1985 8
      vertex 21.7101 17.1985 0
      vertex 22.1131 17.0315 8
    endloop
  endfacet
  facet normal -0.461735 -0.887018 0
    outer loop
      vertex 22.5 16.8301 0
      vertex 22.5 16.8301 8
      vertex 22.1131 17.0315 0
    endloop
  endfacet
  facet normal -0.461735 -0.887018 -0
    outer loop
      vertex 22.1131 17.0315 8
      vertex 22.1131 17.0315 0
      vertex 22.5 16.8301 8
    endloop
  endfacet
  facet normal -0.537172 -0.843473 0
    outer loop
      vertex 22.8679 16.5958 0
      vertex 22.8679 16.5958 8
      vertex 22.5 16.8301 0
    endloop
  endfacet
  facet normal -0.537172 -0.843473 -0
    outer loop
      vertex 22.5 16.8301 8
      vertex 22.5 16.8301 0
      vertex 22.8679 16.5958 8
    endloop
  endfacet
  facet normal -0.608913 -0.793237 0
    outer loop
      vertex 23.2139 16.3302 0
      vertex 23.2139 16.3302 8
      vertex 22.8679 16.5958 0
    endloop
  endfacet
  facet normal -0.608913 -0.793237 -0
    outer loop
      vertex 22.8679 16.5958 8
      vertex 22.8679 16.5958 0
      vertex 23.2139 16.3302 8
    endloop
  endfacet
  facet normal -0.6756 -0.737268 0
    outer loop
      vertex 23.5355 16.0355 0
      vertex 23.5355 16.0355 8
      vertex 23.2139 16.3302 0
    endloop
  endfacet
  facet normal -0.6756 -0.737268 -0
    outer loop
      vertex 23.2139 16.3302 8
      vertex 23.2139 16.3302 0
      vertex 23.5355 16.0355 8
    endloop
  endfacet
  facet normal -0.737268 -0.6756 0
    outer loop
      vertex 23.8302 15.7139 0
      vertex 23.8302 15.7139 8
      vertex 23.5355 16.0355 0
    endloop
  endfacet
  facet normal -0.737268 -0.6756 -0
    outer loop
      vertex 23.5355 16.0355 8
      vertex 23.5355 16.0355 0
      vertex 23.8302 15.7139 8
    endloop
  endfacet
  facet normal -0.793237 -0.608913 0
    outer loop
      vertex 24.0958 15.3679 0
      vertex 24.0958 15.3679 8
      vertex 23.8302 15.7139 0
    endloop
  endfacet
  facet normal -0.793237 -0.608913 -0
    outer loop
      vertex 23.8302 15.7139 8
      vertex 23.8302 15.7139 0
      vertex 24.0958 15.3679 8
    endloop
  endfacet
  facet normal -0.843473 -0.537172 0
    outer loop
      vertex 24.3301 15 0
      vertex 24.3301 15 8
      vertex 24.0958 15.3679 0
    endloop
  endfacet
  facet normal -0.843473 -0.537172 -0
    outer loop
      vertex 24.0958 15.3679 8
      vertex 24.0958 15.3679 0
      vertex 24.3301 15 8
    endloop
  endfacet
  facet normal -0.887018 -0.461735 0
    outer loop
      vertex 24.5315 14.6131 0
      vertex 24.5315 14.6131 8
      vertex 24.3301 15 0
    endloop
  endfacet
  facet normal -0.887018 -0.461735 -0
    outer loop
      vertex 24.3301 15 8
      vertex 24.3301 15 0
      vertex 24.5315 14.6131 8
    endloop
  endfacet
  facet normal -0.923821 -0.382824 0
    outer loop
      vertex 24.6985 14.2101 0
      vertex 24.6985 14.2101 8
      vertex 24.5315 14.6131 0
    endloop
  endfacet
  facet normal -0.923821 -0.382824 -0
    outer loop
      vertex 24.5315 14.6131 8
      vertex 24.5315 14.6131 0
      vertex 24.6985 14.2101 8
    endloop
  endfacet
  facet normal -0.953759 -0.300572 0
    outer loop
      vertex 24.8296 13.7941 0
      vertex 24.8296 13.7941 8
      vertex 24.6985 14.2101 0
    endloop
  endfacet
  facet normal -0.953759 -0.300572 -0
    outer loop
      vertex 24.6985 14.2101 8
      vertex 24.6985 14.2101 0
      vertex 24.8296 13.7941 8
    endloop
  endfacet
  facet normal -0.976306 -0.216396 0
    outer loop
      vertex 24.924 13.3682 0
      vertex 24.924 13.3682 8
      vertex 24.8296 13.7941 0
    endloop
  endfacet
  facet normal -0.976306 -0.216396 -0
    outer loop
      vertex 24.8296 13.7941 8
      vertex 24.8296 13.7941 0
      vertex 24.924 13.3682 8
    endloop
  endfacet
  facet normal -0.991423 -0.130692 0
    outer loop
      vertex 24.981 12.9358 0
      vertex 24.981 12.9358 8
      vertex 24.924 13.3682 0
    endloop
  endfacet
  facet normal -0.991423 -0.130692 -0
    outer loop
      vertex 24.924 13.3682 8
      vertex 24.924 13.3682 0
      vertex 24.981 12.9358 8
    endloop
  endfacet
  facet normal -0.999051 -0.0435566 0
    outer loop
      vertex 25 12.5 0
      vertex 25 12.5 8
      vertex 24.981 12.9358 0
    endloop
  endfacet
  facet normal -0.999051 -0.0435566 -0
    outer loop
      vertex 24.981 12.9358 8
      vertex 24.981 12.9358 0
      vertex 25 12.5 8
    endloop
  endfacet
  facet normal -0.999051 0.0435566 0
    outer loop
      vertex 24.981 12.0642 0
      vertex 24.981 12.0642 8
      vertex 25 12.5 0
    endloop
  endfacet
  facet normal -0.999051 0.0435566 0
    outer loop
      vertex 25 12.5 8
      vertex 25 12.5 0
      vertex 24.981 12.0642 8
    endloop
  endfacet
  facet normal -0.991423 0.130692 0
    outer loop
      vertex 24.924 11.6318 0
      vertex 24.924 11.6318 8
      vertex 24.981 12.0642 0
    endloop
  endfacet
  facet normal -0.991423 0.130692 0
    outer loop
      vertex 24.981 12.0642 8
      vertex 24.981 12.0642 0
      vertex 24.924 11.6318 8
    endloop
  endfacet
  facet normal -0.976306 0.216396 0
    outer loop
      vertex 24.8296 11.2059 0
      vertex 24.8296 11.2059 8
      vertex 24.924 11.6318 0
    endloop
  endfacet
  facet normal -0.976306 0.216396 0
    outer loop
      vertex 24.924 11.6318 8
      vertex 24.924 11.6318 0
      vertex 24.8296 11.2059 8
    endloop
  endfacet
  facet normal -0.953759 0.300572 0
    outer loop
      vertex 24.6985 10.7899 0
      vertex 24.6985 10.7899 8
      vertex 24.8296 11.2059 0
    endloop
  endfacet
  facet normal -0.953759 0.300572 0
    outer loop
      vertex 24.8296 11.2059 8
      vertex 24.8296 11.2059 0
      vertex 24.6985 10.7899 8
    endloop
  endfacet
  facet normal -0.923821 0.382824 0
    outer loop
      vertex 24.5315 10.3869 0
      vertex 24.5315 10.3869 8
      vertex 24.6985 10.7899 0
    endloop
  endfacet
  facet normal -0.923821 0.382824 0
    outer loop
      vertex 24.6985 10.7899 8
      vertex 24.6985 10.7899 0
      vertex 24.5315 10.3869 8
    endloop
  endfacet
  facet normal -0.887018 0.461735 0
    outer loop
      vertex 24.3301 10 0
      vertex 24.3301 10 8
      vertex 24.5315 10.3869 0
    endloop
  endfacet
  facet normal -0.887018 0.461735 0
    outer loop
      vertex 24.5315 10.3869 8
      vertex 24.5315 10.3869 0
      vertex 24.3301 10 8
    endloop
  endfacet
  facet normal -0.843473 0.537172 0
    outer loop
      vertex 24.0958 9.6321 0
      vertex 24.0958 9.6321 8
      vertex 24.3301 10 0
    endloop
  endfacet
  facet normal -0.843473 0.537172 0
    outer loop
      vertex 24.3301 10 8
      vertex 24.3301 10 0
      vertex 24.0958 9.6321 8
    endloop
  endfacet
  facet normal -0.793246 0.608902 0
    outer loop
      vertex 23.8302 9.28609 0
      vertex 23.8302 9.28609 8
      vertex 24.0958 9.6321 0
    endloop
  endfacet
  facet normal -0.793246 0.608902 0
    outer loop
      vertex 24.0958 9.6321 8
      vertex 24.0958 9.6321 0
      vertex 23.8302 9.28609 8
    endloop
  endfacet
  facet normal -0.737268 0.6756 0
    outer loop
      vertex 23.5355 8.96449 0
      vertex 23.5355 8.96449 8
      vertex 23.8302 9.28609 0
    endloop
  endfacet
  facet normal -0.737268 0.6756 0
    outer loop
      vertex 23.8302 9.28609 8
      vertex 23.8302 9.28609 0
      vertex 23.5355 8.96449 8
    endloop
  endfacet
  facet normal -0.675588 0.73728 0
    outer loop
      vertex 23.2139 8.6698 0
      vertex 23.2139 8.6698 8
      vertex 23.5355 8.96449 0
    endloop
  endfacet
  facet normal -0.675588 0.73728 0
    outer loop
      vertex 23.5355 8.96449 8
      vertex 23.5355 8.96449 0
      vertex 23.2139 8.6698 8
    endloop
  endfacet
  facet normal -0.608927 0.793226 0
    outer loop
      vertex 22.8679 8.40419 0
      vertex 22.8679 8.40419 8
      vertex 23.2139 8.6698 0
    endloop
  endfacet
  facet normal -0.608927 0.793226 0
    outer loop
      vertex 23.2139 8.6698 8
      vertex 23.2139 8.6698 0
      vertex 22.8679 8.40419 8
    endloop
  endfacet
  facet normal -0.537172 0.843473 0
    outer loop
      vertex 22.5 8.16989 0
      vertex 22.5 8.16989 8
      vertex 22.8679 8.40419 0
    endloop
  endfacet
  facet normal -0.537172 0.843473 0
    outer loop
      vertex 22.8679 8.40419 8
      vertex 22.8679 8.40419 0
      vertex 22.5 8.16989 8
    endloop
  endfacet
  facet normal -0.461735 0.887018 0
    outer loop
      vertex 22.1131 7.96849 0
      vertex 22.1131 7.96849 8
      vertex 22.5 8.16989 0
    endloop
  endfacet
  facet normal -0.461735 0.887018 0
    outer loop
      vertex 22.5 8.16989 8
      vertex 22.5 8.16989 0
      vertex 22.1131 7.96849 8
    endloop
  endfacet
  facet normal -0.382805 0.923829 0
    outer loop
      vertex 21.7101 7.8015 0
      vertex 21.7101 7.8015 8
      vertex 22.1131 7.96849 0
    endloop
  endfacet
  facet normal -0.382805 0.923829 0
    outer loop
      vertex 22.1131 7.96849 8
      vertex 22.1131 7.96849 0
      vertex 21.7101 7.8015 8
    endloop
  endfacet
  facet normal -0.300593 0.953753 0
    outer loop
      vertex 21.2941 7.67039 0
      vertex 21.2941 7.67039 8
      vertex 21.7101 7.8015 0
    endloop
  endfacet
  facet normal -0.300593 0.953753 0
    outer loop
      vertex 21.7101 7.8015 8
      vertex 21.7101 7.8015 0
      vertex 21.2941 7.67039 8
    endloop
  endfacet
  facet normal -0.216396 0.976306 0
    outer loop
      vertex 20.8682 7.57599 0
      vertex 20.8682 7.57599 8
      vertex 21.2941 7.67039 0
    endloop
  endfacet
  facet normal -0.216396 0.976306 0
    outer loop
      vertex 21.2941 7.67039 8
      vertex 21.2941 7.67039 0
      vertex 20.8682 7.57599 8
    endloop
  endfacet
  facet normal -0.130669 0.991426 0
    outer loop
      vertex 20.4358 7.519 0
      vertex 20.4358 7.519 8
      vertex 20.8682 7.57599 0
    endloop
  endfacet
  facet normal -0.130669 0.991426 0
    outer loop
      vertex 20.8682 7.57599 8
      vertex 20.8682 7.57599 0
      vertex 20.4358 7.519 8
    endloop
  endfacet
  facet normal -0.0435566 0.999051 0
    outer loop
      vertex 20 7.5 0
      vertex 20 7.5 8
      vertex 20.4358 7.519 0
    endloop
  endfacet
  facet normal -0.0435566 0.999051 0
    outer loop
      vertex 20.4358 7.519 8
      vertex 20.4358 7.519 0
      vertex 20 7.5 8
    endloop
  endfacet
  facet normal 0.0435566 0.999051 -0
    outer loop
      vertex 19.5642 7.519 0
      vertex 19.5642 7.519 8
      vertex 20 7.5 0
    endloop
  endfacet
  facet normal 0.0435566 0.999051 0
    outer loop
      vertex 20 7.5 8
      vertex 20 7.5 0
      vertex 19.5642 7.519 8
    endloop
  endfacet
  facet normal 0.130669 0.991426 -0
    outer loop
      vertex 59.1318 7.57599 0
      vertex 59.1318 7.57599 8
      vertex 59.5642 7.519 0
    endloop
  endfacet
  facet normal 0.130669 0.991426 0
    outer loop
      vertex 59.5642 7.519 8
      vertex 59.5642 7.519 0
      vertex 59.1318 7.57599 8
    endloop
  endfacet
  facet normal 0.216396 0.976306 -0
    outer loop
      vertex 58.7059 7.67039 0
      vertex 58.7059 7.67039 8
      vertex 59.1318 7.57599 0
    endloop
  endfacet
  facet normal 0.216396 0.976306 0
    outer loop
      vertex 59.1318 7.57599 8
      vertex 59.1318 7.57599 0
      vertex 58.7059 7.67039 8
    endloop
  endfacet
  facet normal 0.300593 0.953753 -0
    outer loop
      vertex 58.2899 7.8015 0
      vertex 58.2899 7.8015 8
      vertex 58.7059 7.67039 0
    endloop
  endfacet
  facet normal 0.300593 0.953753 0
    outer loop
      vertex 58.7059 7.67039 8
      vertex 58.7059 7.67039 0
      vertex 58.2899 7.8015 8
    endloop
  endfacet
  facet normal 0.382805 0.923829 -0
    outer loop
      vertex 57.8869 7.96849 0
      vertex 57.8869 7.96849 8
      vertex 58.2899 7.8015 0
    endloop
  endfacet
  facet normal 0.382805 0.923829 0
    outer loop
      vertex 58.2899 7.8015 8
      vertex 58.2899 7.8015 0
      vertex 57.8869 7.96849 8
    endloop
  endfacet
  facet normal 0.461735 0.887018 -0
    outer loop
      vertex 57.5 8.16989 0
      vertex 57.5 8.16989 8
      vertex 57.8869 7.96849 0
    endloop
  endfacet
  facet normal 0.461735 0.887018 0
    outer loop
      vertex 57.8869 7.96849 8
      vertex 57.8869 7.96849 0
      vertex 57.5 8.16989 8
    endloop
  endfacet
  facet normal 0.537172 0.843473 -0
    outer loop
      vertex 57.1321 8.40419 0
      vertex 57.1321 8.40419 8
      vertex 57.5 8.16989 0
    endloop
  endfacet
  facet normal 0.537172 0.843473 0
    outer loop
      vertex 57.5 8.16989 8
      vertex 57.5 8.16989 0
      vertex 57.1321 8.40419 8
    endloop
  endfacet
  facet normal 0.608927 0.793226 -0
    outer loop
      vertex 56.7861 8.6698 0
      vertex 56.7861 8.6698 8
      vertex 57.1321 8.40419 0
    endloop
  endfacet
  facet normal 0.608927 0.793226 0
    outer loop
      vertex 57.1321 8.40419 8
      vertex 57.1321 8.40419 0
      vertex 56.7861 8.6698 8
    endloop
  endfacet
  facet normal 0.675588 0.73728 -0
    outer loop
      vertex 56.4645 8.96449 0
      vertex 56.4645 8.96449 8
      vertex 56.7861 8.6698 0
    endloop
  endfacet
  facet normal 0.675588 0.73728 0
    outer loop
      vertex 56.7861 8.6698 8
      vertex 56.7861 8.6698 0
      vertex 56.4645 8.96449 8
    endloop
  endfacet
  facet normal 0.737268 0.6756 -0
    outer loop
      vertex 56.1698 9.28609 0
      vertex 56.1698 9.28609 8
      vertex 56.4645 8.96449 0
    endloop
  endfacet
  facet normal 0.737268 0.6756 0
    outer loop
      vertex 56.4645 8.96449 8
      vertex 56.4645 8.96449 0
      vertex 56.1698 9.28609 8
    endloop
  endfacet
  facet normal 0.793246 0.608902 -0
    outer loop
      vertex 55.9042 9.6321 0
      vertex 55.9042 9.6321 8
      vertex 56.1698 9.28609 0
    endloop
  endfacet
  facet normal 0.793246 0.608902 0
    outer loop
      vertex 56.1698 9.28609 8
      vertex 56.1698 9.28609 0
      vertex 55.9042 9.6321 8
    endloop
  endfacet
  facet normal 0.843473 0.537172 -0
    outer loop
      vertex 55.6699 10 0
      vertex 55.6699 10 8
      vertex 55.9042 9.6321 0
    endloop
  endfacet
  facet normal 0.843473 0.537172 0
    outer loop
      vertex 55.9042 9.6321 8
      vertex 55.9042 9.6321 0
      vertex 55.6699 10 8
    endloop
  endfacet
  facet normal 0.887018 0.461735 -0
    outer loop
      vertex 55.4685 10.3869 0
      vertex 55.4685 10.3869 8
      vertex 55.6699 10 0
    endloop
  endfacet
  facet normal 0.887018 0.461735 0
    outer loop
      vertex 55.6699 10 8
      vertex 55.6699 10 0
      vertex 55.4685 10.3869 8
    endloop
  endfacet
  facet normal 0.923821 0.382824 -0
    outer loop
      vertex 55.3015 10.7899 0
      vertex 55.3015 10.7899 8
      vertex 55.4685 10.3869 0
    endloop
  endfacet
  facet normal 0.923821 0.382824 0
    outer loop
      vertex 55.4685 10.3869 8
      vertex 55.4685 10.3869 0
      vertex 55.3015 10.7899 8
    endloop
  endfacet
  facet normal 0.953759 0.300572 -0
    outer loop
      vertex 55.1704 11.2059 0
      vertex 55.1704 11.2059 8
      vertex 55.3015 10.7899 0
    endloop
  endfacet
  facet normal 0.953759 0.300572 0
    outer loop
      vertex 55.3015 10.7899 8
      vertex 55.3015 10.7899 0
      vertex 55.1704 11.2059 8
    endloop
  endfacet
  facet normal 0.976306 0.216396 -0
    outer loop
      vertex 55.076 11.6318 0
      vertex 55.076 11.6318 8
      vertex 55.1704 11.2059 0
    endloop
  endfacet
  facet normal 0.976306 0.216396 0
    outer loop
      vertex 55.1704 11.2059 8
      vertex 55.1704 11.2059 0
      vertex 55.076 11.6318 8
    endloop
  endfacet
  facet normal 0.991423 0.130692 -0
    outer loop
      vertex 55.019 12.0642 0
      vertex 55.019 12.0642 8
      vertex 55.076 11.6318 0
    endloop
  endfacet
  facet normal 0.991423 0.130692 0
    outer loop
      vertex 55.076 11.6318 8
      vertex 55.076 11.6318 0
      vertex 55.019 12.0642 8
    endloop
  endfacet
  facet normal 0.999051 0.0435566 -0
    outer loop
      vertex 55 12.5 0
      vertex 55 12.5 8
      vertex 55.019 12.0642 0
    endloop
  endfacet
  facet normal 0.999051 0.0435566 0
    outer loop
      vertex 55.019 12.0642 8
      vertex 55.019 12.0642 0
      vertex 55 12.5 8
    endloop
  endfacet
  facet normal 0.999051 -0.0435566 0
    outer loop
      vertex 55.019 12.9358 0
      vertex 55.019 12.9358 8
      vertex 55 12.5 0
    endloop
  endfacet
  facet normal 0.999051 -0.0435566 0
    outer loop
      vertex 55 12.5 8
      vertex 55 12.5 0
      vertex 55.019 12.9358 8
    endloop
  endfacet
  facet normal 0.991423 -0.130692 0
    outer loop
      vertex 55.076 13.3682 0
      vertex 55.076 13.3682 8
      vertex 55.019 12.9358 0
    endloop
  endfacet
  facet normal 0.991423 -0.130692 0
    outer loop
      vertex 55.019 12.9358 8
      vertex 55.019 12.9358 0
      vertex 55.076 13.3682 8
    endloop
  endfacet
  facet normal 0.976306 -0.216396 0
    outer loop
      vertex 55.1704 13.7941 0
      vertex 55.1704 13.7941 8
      vertex 55.076 13.3682 0
    endloop
  endfacet
  facet normal 0.976306 -0.216396 0
    outer loop
      vertex 55.076 13.3682 8
      vertex 55.076 13.3682 0
      vertex 55.1704 13.7941 8
    endloop
  endfacet
  facet normal 0.953759 -0.300572 0
    outer loop
      vertex 55.3015 14.2101 0
      vertex 55.3015 14.2101 8
      vertex 55.1704 13.7941 0
    endloop
  endfacet
  facet normal 0.953759 -0.300572 0
    outer loop
      vertex 55.1704 13.7941 8
      vertex 55.1704 13.7941 0
      vertex 55.3015 14.2101 8
    endloop
  endfacet
  facet normal 0.923821 -0.382824 0
    outer loop
      vertex 55.4685 14.6131 0
      vertex 55.4685 14.6131 8
      vertex 55.3015 14.2101 0
    endloop
  endfacet
  facet normal 0.923821 -0.382824 0
    outer loop
      vertex 55.3015 14.2101 8
      vertex 55.3015 14.2101 0
      vertex 55.4685 14.6131 8
    endloop
  endfacet
  facet normal 0.887018 -0.461735 0
    outer loop
      vertex 55.6699 15 0
      vertex 55.6699 15 8
      vertex 55.4685 14.6131 0
    endloop
  endfacet
  facet normal 0.887018 -0.461735 0
    outer loop
      vertex 55.4685 14.6131 8
      vertex 55.4685 14.6131 0
      vertex 55.6699 15 8
    endloop
  endfacet
  facet normal 0.843473 -0.537172 0
    outer loop
      vertex 55.9042 15.3679 0
      vertex 55.9042 15.3679 8
      vertex 55.6699 15 0
    endloop
  endfacet
  facet normal 0.843473 -0.537172 0
    outer loop
      vertex 55.6699 15 8
      vertex 55.6699 15 0
      vertex 55.9042 15.3679 8
    endloop
  endfacet
  facet normal 0.793237 -0.608913 0
    outer loop
      vertex 56.1698 15.7139 0
      vertex 56.1698 15.7139 8
      vertex 55.9042 15.3679 0
    endloop
  endfacet
  facet normal 0.793237 -0.608913 0
    outer loop
      vertex 55.9042 15.3679 8
      vertex 55.9042 15.3679 0
      vertex 56.1698 15.7139 8
    endloop
  endfacet
  facet normal 0.737268 -0.6756 0
    outer loop
      vertex 56.4645 16.0355 0
      vertex 56.4645 16.0355 8
      vertex 56.1698 15.7139 0
    endloop
  endfacet
  facet normal 0.737268 -0.6756 0
    outer loop
      vertex 56.1698 15.7139 8
      vertex 56.1698 15.7139 0
      vertex 56.4645 16.0355 8
    endloop
  endfacet
  facet normal 0.6756 -0.737268 0
    outer loop
      vertex 56.7861 16.3302 0
      vertex 56.7861 16.3302 8
      vertex 56.4645 16.0355 0
    endloop
  endfacet
  facet normal 0.6756 -0.737268 0
    outer loop
      vertex 56.4645 16.0355 8
      vertex 56.4645 16.0355 0
      vertex 56.7861 16.3302 8
    endloop
  endfacet
  facet normal 0.608913 -0.793237 0
    outer loop
      vertex 57.1321 16.5958 0
      vertex 57.1321 16.5958 8
      vertex 56.7861 16.3302 0
    endloop
  endfacet
  facet normal 0.608913 -0.793237 0
    outer loop
      vertex 56.7861 16.3302 8
      vertex 56.7861 16.3302 0
      vertex 57.1321 16.5958 8
    endloop
  endfacet
  facet normal 0.537172 -0.843473 0
    outer loop
      vertex 57.5 16.8301 0
      vertex 57.5 16.8301 8
      vertex 57.1321 16.5958 0
    endloop
  endfacet
  facet normal 0.537172 -0.843473 0
    outer loop
      vertex 57.1321 16.5958 8
      vertex 57.1321 16.5958 0
      vertex 57.5 16.8301 8
    endloop
  endfacet
  facet normal 0.461735 -0.887018 0
    outer loop
      vertex 57.8869 17.0315 0
      vertex 57.8869 17.0315 8
      vertex 57.5 16.8301 0
    endloop
  endfacet
  facet normal 0.461735 -0.887018 0
    outer loop
      vertex 57.5 16.8301 8
      vertex 57.5 16.8301 0
      vertex 57.8869 17.0315 8
    endloop
  endfacet
  facet normal 0.382824 -0.923821 0
    outer loop
      vertex 58.2899 17.1985 0
      vertex 58.2899 17.1985 8
      vertex 57.8869 17.0315 0
    endloop
  endfacet
  facet normal 0.382824 -0.923821 0
    outer loop
      vertex 57.8869 17.0315 8
      vertex 57.8869 17.0315 0
      vertex 58.2899 17.1985 8
    endloop
  endfacet
  facet normal 0.300572 -0.953759 0
    outer loop
      vertex 58.7059 17.3296 0
      vertex 58.7059 17.3296 8
      vertex 58.2899 17.1985 0
    endloop
  endfacet
  facet normal 0.300572 -0.953759 0
    outer loop
      vertex 58.2899 17.1985 8
      vertex 58.2899 17.1985 0
      vertex 58.7059 17.3296 8
    endloop
  endfacet
  facet normal 0.216396 -0.976306 0
    outer loop
      vertex 59.1318 17.424 0
      vertex 59.1318 17.424 8
      vertex 58.7059 17.3296 0
    endloop
  endfacet
  facet normal 0.216396 -0.976306 0
    outer loop
      vertex 58.7059 17.3296 8
      vertex 58.7059 17.3296 0
      vertex 59.1318 17.424 8
    endloop
  endfacet
  facet normal 0.130692 -0.991423 0
    outer loop
      vertex 59.5642 17.481 0
      vertex 59.5642 17.481 8
      vertex 59.1318 17.424 0
    endloop
  endfacet
  facet normal 0.130692 -0.991423 0
    outer loop
      vertex 59.1318 17.424 8
      vertex 59.1318 17.424 0
      vertex 59.5642 17.481 8
    endloop
  endfacet
  facet normal 0.0435566 -0.999051 0
    outer loop
      vertex 60 17.5 0
      vertex 60 17.5 8
      vertex 59.5642 17.481 0
    endloop
  endfacet
  facet normal 0.0435566 -0.999051 0
    outer loop
      vertex 59.5642 17.481 8
      vertex 59.5642 17.481 0
      vertex 60 17.5 8
    endloop
  endfacet
  facet normal -0.0435566 -0.999051 0
    outer loop
      vertex 60.4358 17.481 0
      vertex 60.4358 17.481 8
      vertex 60 17.5 0
    endloop
  endfacet
  facet normal -0.0435566 -0.999051 -0
    outer loop
      vertex 60 17.5 8
      vertex 60 17.5 0
      vertex 60.4358 17.481 8
    endloop
  endfacet
  facet normal -0.130692 -0.991423 0
    outer loop
      vertex 60.8682 17.424 0
      vertex 60.8682 17.424 8
      vertex 60.4358 17.481 0
    endloop
  endfacet
  facet normal -0.130692 -0.991423 -0
    outer loop
      vertex 60.4358 17.481 8
      vertex 60.4358 17.481 0
      vertex 60.8682 17.424 8
    endloop
  endfacet
  facet normal -0.216396 -0.976306 0
    outer loop
      vertex 61.2941 17.3296 0
      vertex 61.2941 17.3296 8
      vertex 60.8682 17.424 0
    endloop
  endfacet
  facet normal -0.216396 -0.976306 -0
    outer loop
      vertex 60.8682 17.424 8
      vertex 60.8682 17.424 0
      vertex 61.2941 17.3296 8
    endloop
  endfacet
  facet normal -0.300572 -0.953759 0
    outer loop
      vertex 61.7101 17.1985 0
      vertex 61.7101 17.1985 8
      vertex 61.2941 17.3296 0
    endloop
  endfacet
  facet normal -0.300572 -0.953759 -0
    outer loop
      vertex 61.2941 17.3296 8
      vertex 61.2941 17.3296 0
      vertex 61.7101 17.1985 8
    endloop
  endfacet
  facet normal -0.382824 -0.923821 0
    outer loop
      vertex 62.1131 17.0315 0
      vertex 62.1131 17.0315 8
      vertex 61.7101 17.1985 0
    endloop
  endfacet
  facet normal -0.382824 -0.923821 -0
    outer loop
      vertex 61.7101 17.1985 8
      vertex 61.7101 17.1985 0
      vertex 62.1131 17.0315 8
    endloop
  endfacet
  facet normal -0.461735 -0.887018 0
    outer loop
      vertex 62.5 16.8301 0
      vertex 62.5 16.8301 8
      vertex 62.1131 17.0315 0
    endloop
  endfacet
  facet normal -0.461735 -0.887018 -0
    outer loop
      vertex 62.1131 17.0315 8
      vertex 62.1131 17.0315 0
      vertex 62.5 16.8301 8
    endloop
  endfacet
  facet normal -0.537172 -0.843473 0
    outer loop
      vertex 62.8679 16.5958 0
      vertex 62.8679 16.5958 8
      vertex 62.5 16.8301 0
    endloop
  endfacet
  facet normal -0.537172 -0.843473 -0
    outer loop
      vertex 62.5 16.8301 8
      vertex 62.5 16.8301 0
      vertex 62.8679 16.5958 8
    endloop
  endfacet
  facet normal -0.608913 -0.793237 0
    outer loop
      vertex 63.2139 16.3302 0
      vertex 63.2139 16.3302 8
      vertex 62.8679 16.5958 0
    endloop
  endfacet
  facet normal -0.608913 -0.793237 -0
    outer loop
      vertex 62.8679 16.5958 8
      vertex 62.8679 16.5958 0
      vertex 63.2139 16.3302 8
    endloop
  endfacet
  facet normal -0.6756 -0.737268 0
    outer loop
      vertex 63.5355 16.0355 0
      vertex 63.5355 16.0355 8
      vertex 63.2139 16.3302 0
    endloop
  endfacet
  facet normal -0.6756 -0.737268 -0
    outer loop
      vertex 63.2139 16.3302 8
      vertex 63.2139 16.3302 0
      vertex 63.5355 16.0355 8
    endloop
  endfacet
  facet normal -0.737268 -0.6756 0
    outer loop
      vertex 63.8302 15.7139 0
      vertex 63.8302 15.7139 8
      vertex 63.5355 16.0355 0
    endloop
  endfacet
  facet normal -0.737268 -0.6756 -0
    outer loop
      vertex 63.5355 16.0355 8
      vertex 63.5355 16.0355 0
      vertex 63.8302 15.7139 8
    endloop
  endfacet
  facet normal -0.793237 -0.608913 0
    outer loop
      vertex 64.0958 15.3679 0
      vertex 64.0958 15.3679 8
      vertex 63.8302 15.7139 0
    endloop
  endfacet
  facet normal -0.793237 -0.608913 -0
    outer loop
      vertex 63.8302 15.7139 8
      vertex 63.8302 15.7139 0
      vertex 64.0958 15.3679 8
    endloop
  endfacet
  facet normal -0.843473 -0.537172 0
    outer loop
      vertex 64.3301 15 0
      vertex 64.3301 15 8
      vertex 64.0958 15.3679 0
    endloop
  endfacet
  facet normal -0.843473 -0.537172 -0
    outer loop
      vertex 64.0958 15.3679 8
      vertex 64.0958 15.3679 0
      vertex 64.3301 15 8
    endloop
  endfacet
  facet normal -0.887018 -0.461735 0
    outer loop
      vertex 64.5315 14.6131 0
      vertex 64.5315 14.6131 8
      vertex 64.3301 15 0
    endloop
  endfacet
  facet normal -0.887018 -0.461735 -0
    outer loop
      vertex 64.3301 15 8
      vertex 64.3301 15 0
      vertex 64.5315 14.6131 8
    endloop
  endfacet
  facet normal -0.923821 -0.382824 0
    outer loop
      vertex 64.6985 14.2101 0
      vertex 64.6985 14.2101 8
      vertex 64.5315 14.6131 0
    endloop
  endfacet
  facet normal -0.923821 -0.382824 -0
    outer loop
      vertex 64.5315 14.6131 8
      vertex 64.5315 14.6131 0
      vertex 64.6985 14.2101 8
    endloop
  endfacet
  facet normal -0.953759 -0.300572 0
    outer loop
      vertex 64.8296 13.7941 0
      vertex 64.8296 13.7941 8
      vertex 64.6985 14.2101 0
    endloop
  endfacet
  facet normal -0.953759 -0.300572 -0
    outer loop
      vertex 64.6985 14.2101 8
      vertex 64.6985 14.2101 0
      vertex 64.8296 13.7941 8
    endloop
  endfacet
  facet normal -0.976306 -0.216396 0
    outer loop
      vertex 64.924 13.3682 0
      vertex 64.924 13.3682 8
      vertex 64.8296 13.7941 0
    endloop
  endfacet
  facet normal -0.976306 -0.216396 -0
    outer loop
      vertex 64.8296 13.7941 8
      vertex 64.8296 13.7941 0
      vertex 64.924 13.3682 8
    endloop
  endfacet
  facet normal -0.991423 -0.130692 0
    outer loop
      vertex 64.981 12.9358 0
      vertex 64.981 12.9358 8
      vertex 64.924 13.3682 0
    endloop
  endfacet
  facet normal -0.991423 -0.130692 -0
    outer loop
      vertex 64.924 13.3682 8
      vertex 64.924 13.3682 0
      vertex 64.981 12.9358 8
    endloop
  endfacet
  facet normal -0.999051 -0.0435566 0
    outer loop
      vertex 65 12.5 0
      vertex 65 12.5 8
      vertex 64.981 12.9358 0
    endloop
  endfacet
  facet normal -0.999051 -0.0435566 -0
    outer loop
      vertex 64.981 12.9358 8
      vertex 64.981 12.9358 0
      vertex 65 12.5 8
    endloop
  endfacet
  facet normal -0.999051 0.0435566 0
    outer loop
      vertex 64.981 12.0642 0
      vertex 64.981 12.0642 8
      vertex 65 12.5 0
    endloop
  endfacet
  facet normal -0.999051 0.0435566 0
    outer loop
      vertex 65 12.5 8
      vertex 65 12.5 0
      vertex 64.981 12.0642 8
    endloop
  endfacet
  facet normal -0.991423 0.130692 0
    outer loop
      vertex 64.924 11.6318 0
      vertex 64.924 11.6318 8
      vertex 64.981 12.0642 0
    endloop
  endfacet
  facet normal -0.991423 0.130692 0
    outer loop
      vertex 64.981 12.0642 8
      vertex 64.981 12.0642 0
      vertex 64.924 11.6318 8
    endloop
  endfacet
  facet normal -0.976306 0.216396 0
    outer loop
      vertex 64.8296 11.2059 0
      vertex 64.8296 11.2059 8
      vertex 64.924 11.6318 0
    endloop
  endfacet
  facet normal -0.976306 0.216396 0
    outer loop
      vertex 64.924 11.6318 8
      vertex 64.924 11.6318 0
      vertex 64.8296 11.2059 8
    endloop
  endfacet
  facet normal -0.953759 0.300572 0
    outer loop
      vertex 64.6985 10.7899 0
      vertex 64.6985 10.7899 8
      vertex 64.8296 11.2059 0
    endloop
  endfacet
  facet normal -0.953759 0.300572 0
    outer loop
      vertex 64.8296 11.2059 8
      vertex 64.8296 11.2059 0
      vertex 64.6985 10.7899 8
    endloop
  endfacet
  facet normal -0.923821 0.382824 0
    outer loop
      vertex 64.5315 10.3869 0
      vertex 64.5315 10.3869 8
      vertex 64.6985 10.7899 0
    endloop
  endfacet
  facet normal -0.923821 0.382824 0
    outer loop
      vertex 64.6985 10.7899 8
      vertex 64.6985 10.7899 0
      vertex 64.5315 10.3869 8
    endloop
  endfacet
  facet normal -0.887018 0.461735 0
    outer loop
      vertex 64.3301 10 0
      vertex 64.3301 10 8
      vertex 64.5315 10.3869 0
    endloop
  endfacet
  facet normal -0.887018 0.461735 0
    outer loop
      vertex 64.5315 10.3869 8
      vertex 64.5315 10.3869 0
      vertex 64.3301 10 8
    endloop
  endfacet
  facet normal -0.843473 0.537172 0
    outer loop
      vertex 64.0958 9.6321 0
      vertex 64.0958 9.6321 8
      vertex 64.3301 10 0
    endloop
  endfacet
  facet normal -0.843473 0.537172 0
    outer loop
      vertex 64.3301 10 8
      vertex 64.3301 10 0
      vertex 64.0958 9.6321 8
    endloop
  endfacet
  facet normal -0.793246 0.608902 0
    outer loop
      vertex 63.8302 9.28609 0
      vertex 63.8302 9.28609 8
      vertex 64.0958 9.6321 0
    endloop
  endfacet
  facet normal -0.793246 0.608902 0
    outer loop
      vertex 64.0958 9.6321 8
      vertex 64.0958 9.6321 0
      vertex 63.8302 9.28609 8
    endloop
  endfacet
  facet normal -0.737268 0.6756 0
    outer loop
      vertex 63.5355 8.96449 0
      vertex 63.5355 8.96449 8
      vertex 63.8302 9.28609 0
    endloop
  endfacet
  facet normal -0.737268 0.6756 0
    outer loop
      vertex 63.8302 9.28609 8
      vertex 63.8302 9.28609 0
      vertex 63.5355 8.96449 8
    endloop
  endfacet
  facet normal -0.675588 0.73728 0
    outer loop
      vertex 63.2139 8.6698 0
      vertex 63.2139 8.6698 8
      vertex 63.5355 8.96449 0
    endloop
  endfacet
  facet normal -0.675588 0.73728 0
    outer loop
      vertex 63.5355 8.96449 8
      vertex 63.5355 8.96449 0
      vertex 63.2139 8.6698 8
    endloop
  endfacet
  facet normal -0.608927 0.793226 0
    outer loop
      vertex 62.8679 8.40419 0
      vertex 62.8679 8.40419 8
      vertex 63.2139 8.6698 0
    endloop
  endfacet
  facet normal -0.608927 0.793226 0
    outer loop
      vertex 63.2139 8.6698 8
      vertex 63.2139 8.6698 0
      vertex 62.8679 8.40419 8
    endloop
  endfacet
  facet normal -0.537172 0.843473 0
    outer loop
      vertex 62.5 8.16989 0
      vertex 62.5 8.16989 8
      vertex 62.8679 8.40419 0
    endloop
  endfacet
  facet normal -0.537172 0.843473 0
    outer loop
      vertex 62.8679 8.40419 8
      vertex 62.8679 8.40419 0
      vertex 62.5 8.16989 8
    endloop
  endfacet
  facet normal -0.461735 0.887018 0
    outer loop
      vertex 62.1131 7.96849 0
      vertex 62.1131 7.96849 8
      vertex 62.5 8.16989 0
    endloop
  endfacet
  facet normal -0.461735 0.887018 0
    outer loop
      vertex 62.5 8.16989 8
      vertex 62.5 8.16989 0
      vertex 62.1131 7.96849 8
    endloop
  endfacet
  facet normal -0.382805 0.923829 0
    outer loop
      vertex 61.7101 7.8015 0
      vertex 61.7101 7.8015 8
      vertex 62.1131 7.96849 0
    endloop
  endfacet
  facet normal -0.382805 0.923829 0
    outer loop
      vertex 62.1131 7.96849 8
      vertex 62.1131 7.96849 0
      vertex 61.7101 7.8015 8
    endloop
  endfacet
  facet normal -0.300593 0.953753 0
    outer loop
      vertex 61.2941 7.67039 0
      vertex 61.2941 7.67039 8
      vertex 61.7101 7.8015 0
    endloop
  endfacet
  facet normal -0.300593 0.953753 0
    outer loop
      vertex 61.7101 7.8015 8
      vertex 61.7101 7.8015 0
      vertex 61.2941 7.67039 8
    endloop
  endfacet
  facet normal -0.216396 0.976306 0
    outer loop
      vertex 60.8682 7.57599 0
      vertex 60.8682 7.57599 8
      vertex 61.2941 7.67039 0
    endloop
  endfacet
  facet normal -0.216396 0.976306 0
    outer loop
      vertex 61.2941 7.67039 8
      vertex 61.2941 7.67039 0
      vertex 60.8682 7.57599 8
    endloop
  endfacet
  facet normal -0.130669 0.991426 0
    outer loop
      vertex 60.4358 7.519 0
      vertex 60.4358 7.519 8
      vertex 60.8682 7.57599 0
    endloop
  endfacet
  facet normal -0.130669 0.991426 0
    outer loop
      vertex 60.8682 7.57599 8
      vertex 60.8682 7.57599 0
      vertex 60.4358 7.519 8
    endloop
  endfacet
  facet normal -0.0435566 0.999051 0
    outer loop
      vertex 60 7.5 0
      vertex 60 7.5 8
      vertex 60.4358 7.519 0
    endloop
  endfacet
  facet normal -0.0435566 0.999051 0
    outer loop
      vertex 60.4358 7.519 8
      vertex 60.4358 7.519 0
      vertex 60 7.5 8
    endloop
  endfacet
  facet normal 0.0435566 0.999051 -0
    outer loop
      vertex 59.5642 7.519 0
      vertex 59.5642 7.519 8
      vertex 60 7.5 0
    endloop
  endfacet
  facet normal 0.0435566 0.999051 0
    outer loop
      vertex 60 7.5 8
      vertex 60 7.5 0
      vertex 59.5642 7.519 8
    endloop
  endfacet
  facet normal 0.130669 0.991426 -0
    outer loop
      vertex 99.1318 7.57599 0
      vertex 99.1318 7.57599 8
      vertex 99.5642 7.519 0
    endloop
  endfacet
  facet normal 0.130669 0.991426 0
    outer loop
      vertex 99.5642 7.519 8
      vertex 99.5642 7.519 0
      vertex 99.1318 7.57599 8
    endloop
  endfacet
  facet normal 0.216396 0.976306 -0
    outer loop
      vertex 98.7059 7.67039 0
      vertex 98.7059 7.67039 8
      vertex 99.1318 7.57599 0
    endloop
  endfacet
  facet normal 0.216396 0.976306 0
    outer loop
      vertex 99.1318 7.57599 8
      vertex 99.1318 7.57599 0
      vertex 98.7059 7.67039 8
    endloop
  endfacet
  facet normal 0.300593 0.953753 -0
    outer loop
      vertex 98.2899 7.8015 0
      vertex 98.2899 7.8015 8
      vertex 98.7059 7.67039 0
    endloop
  endfacet
  facet normal 0.300593 0.953753 0
    outer loop
      vertex 98.7059 7.67039 8
      vertex 98.7059 7.67039 0
      vertex 98.2899 7.8015 8
    endloop
  endfacet
  facet normal 0.382805 0.923829 -0
    outer loop
      vertex 97.8869 7.96849 0
      vertex 97.8869 7.96849 8
      vertex 98.2899 7.8015 0
    endloop
  endfacet
  facet normal 0.382805 0.923829 0
    outer loop
      vertex 98.2899 7.8015 8
      vertex 98.2899 7.8015 0
      vertex 97.8869 7.96849 8
    endloop
  endfacet
  facet normal 0.461735 0.887018 -0
    outer loop
      vertex 97.5 8.16989 0
      vertex 97.5 8.16989 8
      vertex 97.8869 7.96849 0
    endloop
  endfacet
  facet normal 0.461735 0.887018 0
    outer loop
      vertex 97.8869 7.96849 8
      vertex 97.8869 7.96849 0
      vertex 97.5 8.16989 8
    endloop
  endfacet
  facet normal 0.537172 0.843473 -0
    outer loop
      vertex 97.1321 8.40419 0
      vertex 97.1321 8.40419 8
      vertex 97.5 8.16989 0
    endloop
  endfacet
  facet normal 0.537172 0.843473 0
    outer loop
      vertex 97.5 8.16989 8
      vertex 97.5 8.16989 0
      vertex 97.1321 8.40419 8
    endloop
  endfacet
  facet normal 0.608927 0.793226 -0
    outer loop
      vertex 96.7861 8.6698 0
      vertex 96.7861 8.6698 8
      vertex 97.1321 8.40419 0
    endloop
  endfacet
  facet normal 0.608927 0.793226 0
    outer loop
      vertex 97.1321 8.40419 8
      vertex 97.1321 8.40419 0
      vertex 96.7861 8.6698 8
    endloop
  endfacet
  facet normal 0.675588 0.73728 -0
    outer loop
      vertex 96.4645 8.96449 0
      vertex 96.4645 8.96449 8
      vertex 96.7861 8.6698 0
    endloop
  endfacet
  facet normal 0.675588 0.73728 0
    outer loop
      vertex 96.7861 8.6698 8
      vertex 96.7861 8.6698 0
      vertex 96.4645 8.96449 8
    endloop
  endfacet
  facet normal 0.737268 0.6756 -0
    outer loop
      vertex 96.1698 9.28609 0
      vertex 96.1698 9.28609 8
      vertex 96.4645 8.96449 0
    endloop
  endfacet
  facet normal 0.737268 0.6756 0
    outer loop
      vertex 96.4645 8.96449 8
      vertex 96.4645 8.96449 0
      vertex 96.1698 9.28609 8
    endloop
  endfacet
  facet normal 0.793246 0.608902 -0
    outer loop
      vertex 95.9042 9.6321 0
      vertex 95.9042 9.6321 8
      vertex 96.1698 9.28609 0
    endloop
  endfacet
  facet normal 0.793246 0.608902 0
    outer loop
      vertex 96.1698 9.28609 8
      vertex 96.1698 9.28609 0
      vertex 95.9042 9.6321 8
    endloop
  endfacet
  facet normal 0.843473 0.537172 -0
    outer loop
      vertex 95.6699 10 0
      vertex 95.6699 10 8
      vertex 95.9042 9.6321 0
    endloop
  endfacet
  facet normal 0.843473 0.537172 0
    outer loop
      vertex 95.9042 9.6321 8
      vertex 95.9042 9.6321 0
      vertex 95.6699 10 8
    endloop
  endfacet
  facet normal 0.887018 0.461735 -0
    outer loop
      vertex 95.4685 10.3869 0
      vertex 95.4685 10.3869 8
      vertex 95.6699 10 0
    endloop
  endfacet
  facet normal 0.887018 0.461735 0
    outer loop
      vertex 95.6699 10 8
      vertex 95.6699 10 0
      vertex 95.4685 10.3869 8
    endloop
  endfacet
  facet normal 0.923821 0.382824 -0
    outer loop
      vertex 95.3015 10.7899 0
      vertex 95.3015 10.7899 8
      vertex 95.4685 10.3869 0
    endloop
  endfacet
  facet normal 0.923821 0.382824 0
    outer loop
      vertex 95.4685 10.3869 8
      vertex 95.4685 10.3869 0
      vertex 95.3015 10.7899 8
    endloop
  endfacet
  facet normal 0.953759 0.300572 -0
    outer loop
      vertex 95.1704 11.2059 0
      vertex 95.1704 11.2059 8
      vertex 95.3015 10.7899 0
    endloop
  endfacet
  facet normal 0.953759 0.300572 0
    outer loop
      vertex 95.3015 10.7899 8
      vertex 95.3015 10.7899 0
      vertex 95.1704 11.2059 8
    endloop
  endfacet
  facet normal 0.976306 0.216396 -0
    outer loop
      vertex 95.076 11.6318 0
      vertex 95.076 11.6318 8
      vertex 95.1704 11.2059 0
    endloop
  endfacet
  facet normal 0.976306 0.216396 0
    outer loop
      vertex 95.1704 11.2059 8
      vertex 95.1704 11.2059 0
      vertex 95.076 11.6318 8
    endloop
  endfacet
  facet normal 0.991423 0.130692 -0
    outer loop
      vertex 95.019 12.0642 0
      vertex 95.019 12.0642 8
      vertex 95.076 11.6318 0
    endloop
  endfacet
  facet normal 0.991423 0.130692 0
    outer loop
      vertex 95.076 11.6318 8
      vertex 95.076 11.6318 0
      vertex 95.019 12.0642 8
    endloop
  endfacet
  facet normal 0.999051 0.0435566 -0
    outer loop
      vertex 95 12.5 0
      vertex 95 12.5 8
      vertex 95.019 12.0642 0
    endloop
  endfacet
  facet normal 0.999051 0.0435566 0
    outer loop
      vertex 95.019 12.0642 8
      vertex 95.019 12.0642 0
      vertex 95 12.5 8
    endloop
  endfacet
  facet normal 0.999051 -0.0435566 0
    outer loop
      vertex 95.019 12.9358 0
      vertex 95.019 12.9358 8
      vertex 95 12.5 0
    endloop
  endfacet
  facet normal 0.999051 -0.0435566 0
    outer loop
      vertex 95 12.5 8
      vertex 95 12.5 0
      vertex 95.019 12.9358 8
    endloop
  endfacet
  facet normal 0.991423 -0.130692 0
    outer loop
      vertex 95.076 13.3682 0
      vertex 95.076 13.3682 8
      vertex 95.019 12.9358 0
    endloop
  endfacet
  facet normal 0.991423 -0.130692 0
    outer loop
      vertex 95.019 12.9358 8
      vertex 95.019 12.9358 0
      vertex 95.076 13.3682 8
    endloop
  endfacet
  facet normal 0.976306 -0.216396 0
    outer loop
      vertex 95.1704 13.7941 0
      vertex 95.1704 13.7941 8
      vertex 95.076 13.3682 0
    endloop
  endfacet
  facet normal 0.976306 -0.216396 0
    outer loop
      vertex 95.076 13.3682 8
      vertex 95.076 13.3682 0
      vertex 95.1704 13.7941 8
    endloop
  endfacet
  facet normal 0.953759 -0.300572 0
    outer loop
      vertex 95.3015 14.2101 0
      vertex 95.3015 14.2101 8
      vertex 95.1704 13.7941 0
    endloop
  endfacet
  facet normal 0.953759 -0.300572 0
    outer loop
      vertex 95.1704 13.7941 8
      vertex 95.1704 13.7941 0
      vertex 95.3015 14.2101 8
    endloop
  endfacet
  facet normal 0.923821 -0.382824 0
    outer loop
      vertex 95.4685 14.6131 0
      vertex 95.4685 14.6131 8
      vertex 95.3015 14.2101 0
    endloop
  endfacet
  facet normal 0.923821 -0.382824 0
    outer loop
      vertex 95.3015 14.2101 8
      vertex 95.3015 14.2101 0
      vertex 95.4685 14.6131 8
    endloop
  endfacet
  facet normal 0.887018 -0.461735 0
    outer loop
      vertex 95.6699 15 0
      vertex 95.6699 15 8
      vertex 95.4685 14.6131 0
    endloop
  endfacet
  facet normal 0.887018 -0.461735 0
    outer loop
      vertex 95.4685 14.6131 8
      vertex 95.4685 14.6131 0
      vertex 95.6699 15 8
    endloop
  endfacet
  facet normal 0.843473 -0.537172 0
    outer loop
      vertex 95.9042 15.3679 0
      vertex 95.9042 15.3679 8
      vertex 95.6699 15 0
    endloop
  endfacet
  facet normal 0.843473 -0.537172 0
    outer loop
      vertex 95.6699 15 8
      vertex 95.6699 15 0
      vertex 95.9042 15.3679 8
    endloop
  endfacet
  facet normal 0.793237 -0.608913 0
    outer loop
      vertex 96.1698 15.7139 0
      vertex 96.1698 15.7139 8
      vertex 95.9042 15.3679 0
    endloop
  endfacet
  facet normal 0.793237 -0.608913 0
    outer loop
      vertex 95.9042 15.3679 8
      vertex 95.9042 15.3679 0
      vertex 96.1698 15.7139 8
    endloop
  endfacet
  facet normal 0.737268 -0.6756 0
    outer loop
      vertex 96.4645 16.0355 0
      vertex 96.4645 16.0355 8
      vertex 96.1698 15.7139 0
    endloop
  endfacet
  facet normal 0.737268 -0.6756 0
    outer loop
      vertex 96.1698 15.7139 8
      vertex 96.1698 15.7139 0
      vertex 96.4645 16.0355 8
    endloop
  endfacet
  facet normal 0.6756 -0.737268 0
    outer loop
      vertex 96.7861 16.3302 0
      vertex 96.7861 16.3302 8
      vertex 96.4645 16.0355 0
    endloop
  endfacet
  facet normal 0.6756 -0.737268 0
    outer loop
      vertex 96.4645 16.0355 8
      vertex 96.4645 16.0355 0
      vertex 96.7861 16.3302 8
    endloop
  endfacet
  facet normal 0.608913 -0.793237 0
    outer loop
      vertex 97.1321 16.5958 0
      vertex 97.1321 16.5958 8
      vertex 96.7861 16.3302 0
    endloop
  endfacet
  facet normal 0.608913 -0.793237 0
    outer loop
      vertex 96.7861 16.3302 8
      vertex 96.7861 16.3302 0
      vertex 97.1321 16.5958 8
    endloop
  endfacet
  facet normal 0.537172 -0.843473 0
    outer loop
      vertex 97.5 16.8301 0
      vertex 97.5 16.8301 8
      vertex 97.1321 16.5958 0
    endloop
  endfacet
  facet normal 0.537172 -0.843473 0
    outer loop
      vertex 97.1321 16.5958 8
      vertex 97.1321 16.5958 0
      vertex 97.5 16.8301 8
    endloop
  endfacet
  facet normal 0.461735 -0.887018 0
    outer loop
      vertex 97.8869 17.0315 0
      vertex 97.8869 17.0315 8
      vertex 97.5 16.8301 0
    endloop
  endfacet
  facet normal 0.461735 -0.887018 0
    outer loop
      vertex 97.5 16.8301 8
      vertex 97.5 16.8301 0
      vertex 97.8869 17.0315 8
    endloop
  endfacet
  facet normal 0.382824 -0.923821 0
    outer loop
      vertex 98.2899 17.1985 0
      vertex 98.2899 17.1985 8
      vertex 97.8869 17.0315 0
    endloop
  endfacet
  facet normal 0.382824 -0.923821 0
    outer loop
      vertex 97.8869 17.0315 8
      vertex 97.8869 17.0315 0
      vertex 98.2899 17.1985 8
    endloop
  endfacet
  facet normal 0.300572 -0.953759 0
    outer loop
      vertex 98.7059 17.3296 0
      vertex 98.7059 17.3296 8
      vertex 98.2899 17.1985 0
    endloop
  endfacet
  facet normal 0.300572 -0.953759 0
    outer loop
      vertex 98.2899 17.1985 8
      vertex 98.2899 17.1985 0
      vertex 98.7059 17.3296 8
    endloop
  endfacet
  facet normal 0.216396 -0.976306 0
    outer loop
      vertex 99.1318 17.424 0
      vertex 99.1318 17.424 8
      vertex 98.7059 17.3296 0
    endloop
  endfacet
  facet normal 0.216396 -0.976306 0
    outer loop
      vertex 98.7059 17.3296 8
      vertex 98.7059 17.3296 0
      vertex 99.1318 17.424 8
    endloop
  endfacet
  facet normal 0.130692 -0.991423 0
    outer loop
      vertex 99.5642 17.481 0
      vertex 99.5642 17.481 8
      vertex 99.1318 17.424 0
    endloop
  endfacet
  facet normal 0.130692 -0.991423 0
    outer loop
      vertex 99.1318 17.424 8
      vertex 99.1318 17.424 0
      vertex 99.5642 17.481 8
    endloop
  endfacet
  facet normal 0.0435566 -0.999051 0
    outer loop
      vertex 100 17.5 0
      vertex 100 17.5 8
      vertex 99.5642 17.481 0
    endloop
  endfacet
  facet normal 0.0435566 -0.999051 0
    outer loop
      vertex 99.5642 17.481 8
      vertex 99.5642 17.481 0
      vertex 100 17.5 8
    endloop
  endfacet
  facet normal -0.0435367 -0.999052 0
    outer loop
      vertex 100.436 17.481 0
      vertex 100.436 17.481 8
      vertex 100 17.5 0
    endloop
  endfacet
  facet normal -0.0435367 -0.999052 -0
    outer loop
      vertex 100 17.5 8
      vertex 100 17.5 0
      vertex 100.436 17.481 8
    endloop
  endfacet
  facet normal -0.130811 -0.991407 0
    outer loop
      vertex 100.868 17.424 0
      vertex 100.868 17.424 8
      vertex 100.436 17.481 0
    endloop
  endfacet
  facet normal -0.130811 -0.991407 -0
    outer loop
      vertex 100.436 17.481 8
      vertex 100.436 17.481 0
      vertex 100.868 17.424 8
    endloop
  endfacet
  facet normal -0.216348 -0.976316 0
    outer loop
      vertex 101.294 17.3296 0
      vertex 101.294 17.3296 8
      vertex 100.868 17.424 0
    endloop
  endfacet
  facet normal -0.216348 -0.976316 -0
    outer loop
      vertex 100.868 17.424 8
      vertex 100.868 17.424 0
      vertex 101.294 17.3296 8
    endloop
  endfacet
  facet normal -0.300572 -0.953759 0
    outer loop
      vertex 101.71 17.1985 0
      vertex 101.71 17.1985 8
      vertex 101.294 17.3296 0
    endloop
  endfacet
  facet normal -0.300572 -0.953759 -0
    outer loop
      vertex 101.294 17.3296 8
      vertex 101.294 17.3296 0
      vertex 101.71 17.1985 8
    endloop
  endfacet
  facet normal -0.382824 -0.923821 0
    outer loop
      vertex 102.113 17.0315 0
      vertex 102.113 17.0315 8
      vertex 101.71 17.1985 0
    endloop
  endfacet
  facet normal -0.382824 -0.923821 -0
    outer loop
      vertex 101.71 17.1985 8
      vertex 101.71 17.1985 0
      vertex 102.113 17.0315 8
    endloop
  endfacet
  facet normal -0.461641 -0.887067 0
    outer loop
      vertex 102.5 16.8301 0
      vertex 102.5 16.8301 8
      vertex 102.113 17.0315 0
    endloop
  endfacet
  facet normal -0.461641 -0.887067 -0
    outer loop
      vertex 102.113 17.0315 8
      vertex 102.113 17.0315 0
      vertex 102.5 16.8301 8
    endloop
  endfacet
  facet normal -0.537068 -0.843539 0
    outer loop
      vertex 102.868 16.5958 0
      vertex 102.868 16.5958 8
      vertex 102.5 16.8301 0
    endloop
  endfacet
  facet normal -0.537068 -0.843539 -0
    outer loop
      vertex 102.5 16.8301 8
      vertex 102.5 16.8301 0
      vertex 102.868 16.5958 8
    endloop
  endfacet
  facet normal -0.608913 -0.793237 0
    outer loop
      vertex 103.214 16.3302 0
      vertex 103.214 16.3302 8
      vertex 102.868 16.5958 0
    endloop
  endfacet
  facet normal -0.608913 -0.793237 -0
    outer loop
      vertex 102.868 16.5958 8
      vertex 102.868 16.5958 0
      vertex 103.214 16.3302 8
    endloop
  endfacet
  facet normal -0.676286 -0.73664 0
    outer loop
      vertex 103.535 16.0355 0
      vertex 103.535 16.0355 8
      vertex 103.214 16.3302 0
    endloop
  endfacet
  facet normal -0.676286 -0.73664 -0
    outer loop
      vertex 103.214 16.3302 8
      vertex 103.214 16.3302 0
      vertex 103.535 16.0355 8
    endloop
  endfacet
  facet normal -0.736926 -0.675974 0
    outer loop
      vertex 103.83 15.7139 0
      vertex 103.83 15.7139 8
      vertex 103.535 16.0355 0
    endloop
  endfacet
  facet normal -0.736926 -0.675974 -0
    outer loop
      vertex 103.535 16.0355 8
      vertex 103.535 16.0355 0
      vertex 103.83 15.7139 8
    endloop
  endfacet
  facet normal -0.792794 -0.609489 0
    outer loop
      vertex 104.096 15.3679 0
      vertex 104.096 15.3679 8
      vertex 103.83 15.7139 0
    endloop
  endfacet
  facet normal -0.792794 -0.609489 -0
    outer loop
      vertex 103.83 15.7139 8
      vertex 103.83 15.7139 0
      vertex 104.096 15.3679 8
    endloop
  endfacet
  facet normal -0.843784 -0.536683 0
    outer loop
      vertex 104.33 15 0
      vertex 104.33 15 8
      vertex 104.096 15.3679 0
    endloop
  endfacet
  facet normal -0.843784 -0.536683 -0
    outer loop
      vertex 104.096 15.3679 8
      vertex 104.096 15.3679 0
      vertex 104.33 15 8
    endloop
  endfacet
  facet normal -0.887393 -0.461013 0
    outer loop
      vertex 104.531 14.6131 0
      vertex 104.531 14.6131 8
      vertex 104.33 15 0
    endloop
  endfacet
  facet normal -0.887393 -0.461013 -0
    outer loop
      vertex 104.33 15 8
      vertex 104.33 15 0
      vertex 104.531 14.6131 8
    endloop
  endfacet
  facet normal -0.923821 -0.382824 0
    outer loop
      vertex 104.698 14.2101 0
      vertex 104.698 14.2101 8
      vertex 104.531 14.6131 0
    endloop
  endfacet
  facet normal -0.923821 -0.382824 -0
    outer loop
      vertex 104.531 14.6131 8
      vertex 104.531 14.6131 0
      vertex 104.698 14.2101 8
    endloop
  endfacet
  facet normal -0.953166 -0.302447 0
    outer loop
      vertex 104.83 13.7941 0
      vertex 104.83 13.7941 8
      vertex 104.698 14.2101 0
    endloop
  endfacet
  facet normal -0.953166 -0.302447 -0
    outer loop
      vertex 104.698 14.2101 8
      vertex 104.698 14.2101 0
      vertex 104.83 13.7941 8
    endloop
  endfacet
  facet normal -0.976499 -0.215522 0
    outer loop
      vertex 104.924 13.3682 0
      vertex 104.924 13.3682 8
      vertex 104.83 13.7941 0
    endloop
  endfacet
  facet normal -0.976499 -0.215522 -0
    outer loop
      vertex 104.83 13.7941 8
      vertex 104.83 13.7941 0
      vertex 104.924 13.3682 8
    endloop
  endfacet
  facet normal -0.991423 -0.130692 0
    outer loop
      vertex 104.981 12.9358 0
      vertex 104.981 12.9358 8
      vertex 104.924 13.3682 0
    endloop
  endfacet
  facet normal -0.991423 -0.130692 -0
    outer loop
      vertex 104.924 13.3682 8
      vertex 104.924 13.3682 0
      vertex 104.981 12.9358 8
    endloop
  endfacet
  facet normal -0.999051 -0.0435566 0
    outer loop
      vertex 105 12.5 0
      vertex 105 12.5 8
      vertex 104.981 12.9358 0
    endloop
  endfacet
  facet normal -0.999051 -0.0435566 -0
    outer loop
      vertex 104.981 12.9358 8
      vertex 104.981 12.9358 0
      vertex 105 12.5 8
    endloop
  endfacet
  facet normal -0.999051 0.0435566 0
    outer loop
      vertex 104.981 12.0642 0
      vertex 104.981 12.0642 8
      vertex 105 12.5 0
    endloop
  endfacet
  facet normal -0.999051 0.0435566 0
    outer loop
      vertex 105 12.5 8
      vertex 105 12.5 0
      vertex 104.981 12.0642 8
    endloop
  endfacet
  facet normal -0.991423 0.130692 0
    outer loop
      vertex 104.924 11.6318 0
      vertex 104.924 11.6318 8
      vertex 104.981 12.0642 0
    endloop
  endfacet
  facet normal -0.991423 0.130692 0
    outer loop
      vertex 104.981 12.0642 8
      vertex 104.981 12.0642 0
      vertex 104.924 11.6318 8
    endloop
  endfacet
  facet normal -0.976499 0.215522 0
    outer loop
      vertex 104.83 11.2059 0
      vertex 104.83 11.2059 8
      vertex 104.924 11.6318 0
    endloop
  endfacet
  facet normal -0.976499 0.215522 0
    outer loop
      vertex 104.924 11.6318 8
      vertex 104.924 11.6318 0
      vertex 104.83 11.2059 8
    endloop
  endfacet
  facet normal -0.953166 0.302447 0
    outer loop
      vertex 104.698 10.7899 0
      vertex 104.698 10.7899 8
      vertex 104.83 11.2059 0
    endloop
  endfacet
  facet normal -0.953166 0.302447 0
    outer loop
      vertex 104.83 11.2059 8
      vertex 104.83 11.2059 0
      vertex 104.698 10.7899 8
    endloop
  endfacet
  facet normal -0.923821 0.382824 0
    outer loop
      vertex 104.531 10.3869 0
      vertex 104.531 10.3869 8
      vertex 104.698 10.7899 0
    endloop
  endfacet
  facet normal -0.923821 0.382824 0
    outer loop
      vertex 104.698 10.7899 8
      vertex 104.698 10.7899 0
      vertex 104.531 10.3869 8
    endloop
  endfacet
  facet normal -0.887393 0.461013 0
    outer loop
      vertex 104.33 10 0
      vertex 104.33 10 8
      vertex 104.531 10.3869 0
    endloop
  endfacet
  facet normal -0.887393 0.461013 0
    outer loop
      vertex 104.531 10.3869 8
      vertex 104.531 10.3869 0
      vertex 104.33 10 8
    endloop
  endfacet
  facet normal -0.843784 0.536683 0
    outer loop
      vertex 104.096 9.6321 0
      vertex 104.096 9.6321 8
      vertex 104.33 10 0
    endloop
  endfacet
  facet normal -0.843784 0.536683 0
    outer loop
      vertex 104.33 10 8
      vertex 104.33 10 0
      vertex 104.096 9.6321 8
    endloop
  endfacet
  facet normal -0.792803 0.609478 0
    outer loop
      vertex 103.83 9.28609 0
      vertex 103.83 9.28609 8
      vertex 104.096 9.6321 0
    endloop
  endfacet
  facet normal -0.792803 0.609478 0
    outer loop
      vertex 104.096 9.6321 8
      vertex 104.096 9.6321 0
      vertex 103.83 9.28609 8
    endloop
  endfacet
  facet normal -0.736926 0.675974 0
    outer loop
      vertex 103.535 8.96449 0
      vertex 103.535 8.96449 8
      vertex 103.83 9.28609 0
    endloop
  endfacet
  facet normal -0.736926 0.675974 0
    outer loop
      vertex 103.83 9.28609 8
      vertex 103.83 9.28609 0
      vertex 103.535 8.96449 8
    endloop
  endfacet
  facet normal -0.676273 0.736651 0
    outer loop
      vertex 103.214 8.6698 0
      vertex 103.214 8.6698 8
      vertex 103.535 8.96449 0
    endloop
  endfacet
  facet normal -0.676273 0.736651 0
    outer loop
      vertex 103.535 8.96449 8
      vertex 103.535 8.96449 0
      vertex 103.214 8.6698 8
    endloop
  endfacet
  facet normal -0.608927 0.793226 0
    outer loop
      vertex 102.868 8.40419 0
      vertex 102.868 8.40419 8
      vertex 103.214 8.6698 0
    endloop
  endfacet
  facet normal -0.608927 0.793226 0
    outer loop
      vertex 103.214 8.6698 8
      vertex 103.214 8.6698 0
      vertex 102.868 8.40419 8
    endloop
  endfacet
  facet normal -0.537068 0.843539 0
    outer loop
      vertex 102.5 8.16989 0
      vertex 102.5 8.16989 8
      vertex 102.868 8.40419 0
    endloop
  endfacet
  facet normal -0.537068 0.843539 0
    outer loop
      vertex 102.868 8.40419 8
      vertex 102.868 8.40419 0
      vertex 102.5 8.16989 8
    endloop
  endfacet
  facet normal -0.461641 0.887067 0
    outer loop
      vertex 102.113 7.96849 0
      vertex 102.113 7.96849 8
      vertex 102.5 8.16989 0
    endloop
  endfacet
  facet normal -0.461641 0.887067 0
    outer loop
      vertex 102.5 8.16989 8
      vertex 102.5 8.16989 0
      vertex 102.113 7.96849 8
    endloop
  endfacet
  facet normal -0.382805 0.923829 0
    outer loop
      vertex 101.71 7.8015 0
      vertex 101.71 7.8015 8
      vertex 102.113 7.96849 0
    endloop
  endfacet
  facet normal -0.382805 0.923829 0
    outer loop
      vertex 102.113 7.96849 8
      vertex 102.113 7.96849 0
      vertex 101.71 7.8015 8
    endloop
  endfacet
  facet normal -0.300593 0.953753 0
    outer loop
      vertex 101.294 7.67039 0
      vertex 101.294 7.67039 8
      vertex 101.71 7.8015 0
    endloop
  endfacet
  facet normal -0.300593 0.953753 0
    outer loop
      vertex 101.71 7.8015 8
      vertex 101.71 7.8015 0
      vertex 101.294 7.67039 8
    endloop
  endfacet
  facet normal -0.216348 0.976316 0
    outer loop
      vertex 100.868 7.57599 0
      vertex 100.868 7.57599 8
      vertex 101.294 7.67039 0
    endloop
  endfacet
  facet normal -0.216348 0.976316 0
    outer loop
      vertex 101.294 7.67039 8
      vertex 101.294 7.67039 0
      vertex 100.868 7.57599 8
    endloop
  endfacet
  facet normal -0.130788 0.99141 0
    outer loop
      vertex 100.436 7.519 0
      vertex 100.436 7.519 8
      vertex 100.868 7.57599 0
    endloop
  endfacet
  facet normal -0.130788 0.99141 0
    outer loop
      vertex 100.868 7.57599 8
      vertex 100.868 7.57599 0
      vertex 100.436 7.519 8
    endloop
  endfacet
  facet normal -0.0435367 0.999052 0
    outer loop
      vertex 100 7.5 0
      vertex 100 7.5 8
      vertex 100.436 7.519 0
    endloop
  endfacet
  facet normal -0.0435367 0.999052 0
    outer loop
      vertex 100.436 7.519 8
      vertex 100.436 7.519 0
      vertex 100 7.5 8
    endloop
  endfacet
  facet normal 0.0435566 0.999051 -0
    outer loop
      vertex 99.5642 7.519 0
      vertex 99.5642 7.519 8
      vertex 100 7.5 0
    endloop
  endfacet
  facet normal 0.0435566 0.999051 0
    outer loop
      vertex 100 7.5 8
      vertex 100 7.5 0
      vertex 99.5642 7.519 8
    endloop
  endfacet
endsolid OpenSCAD_Model
