solid OpenSCAD_Model
  facet normal 0 0 -1
    outer loop
      vertex 44.4507 -36.8672 0
      vertex 57.5005 -5.36229 0
      vertex 57.985 -5.73409 0
    endloop
  endfacet
  facet normal 0 -0 -1
    outer loop
      vertex 38.8909 38.8909 0
      vertex 39.3411 38.4783 0
      vertex 21.2132 21.2132 0
    endloop
  endfacet
  facet normal 0 0 -1
    outer loop
      vertex 28.9778 7.76459 0
      vertex 39.8539 14.7633 0
      vertex 40.0746 14.6227 0
    endloop
  endfacet
  facet normal -0 -0 -1
    outer loop
      vertex -19.3421 39.4533 0
      vertex -19.2836 22.9813 0
      vertex -19.5189 39.6462 0
    endloop
  endfacet
  facet normal 0 0 -1
    outer loop
      vertex 38.4783 39.3411 0
      vertex 21.2132 21.2132 0
      vertex 19.2836 22.9813 0
    endloop
  endfacet
  facet normal 0 0 -1
    outer loop
      vertex -15.9529 44.2935 0
      vertex -16.1947 44.3937 0
      vertex -5.73409 57.985 0
    endloop
  endfacet
  facet normal 0 0 -1
    outer loop
      vertex 22.9813 19.2836 0
      vertex 39.4533 19.3421 0
      vertex 39.2765 19.1492 0
    endloop
  endfacet
  facet normal 0 0 -1
    outer loop
      vertex 28.9778 7.76459 0
      vertex 39.6462 14.9227 0
      vertex 39.8539 14.7633 0
    endloop
  endfacet
  facet normal -0 0 -1
    outer loop
      vertex 41.3131 14.2322 0
      vertex 29.8858 2.61469 0
      vertex 41.0537 14.2664 0
    endloop
  endfacet
  facet normal 0 0 -1
    outer loop
      vertex -2.61469 29.8858 0
      vertex -14.2664 41.0537 0
      vertex -14.2322 41.3131 0
    endloop
  endfacet
  facet normal 0 0 -1
    outer loop
      vertex -14.5019 42.8425 0
      vertex -14.6227 43.0746 0
      vertex -2.9583 55.6558 0
    endloop
  endfacet
  facet normal 0 0 -1
    outer loop
      vertex -14.6227 40.0746 0
      vertex -5.2094 29.5442 0
      vertex -7.76459 28.9778 0
    endloop
  endfacet
  facet normal -0 0 -1
    outer loop
      vertex -0.610092 55.0266 0
      vertex -14.2322 41.8361 0
      vertex -1.2155 55.1063 0
    endloop
  endfacet
  facet normal 0 0 -1
    outer loop
      vertex -5.2094 29.5442 0
      vertex -14.2664 41.0537 0
      vertex -2.61469 29.8858 0
    endloop
  endfacet
  facet normal 0 0 -1
    outer loop
      vertex 50.7343 42.6251 0
      vertex 50.814 43.2305 0
      vertex 77.9423 45 0
    endloop
  endfacet
  facet normal 0 0 -1
    outer loop
      vertex -1.2155 55.1063 0
      vertex -14.2664 42.0955 0
      vertex -14.323 42.3511 0
    endloop
  endfacet
  facet normal 0 -0 -1
    outer loop
      vertex 6.76149 60.1883 0
      vertex 37.4964 46.7989 0
      vertex 6.57779 59.6059 0
    endloop
  endfacet
  facet normal 0 0 -1
    outer loop
      vertex 2.9583 55.6558 0
      vertex 3.5 55.9378 0
      vertex 7.76459 28.9778 0
    endloop
  endfacet
  facet normal 0 0 -1
    outer loop
      vertex 5.2094 29.5442 0
      vertex 2.39409 55.4222 0
      vertex 2.9583 55.6558 0
    endloop
  endfacet
  facet normal 0 0 -1
    outer loop
      vertex 5.2094 29.5442 0
      vertex 2.61469 29.8858 0
      vertex 1.81169 55.2385 0
    endloop
  endfacet
  facet normal 0 0 -1
    outer loop
      vertex 0 30 0
      vertex -0.610092 55.0266 0
      vertex 0 55 0
    endloop
  endfacet
  facet normal 0 0 -1
    outer loop
      vertex 3.5 68.0622 0
      vertex 2.9583 68.3442 0
      vertex 7.84399 89.6575 0
    endloop
  endfacet
  facet normal 0 0 -1
    outer loop
      vertex 6.34419 64.9583 0
      vertex 6.06219 65.5 0
      vertex 23.2937 86.9333 0
    endloop
  endfacet
  facet normal 0 0 -1
    outer loop
      vertex 5.36229 66.4995 0
      vertex 4.94969 66.9497 0
      vertex 15.6283 88.6327 0
    endloop
  endfacet
  facet normal 0 0 -1
    outer loop
      vertex 30.7818 84.5723 0
      vertex 6.89369 63.2155 0
      vertex 6.76149 63.8117 0
    endloop
  endfacet
  facet normal 0 0 -1
    outer loop
      vertex -68.944 57.8509 0
      vertex -49.9028 47.3406 0
      vertex -50.1848 46.7989 0
    endloop
  endfacet
  facet normal 0 0 -1
    outer loop
      vertex -3.5 68.0622 0
      vertex -7.84399 89.6575 0
      vertex -2.9583 68.3442 0
    endloop
  endfacet
  facet normal 0 -0 -1
    outer loop
      vertex -45 77.9423 0
      vertex -43.2305 50.814 0
      vertex -51.6219 73.7237 0
    endloop
  endfacet
  facet normal 0 0 -1
    outer loop
      vertex -4.015 67.7341 0
      vertex -7.84399 89.6575 0
      vertex -3.5 68.0622 0
    endloop
  endfacet
  facet normal 0 0 -1
    outer loop
      vertex -6.34419 64.9583 0
      vertex -23.2937 86.9333 0
      vertex -6.06219 65.5 0
    endloop
  endfacet
  facet normal 0 0 -1
    outer loop
      vertex 40.3406 -37.7784 0
      vertex 24.5746 -17.2073 0
      vertex 40.8823 -37.4964 0
    endloop
  endfacet
  facet normal 0 0 -1
    outer loop
      vertex -46.7989 50.1848 0
      vertex -57.8509 68.944 0
      vertex -46.2347 50.4184 0
    endloop
  endfacet
  facet normal -0 0 -1
    outer loop
      vertex -6.57779 59.6059 0
      vertex -17.4823 44.5632 0
      vertex -6.76149 60.1883 0
    endloop
  endfacet
  facet normal 0 -0 -1
    outer loop
      vertex -19.5189 39.6462 0
      vertex -19.2836 22.9813 0
      vertex -21.2132 21.2132 0
    endloop
  endfacet
  facet normal -0 0 -1
    outer loop
      vertex -19.8189 40.0746 0
      vertex -38.1065 39.8256 0
      vertex -37.7784 40.3406 0
    endloop
  endfacet
  facet normal 0 0 -1
    outer loop
      vertex -38.586 -16.9593 0
      vertex -25.9808 -15 0
      vertex -38.5746 -17.2208 0
    endloop
  endfacet
  facet normal 0 0 -1
    outer loop
      vertex -73.7237 -51.6219 0
      vertex -50.814 -43.2305 0
      vertex -50.8406 -43.8406 0
    endloop
  endfacet
  facet normal 0 0 -1
    outer loop
      vertex -19.2836 22.9813 0
      vertex -19.1492 39.2765 0
      vertex -18.9415 39.1171 0
    endloop
  endfacet
  facet normal 0 0 -1
    outer loop
      vertex -5.36229 -66.4995 0
      vertex -15.6283 -88.6327 0
      vertex -23.2937 -86.9333 0
    endloop
  endfacet
  facet normal 0 0 -1
    outer loop
      vertex -65.5 6.06219 0
      vertex -86.9333 23.2937 0
      vertex -64.9583 6.34419 0
    endloop
  endfacet
  facet normal 0 0 -1
    outer loop
      vertex 7.84399 -89.6575 0
      vertex 1.81169 -68.7615 0
      vertex 2.39409 -68.5778 0
    endloop
  endfacet
  facet normal 0 -0 -1
    outer loop
      vertex -19.6783 39.8539 0
      vertex -19.5189 39.6462 0
      vertex -38.1065 39.8256 0
    endloop
  endfacet
  facet normal -0 0 -1
    outer loop
      vertex -19.5189 39.6462 0
      vertex -38.4783 39.3411 0
      vertex -38.1065 39.8256 0
    endloop
  endfacet
  facet normal 0 0 -1
    outer loop
      vertex -39.8539 -19.6783 0
      vertex -39.6462 -19.5189 0
      vertex -39.8256 -38.1065 0
    endloop
  endfacet
  facet normal 0 0 -1
    outer loop
      vertex -17.7417 38.6202 0
      vertex -17.4823 38.586 0
      vertex -15 25.9808 0
    endloop
  endfacet
  facet normal 0 0 -1
    outer loop
      vertex 37.7784 40.3406 0
      vertex 19.2836 22.9813 0
      vertex 17.2073 24.5746 0
    endloop
  endfacet
  facet normal 0 0 -1
    outer loop
      vertex -1.2155 -68.8937 0
      vertex -0.610092 -68.9734 0
      vertex 0 -90 0
    endloop
  endfacet
  facet normal 0 0 -1
    outer loop
      vertex -17.2073 24.5746 0
      vertex -18.9415 39.1171 0
      vertex -18.7208 38.9765 0
    endloop
  endfacet
  facet normal 0 0 -1
    outer loop
      vertex -36.8406 -43.8406 0
      vertex -36.8672 -43.2305 0
      vertex -12.6785 -27.1892 0
    endloop
  endfacet
  facet normal 0 0 -1
    outer loop
      vertex -37.4964 -40.8823 0
      vertex -37.7784 -40.3406 0
      vertex -17.2073 -24.5746 0
    endloop
  endfacet
  facet normal -0 0 -1
    outer loop
      vertex -22.9813 19.2836 0
      vertex -24.5746 17.2073 0
      vertex -40.3406 37.7784 0
    endloop
  endfacet
  facet normal -0 0 -1
    outer loop
      vertex 36.8406 43.8406 0
      vertex 10.2606 28.1908 0
      vertex 4.94969 57.0503 0
    endloop
  endfacet
  facet normal 0 0 -1
    outer loop
      vertex 45 -77.9423 0
      vertex 42.0289 -50.6021 0
      vertex 42.6251 -50.7343 0
    endloop
  endfacet
  facet normal 0 0 -1
    outer loop
      vertex -84.5723 30.7818 0
      vertex -63.2155 6.89369 0
      vertex -63.8117 6.76149 0
    endloop
  endfacet
  facet normal 0 0 -1
    outer loop
      vertex 19.8189 -43.0746 0
      vertex 36.9469 -45.0561 0
      vertex 37.0791 -45.6523 0
    endloop
  endfacet
  facet normal 0 0 -1
    outer loop
      vertex 29.5442 5.2094 0
      vertex 40.0746 14.6227 0
      vertex 40.3067 14.5019 0
    endloop
  endfacet
  facet normal 0 0 -1
    outer loop
      vertex 61.3899 -6.97339 0
      vertex 48.3401 -38.4783 0
      vertex 47.8556 -38.1065 0
    endloop
  endfacet
  facet normal 0 0 -1
    outer loop
      vertex -17.4823 38.586 0
      vertex -17.2208 38.5746 0
      vertex -15 25.9808 0
    endloop
  endfacet
  facet normal 0 0 -1
    outer loop
      vertex 12.6785 27.1892 0
      vertex 36.9469 42.6251 0
      vertex 15 25.9808 0
    endloop
  endfacet
  facet normal 0 0 -1
    outer loop
      vertex 1.2155 68.8937 0
      vertex 0.610092 68.9734 0
      vertex 0 90 0
    endloop
  endfacet
  facet normal 0 0 -1
    outer loop
      vertex -40.3406 49.9028 0
      vertex -40.8823 50.1848 0
      vertex -38.0356 81.5677 0
    endloop
  endfacet
  facet normal 0 0 -1
    outer loop
      vertex -38.8909 48.7903 0
      vertex -18.2469 44.3937 0
      vertex -18.4887 44.2935 0
    endloop
  endfacet
  facet normal 0 0 -1
    outer loop
      vertex -77.9423 -45 0
      vertex -50.814 -43.2305 0
      vertex -73.7237 -51.6219 0
    endloop
  endfacet
  facet normal 0 0 -1
    outer loop
      vertex -57.0503 4.94969 0
      vertex -57.5005 5.36229 0
      vertex -43.8406 36.8406 0
    endloop
  endfacet
  facet normal -0 0 -1
    outer loop
      vertex -18.7208 44.1727 0
      vertex -18.9415 44.0321 0
      vertex -38.1065 47.8556 0
    endloop
  endfacet
  facet normal 0 0 -1
    outer loop
      vertex -89.6575 -7.84399 0
      vertex -68.7615 -1.81169 0
      vertex -68.5778 -2.39409 0
    endloop
  endfacet
  facet normal 0 0 -1
    outer loop
      vertex -86.9333 23.2937 0
      vertex -66.015 5.73409 0
      vertex -66.4995 5.36229 0
    endloop
  endfacet
  facet normal 0 0 -1
    outer loop
      vertex -6.97339 62.6101 0
      vertex -7 62 0
      vertex -39.3411 49.2029 0
    endloop
  endfacet
  facet normal 0 0 -1
    outer loop
      vertex -38.0356 81.5677 0
      vertex -39.8256 49.5747 0
      vertex -40.3406 49.9028 0
    endloop
  endfacet
  facet normal 0 0 -1
    outer loop
      vertex -50.814 43.2305 0
      vertex -73.7237 51.6219 0
      vertex -50.8406 43.8406 0
    endloop
  endfacet
  facet normal 0 0 -1
    outer loop
      vertex -45 77.9423 0
      vertex -40.8823 50.1848 0
      vertex -41.4465 50.4184 0
    endloop
  endfacet
  facet normal 0 0 -1
    outer loop
      vertex -45 77.9423 0
      vertex -41.4465 50.4184 0
      vertex -42.0289 50.6021 0
    endloop
  endfacet
  facet normal 0 0 -1
    outer loop
      vertex -42.6251 50.7343 0
      vertex -45 77.9423 0
      vertex -42.0289 50.6021 0
    endloop
  endfacet
  facet normal 0 0 -1
    outer loop
      vertex -42.6251 50.7343 0
      vertex -43.2305 50.814 0
      vertex -45 77.9423 0
    endloop
  endfacet
  facet normal 0 0 -1
    outer loop
      vertex -51.6219 73.7237 0
      vertex -43.2305 50.814 0
      vertex -43.8406 50.8406 0
    endloop
  endfacet
  facet normal 0 0 -1
    outer loop
      vertex -63.6396 63.6396 0
      vertex -49.2029 48.3401 0
      vertex -49.5747 47.8556 0
    endloop
  endfacet
  facet normal 0 0 -1
    outer loop
      vertex -6.97339 62.6101 0
      vertex -38.0356 81.5677 0
      vertex -30.7818 84.5723 0
    endloop
  endfacet
  facet normal -0 0 -1
    outer loop
      vertex -6.89369 63.2155 0
      vertex -6.97339 62.6101 0
      vertex -30.7818 84.5723 0
    endloop
  endfacet
  facet normal -0 0 -1
    outer loop
      vertex -6.76149 63.8117 0
      vertex -6.89369 63.2155 0
      vertex -30.7818 84.5723 0
    endloop
  endfacet
  facet normal 0 0 -1
    outer loop
      vertex -30.7818 84.5723 0
      vertex -6.57779 64.3941 0
      vertex -6.76149 63.8117 0
    endloop
  endfacet
  facet normal 0 0 -1
    outer loop
      vertex -30.7818 84.5723 0
      vertex -23.2937 86.9333 0
      vertex -6.57779 64.3941 0
    endloop
  endfacet
  facet normal 0 0 -1
    outer loop
      vertex -6.57779 64.3941 0
      vertex -23.2937 86.9333 0
      vertex -6.34419 64.9583 0
    endloop
  endfacet
  facet normal -0 0 -1
    outer loop
      vertex -5.73409 66.015 0
      vertex -6.06219 65.5 0
      vertex -23.2937 86.9333 0
    endloop
  endfacet
  facet normal -0 0 -1
    outer loop
      vertex -5.36229 66.4995 0
      vertex -5.73409 66.015 0
      vertex -23.2937 86.9333 0
    endloop
  endfacet
  facet normal 0 0 -1
    outer loop
      vertex -15.6283 88.6327 0
      vertex -4.94969 66.9497 0
      vertex -5.36229 66.4995 0
    endloop
  endfacet
  facet normal 0 -0 -1
    outer loop
      vertex -15.6283 88.6327 0
      vertex -5.36229 66.4995 0
      vertex -23.2937 86.9333 0
    endloop
  endfacet
  facet normal 0 0 -1
    outer loop
      vertex -15.6283 88.6327 0
      vertex -4.4995 67.3623 0
      vertex -4.94969 66.9497 0
    endloop
  endfacet
  facet normal 0 0 -1
    outer loop
      vertex -15.6283 88.6327 0
      vertex -4.015 67.7341 0
      vertex -4.4995 67.3623 0
    endloop
  endfacet
  facet normal 0 0 -1
    outer loop
      vertex -15.6283 88.6327 0
      vertex -7.84399 89.6575 0
      vertex -4.015 67.7341 0
    endloop
  endfacet
  facet normal 0 0 -1
    outer loop
      vertex -2.9583 68.3442 0
      vertex -7.84399 89.6575 0
      vertex -2.39409 68.5778 0
    endloop
  endfacet
  facet normal 0 0 -1
    outer loop
      vertex -2.39409 68.5778 0
      vertex -7.84399 89.6575 0
      vertex -1.81169 68.7615 0
    endloop
  endfacet
  facet normal -0 0 -1
    outer loop
      vertex -1.2155 68.8937 0
      vertex -1.81169 68.7615 0
      vertex -7.84399 89.6575 0
    endloop
  endfacet
  facet normal 0 0 -1
    outer loop
      vertex 0 90 0
      vertex -1.2155 68.8937 0
      vertex -7.84399 89.6575 0
    endloop
  endfacet
  facet normal 0 0 -1
    outer loop
      vertex 0 90 0
      vertex -0.610092 68.9734 0
      vertex -1.2155 68.8937 0
    endloop
  endfacet
  facet normal 0 -0 -1
    outer loop
      vertex 0 90 0
      vertex 0 69 0
      vertex -0.610092 68.9734 0
    endloop
  endfacet
  facet normal 0 0 -1
    outer loop
      vertex 0 90 0
      vertex 0.610092 68.9734 0
      vertex 0 69 0
    endloop
  endfacet
  facet normal -0 0 -1
    outer loop
      vertex 7.84399 89.6575 0
      vertex 1.2155 68.8937 0
      vertex 0 90 0
    endloop
  endfacet
  facet normal 0 0 -1
    outer loop
      vertex 7.84399 89.6575 0
      vertex 1.81169 68.7615 0
      vertex 1.2155 68.8937 0
    endloop
  endfacet
  facet normal 0 0 -1
    outer loop
      vertex 7.84399 89.6575 0
      vertex 2.39409 68.5778 0
      vertex 1.81169 68.7615 0
    endloop
  endfacet
  facet normal 0 0 -1
    outer loop
      vertex 7.84399 89.6575 0
      vertex 2.9583 68.3442 0
      vertex 2.39409 68.5778 0
    endloop
  endfacet
  facet normal 0 0 -1
    outer loop
      vertex 4.015 67.7341 0
      vertex 3.5 68.0622 0
      vertex 7.84399 89.6575 0
    endloop
  endfacet
  facet normal -0 0 -1
    outer loop
      vertex 15.6283 88.6327 0
      vertex 4.015 67.7341 0
      vertex 7.84399 89.6575 0
    endloop
  endfacet
  facet normal 0 0 -1
    outer loop
      vertex 15.6283 88.6327 0
      vertex 4.4995 67.3623 0
      vertex 4.015 67.7341 0
    endloop
  endfacet
  facet normal 0 0 -1
    outer loop
      vertex 15.6283 88.6327 0
      vertex 4.94969 66.9497 0
      vertex 4.4995 67.3623 0
    endloop
  endfacet
  facet normal -0 0 -1
    outer loop
      vertex 23.2937 86.9333 0
      vertex 5.36229 66.4995 0
      vertex 15.6283 88.6327 0
    endloop
  endfacet
  facet normal 0 0 -1
    outer loop
      vertex 23.2937 86.9333 0
      vertex 5.73409 66.015 0
      vertex 5.36229 66.4995 0
    endloop
  endfacet
  facet normal 0 0 -1
    outer loop
      vertex 23.2937 86.9333 0
      vertex 6.06219 65.5 0
      vertex 5.73409 66.015 0
    endloop
  endfacet
  facet normal 0 0 -1
    outer loop
      vertex 6.57779 64.3941 0
      vertex 6.34419 64.9583 0
      vertex 23.2937 86.9333 0
    endloop
  endfacet
  facet normal -0 0 -1
    outer loop
      vertex 30.7818 84.5723 0
      vertex 6.57779 64.3941 0
      vertex 23.2937 86.9333 0
    endloop
  endfacet
  facet normal 0 0 -1
    outer loop
      vertex 30.7818 84.5723 0
      vertex 6.76149 63.8117 0
      vertex 6.57779 64.3941 0
    endloop
  endfacet
  facet normal 0 0 -1
    outer loop
      vertex 6.97339 62.6101 0
      vertex 6.89369 63.2155 0
      vertex 30.7818 84.5723 0
    endloop
  endfacet
  facet normal -0 0 -1
    outer loop
      vertex 38.0356 81.5677 0
      vertex 6.97339 62.6101 0
      vertex 30.7818 84.5723 0
    endloop
  endfacet
  facet normal 0 -0 -1
    outer loop
      vertex 5.73409 57.985 0
      vertex 36.8672 44.4507 0
      vertex 5.36229 57.5005 0
    endloop
  endfacet
  facet normal 0 0 -1
    outer loop
      vertex 5.2094 29.5442 0
      vertex 2.9583 55.6558 0
      vertex 7.76459 28.9778 0
    endloop
  endfacet
  facet normal 0 0 -1
    outer loop
      vertex 1.81169 55.2385 0
      vertex 2.39409 55.4222 0
      vertex 5.2094 29.5442 0
    endloop
  endfacet
  facet normal -0 0 -1
    outer loop
      vertex 37.7784 47.3406 0
      vertex 37.4964 46.7989 0
      vertex 6.76149 60.1883 0
    endloop
  endfacet
  facet normal 0 0 -1
    outer loop
      vertex 0.610092 55.0266 0
      vertex 1.2155 55.1063 0
      vertex 2.61469 29.8858 0
    endloop
  endfacet
  facet normal 0 0 -1
    outer loop
      vertex 6.97339 61.3899 0
      vertex 38.4783 48.3401 0
      vertex 38.1065 47.8556 0
    endloop
  endfacet
  facet normal 0 0 -1
    outer loop
      vertex 7 62 0
      vertex 6.97339 62.6101 0
      vertex 39.3411 49.2029 0
    endloop
  endfacet
  facet normal 0 0 -1
    outer loop
      vertex 40.3406 49.9028 0
      vertex 38.0356 81.5677 0
      vertex 40.8823 50.1848 0
    endloop
  endfacet
  facet normal 0 0 -1
    outer loop
      vertex 42.0289 50.6021 0
      vertex 45 77.9423 0
      vertex 42.6251 50.7343 0
    endloop
  endfacet
  facet normal 0 0 -1
    outer loop
      vertex 45.0561 50.7343 0
      vertex 51.6219 73.7237 0
      vertex 57.8509 68.944 0
    endloop
  endfacet
  facet normal 0 0 -1
    outer loop
      vertex 49.2029 48.3401 0
      vertex 48.7903 48.7903 0
      vertex 63.6396 63.6396 0
    endloop
  endfacet
  facet normal 0 0 -1
    outer loop
      vertex 50.7343 45.0561 0
      vertex 50.6021 45.6523 0
      vertex 68.944 57.8509 0
    endloop
  endfacet
  facet normal 0 0 -1
    outer loop
      vertex -14.323 40.7981 0
      vertex -14.2664 41.0537 0
      vertex -5.2094 29.5442 0
    endloop
  endfacet
  facet normal 0 0 -1
    outer loop
      vertex 41.8361 20.2094 0
      vertex 41.5746 20.2208 0
      vertex 43.2305 36.8672 0
    endloop
  endfacet
  facet normal -0 0 -1
    outer loop
      vertex 40.0746 19.8189 0
      vertex 39.8539 19.6783 0
      vertex 39.8256 38.1065 0
    endloop
  endfacet
  facet normal -0 0 -1
    outer loop
      vertex 38.6768 16.4443 0
      vertex 27.1892 12.6785 0
      vertex 38.6202 16.6999 0
    endloop
  endfacet
  facet normal 0 0 -1
    outer loop
      vertex 48.3401 38.4783 0
      vertex 44.2935 18.4887 0
      vertex 44.1727 18.7208 0
    endloop
  endfacet
  facet normal 0 -0 -1
    outer loop
      vertex 25.9808 -15 0
      vertex 41.4465 -37.2628 0
      vertex 24.5746 -17.2073 0
    endloop
  endfacet
  facet normal 0 0 -1
    outer loop
      vertex 59.6059 6.57779 0
      vertex 44.5632 17.4823 0
      vertex 60.1883 6.76149 0
    endloop
  endfacet
  facet normal 0 0 -1
    outer loop
      vertex 81.5677 38.0356 0
      vertex 49.9028 40.3406 0
      vertex 50.1848 40.8823 0
    endloop
  endfacet
  facet normal 0 0 -1
    outer loop
      vertex 15 25.9808 0
      vertex 37.0791 42.0289 0
      vertex 37.2628 41.4465 0
    endloop
  endfacet
  facet normal -0 0 -1
    outer loop
      vertex -12.6785 27.1892 0
      vertex -15 25.9808 0
      vertex -16.9593 38.586 0
    endloop
  endfacet
  facet normal 0 0 -1
    outer loop
      vertex -17.9973 38.6768 0
      vertex -17.7417 38.6202 0
      vertex -15 25.9808 0
    endloop
  endfacet
  facet normal -0 0 -1
    outer loop
      vertex -3.5 55.9378 0
      vertex -14.9227 43.503 0
      vertex -4.015 56.2659 0
    endloop
  endfacet
  facet normal 0 -0 -1
    outer loop
      vertex -18.9415 39.1171 0
      vertex -17.2073 24.5746 0
      vertex -19.2836 22.9813 0
    endloop
  endfacet
  facet normal 0 0 -1
    outer loop
      vertex -61.3899 6.97339 0
      vertex -47.8556 38.1065 0
      vertex -60.7845 6.89369 0
    endloop
  endfacet
  facet normal 0 0 -1
    outer loop
      vertex -14.4017 42.6007 0
      vertex -2.39409 55.4222 0
      vertex -1.81169 55.2385 0
    endloop
  endfacet
  facet normal 0 0 -1
    outer loop
      vertex 1.2155 55.1063 0
      vertex 1.81169 55.2385 0
      vertex 2.61469 29.8858 0
    endloop
  endfacet
  facet normal 0 -0 -1
    outer loop
      vertex 4.4995 56.6377 0
      vertex 10.2606 28.1908 0
      vertex 4.015 56.2659 0
    endloop
  endfacet
  facet normal 0 0 -1
    outer loop
      vertex 4.015 56.2659 0
      vertex 10.2606 28.1908 0
      vertex 7.76459 28.9778 0
    endloop
  endfacet
  facet normal 0 -0 -1
    outer loop
      vertex 5.36229 57.5005 0
      vertex 36.8406 43.8406 0
      vertex 4.94969 57.0503 0
    endloop
  endfacet
  facet normal 0 0 -1
    outer loop
      vertex 5.36229 57.5005 0
      vertex 36.8672 44.4507 0
      vertex 36.8406 43.8406 0
    endloop
  endfacet
  facet normal 0 0 -1
    outer loop
      vertex 5.73409 57.985 0
      vertex 36.9469 45.0561 0
      vertex 36.8672 44.4507 0
    endloop
  endfacet
  facet normal 0 0 -1
    outer loop
      vertex 5.73409 57.985 0
      vertex 6.06219 58.5 0
      vertex 36.9469 45.0561 0
    endloop
  endfacet
  facet normal 0 0 -1
    outer loop
      vertex 36.9469 45.0561 0
      vertex 6.06219 58.5 0
      vertex 37.0791 45.6523 0
    endloop
  endfacet
  facet normal 0 0 -1
    outer loop
      vertex 37.0791 45.6523 0
      vertex 6.06219 58.5 0
      vertex 6.34419 59.0417 0
    endloop
  endfacet
  facet normal -0 0 -1
    outer loop
      vertex 37.2628 46.2347 0
      vertex 37.0791 45.6523 0
      vertex 6.34419 59.0417 0
    endloop
  endfacet
  facet normal -0 0 -1
    outer loop
      vertex 37.4964 46.7989 0
      vertex 37.2628 46.2347 0
      vertex 6.34419 59.0417 0
    endloop
  endfacet
  facet normal 0 -0 -1
    outer loop
      vertex 6.57779 59.6059 0
      vertex 37.4964 46.7989 0
      vertex 6.34419 59.0417 0
    endloop
  endfacet
  facet normal 0 -0 -1
    outer loop
      vertex 6.89369 60.7845 0
      vertex 37.7784 47.3406 0
      vertex 6.76149 60.1883 0
    endloop
  endfacet
  facet normal 0 0 -1
    outer loop
      vertex 6.89369 60.7845 0
      vertex 38.1065 47.8556 0
      vertex 37.7784 47.3406 0
    endloop
  endfacet
  facet normal 0 0 -1
    outer loop
      vertex 6.89369 60.7845 0
      vertex 6.97339 61.3899 0
      vertex 38.1065 47.8556 0
    endloop
  endfacet
  facet normal 0 0 -1
    outer loop
      vertex 6.97339 61.3899 0
      vertex 7 62 0
      vertex 38.4783 48.3401 0
    endloop
  endfacet
  facet normal 0 0 -1
    outer loop
      vertex 38.4783 48.3401 0
      vertex 7 62 0
      vertex 38.8909 48.7903 0
    endloop
  endfacet
  facet normal 0 0 -1
    outer loop
      vertex 38.8909 48.7903 0
      vertex 7 62 0
      vertex 39.3411 49.2029 0
    endloop
  endfacet
  facet normal 0 0 -1
    outer loop
      vertex 39.3411 49.2029 0
      vertex 6.97339 62.6101 0
      vertex 38.0356 81.5677 0
    endloop
  endfacet
  facet normal -0 0 -1
    outer loop
      vertex 39.8256 49.5747 0
      vertex 39.3411 49.2029 0
      vertex 38.0356 81.5677 0
    endloop
  endfacet
  facet normal -0 0 -1
    outer loop
      vertex 40.3406 49.9028 0
      vertex 39.8256 49.5747 0
      vertex 38.0356 81.5677 0
    endloop
  endfacet
  facet normal 0 0 -1
    outer loop
      vertex 40.8823 50.1848 0
      vertex 38.0356 81.5677 0
      vertex 45 77.9423 0
    endloop
  endfacet
  facet normal -0 0 -1
    outer loop
      vertex 41.4465 50.4184 0
      vertex 40.8823 50.1848 0
      vertex 45 77.9423 0
    endloop
  endfacet
  facet normal -0 0 -1
    outer loop
      vertex 42.0289 50.6021 0
      vertex 41.4465 50.4184 0
      vertex 45 77.9423 0
    endloop
  endfacet
  facet normal 0 0 -1
    outer loop
      vertex 42.6251 50.7343 0
      vertex 45 77.9423 0
      vertex 43.2305 50.814 0
    endloop
  endfacet
  facet normal 0 0 -1
    outer loop
      vertex 43.2305 50.814 0
      vertex 45 77.9423 0
      vertex 51.6219 73.7237 0
    endloop
  endfacet
  facet normal -0 0 -1
    outer loop
      vertex 43.8406 50.8406 0
      vertex 43.2305 50.814 0
      vertex 51.6219 73.7237 0
    endloop
  endfacet
  facet normal 0 0 -1
    outer loop
      vertex 51.6219 73.7237 0
      vertex 44.4507 50.814 0
      vertex 43.8406 50.8406 0
    endloop
  endfacet
  facet normal 0 0 -1
    outer loop
      vertex 51.6219 73.7237 0
      vertex 45.0561 50.7343 0
      vertex 44.4507 50.814 0
    endloop
  endfacet
  facet normal 0 0 -1
    outer loop
      vertex 45.6523 50.6021 0
      vertex 45.0561 50.7343 0
      vertex 57.8509 68.944 0
    endloop
  endfacet
  facet normal 0 0 -1
    outer loop
      vertex 57.8509 68.944 0
      vertex 46.2347 50.4184 0
      vertex 45.6523 50.6021 0
    endloop
  endfacet
  facet normal 0 0 -1
    outer loop
      vertex 57.8509 68.944 0
      vertex 46.7989 50.1848 0
      vertex 46.2347 50.4184 0
    endloop
  endfacet
  facet normal 0 0 -1
    outer loop
      vertex 57.8509 68.944 0
      vertex 47.3406 49.9028 0
      vertex 46.7989 50.1848 0
    endloop
  endfacet
  facet normal 0 0 -1
    outer loop
      vertex 57.8509 68.944 0
      vertex 47.8556 49.5747 0
      vertex 47.3406 49.9028 0
    endloop
  endfacet
  facet normal 0 -0 -1
    outer loop
      vertex 57.8509 68.944 0
      vertex 63.6396 63.6396 0
      vertex 47.8556 49.5747 0
    endloop
  endfacet
  facet normal 0 0 -1
    outer loop
      vertex 47.8556 49.5747 0
      vertex 63.6396 63.6396 0
      vertex 48.3401 49.2029 0
    endloop
  endfacet
  facet normal 0 0 -1
    outer loop
      vertex 48.3401 49.2029 0
      vertex 63.6396 63.6396 0
      vertex 48.7903 48.7903 0
    endloop
  endfacet
  facet normal 0 0 -1
    outer loop
      vertex 63.6396 63.6396 0
      vertex 49.5747 47.8556 0
      vertex 49.2029 48.3401 0
    endloop
  endfacet
  facet normal 0 -0 -1
    outer loop
      vertex 63.6396 63.6396 0
      vertex 68.944 57.8509 0
      vertex 49.5747 47.8556 0
    endloop
  endfacet
  facet normal 0 0 -1
    outer loop
      vertex 49.5747 47.8556 0
      vertex 68.944 57.8509 0
      vertex 49.9028 47.3406 0
    endloop
  endfacet
  facet normal 0 0 -1
    outer loop
      vertex 49.9028 47.3406 0
      vertex 68.944 57.8509 0
      vertex 50.1848 46.7989 0
    endloop
  endfacet
  facet normal 0 0 -1
    outer loop
      vertex 50.1848 46.7989 0
      vertex 68.944 57.8509 0
      vertex 50.4184 46.2347 0
    endloop
  endfacet
  facet normal 0 0 -1
    outer loop
      vertex 50.4184 46.2347 0
      vertex 68.944 57.8509 0
      vertex 50.6021 45.6523 0
    endloop
  endfacet
  facet normal 0 -0 -1
    outer loop
      vertex 68.944 57.8509 0
      vertex 73.7237 51.6219 0
      vertex 50.7343 45.0561 0
    endloop
  endfacet
  facet normal 0 0 -1
    outer loop
      vertex 50.7343 45.0561 0
      vertex 73.7237 51.6219 0
      vertex 50.814 44.4507 0
    endloop
  endfacet
  facet normal 0 0 -1
    outer loop
      vertex 50.814 44.4507 0
      vertex 73.7237 51.6219 0
      vertex 50.8406 43.8406 0
    endloop
  endfacet
  facet normal 0 -0 -1
    outer loop
      vertex 50.8406 43.8406 0
      vertex 73.7237 51.6219 0
      vertex 50.814 43.2305 0
    endloop
  endfacet
  facet normal 0 0 -1
    outer loop
      vertex 50.814 43.2305 0
      vertex 73.7237 51.6219 0
      vertex 77.9423 45 0
    endloop
  endfacet
  facet normal 0 -0 -1
    outer loop
      vertex 50.7343 42.6251 0
      vertex 77.9423 45 0
      vertex 50.6021 42.0289 0
    endloop
  endfacet
  facet normal 0 -0 -1
    outer loop
      vertex 50.6021 42.0289 0
      vertex 77.9423 45 0
      vertex 50.4184 41.4465 0
    endloop
  endfacet
  facet normal 0 -0 -1
    outer loop
      vertex 50.4184 41.4465 0
      vertex 77.9423 45 0
      vertex 50.1848 40.8823 0
    endloop
  endfacet
  facet normal 0 0 -1
    outer loop
      vertex 50.1848 40.8823 0
      vertex 77.9423 45 0
      vertex 81.5677 38.0356 0
    endloop
  endfacet
  facet normal 0 -0 -1
    outer loop
      vertex 49.9028 40.3406 0
      vertex 81.5677 38.0356 0
      vertex 49.5747 39.8256 0
    endloop
  endfacet
  facet normal 0 -0 -1
    outer loop
      vertex 49.5747 39.8256 0
      vertex 81.5677 38.0356 0
      vertex 49.2029 39.3411 0
    endloop
  endfacet
  facet normal 0 0 -1
    outer loop
      vertex 49.2029 39.3411 0
      vertex 81.5677 38.0356 0
      vertex 62.6101 6.97339 0
    endloop
  endfacet
  facet normal 0 0 -1
    outer loop
      vertex 45.6523 37.0791 0
      vertex 43.0746 19.8189 0
      vertex 45.0561 36.9469 0
    endloop
  endfacet
  facet normal 0 0 -1
    outer loop
      vertex 45.0561 36.9469 0
      vertex 42.6007 20.0399 0
      vertex 44.4507 36.8672 0
    endloop
  endfacet
  facet normal 0 0 -1
    outer loop
      vertex 42.3511 20.1186 0
      vertex 42.0955 20.1752 0
      vertex 43.8406 36.8406 0
    endloop
  endfacet
  facet normal 0 0 -1
    outer loop
      vertex 43.2953 19.6783 0
      vertex 43.0746 19.8189 0
      vertex 45.6523 37.0791 0
    endloop
  endfacet
  facet normal 0 0 -1
    outer loop
      vertex 41.0537 20.1752 0
      vertex 42.0289 37.0791 0
      vertex 41.3131 20.2094 0
    endloop
  endfacet
  facet normal -0 0 -1
    outer loop
      vertex 40.3067 19.9397 0
      vertex 40.0746 19.8189 0
      vertex 40.3406 37.7784 0
    endloop
  endfacet
  facet normal -0 0 -1
    outer loop
      vertex 39.8539 19.6783 0
      vertex 39.6462 19.5189 0
      vertex 39.8256 38.1065 0
    endloop
  endfacet
  facet normal 0 0 -1
    outer loop
      vertex 29.5442 5.2094 0
      vertex 40.7981 14.323 0
      vertex 41.0537 14.2664 0
    endloop
  endfacet
  facet normal -0 0 -1
    outer loop
      vertex 39.4533 19.3421 0
      vertex 22.9813 19.2836 0
      vertex 39.6462 19.5189 0
    endloop
  endfacet
  facet normal 0 0 -1
    outer loop
      vertex 29.8858 2.61469 0
      vertex 41.5746 14.2208 0
      vertex 41.8361 14.2322 0
    endloop
  endfacet
  facet normal 0 0 -1
    outer loop
      vertex -57.5005 5.36229 0
      vertex -44.4507 36.8672 0
      vertex -43.8406 36.8406 0
    endloop
  endfacet
  facet normal 0 0 -1
    outer loop
      vertex -44.5632 -17.4823 0
      vertex -60.1883 -6.76149 0
      vertex -59.6059 -6.57779 0
    endloop
  endfacet
  facet normal -0 0 -1
    outer loop
      vertex -64.9583 -6.34419 0
      vertex -86.9333 -23.2937 0
      vertex -65.5 -6.06219 0
    endloop
  endfacet
  facet normal 0 0 -1
    outer loop
      vertex -39.8256 49.5747 0
      vertex -38.0356 81.5677 0
      vertex -39.3411 49.2029 0
    endloop
  endfacet
  facet normal 0 0 -1
    outer loop
      vertex -66.015 5.73409 0
      vertex -86.9333 23.2937 0
      vertex -65.5 6.06219 0
    endloop
  endfacet
  facet normal 0 0 -1
    outer loop
      vertex -89.6575 -7.84399 0
      vertex -68.8937 -1.2155 0
      vertex -68.7615 -1.81169 0
    endloop
  endfacet
  facet normal 0 0 -1
    outer loop
      vertex -68.8937 -1.2155 0
      vertex -90 0 0
      vertex -68.9734 -0.610092 0
    endloop
  endfacet
  facet normal 0 0 -1
    outer loop
      vertex -88.6327 15.6283 0
      vertex -86.9333 23.2937 0
      vertex -66.4995 5.36229 0
    endloop
  endfacet
  facet normal 0 -0 -1
    outer loop
      vertex -81.5677 38.0356 0
      vertex -62.6101 6.97339 0
      vertex -84.5723 30.7818 0
    endloop
  endfacet
  facet normal 0 0 -1
    outer loop
      vertex -81.5677 38.0356 0
      vertex -49.9028 40.3406 0
      vertex -49.5747 39.8256 0
    endloop
  endfacet
  facet normal 0 0 -1
    outer loop
      vertex -81.5677 38.0356 0
      vertex -49.5747 39.8256 0
      vertex -49.2029 39.3411 0
    endloop
  endfacet
  facet normal 0 -0 -1
    outer loop
      vertex -50.1848 40.8823 0
      vertex -49.9028 40.3406 0
      vertex -81.5677 38.0356 0
    endloop
  endfacet
  facet normal 0 -0 -1
    outer loop
      vertex -77.9423 45 0
      vertex -50.1848 40.8823 0
      vertex -81.5677 38.0356 0
    endloop
  endfacet
  facet normal 0 0 -1
    outer loop
      vertex -77.9423 45 0
      vertex -50.6021 42.0289 0
      vertex -50.4184 41.4465 0
    endloop
  endfacet
  facet normal 0 0 -1
    outer loop
      vertex -77.9423 45 0
      vertex -50.4184 41.4465 0
      vertex -50.1848 40.8823 0
    endloop
  endfacet
  facet normal 0 0 -1
    outer loop
      vertex -77.9423 45 0
      vertex -50.7343 42.6251 0
      vertex -50.6021 42.0289 0
    endloop
  endfacet
  facet normal 0 0 -1
    outer loop
      vertex -77.9423 45 0
      vertex -50.814 43.2305 0
      vertex -50.7343 42.6251 0
    endloop
  endfacet
  facet normal 0 0 -1
    outer loop
      vertex -77.9423 45 0
      vertex -73.7237 51.6219 0
      vertex -50.814 43.2305 0
    endloop
  endfacet
  facet normal -0 0 -1
    outer loop
      vertex -50.814 44.4507 0
      vertex -50.8406 43.8406 0
      vertex -73.7237 51.6219 0
    endloop
  endfacet
  facet normal -0 0 -1
    outer loop
      vertex -50.7343 45.0561 0
      vertex -50.814 44.4507 0
      vertex -73.7237 51.6219 0
    endloop
  endfacet
  facet normal 0 0 -1
    outer loop
      vertex -68.944 57.8509 0
      vertex -50.6021 45.6523 0
      vertex -50.7343 45.0561 0
    endloop
  endfacet
  facet normal 0 -0 -1
    outer loop
      vertex -68.944 57.8509 0
      vertex -50.7343 45.0561 0
      vertex -73.7237 51.6219 0
    endloop
  endfacet
  facet normal 0 0 -1
    outer loop
      vertex -68.944 57.8509 0
      vertex -50.4184 46.2347 0
      vertex -50.6021 45.6523 0
    endloop
  endfacet
  facet normal 0 0 -1
    outer loop
      vertex -68.944 57.8509 0
      vertex -50.1848 46.7989 0
      vertex -50.4184 46.2347 0
    endloop
  endfacet
  facet normal -0 0 -1
    outer loop
      vertex -49.5747 47.8556 0
      vertex -49.9028 47.3406 0
      vertex -68.944 57.8509 0
    endloop
  endfacet
  facet normal 0 -0 -1
    outer loop
      vertex -63.6396 63.6396 0
      vertex -49.5747 47.8556 0
      vertex -68.944 57.8509 0
    endloop
  endfacet
  facet normal -0 0 -1
    outer loop
      vertex -48.7903 48.7903 0
      vertex -49.2029 48.3401 0
      vertex -63.6396 63.6396 0
    endloop
  endfacet
  facet normal -0 0 -1
    outer loop
      vertex -48.3401 49.2029 0
      vertex -48.7903 48.7903 0
      vertex -63.6396 63.6396 0
    endloop
  endfacet
  facet normal -0 0 -1
    outer loop
      vertex -47.8556 49.5747 0
      vertex -48.3401 49.2029 0
      vertex -63.6396 63.6396 0
    endloop
  endfacet
  facet normal 0 -0 -1
    outer loop
      vertex -57.8509 68.944 0
      vertex -47.8556 49.5747 0
      vertex -63.6396 63.6396 0
    endloop
  endfacet
  facet normal 0 0 -1
    outer loop
      vertex -57.8509 68.944 0
      vertex -47.3406 49.9028 0
      vertex -47.8556 49.5747 0
    endloop
  endfacet
  facet normal 0 0 -1
    outer loop
      vertex -57.8509 68.944 0
      vertex -46.7989 50.1848 0
      vertex -47.3406 49.9028 0
    endloop
  endfacet
  facet normal 0 0 -1
    outer loop
      vertex -46.2347 50.4184 0
      vertex -57.8509 68.944 0
      vertex -45.6523 50.6021 0
    endloop
  endfacet
  facet normal 0 0 -1
    outer loop
      vertex -45.6523 50.6021 0
      vertex -57.8509 68.944 0
      vertex -45.0561 50.7343 0
    endloop
  endfacet
  facet normal 0 0 -1
    outer loop
      vertex -45.0561 50.7343 0
      vertex -57.8509 68.944 0
      vertex -51.6219 73.7237 0
    endloop
  endfacet
  facet normal -0 0 -1
    outer loop
      vertex -44.4507 50.814 0
      vertex -45.0561 50.7343 0
      vertex -51.6219 73.7237 0
    endloop
  endfacet
  facet normal -0 0 -1
    outer loop
      vertex -43.8406 50.8406 0
      vertex -44.4507 50.814 0
      vertex -51.6219 73.7237 0
    endloop
  endfacet
  facet normal 0 0 -1
    outer loop
      vertex -45 77.9423 0
      vertex -38.0356 81.5677 0
      vertex -40.8823 50.1848 0
    endloop
  endfacet
  facet normal 0 0 -1
    outer loop
      vertex -39.3411 49.2029 0
      vertex -38.0356 81.5677 0
      vertex -6.97339 62.6101 0
    endloop
  endfacet
  facet normal 0 0 -1
    outer loop
      vertex -38.8909 48.7903 0
      vertex -39.3411 49.2029 0
      vertex -7 62 0
    endloop
  endfacet
  facet normal 0 0 -1
    outer loop
      vertex -18.9415 44.0321 0
      vertex -37.7784 47.3406 0
      vertex -38.1065 47.8556 0
    endloop
  endfacet
  facet normal 0 0 -1
    outer loop
      vertex -19.8189 43.0746 0
      vertex -36.9469 45.0561 0
      vertex -37.0791 45.6523 0
    endloop
  endfacet
  facet normal -0 0 -1
    outer loop
      vertex -19.6783 43.2953 0
      vertex -19.8189 43.0746 0
      vertex -37.0791 45.6523 0
    endloop
  endfacet
  facet normal 0 0 -1
    outer loop
      vertex -36.8672 43.2305 0
      vertex -36.8406 43.8406 0
      vertex -20.1752 42.0955 0
    endloop
  endfacet
  facet normal 0 0 -1
    outer loop
      vertex -20.0399 40.5485 0
      vertex -37.2628 41.4465 0
      vertex -20.1186 40.7981 0
    endloop
  endfacet
  facet normal 0 -0 -1
    outer loop
      vertex -37.4964 40.8823 0
      vertex -19.9397 40.3067 0
      vertex -37.7784 40.3406 0
    endloop
  endfacet
  facet normal 0 0 -1
    outer loop
      vertex -37.7784 40.3406 0
      vertex -19.9397 40.3067 0
      vertex -19.8189 40.0746 0
    endloop
  endfacet
  facet normal 0 0 -1
    outer loop
      vertex -38.8909 48.7903 0
      vertex -7 62 0
      vertex -18.2469 44.3937 0
    endloop
  endfacet
  facet normal 0 0 -1
    outer loop
      vertex -18.2469 44.3937 0
      vertex -6.97339 61.3899 0
      vertex -17.9973 44.4724 0
    endloop
  endfacet
  facet normal 0 -0 -1
    outer loop
      vertex -6.97339 61.3899 0
      vertex -6.89369 60.7845 0
      vertex -17.9973 44.4724 0
    endloop
  endfacet
  facet normal 0 0 -1
    outer loop
      vertex -17.9973 44.4724 0
      vertex -6.89369 60.7845 0
      vertex -17.7417 44.529 0
    endloop
  endfacet
  facet normal 0 -0 -1
    outer loop
      vertex -6.89369 60.7845 0
      vertex -6.76149 60.1883 0
      vertex -17.7417 44.529 0
    endloop
  endfacet
  facet normal 0 -0 -1
    outer loop
      vertex -38.8909 38.8909 0
      vertex -21.2132 21.2132 0
      vertex -39.3411 38.4783 0
    endloop
  endfacet
  facet normal 0 0 -1
    outer loop
      vertex -39.3411 38.4783 0
      vertex -21.2132 21.2132 0
      vertex -22.9813 19.2836 0
    endloop
  endfacet
  facet normal 0 0 -1
    outer loop
      vertex -17.4823 44.5632 0
      vertex -6.57779 59.6059 0
      vertex -17.2208 44.5746 0
    endloop
  endfacet
  facet normal 0 0 -1
    outer loop
      vertex -25.9808 15 0
      vertex -41.4465 37.2628 0
      vertex -24.5746 17.2073 0
    endloop
  endfacet
  facet normal 0 -0 -1
    outer loop
      vertex -6.34419 59.0417 0
      vertex -6.06219 58.5 0
      vertex -16.6999 44.529 0
    endloop
  endfacet
  facet normal 0 -0 -1
    outer loop
      vertex -39.3411 38.4783 0
      vertex -22.9813 19.2836 0
      vertex -39.8256 38.1065 0
    endloop
  endfacet
  facet normal 0 0 -1
    outer loop
      vertex -15.7208 44.1727 0
      vertex -5.36229 57.5005 0
      vertex -4.94969 57.0503 0
    endloop
  endfacet
  facet normal 0 0 -1
    outer loop
      vertex -15.0995 43.6959 0
      vertex -15.2924 43.8727 0
      vertex -4.4995 56.6377 0
    endloop
  endfacet
  facet normal 0 0 -1
    outer loop
      vertex -59.6059 6.57779 0
      vertex -60.1883 6.76149 0
      vertex -46.7989 37.4964 0
    endloop
  endfacet
  facet normal 0 0 -1
    outer loop
      vertex 19.5189 -43.503 0
      vertex 19.6783 -43.2953 0
      vertex 37.2628 -46.2347 0
    endloop
  endfacet
  facet normal 0 0 -1
    outer loop
      vertex 3.5 -55.9378 0
      vertex 2.9583 -55.6558 0
      vertex 14.7633 -43.2953 0
    endloop
  endfacet
  facet normal 0 0 -1
    outer loop
      vertex -64.3941 6.57779 0
      vertex -84.5723 30.7818 0
      vertex -63.8117 6.76149 0
    endloop
  endfacet
  facet normal 0 0 -1
    outer loop
      vertex -36.9469 -45.0561 0
      vertex -5.73409 -57.985 0
      vertex -6.06219 -58.5 0
    endloop
  endfacet
  facet normal 0 0 -1
    outer loop
      vertex -19.2836 22.9813 0
      vertex -19.3421 39.4533 0
      vertex -19.1492 39.2765 0
    endloop
  endfacet
  facet normal 0 -0 -1
    outer loop
      vertex -21.2132 -21.2132 0
      vertex -19.2836 -22.9813 0
      vertex -38.4783 -39.3411 0
    endloop
  endfacet
  facet normal 0 0 -1
    outer loop
      vertex -59.0417 6.34419 0
      vertex -59.6059 6.57779 0
      vertex -46.7989 37.4964 0
    endloop
  endfacet
  facet normal 0 -0 -1
    outer loop
      vertex -40.5485 -20.0399 0
      vertex -40.3067 -19.9397 0
      vertex -40.8823 -37.4964 0
    endloop
  endfacet
  facet normal 0 0 -1
    outer loop
      vertex -43.8727 -19.1492 0
      vertex -46.7989 -37.4964 0
      vertex -47.3406 -37.7784 0
    endloop
  endfacet
  facet normal 0 -0 -1
    outer loop
      vertex -15.0995 39.4533 0
      vertex -7.76459 28.9778 0
      vertex -15.2924 39.2765 0
    endloop
  endfacet
  facet normal 0 0 -1
    outer loop
      vertex -7.76459 28.9778 0
      vertex -14.7633 39.8539 0
      vertex -14.6227 40.0746 0
    endloop
  endfacet
  facet normal 0 -0 -1
    outer loop
      vertex -42.6251 36.9469 0
      vertex -27.1892 12.6785 0
      vertex -43.2305 36.8672 0
    endloop
  endfacet
  facet normal 0 0 -1
    outer loop
      vertex -57.985 5.73409 0
      vertex -58.5 6.06219 0
      vertex -45.0561 36.9469 0
    endloop
  endfacet
  facet normal 0 -0 -1
    outer loop
      vertex -39.8256 38.1065 0
      vertex -22.9813 19.2836 0
      vertex -40.3406 37.7784 0
    endloop
  endfacet
  facet normal 0 0 -1
    outer loop
      vertex -21.2132 21.2132 0
      vertex -38.4783 39.3411 0
      vertex -19.5189 39.6462 0
    endloop
  endfacet
  facet normal -0 0 -1
    outer loop
      vertex -19.6783 39.8539 0
      vertex -38.1065 39.8256 0
      vertex -19.8189 40.0746 0
    endloop
  endfacet
  facet normal 0 -0 -1
    outer loop
      vertex -37.2628 41.4465 0
      vertex -20.0399 40.5485 0
      vertex -37.4964 40.8823 0
    endloop
  endfacet
  facet normal -0 -0 -1
    outer loop
      vertex -20.0399 40.5485 0
      vertex -19.9397 40.3067 0
      vertex -37.4964 40.8823 0
    endloop
  endfacet
  facet normal 0 0 -1
    outer loop
      vertex -20.1186 40.7981 0
      vertex -37.2628 41.4465 0
      vertex -20.1752 41.0537 0
    endloop
  endfacet
  facet normal 0 0 -1
    outer loop
      vertex -20.1752 41.0537 0
      vertex -37.2628 41.4465 0
      vertex -37.0791 42.0289 0
    endloop
  endfacet
  facet normal -0 -0 -1
    outer loop
      vertex -20.2094 41.3131 0
      vertex -20.1752 41.0537 0
      vertex -37.0791 42.0289 0
    endloop
  endfacet
  facet normal 0 -0 -1
    outer loop
      vertex -36.9469 42.6251 0
      vertex -20.2094 41.3131 0
      vertex -37.0791 42.0289 0
    endloop
  endfacet
  facet normal 0 0 -1
    outer loop
      vertex -36.9469 42.6251 0
      vertex -20.2208 41.5746 0
      vertex -20.2094 41.3131 0
    endloop
  endfacet
  facet normal 0 0 -1
    outer loop
      vertex -36.9469 42.6251 0
      vertex -36.8672 43.2305 0
      vertex -20.2208 41.5746 0
    endloop
  endfacet
  facet normal 0 0 -1
    outer loop
      vertex -20.2208 41.5746 0
      vertex -36.8672 43.2305 0
      vertex -20.2094 41.8361 0
    endloop
  endfacet
  facet normal 0 0 -1
    outer loop
      vertex -38.1065 47.8556 0
      vertex -38.4783 48.3401 0
      vertex -18.7208 44.1727 0
    endloop
  endfacet
  facet normal 0 0 -1
    outer loop
      vertex -20.2094 41.8361 0
      vertex -36.8672 43.2305 0
      vertex -20.1752 42.0955 0
    endloop
  endfacet
  facet normal 0 0 -1
    outer loop
      vertex -20.1752 42.0955 0
      vertex -36.8406 43.8406 0
      vertex -20.1186 42.3511 0
    endloop
  endfacet
  facet normal 0 0 -1
    outer loop
      vertex -20.1186 42.3511 0
      vertex -36.8406 43.8406 0
      vertex -36.8672 44.4507 0
    endloop
  endfacet
  facet normal -0 0 -1
    outer loop
      vertex -20.0399 42.6007 0
      vertex -20.1186 42.3511 0
      vertex -36.8672 44.4507 0
    endloop
  endfacet
  facet normal 0 0 -1
    outer loop
      vertex -36.9469 45.0561 0
      vertex -20.0399 42.6007 0
      vertex -36.8672 44.4507 0
    endloop
  endfacet
  facet normal 0 0 -1
    outer loop
      vertex -36.9469 45.0561 0
      vertex -19.9397 42.8425 0
      vertex -20.0399 42.6007 0
    endloop
  endfacet
  facet normal -0 0 -1
    outer loop
      vertex -18.9415 44.0321 0
      vertex -19.1492 43.8727 0
      vertex -37.7784 47.3406 0
    endloop
  endfacet
  facet normal 0 0 -1
    outer loop
      vertex -36.9469 45.0561 0
      vertex -19.8189 43.0746 0
      vertex -19.9397 42.8425 0
    endloop
  endfacet
  facet normal 0 0 -1
    outer loop
      vertex -37.2628 46.2347 0
      vertex -19.6783 43.2953 0
      vertex -37.0791 45.6523 0
    endloop
  endfacet
  facet normal 0 0 -1
    outer loop
      vertex -37.2628 46.2347 0
      vertex -19.5189 43.503 0
      vertex -19.6783 43.2953 0
    endloop
  endfacet
  facet normal 0 0 -1
    outer loop
      vertex -37.2628 46.2347 0
      vertex -37.4964 46.7989 0
      vertex -19.5189 43.503 0
    endloop
  endfacet
  facet normal 0 0 -1
    outer loop
      vertex -19.5189 43.503 0
      vertex -37.4964 46.7989 0
      vertex -19.3421 43.6959 0
    endloop
  endfacet
  facet normal 0 0 -1
    outer loop
      vertex -19.3421 43.6959 0
      vertex -37.4964 46.7989 0
      vertex -19.1492 43.8727 0
    endloop
  endfacet
  facet normal 0 0 -1
    outer loop
      vertex -19.1492 43.8727 0
      vertex -37.4964 46.7989 0
      vertex -37.7784 47.3406 0
    endloop
  endfacet
  facet normal 0 0 -1
    outer loop
      vertex -38.4783 48.3401 0
      vertex -38.8909 48.7903 0
      vertex -18.4887 44.2935 0
    endloop
  endfacet
  facet normal 0 0 -1
    outer loop
      vertex -38.4783 48.3401 0
      vertex -18.4887 44.2935 0
      vertex -18.7208 44.1727 0
    endloop
  endfacet
  facet normal 0 -0 -1
    outer loop
      vertex -7 62 0
      vertex -6.97339 61.3899 0
      vertex -18.2469 44.3937 0
    endloop
  endfacet
  facet normal 0 0 -1
    outer loop
      vertex -17.7417 44.529 0
      vertex -6.76149 60.1883 0
      vertex -17.4823 44.5632 0
    endloop
  endfacet
  facet normal 0 -0 -1
    outer loop
      vertex -6.57779 59.6059 0
      vertex -6.34419 59.0417 0
      vertex -16.9593 44.5632 0
    endloop
  endfacet
  facet normal 0 0 -1
    outer loop
      vertex -6.57779 59.6059 0
      vertex -16.9593 44.5632 0
      vertex -17.2208 44.5746 0
    endloop
  endfacet
  facet normal 0 0 -1
    outer loop
      vertex -16.9593 44.5632 0
      vertex -6.34419 59.0417 0
      vertex -16.6999 44.529 0
    endloop
  endfacet
  facet normal 0 0 -1
    outer loop
      vertex -16.6999 44.529 0
      vertex -6.06219 58.5 0
      vertex -16.4443 44.4724 0
    endloop
  endfacet
  facet normal 0 0 -1
    outer loop
      vertex -16.4443 44.4724 0
      vertex -6.06219 58.5 0
      vertex -5.73409 57.985 0
    endloop
  endfacet
  facet normal 0 0 -1
    outer loop
      vertex -16.1947 44.3937 0
      vertex -16.4443 44.4724 0
      vertex -5.73409 57.985 0
    endloop
  endfacet
  facet normal 0 0 -1
    outer loop
      vertex -15.9529 44.2935 0
      vertex -5.73409 57.985 0
      vertex -5.36229 57.5005 0
    endloop
  endfacet
  facet normal 0 0 -1
    outer loop
      vertex -15.7208 44.1727 0
      vertex -15.9529 44.2935 0
      vertex -5.36229 57.5005 0
    endloop
  endfacet
  facet normal 0 0 -1
    outer loop
      vertex -15.5001 44.0321 0
      vertex -15.7208 44.1727 0
      vertex -4.94969 57.0503 0
    endloop
  endfacet
  facet normal -0 0 -1
    outer loop
      vertex -4.4995 56.6377 0
      vertex -15.5001 44.0321 0
      vertex -4.94969 57.0503 0
    endloop
  endfacet
  facet normal 0 0 -1
    outer loop
      vertex -4.4995 56.6377 0
      vertex -15.2924 43.8727 0
      vertex -15.5001 44.0321 0
    endloop
  endfacet
  facet normal -0 0 -1
    outer loop
      vertex -4.015 56.2659 0
      vertex -15.0995 43.6959 0
      vertex -4.4995 56.6377 0
    endloop
  endfacet
  facet normal 0 0 -1
    outer loop
      vertex -4.015 56.2659 0
      vertex -14.9227 43.503 0
      vertex -15.0995 43.6959 0
    endloop
  endfacet
  facet normal 0 0 -1
    outer loop
      vertex -3.5 55.9378 0
      vertex -14.7633 43.2953 0
      vertex -14.9227 43.503 0
    endloop
  endfacet
  facet normal 0 -0 -1
    outer loop
      vertex -3.5 55.9378 0
      vertex -2.9583 55.6558 0
      vertex -14.7633 43.2953 0
    endloop
  endfacet
  facet normal 0 0 -1
    outer loop
      vertex -14.7633 43.2953 0
      vertex -2.9583 55.6558 0
      vertex -14.6227 43.0746 0
    endloop
  endfacet
  facet normal 0 -0 -1
    outer loop
      vertex -2.9583 55.6558 0
      vertex -2.39409 55.4222 0
      vertex -14.5019 42.8425 0
    endloop
  endfacet
  facet normal 0 0 -1
    outer loop
      vertex -14.5019 42.8425 0
      vertex -2.39409 55.4222 0
      vertex -14.4017 42.6007 0
    endloop
  endfacet
  facet normal 0 0 -1
    outer loop
      vertex -14.4017 42.6007 0
      vertex -1.81169 55.2385 0
      vertex -14.323 42.3511 0
    endloop
  endfacet
  facet normal 0 0 -1
    outer loop
      vertex -14.323 42.3511 0
      vertex -1.81169 55.2385 0
      vertex -1.2155 55.1063 0
    endloop
  endfacet
  facet normal 0 0 -1
    outer loop
      vertex -14.2664 42.0955 0
      vertex -1.2155 55.1063 0
      vertex -14.2322 41.8361 0
    endloop
  endfacet
  facet normal 0 0 -1
    outer loop
      vertex -14.2322 41.8361 0
      vertex -2.61469 29.8858 0
      vertex -14.2208 41.5746 0
    endloop
  endfacet
  facet normal 0 -0 -1
    outer loop
      vertex -14.2208 41.5746 0
      vertex -2.61469 29.8858 0
      vertex -14.2322 41.3131 0
    endloop
  endfacet
  facet normal 0 0 -1
    outer loop
      vertex -14.4017 40.5485 0
      vertex -14.323 40.7981 0
      vertex -5.2094 29.5442 0
    endloop
  endfacet
  facet normal 0 0 -1
    outer loop
      vertex -14.5019 40.3067 0
      vertex -14.4017 40.5485 0
      vertex -5.2094 29.5442 0
    endloop
  endfacet
  facet normal 0 -0 -1
    outer loop
      vertex -14.5019 40.3067 0
      vertex -5.2094 29.5442 0
      vertex -14.6227 40.0746 0
    endloop
  endfacet
  facet normal 0 -0 -1
    outer loop
      vertex -14.7633 39.8539 0
      vertex -7.76459 28.9778 0
      vertex -14.9227 39.6462 0
    endloop
  endfacet
  facet normal 0 0 -1
    outer loop
      vertex -2.61469 29.8858 0
      vertex -14.2322 41.8361 0
      vertex 0 30 0
    endloop
  endfacet
  facet normal 0 0 -1
    outer loop
      vertex -15.0995 39.4533 0
      vertex -14.9227 39.6462 0
      vertex -7.76459 28.9778 0
    endloop
  endfacet
  facet normal 0 0 -1
    outer loop
      vertex -15.2924 39.2765 0
      vertex -7.76459 28.9778 0
      vertex -10.2606 28.1908 0
    endloop
  endfacet
  facet normal 0 0 -1
    outer loop
      vertex -15.5001 39.1171 0
      vertex -15.2924 39.2765 0
      vertex -10.2606 28.1908 0
    endloop
  endfacet
  facet normal 0 -0 -1
    outer loop
      vertex -15.7208 38.9765 0
      vertex -10.2606 28.1908 0
      vertex -15.9529 38.8557 0
    endloop
  endfacet
  facet normal -0 0 -1
    outer loop
      vertex -10.2606 28.1908 0
      vertex -12.6785 27.1892 0
      vertex -16.1947 38.7555 0
    endloop
  endfacet
  facet normal 0 0 -1
    outer loop
      vertex -15 25.9808 0
      vertex -17.2208 38.5746 0
      vertex -16.9593 38.586 0
    endloop
  endfacet
  facet normal 0 -0 -1
    outer loop
      vertex 36.9469 42.6251 0
      vertex 37.0791 42.0289 0
      vertex 15 25.9808 0
    endloop
  endfacet
  facet normal 0 0 -1
    outer loop
      vertex 37.2628 41.4465 0
      vertex 17.2073 24.5746 0
      vertex 15 25.9808 0
    endloop
  endfacet
  facet normal 0 0 -1
    outer loop
      vertex 37.2628 -41.4465 0
      vertex 20.1752 -41.0537 0
      vertex 20.1186 -40.7981 0
    endloop
  endfacet
  facet normal -0 0 -1
    outer loop
      vertex 15.0995 -43.6959 0
      vertex 4.015 -56.2659 0
      vertex 14.9227 -43.503 0
    endloop
  endfacet
  facet normal 0 0 -1
    outer loop
      vertex -17.2073 24.5746 0
      vertex -18.7208 38.9765 0
      vertex -18.4887 38.8557 0
    endloop
  endfacet
  facet normal 0 0 -1
    outer loop
      vertex 2.39409 -55.4222 0
      vertex 14.5019 -42.8425 0
      vertex 2.9583 -55.6558 0
    endloop
  endfacet
  facet normal 0 0 -1
    outer loop
      vertex -36.8672 -43.2305 0
      vertex -36.9469 -42.6251 0
      vertex -12.6785 -27.1892 0
    endloop
  endfacet
  facet normal 0 0 -1
    outer loop
      vertex -17.2073 24.5746 0
      vertex -18.4887 38.8557 0
      vertex -18.2469 38.7555 0
    endloop
  endfacet
  facet normal -0 0 -1
    outer loop
      vertex 39.8256 -49.5747 0
      vertex 38.0356 -81.5677 0
      vertex 39.3411 -49.2029 0
    endloop
  endfacet
  facet normal 0 0 -1
    outer loop
      vertex 17.2073 24.5746 0
      vertex 37.2628 41.4465 0
      vertex 37.4964 40.8823 0
    endloop
  endfacet
  facet normal 0 -0 -1
    outer loop
      vertex -43.503 -19.5189 0
      vertex -43.2953 -19.6783 0
      vertex -46.2347 -37.2628 0
    endloop
  endfacet
  facet normal 0 -0 -1
    outer loop
      vertex -39.2765 -19.1492 0
      vertex -22.9813 -19.2836 0
      vertex -39.4533 -19.3421 0
    endloop
  endfacet
  facet normal 0 -0 -1
    outer loop
      vertex -38.7555 -18.2469 0
      vertex -24.5746 -17.2073 0
      vertex -38.8557 -18.4887 0
    endloop
  endfacet
  facet normal -0 0 -1
    outer loop
      vertex -66.9497 -4.94969 0
      vertex -88.6327 -15.6283 0
      vertex -67.3623 -4.4995 0
    endloop
  endfacet
  facet normal -0 0 -1
    outer loop
      vertex -44.4507 -50.814 0
      vertex -51.6219 -73.7237 0
      vertex -45.0561 -50.7343 0
    endloop
  endfacet
  facet normal 0 0 -1
    outer loop
      vertex -61.3899 -6.97339 0
      vertex -60.7845 -6.89369 0
      vertex -44.4724 -17.9973 0
    endloop
  endfacet
  facet normal 0 0 -1
    outer loop
      vertex -58.5 6.06219 0
      vertex -59.0417 6.34419 0
      vertex -45.6523 37.0791 0
    endloop
  endfacet
  facet normal 0 0 -1
    outer loop
      vertex -44.3937 -18.2469 0
      vertex -62 -7 0
      vertex -61.3899 -6.97339 0
    endloop
  endfacet
  facet normal 0 0 -1
    outer loop
      vertex -55.2385 -1.81169 0
      vertex -42.3511 -14.323 0
      vertex -42.6007 -14.4017 0
    endloop
  endfacet
  facet normal -0 0 -1
    outer loop
      vertex -66.4995 -5.36229 0
      vertex -88.6327 -15.6283 0
      vertex -66.9497 -4.94969 0
    endloop
  endfacet
  facet normal -0 0 -1
    outer loop
      vertex -42.8425 -14.5019 0
      vertex -43.0746 -14.6227 0
      vertex -55.6558 -2.9583 0
    endloop
  endfacet
  facet normal 0 0 -1
    outer loop
      vertex -81.5677 -38.0356 0
      vertex -84.5723 -30.7818 0
      vertex -62.6101 -6.97339 0
    endloop
  endfacet
  facet normal 0 0 -1
    outer loop
      vertex -55.1063 1.2155 0
      vertex -29.8858 2.61469 0
      vertex -55.0266 0.610092 0
    endloop
  endfacet
  facet normal -0 0 -1
    outer loop
      vertex -63.2155 -6.89369 0
      vertex -84.5723 -30.7818 0
      vertex -63.8117 -6.76149 0
    endloop
  endfacet
  facet normal 0 -0 -1
    outer loop
      vertex -84.5723 30.7818 0
      vertex -64.3941 6.57779 0
      vertex -86.9333 23.2937 0
    endloop
  endfacet
  facet normal 0 0 -1
    outer loop
      vertex -28.1908 10.2606 0
      vertex -43.8406 36.8406 0
      vertex -27.1892 12.6785 0
    endloop
  endfacet
  facet normal 0 0 -1
    outer loop
      vertex -27.1892 12.6785 0
      vertex -43.8406 36.8406 0
      vertex -43.2305 36.8672 0
    endloop
  endfacet
  facet normal 0 -0 -1
    outer loop
      vertex -38.4783 39.3411 0
      vertex -21.2132 21.2132 0
      vertex -38.8909 38.8909 0
    endloop
  endfacet
  facet normal 0 0 -1
    outer loop
      vertex -27.1892 12.6785 0
      vertex -42.6251 36.9469 0
      vertex -25.9808 15 0
    endloop
  endfacet
  facet normal 0 0 -1
    outer loop
      vertex -25.9808 15 0
      vertex -42.6251 36.9469 0
      vertex -42.0289 37.0791 0
    endloop
  endfacet
  facet normal 0 -0 -1
    outer loop
      vertex -41.4465 37.2628 0
      vertex -25.9808 15 0
      vertex -42.0289 37.0791 0
    endloop
  endfacet
  facet normal 0 -0 -1
    outer loop
      vertex -40.3406 37.7784 0
      vertex -24.5746 17.2073 0
      vertex -40.8823 37.4964 0
    endloop
  endfacet
  facet normal 0 0 -1
    outer loop
      vertex -24.5746 17.2073 0
      vertex -41.4465 37.2628 0
      vertex -40.8823 37.4964 0
    endloop
  endfacet
  facet normal -0 0 -1
    outer loop
      vertex -15 25.9808 0
      vertex -17.2073 24.5746 0
      vertex -17.9973 38.6768 0
    endloop
  endfacet
  facet normal 0 0 -1
    outer loop
      vertex -17.2073 24.5746 0
      vertex -18.2469 38.7555 0
      vertex -17.9973 38.6768 0
    endloop
  endfacet
  facet normal 0 0 -1
    outer loop
      vertex -16.9593 38.586 0
      vertex -16.6999 38.6202 0
      vertex -12.6785 27.1892 0
    endloop
  endfacet
  facet normal 0 0 -1
    outer loop
      vertex -12.6785 27.1892 0
      vertex -16.6999 38.6202 0
      vertex -16.4443 38.6768 0
    endloop
  endfacet
  facet normal 0 -0 -1
    outer loop
      vertex -16.1947 38.7555 0
      vertex -12.6785 27.1892 0
      vertex -16.4443 38.6768 0
    endloop
  endfacet
  facet normal 0 0 -1
    outer loop
      vertex 10.2606 28.1908 0
      vertex 36.8406 43.8406 0
      vertex 12.6785 27.1892 0
    endloop
  endfacet
  facet normal 0 -0 -1
    outer loop
      vertex -15.9529 38.8557 0
      vertex -10.2606 28.1908 0
      vertex -16.1947 38.7555 0
    endloop
  endfacet
  facet normal 0 0 -1
    outer loop
      vertex -10.2606 28.1908 0
      vertex -15.7208 38.9765 0
      vertex -15.5001 39.1171 0
    endloop
  endfacet
  facet normal 0 0 -1
    outer loop
      vertex 4.4995 56.6377 0
      vertex 4.94969 57.0503 0
      vertex 10.2606 28.1908 0
    endloop
  endfacet
  facet normal 0 0 -1
    outer loop
      vertex 0 30 0
      vertex -14.2322 41.8361 0
      vertex -0.610092 55.0266 0
    endloop
  endfacet
  facet normal 0 0 -1
    outer loop
      vertex 7.76459 28.9778 0
      vertex 3.5 55.9378 0
      vertex 4.015 56.2659 0
    endloop
  endfacet
  facet normal 0 0 -1
    outer loop
      vertex 0 30 0
      vertex 0 55 0
      vertex 0.610092 55.0266 0
    endloop
  endfacet
  facet normal 0 0 -1
    outer loop
      vertex 2.61469 29.8858 0
      vertex 0 30 0
      vertex 0.610092 55.0266 0
    endloop
  endfacet
  facet normal 0 0 -1
    outer loop
      vertex 12.6785 27.1892 0
      vertex 36.8672 43.2305 0
      vertex 36.9469 42.6251 0
    endloop
  endfacet
  facet normal 0 -0 -1
    outer loop
      vertex 36.8406 43.8406 0
      vertex 36.8672 43.2305 0
      vertex 12.6785 27.1892 0
    endloop
  endfacet
  facet normal -0 0 -1
    outer loop
      vertex 37.7784 40.3406 0
      vertex 17.2073 24.5746 0
      vertex 37.4964 40.8823 0
    endloop
  endfacet
  facet normal -0 0 -1
    outer loop
      vertex 38.1065 39.8256 0
      vertex 19.2836 22.9813 0
      vertex 37.7784 40.3406 0
    endloop
  endfacet
  facet normal 0 -0 -1
    outer loop
      vertex 38.1065 39.8256 0
      vertex 38.4783 39.3411 0
      vertex 19.2836 22.9813 0
    endloop
  endfacet
  facet normal 0 -0 -1
    outer loop
      vertex 38.4783 39.3411 0
      vertex 38.8909 38.8909 0
      vertex 21.2132 21.2132 0
    endloop
  endfacet
  facet normal -0 0 -1
    outer loop
      vertex 39.1171 18.9415 0
      vertex 24.5746 17.2073 0
      vertex 22.9813 19.2836 0
    endloop
  endfacet
  facet normal 0 0 -1
    outer loop
      vertex 38.7555 18.2469 0
      vertex 38.6768 17.9973 0
      vertex 24.5746 17.2073 0
    endloop
  endfacet
  facet normal 0 0 -1
    outer loop
      vertex 28.1908 10.2606 0
      vertex 39.2765 15.2924 0
      vertex 28.9778 7.76459 0
    endloop
  endfacet
  facet normal 0 0 -1
    outer loop
      vertex 29.5442 5.2094 0
      vertex 41.0537 14.2664 0
      vertex 29.8858 2.61469 0
    endloop
  endfacet
  facet normal 0 0 -1
    outer loop
      vertex 39.6462 19.5189 0
      vertex 39.3411 38.4783 0
      vertex 39.8256 38.1065 0
    endloop
  endfacet
  facet normal 0 0 -1
    outer loop
      vertex 40.3067 19.9397 0
      vertex 40.3406 37.7784 0
      vertex 40.8823 37.4964 0
    endloop
  endfacet
  facet normal 0 0 -1
    outer loop
      vertex 46.7989 37.4964 0
      vertex 43.8727 19.1492 0
      vertex 43.6959 19.3421 0
    endloop
  endfacet
  facet normal 0 0 -1
    outer loop
      vertex 41.8361 14.2322 0
      vertex 30 0 0
      vertex 29.8858 2.61469 0
    endloop
  endfacet
  facet normal -0 0 -1
    outer loop
      vertex 55.6558 2.9583 0
      vertex 55.4222 2.39409 0
      vertex 42.8425 14.5019 0
    endloop
  endfacet
  facet normal 0 0 -1
    outer loop
      vertex 62 7 0
      vertex 49.2029 39.3411 0
      vertex 62.6101 6.97339 0
    endloop
  endfacet
  facet normal 0 0 -1
    outer loop
      vertex 89.6575 -7.84399 0
      vertex 68.0622 -3.5 0
      vertex 68.3442 -2.9583 0
    endloop
  endfacet
  facet normal 0 0 -1
    outer loop
      vertex 65.5 -6.06219 0
      vertex 66.015 -5.73409 0
      vertex 86.9333 -23.2937 0
    endloop
  endfacet
  facet normal 0 0 -1
    outer loop
      vertex 62.6101 -6.97339 0
      vertex 63.2155 -6.89369 0
      vertex 84.5723 -30.7818 0
    endloop
  endfacet
  facet normal 0 0 -1
    outer loop
      vertex 41.4465 -37.2628 0
      vertex 25.9808 -15 0
      vertex 42.0289 -37.0791 0
    endloop
  endfacet
  facet normal 0 0 -1
    outer loop
      vertex 42.6251 -36.9469 0
      vertex 27.1892 -12.6785 0
      vertex 43.2305 -36.8672 0
    endloop
  endfacet
  facet normal -0 0 -1
    outer loop
      vertex 42.6251 -36.9469 0
      vertex 42.0289 -37.0791 0
      vertex 25.9808 -15 0
    endloop
  endfacet
  facet normal -0 0 -1
    outer loop
      vertex 38.1065 -39.8256 0
      vertex 19.6783 -39.8539 0
      vertex 19.5189 -39.6462 0
    endloop
  endfacet
  facet normal 0 0 -1
    outer loop
      vertex 50.7343 -42.6251 0
      vertex 77.9423 -45 0
      vertex 50.814 -43.2305 0
    endloop
  endfacet
  facet normal 0 0 -1
    outer loop
      vertex 36.8406 -43.8406 0
      vertex 20.1752 -42.0955 0
      vertex 36.8672 -43.2305 0
    endloop
  endfacet
  facet normal 0 -0 -1
    outer loop
      vertex 46.2347 -50.4184 0
      vertex 57.8509 -68.944 0
      vertex 45.6523 -50.6021 0
    endloop
  endfacet
  facet normal -0 -0 -1
    outer loop
      vertex 43.8406 -50.8406 0
      vertex 51.6219 -73.7237 0
      vertex 43.2305 -50.814 0
    endloop
  endfacet
  facet normal 0 0 -1
    outer loop
      vertex 43.2305 -50.814 0
      vertex 51.6219 -73.7237 0
      vertex 45 -77.9423 0
    endloop
  endfacet
  facet normal 0 -0 -1
    outer loop
      vertex 19.3421 -43.6959 0
      vertex 37.4964 -46.7989 0
      vertex 19.1492 -43.8727 0
    endloop
  endfacet
  facet normal -0 -0 -1
    outer loop
      vertex 43.2305 -50.814 0
      vertex 45 -77.9423 0
      vertex 42.6251 -50.7343 0
    endloop
  endfacet
  facet normal 0 -0 -1
    outer loop
      vertex 18.7208 -44.1727 0
      vertex 38.4783 -48.3401 0
      vertex 18.4887 -44.2935 0
    endloop
  endfacet
  facet normal -0 0 -1
    outer loop
      vertex 40.3406 -49.9028 0
      vertex 38.0356 -81.5677 0
      vertex 39.8256 -49.5747 0
    endloop
  endfacet
  facet normal 0 0 -1
    outer loop
      vertex 6.76149 -60.1883 0
      vertex 17.4823 -44.5632 0
      vertex 17.7417 -44.529 0
    endloop
  endfacet
  facet normal 0 0 -1
    outer loop
      vertex -0.610092 -55.0266 0
      vertex -2.61469 -29.8858 0
      vertex 0 -30 0
    endloop
  endfacet
  facet normal -0 0 -1
    outer loop
      vertex -6.06219 -65.5 0
      vertex -23.2937 -86.9333 0
      vertex -6.34419 -64.9583 0
    endloop
  endfacet
  facet normal -0 0 -1
    outer loop
      vertex 41.4465 37.2628 0
      vertex 40.5485 20.0399 0
      vertex 40.8823 37.4964 0
    endloop
  endfacet
  facet normal -0 0 -1
    outer loop
      vertex 41.5746 14.2208 0
      vertex 29.8858 2.61469 0
      vertex 41.3131 14.2322 0
    endloop
  endfacet
  facet normal 0 -0 -1
    outer loop
      vertex 40.3067 14.5019 0
      vertex 40.5485 14.4017 0
      vertex 29.5442 5.2094 0
    endloop
  endfacet
  facet normal 0 -0 -1
    outer loop
      vertex 40.5485 14.4017 0
      vertex 40.7981 14.323 0
      vertex 29.5442 5.2094 0
    endloop
  endfacet
  facet normal 0 0 -1
    outer loop
      vertex 29.5442 5.2094 0
      vertex 28.9778 7.76459 0
      vertex 40.0746 14.6227 0
    endloop
  endfacet
  facet normal 0 0 -1
    outer loop
      vertex 24.5746 17.2073 0
      vertex 38.9765 18.7208 0
      vertex 38.8557 18.4887 0
    endloop
  endfacet
  facet normal 0 0 -1
    outer loop
      vertex 28.9778 7.76459 0
      vertex 39.4533 15.0995 0
      vertex 39.6462 14.9227 0
    endloop
  endfacet
  facet normal 0 0 -1
    outer loop
      vertex 28.9778 7.76459 0
      vertex 39.2765 15.2924 0
      vertex 39.4533 15.0995 0
    endloop
  endfacet
  facet normal 0 0 -1
    outer loop
      vertex 28.1908 10.2606 0
      vertex 39.1171 15.5001 0
      vertex 39.2765 15.2924 0
    endloop
  endfacet
  facet normal 0 0 -1
    outer loop
      vertex 28.1908 10.2606 0
      vertex 38.9765 15.7208 0
      vertex 39.1171 15.5001 0
    endloop
  endfacet
  facet normal 0 0 -1
    outer loop
      vertex 28.1908 10.2606 0
      vertex 38.8557 15.9529 0
      vertex 38.9765 15.7208 0
    endloop
  endfacet
  facet normal 0 0 -1
    outer loop
      vertex 28.1908 10.2606 0
      vertex 38.7555 16.1947 0
      vertex 38.8557 15.9529 0
    endloop
  endfacet
  facet normal 0 0 -1
    outer loop
      vertex 28.1908 10.2606 0
      vertex 27.1892 12.6785 0
      vertex 38.7555 16.1947 0
    endloop
  endfacet
  facet normal -0 0 -1
    outer loop
      vertex 38.7555 16.1947 0
      vertex 27.1892 12.6785 0
      vertex 38.6768 16.4443 0
    endloop
  endfacet
  facet normal -0 0 -1
    outer loop
      vertex 38.7555 18.2469 0
      vertex 24.5746 17.2073 0
      vertex 38.8557 18.4887 0
    endloop
  endfacet
  facet normal -0 0 -1
    outer loop
      vertex 38.6202 16.6999 0
      vertex 27.1892 12.6785 0
      vertex 38.586 16.9593 0
    endloop
  endfacet
  facet normal 0 0 -1
    outer loop
      vertex 38.586 16.9593 0
      vertex 27.1892 12.6785 0
      vertex 25.9808 15 0
    endloop
  endfacet
  facet normal 0 -0 -1
    outer loop
      vertex 38.5746 17.2208 0
      vertex 38.586 16.9593 0
      vertex 25.9808 15 0
    endloop
  endfacet
  facet normal 0 0 -1
    outer loop
      vertex 38.586 17.4823 0
      vertex 38.5746 17.2208 0
      vertex 25.9808 15 0
    endloop
  endfacet
  facet normal 0 0 -1
    outer loop
      vertex 38.6202 17.7417 0
      vertex 38.586 17.4823 0
      vertex 25.9808 15 0
    endloop
  endfacet
  facet normal 0 0 -1
    outer loop
      vertex 38.6768 17.9973 0
      vertex 38.6202 17.7417 0
      vertex 25.9808 15 0
    endloop
  endfacet
  facet normal 0 0 -1
    outer loop
      vertex 24.5746 17.2073 0
      vertex 38.6768 17.9973 0
      vertex 25.9808 15 0
    endloop
  endfacet
  facet normal 0 0 -1
    outer loop
      vertex 22.9813 19.2836 0
      vertex 39.2765 19.1492 0
      vertex 39.1171 18.9415 0
    endloop
  endfacet
  facet normal 0 0 -1
    outer loop
      vertex 24.5746 17.2073 0
      vertex 39.1171 18.9415 0
      vertex 38.9765 18.7208 0
    endloop
  endfacet
  facet normal 0 0 -1
    outer loop
      vertex 39.6462 19.5189 0
      vertex 21.2132 21.2132 0
      vertex 39.3411 38.4783 0
    endloop
  endfacet
  facet normal 0 0 -1
    outer loop
      vertex 22.9813 19.2836 0
      vertex 21.2132 21.2132 0
      vertex 39.6462 19.5189 0
    endloop
  endfacet
  facet normal -0 0 -1
    outer loop
      vertex 40.3406 37.7784 0
      vertex 40.0746 19.8189 0
      vertex 39.8256 38.1065 0
    endloop
  endfacet
  facet normal 0 0 -1
    outer loop
      vertex 40.8823 37.4964 0
      vertex 40.5485 20.0399 0
      vertex 40.3067 19.9397 0
    endloop
  endfacet
  facet normal 0 0 -1
    outer loop
      vertex 41.4465 37.2628 0
      vertex 40.7981 20.1186 0
      vertex 40.5485 20.0399 0
    endloop
  endfacet
  facet normal 0 0 -1
    outer loop
      vertex 41.4465 37.2628 0
      vertex 41.0537 20.1752 0
      vertex 40.7981 20.1186 0
    endloop
  endfacet
  facet normal 0 -0 -1
    outer loop
      vertex 41.4465 37.2628 0
      vertex 42.0289 37.0791 0
      vertex 41.0537 20.1752 0
    endloop
  endfacet
  facet normal 0 -0 -1
    outer loop
      vertex 42.0289 37.0791 0
      vertex 42.6251 36.9469 0
      vertex 41.3131 20.2094 0
    endloop
  endfacet
  facet normal 0 0 -1
    outer loop
      vertex 41.3131 20.2094 0
      vertex 42.6251 36.9469 0
      vertex 41.5746 20.2208 0
    endloop
  endfacet
  facet normal 0 0 -1
    outer loop
      vertex 41.5746 20.2208 0
      vertex 42.6251 36.9469 0
      vertex 43.2305 36.8672 0
    endloop
  endfacet
  facet normal 0 0 -1
    outer loop
      vertex 41.8361 20.2094 0
      vertex 43.2305 36.8672 0
      vertex 42.0955 20.1752 0
    endloop
  endfacet
  facet normal 0 0 -1
    outer loop
      vertex 42.0955 20.1752 0
      vertex 43.2305 36.8672 0
      vertex 43.8406 36.8406 0
    endloop
  endfacet
  facet normal 0 0 -1
    outer loop
      vertex 42.3511 20.1186 0
      vertex 43.8406 36.8406 0
      vertex 44.4507 36.8672 0
    endloop
  endfacet
  facet normal 0 0 -1
    outer loop
      vertex 42.6007 20.0399 0
      vertex 42.3511 20.1186 0
      vertex 44.4507 36.8672 0
    endloop
  endfacet
  facet normal 0 0 -1
    outer loop
      vertex 42.8425 19.9397 0
      vertex 42.6007 20.0399 0
      vertex 45.0561 36.9469 0
    endloop
  endfacet
  facet normal 0 0 -1
    outer loop
      vertex 43.0746 19.8189 0
      vertex 42.8425 19.9397 0
      vertex 45.0561 36.9469 0
    endloop
  endfacet
  facet normal 0 0 -1
    outer loop
      vertex 43.2953 19.6783 0
      vertex 45.6523 37.0791 0
      vertex 46.2347 37.2628 0
    endloop
  endfacet
  facet normal 0 0 -1
    outer loop
      vertex 43.503 19.5189 0
      vertex 43.2953 19.6783 0
      vertex 46.2347 37.2628 0
    endloop
  endfacet
  facet normal 0 0 -1
    outer loop
      vertex 46.7989 37.4964 0
      vertex 43.503 19.5189 0
      vertex 46.2347 37.2628 0
    endloop
  endfacet
  facet normal 0 0 -1
    outer loop
      vertex 46.7989 37.4964 0
      vertex 43.6959 19.3421 0
      vertex 43.503 19.5189 0
    endloop
  endfacet
  facet normal 0 0 -1
    outer loop
      vertex 47.3406 37.7784 0
      vertex 43.8727 19.1492 0
      vertex 46.7989 37.4964 0
    endloop
  endfacet
  facet normal 0 0 -1
    outer loop
      vertex 47.3406 37.7784 0
      vertex 44.0321 18.9415 0
      vertex 43.8727 19.1492 0
    endloop
  endfacet
  facet normal 0 -0 -1
    outer loop
      vertex 47.3406 37.7784 0
      vertex 47.8556 38.1065 0
      vertex 44.0321 18.9415 0
    endloop
  endfacet
  facet normal 0 0 -1
    outer loop
      vertex 44.0321 18.9415 0
      vertex 47.8556 38.1065 0
      vertex 44.1727 18.7208 0
    endloop
  endfacet
  facet normal 0 0 -1
    outer loop
      vertex 44.1727 18.7208 0
      vertex 47.8556 38.1065 0
      vertex 48.3401 38.4783 0
    endloop
  endfacet
  facet normal 0 0 -1
    outer loop
      vertex 44.2935 18.4887 0
      vertex 48.3401 38.4783 0
      vertex 48.7903 38.8909 0
    endloop
  endfacet
  facet normal 0 0 -1
    outer loop
      vertex 44.3937 18.2469 0
      vertex 44.2935 18.4887 0
      vertex 48.7903 38.8909 0
    endloop
  endfacet
  facet normal 0 0 -1
    outer loop
      vertex 44.5746 17.2208 0
      vertex 44.5632 17.4823 0
      vertex 59.6059 6.57779 0
    endloop
  endfacet
  facet normal 0 0 -1
    outer loop
      vertex 44.5632 16.9593 0
      vertex 59.6059 6.57779 0
      vertex 59.0417 6.34419 0
    endloop
  endfacet
  facet normal -0 0 -1
    outer loop
      vertex 58.5 6.06219 0
      vertex 57.985 5.73409 0
      vertex 44.4724 16.4443 0
    endloop
  endfacet
  facet normal 0 0 -1
    outer loop
      vertex 44.1727 15.7208 0
      vertex 44.2935 15.9529 0
      vertex 57.5005 5.36229 0
    endloop
  endfacet
  facet normal 0 -0 -1
    outer loop
      vertex 44.0321 15.5001 0
      vertex 56.6377 4.4995 0
      vertex 43.8727 15.2924 0
    endloop
  endfacet
  facet normal 0 0 -1
    outer loop
      vertex 43.2953 14.7633 0
      vertex 43.503 14.9227 0
      vertex 55.9378 3.5 0
    endloop
  endfacet
  facet normal 0 0 -1
    outer loop
      vertex 42.8425 14.5019 0
      vertex 43.0746 14.6227 0
      vertex 55.6558 2.9583 0
    endloop
  endfacet
  facet normal 0 0 -1
    outer loop
      vertex 42.6007 14.4017 0
      vertex 42.8425 14.5019 0
      vertex 55.4222 2.39409 0
    endloop
  endfacet
  facet normal -0 0 -1
    outer loop
      vertex 55.4222 2.39409 0
      vertex 55.2385 1.81169 0
      vertex 42.6007 14.4017 0
    endloop
  endfacet
  facet normal 0 -0 -1
    outer loop
      vertex 42.6007 14.4017 0
      vertex 55.2385 1.81169 0
      vertex 42.3511 14.323 0
    endloop
  endfacet
  facet normal 0 0 -1
    outer loop
      vertex 42.3511 14.323 0
      vertex 55.2385 1.81169 0
      vertex 55.1063 1.2155 0
    endloop
  endfacet
  facet normal 0 0 -1
    outer loop
      vertex 55.1063 1.2155 0
      vertex 41.8361 14.2322 0
      vertex 42.0955 14.2664 0
    endloop
  endfacet
  facet normal 0 0 -1
    outer loop
      vertex 41.8361 14.2322 0
      vertex 55.1063 1.2155 0
      vertex 55.0266 0.610092 0
    endloop
  endfacet
  facet normal 0 0 -1
    outer loop
      vertex 30 0 0
      vertex 55.0266 0.610092 0
      vertex 55 0 0
    endloop
  endfacet
  facet normal 0 -0 -1
    outer loop
      vertex 41.8361 14.2322 0
      vertex 55.0266 0.610092 0
      vertex 30 0 0
    endloop
  endfacet
  facet normal 0 0 -1
    outer loop
      vertex 88.6327 15.6283 0
      vertex 66.9497 4.94969 0
      vertex 66.4995 5.36229 0
    endloop
  endfacet
  facet normal -0 -0 -1
    outer loop
      vertex 55 0 0
      vertex 55.0266 -0.610092 0
      vertex 30 0 0
    endloop
  endfacet
  facet normal 0 0 -1
    outer loop
      vertex 68.9734 0.610092 0
      vertex 68.8937 1.2155 0
      vertex 90 0 0
    endloop
  endfacet
  facet normal 0 0 -1
    outer loop
      vertex 29.8858 -2.61469 0
      vertex 55.0266 -0.610092 0
      vertex 55.1063 -1.2155 0
    endloop
  endfacet
  facet normal -0 0 -1
    outer loop
      vertex 55.2385 -1.81169 0
      vertex 29.8858 -2.61469 0
      vertex 55.1063 -1.2155 0
    endloop
  endfacet
  facet normal 0 0 -1
    outer loop
      vertex 28.9778 -7.76459 0
      vertex 29.5442 -5.2094 0
      vertex 55.6558 -2.9583 0
    endloop
  endfacet
  facet normal -0 0 -1
    outer loop
      vertex 55.6558 -2.9583 0
      vertex 29.5442 -5.2094 0
      vertex 55.4222 -2.39409 0
    endloop
  endfacet
  facet normal 0 -0 -1
    outer loop
      vertex 30 0 0
      vertex 55.0266 -0.610092 0
      vertex 29.8858 -2.61469 0
    endloop
  endfacet
  facet normal 0 0 -1
    outer loop
      vertex 22.9813 -19.2836 0
      vertex 24.5746 -17.2073 0
      vertex 40.3406 -37.7784 0
    endloop
  endfacet
  facet normal 0 0 -1
    outer loop
      vertex 5.2094 -29.5442 0
      vertex 14.5019 -40.3067 0
      vertex 14.4017 -40.5485 0
    endloop
  endfacet
  facet normal 0 0 -1
    outer loop
      vertex 21.2132 -21.2132 0
      vertex 22.9813 -19.2836 0
      vertex 39.3411 -38.4783 0
    endloop
  endfacet
  facet normal 0 0 -1
    outer loop
      vertex 7.76459 -28.9778 0
      vertex 10.2606 -28.1908 0
      vertex 15.2924 -39.2765 0
    endloop
  endfacet
  facet normal 0 -0 -1
    outer loop
      vertex 27.1892 -12.6785 0
      vertex 42.6251 -36.9469 0
      vertex 25.9808 -15 0
    endloop
  endfacet
  facet normal 0 0 -1
    outer loop
      vertex 43.8406 -36.8406 0
      vertex 27.1892 -12.6785 0
      vertex 28.1908 -10.2606 0
    endloop
  endfacet
  facet normal 0 -0 -1
    outer loop
      vertex 56.6377 -4.4995 0
      vertex 57.0503 -4.94969 0
      vertex 28.1908 -10.2606 0
    endloop
  endfacet
  facet normal 0 -0 -1
    outer loop
      vertex 56.2659 -4.015 0
      vertex 56.6377 -4.4995 0
      vertex 28.1908 -10.2606 0
    endloop
  endfacet
  facet normal 0 -0 -1
    outer loop
      vertex 28.9778 -7.76459 0
      vertex 56.2659 -4.015 0
      vertex 28.1908 -10.2606 0
    endloop
  endfacet
  facet normal 0 0 -1
    outer loop
      vertex 28.9778 -7.76459 0
      vertex 55.9378 -3.5 0
      vertex 56.2659 -4.015 0
    endloop
  endfacet
  facet normal 0 0 -1
    outer loop
      vertex 28.9778 -7.76459 0
      vertex 55.6558 -2.9583 0
      vertex 55.9378 -3.5 0
    endloop
  endfacet
  facet normal 0 0 -1
    outer loop
      vertex 55.2385 -1.81169 0
      vertex 29.5442 -5.2094 0
      vertex 29.8858 -2.61469 0
    endloop
  endfacet
  facet normal -0 0 -1
    outer loop
      vertex 55.4222 -2.39409 0
      vertex 29.5442 -5.2094 0
      vertex 55.2385 -1.81169 0
    endloop
  endfacet
  facet normal 0 -0 -1
    outer loop
      vertex 42.3511 14.323 0
      vertex 55.1063 1.2155 0
      vertex 42.0955 14.2664 0
    endloop
  endfacet
  facet normal 0 0 -1
    outer loop
      vertex 43.0746 14.6227 0
      vertex 43.2953 14.7633 0
      vertex 55.6558 2.9583 0
    endloop
  endfacet
  facet normal 0 0 -1
    outer loop
      vertex 55.6558 2.9583 0
      vertex 43.2953 14.7633 0
      vertex 55.9378 3.5 0
    endloop
  endfacet
  facet normal 0 0 -1
    outer loop
      vertex 55.9378 3.5 0
      vertex 43.503 14.9227 0
      vertex 56.2659 4.015 0
    endloop
  endfacet
  facet normal 0 0 -1
    outer loop
      vertex 56.2659 4.015 0
      vertex 43.503 14.9227 0
      vertex 43.6959 15.0995 0
    endloop
  endfacet
  facet normal -0 0 -1
    outer loop
      vertex 56.6377 4.4995 0
      vertex 56.2659 4.015 0
      vertex 43.6959 15.0995 0
    endloop
  endfacet
  facet normal 0 -0 -1
    outer loop
      vertex 43.8727 15.2924 0
      vertex 56.6377 4.4995 0
      vertex 43.6959 15.0995 0
    endloop
  endfacet
  facet normal 0 0 -1
    outer loop
      vertex 44.0321 15.5001 0
      vertex 57.0503 4.94969 0
      vertex 56.6377 4.4995 0
    endloop
  endfacet
  facet normal 0 0 -1
    outer loop
      vertex 44.0321 15.5001 0
      vertex 44.1727 15.7208 0
      vertex 57.0503 4.94969 0
    endloop
  endfacet
  facet normal 0 0 -1
    outer loop
      vertex 57.0503 4.94969 0
      vertex 44.1727 15.7208 0
      vertex 57.5005 5.36229 0
    endloop
  endfacet
  facet normal 0 0 -1
    outer loop
      vertex 57.5005 5.36229 0
      vertex 44.2935 15.9529 0
      vertex 57.985 5.73409 0
    endloop
  endfacet
  facet normal 0 0 -1
    outer loop
      vertex 57.985 5.73409 0
      vertex 44.2935 15.9529 0
      vertex 44.3937 16.1947 0
    endloop
  endfacet
  facet normal 0 -0 -1
    outer loop
      vertex 44.4724 16.4443 0
      vertex 57.985 5.73409 0
      vertex 44.3937 16.1947 0
    endloop
  endfacet
  facet normal 0 -0 -1
    outer loop
      vertex 44.529 16.6999 0
      vertex 58.5 6.06219 0
      vertex 44.4724 16.4443 0
    endloop
  endfacet
  facet normal 0 0 -1
    outer loop
      vertex 44.529 16.6999 0
      vertex 59.0417 6.34419 0
      vertex 58.5 6.06219 0
    endloop
  endfacet
  facet normal 0 0 -1
    outer loop
      vertex 44.5632 16.9593 0
      vertex 44.5746 17.2208 0
      vertex 59.6059 6.57779 0
    endloop
  endfacet
  facet normal 0 0 -1
    outer loop
      vertex 44.529 16.6999 0
      vertex 44.5632 16.9593 0
      vertex 59.0417 6.34419 0
    endloop
  endfacet
  facet normal 0 0 -1
    outer loop
      vertex 44.529 17.7417 0
      vertex 60.1883 6.76149 0
      vertex 44.5632 17.4823 0
    endloop
  endfacet
  facet normal 0 0 -1
    outer loop
      vertex 44.529 17.7417 0
      vertex 60.7845 6.89369 0
      vertex 60.1883 6.76149 0
    endloop
  endfacet
  facet normal 0 0 -1
    outer loop
      vertex 60.7845 6.89369 0
      vertex 44.4724 17.9973 0
      vertex 61.3899 6.97339 0
    endloop
  endfacet
  facet normal 0 0 -1
    outer loop
      vertex 44.529 17.7417 0
      vertex 44.4724 17.9973 0
      vertex 60.7845 6.89369 0
    endloop
  endfacet
  facet normal 0 0 -1
    outer loop
      vertex 44.4724 17.9973 0
      vertex 44.3937 18.2469 0
      vertex 61.3899 6.97339 0
    endloop
  endfacet
  facet normal 0 0 -1
    outer loop
      vertex 61.3899 6.97339 0
      vertex 44.3937 18.2469 0
      vertex 62 7 0
    endloop
  endfacet
  facet normal 0 -0 -1
    outer loop
      vertex 49.2029 39.3411 0
      vertex 62 7 0
      vertex 48.7903 38.8909 0
    endloop
  endfacet
  facet normal 0 0 -1
    outer loop
      vertex 62 7 0
      vertex 44.3937 18.2469 0
      vertex 48.7903 38.8909 0
    endloop
  endfacet
  facet normal 0 0 -1
    outer loop
      vertex 62.6101 6.97339 0
      vertex 81.5677 38.0356 0
      vertex 84.5723 30.7818 0
    endloop
  endfacet
  facet normal 0 0 -1
    outer loop
      vertex 63.2155 6.89369 0
      vertex 62.6101 6.97339 0
      vertex 84.5723 30.7818 0
    endloop
  endfacet
  facet normal 0 0 -1
    outer loop
      vertex 63.8117 6.76149 0
      vertex 63.2155 6.89369 0
      vertex 84.5723 30.7818 0
    endloop
  endfacet
  facet normal 0 0 -1
    outer loop
      vertex 64.3941 6.57779 0
      vertex 63.8117 6.76149 0
      vertex 84.5723 30.7818 0
    endloop
  endfacet
  facet normal -0 0 -1
    outer loop
      vertex 86.9333 23.2937 0
      vertex 64.3941 6.57779 0
      vertex 84.5723 30.7818 0
    endloop
  endfacet
  facet normal 0 0 -1
    outer loop
      vertex 86.9333 23.2937 0
      vertex 65.5 6.06219 0
      vertex 64.9583 6.34419 0
    endloop
  endfacet
  facet normal 0 0 -1
    outer loop
      vertex 86.9333 23.2937 0
      vertex 64.9583 6.34419 0
      vertex 64.3941 6.57779 0
    endloop
  endfacet
  facet normal 0 0 -1
    outer loop
      vertex 66.015 5.73409 0
      vertex 65.5 6.06219 0
      vertex 86.9333 23.2937 0
    endloop
  endfacet
  facet normal 0 0 -1
    outer loop
      vertex 66.4995 5.36229 0
      vertex 66.015 5.73409 0
      vertex 86.9333 23.2937 0
    endloop
  endfacet
  facet normal -0 0 -1
    outer loop
      vertex 88.6327 15.6283 0
      vertex 66.4995 5.36229 0
      vertex 86.9333 23.2937 0
    endloop
  endfacet
  facet normal 0 0 -1
    outer loop
      vertex 67.3623 4.4995 0
      vertex 66.9497 4.94969 0
      vertex 88.6327 15.6283 0
    endloop
  endfacet
  facet normal 0 0 -1
    outer loop
      vertex 67.7341 4.015 0
      vertex 67.3623 4.4995 0
      vertex 88.6327 15.6283 0
    endloop
  endfacet
  facet normal -0 0 -1
    outer loop
      vertex 89.6575 7.84399 0
      vertex 67.7341 4.015 0
      vertex 88.6327 15.6283 0
    endloop
  endfacet
  facet normal 0 0 -1
    outer loop
      vertex 89.6575 7.84399 0
      vertex 68.0622 3.5 0
      vertex 67.7341 4.015 0
    endloop
  endfacet
  facet normal 0 0 -1
    outer loop
      vertex 89.6575 7.84399 0
      vertex 68.3442 2.9583 0
      vertex 68.0622 3.5 0
    endloop
  endfacet
  facet normal 0 0 -1
    outer loop
      vertex 89.6575 7.84399 0
      vertex 68.5778 2.39409 0
      vertex 68.3442 2.9583 0
    endloop
  endfacet
  facet normal 0 0 -1
    outer loop
      vertex 89.6575 7.84399 0
      vertex 68.7615 1.81169 0
      vertex 68.5778 2.39409 0
    endloop
  endfacet
  facet normal 0 0 -1
    outer loop
      vertex 89.6575 7.84399 0
      vertex 68.8937 1.2155 0
      vertex 68.7615 1.81169 0
    endloop
  endfacet
  facet normal 0 -0 -1
    outer loop
      vertex 89.6575 7.84399 0
      vertex 90 0 0
      vertex 68.8937 1.2155 0
    endloop
  endfacet
  facet normal 0 0 -1
    outer loop
      vertex 90 0 0
      vertex 69 0 0
      vertex 68.9734 0.610092 0
    endloop
  endfacet
  facet normal -0 0 -1
    outer loop
      vertex 90 0 0
      vertex 68.9734 -0.610092 0
      vertex 69 0 0
    endloop
  endfacet
  facet normal 0 0 -1
    outer loop
      vertex 90 0 0
      vertex 68.8937 -1.2155 0
      vertex 68.9734 -0.610092 0
    endloop
  endfacet
  facet normal 0 0 -1
    outer loop
      vertex 90 0 0
      vertex 89.6575 -7.84399 0
      vertex 68.8937 -1.2155 0
    endloop
  endfacet
  facet normal 0 -0 -1
    outer loop
      vertex 68.8937 -1.2155 0
      vertex 89.6575 -7.84399 0
      vertex 68.7615 -1.81169 0
    endloop
  endfacet
  facet normal 0 -0 -1
    outer loop
      vertex 68.7615 -1.81169 0
      vertex 89.6575 -7.84399 0
      vertex 68.5778 -2.39409 0
    endloop
  endfacet
  facet normal 0 -0 -1
    outer loop
      vertex 68.5778 -2.39409 0
      vertex 89.6575 -7.84399 0
      vertex 68.3442 -2.9583 0
    endloop
  endfacet
  facet normal 0 0 -1
    outer loop
      vertex 89.6575 -7.84399 0
      vertex 67.7341 -4.015 0
      vertex 68.0622 -3.5 0
    endloop
  endfacet
  facet normal -0 0 -1
    outer loop
      vertex 89.6575 -7.84399 0
      vertex 88.6327 -15.6283 0
      vertex 67.7341 -4.015 0
    endloop
  endfacet
  facet normal 0 -0 -1
    outer loop
      vertex 67.7341 -4.015 0
      vertex 88.6327 -15.6283 0
      vertex 67.3623 -4.4995 0
    endloop
  endfacet
  facet normal 0 -0 -1
    outer loop
      vertex 67.3623 -4.4995 0
      vertex 88.6327 -15.6283 0
      vertex 66.9497 -4.94969 0
    endloop
  endfacet
  facet normal 0 -0 -1
    outer loop
      vertex 66.9497 -4.94969 0
      vertex 88.6327 -15.6283 0
      vertex 66.4995 -5.36229 0
    endloop
  endfacet
  facet normal 0 0 -1
    outer loop
      vertex 66.4995 -5.36229 0
      vertex 88.6327 -15.6283 0
      vertex 86.9333 -23.2937 0
    endloop
  endfacet
  facet normal 0 0 -1
    outer loop
      vertex 66.015 -5.73409 0
      vertex 66.4995 -5.36229 0
      vertex 86.9333 -23.2937 0
    endloop
  endfacet
  facet normal 0 -0 -1
    outer loop
      vertex 65.5 -6.06219 0
      vertex 86.9333 -23.2937 0
      vertex 64.9583 -6.34419 0
    endloop
  endfacet
  facet normal 0 -0 -1
    outer loop
      vertex 64.9583 -6.34419 0
      vertex 86.9333 -23.2937 0
      vertex 64.3941 -6.57779 0
    endloop
  endfacet
  facet normal 0 0 -1
    outer loop
      vertex 64.3941 -6.57779 0
      vertex 86.9333 -23.2937 0
      vertex 84.5723 -30.7818 0
    endloop
  endfacet
  facet normal 0 0 -1
    outer loop
      vertex 63.8117 -6.76149 0
      vertex 64.3941 -6.57779 0
      vertex 84.5723 -30.7818 0
    endloop
  endfacet
  facet normal 0 0 -1
    outer loop
      vertex 63.2155 -6.89369 0
      vertex 63.8117 -6.76149 0
      vertex 84.5723 -30.7818 0
    endloop
  endfacet
  facet normal -0 0 -1
    outer loop
      vertex 60.1883 -6.76149 0
      vertex 46.7989 -37.4964 0
      vertex 59.6059 -6.57779 0
    endloop
  endfacet
  facet normal 0 0 -1
    outer loop
      vertex 62.6101 -6.97339 0
      vertex 84.5723 -30.7818 0
      vertex 81.5677 -38.0356 0
    endloop
  endfacet
  facet normal -0 0 -1
    outer loop
      vertex -62.6101 -6.97339 0
      vertex -84.5723 -30.7818 0
      vertex -63.2155 -6.89369 0
    endloop
  endfacet
  facet normal 0 0 -1
    outer loop
      vertex -28.9778 7.76459 0
      vertex -29.5442 5.2094 0
      vertex -55.6558 2.9583 0
    endloop
  endfacet
  facet normal 0 0 -1
    outer loop
      vertex -84.5723 -30.7818 0
      vertex -64.3941 -6.57779 0
      vertex -63.8117 -6.76149 0
    endloop
  endfacet
  facet normal 0 0 -1
    outer loop
      vertex -57.0503 4.94969 0
      vertex -43.8406 36.8406 0
      vertex -28.1908 10.2606 0
    endloop
  endfacet
  facet normal 0 0 -1
    outer loop
      vertex -84.5723 -30.7818 0
      vertex -86.9333 -23.2937 0
      vertex -64.3941 -6.57779 0
    endloop
  endfacet
  facet normal -0 0 -1
    outer loop
      vertex -64.3941 -6.57779 0
      vertex -86.9333 -23.2937 0
      vertex -64.9583 -6.34419 0
    endloop
  endfacet
  facet normal 0 0 -1
    outer loop
      vertex -86.9333 -23.2937 0
      vertex -66.015 -5.73409 0
      vertex -65.5 -6.06219 0
    endloop
  endfacet
  facet normal 0 0 -1
    outer loop
      vertex -86.9333 -23.2937 0
      vertex -66.4995 -5.36229 0
      vertex -66.015 -5.73409 0
    endloop
  endfacet
  facet normal 0 0 -1
    outer loop
      vertex -86.9333 -23.2937 0
      vertex -88.6327 -15.6283 0
      vertex -66.4995 -5.36229 0
    endloop
  endfacet
  facet normal -0 0 -1
    outer loop
      vertex -67.3623 -4.4995 0
      vertex -88.6327 -15.6283 0
      vertex -67.7341 -4.015 0
    endloop
  endfacet
  facet normal 0 0 -1
    outer loop
      vertex -67.7341 -4.015 0
      vertex -88.6327 -15.6283 0
      vertex -89.6575 -7.84399 0
    endloop
  endfacet
  facet normal 0 -0 -1
    outer loop
      vertex -68.0622 -3.5 0
      vertex -67.7341 -4.015 0
      vertex -89.6575 -7.84399 0
    endloop
  endfacet
  facet normal 0 0 -1
    outer loop
      vertex -89.6575 -7.84399 0
      vertex -68.3442 -2.9583 0
      vertex -68.0622 -3.5 0
    endloop
  endfacet
  facet normal 0 0 -1
    outer loop
      vertex -89.6575 -7.84399 0
      vertex -68.5778 -2.39409 0
      vertex -68.3442 -2.9583 0
    endloop
  endfacet
  facet normal 0 0 -1
    outer loop
      vertex -89.6575 -7.84399 0
      vertex -90 0 0
      vertex -68.8937 -1.2155 0
    endloop
  endfacet
  facet normal 0 0 -1
    outer loop
      vertex -90 0 0
      vertex -69 0 0
      vertex -68.9734 -0.610092 0
    endloop
  endfacet
  facet normal 0 0 -1
    outer loop
      vertex -90 0 0
      vertex -68.9734 0.610092 0
      vertex -69 0 0
    endloop
  endfacet
  facet normal 0 0 -1
    outer loop
      vertex -90 0 0
      vertex -68.8937 1.2155 0
      vertex -68.9734 0.610092 0
    endloop
  endfacet
  facet normal 0 0 -1
    outer loop
      vertex -90 0 0
      vertex -89.6575 7.84399 0
      vertex -68.8937 1.2155 0
    endloop
  endfacet
  facet normal 0 0 -1
    outer loop
      vertex -68.8937 1.2155 0
      vertex -89.6575 7.84399 0
      vertex -68.7615 1.81169 0
    endloop
  endfacet
  facet normal 0 0 -1
    outer loop
      vertex -68.7615 1.81169 0
      vertex -89.6575 7.84399 0
      vertex -68.5778 2.39409 0
    endloop
  endfacet
  facet normal 0 0 -1
    outer loop
      vertex -66.9497 4.94969 0
      vertex -88.6327 15.6283 0
      vertex -66.4995 5.36229 0
    endloop
  endfacet
  facet normal -0 0 -1
    outer loop
      vertex -68.3442 2.9583 0
      vertex -68.5778 2.39409 0
      vertex -89.6575 7.84399 0
    endloop
  endfacet
  facet normal -0 0 -1
    outer loop
      vertex -68.0622 3.5 0
      vertex -68.3442 2.9583 0
      vertex -89.6575 7.84399 0
    endloop
  endfacet
  facet normal -0 0 -1
    outer loop
      vertex -67.7341 4.015 0
      vertex -68.0622 3.5 0
      vertex -89.6575 7.84399 0
    endloop
  endfacet
  facet normal 0 -0 -1
    outer loop
      vertex -88.6327 15.6283 0
      vertex -67.7341 4.015 0
      vertex -89.6575 7.84399 0
    endloop
  endfacet
  facet normal 0 0 -1
    outer loop
      vertex -88.6327 15.6283 0
      vertex -66.9497 4.94969 0
      vertex -67.3623 4.4995 0
    endloop
  endfacet
  facet normal 0 0 -1
    outer loop
      vertex -88.6327 15.6283 0
      vertex -67.3623 4.4995 0
      vertex -67.7341 4.015 0
    endloop
  endfacet
  facet normal -0 0 -1
    outer loop
      vertex -64.3941 6.57779 0
      vertex -64.9583 6.34419 0
      vertex -86.9333 23.2937 0
    endloop
  endfacet
  facet normal 0 0 -1
    outer loop
      vertex -84.5723 30.7818 0
      vertex -62.6101 6.97339 0
      vertex -63.2155 6.89369 0
    endloop
  endfacet
  facet normal 0 0 -1
    outer loop
      vertex -81.5677 38.0356 0
      vertex -49.2029 39.3411 0
      vertex -62.6101 6.97339 0
    endloop
  endfacet
  facet normal 0 0 -1
    outer loop
      vertex -62.6101 6.97339 0
      vertex -49.2029 39.3411 0
      vertex -62 7 0
    endloop
  endfacet
  facet normal 0 0 -1
    outer loop
      vertex -62 7 0
      vertex -49.2029 39.3411 0
      vertex -48.7903 38.8909 0
    endloop
  endfacet
  facet normal -0 0 -1
    outer loop
      vertex -48.3401 38.4783 0
      vertex -62 7 0
      vertex -48.7903 38.8909 0
    endloop
  endfacet
  facet normal 0 0 -1
    outer loop
      vertex -48.3401 38.4783 0
      vertex -61.3899 6.97339 0
      vertex -62 7 0
    endloop
  endfacet
  facet normal 0 -0 -1
    outer loop
      vertex -48.3401 38.4783 0
      vertex -47.8556 38.1065 0
      vertex -61.3899 6.97339 0
    endloop
  endfacet
  facet normal 0 -0 -1
    outer loop
      vertex -47.8556 38.1065 0
      vertex -47.3406 37.7784 0
      vertex -60.7845 6.89369 0
    endloop
  endfacet
  facet normal 0 0 -1
    outer loop
      vertex -60.7845 6.89369 0
      vertex -47.3406 37.7784 0
      vertex -60.1883 6.76149 0
    endloop
  endfacet
  facet normal 0 0 -1
    outer loop
      vertex -60.1883 6.76149 0
      vertex -47.3406 37.7784 0
      vertex -46.7989 37.4964 0
    endloop
  endfacet
  facet normal -0 0 -1
    outer loop
      vertex -46.2347 37.2628 0
      vertex -59.0417 6.34419 0
      vertex -46.7989 37.4964 0
    endloop
  endfacet
  facet normal 0 0 -1
    outer loop
      vertex -59.0417 6.34419 0
      vertex -46.2347 37.2628 0
      vertex -45.6523 37.0791 0
    endloop
  endfacet
  facet normal 0 -0 -1
    outer loop
      vertex -45.0561 36.9469 0
      vertex -44.4507 36.8672 0
      vertex -57.985 5.73409 0
    endloop
  endfacet
  facet normal 0 -0 -1
    outer loop
      vertex -45.6523 37.0791 0
      vertex -45.0561 36.9469 0
      vertex -58.5 6.06219 0
    endloop
  endfacet
  facet normal 0 0 -1
    outer loop
      vertex -57.985 5.73409 0
      vertex -44.4507 36.8672 0
      vertex -57.5005 5.36229 0
    endloop
  endfacet
  facet normal 0 0 -1
    outer loop
      vertex -56.6377 4.4995 0
      vertex -57.0503 4.94969 0
      vertex -28.1908 10.2606 0
    endloop
  endfacet
  facet normal 0 0 -1
    outer loop
      vertex -56.2659 4.015 0
      vertex -56.6377 4.4995 0
      vertex -28.1908 10.2606 0
    endloop
  endfacet
  facet normal -0 0 -1
    outer loop
      vertex -28.9778 7.76459 0
      vertex -56.2659 4.015 0
      vertex -28.1908 10.2606 0
    endloop
  endfacet
  facet normal 0 0 -1
    outer loop
      vertex -28.9778 7.76459 0
      vertex -55.9378 3.5 0
      vertex -56.2659 4.015 0
    endloop
  endfacet
  facet normal 0 0 -1
    outer loop
      vertex -28.9778 7.76459 0
      vertex -55.6558 2.9583 0
      vertex -55.9378 3.5 0
    endloop
  endfacet
  facet normal 0 0 -1
    outer loop
      vertex -29.5442 5.2094 0
      vertex -55.4222 2.39409 0
      vertex -55.6558 2.9583 0
    endloop
  endfacet
  facet normal 0 0 -1
    outer loop
      vertex -29.5442 5.2094 0
      vertex -55.2385 1.81169 0
      vertex -55.4222 2.39409 0
    endloop
  endfacet
  facet normal 0 0 -1
    outer loop
      vertex -29.5442 5.2094 0
      vertex -29.8858 2.61469 0
      vertex -55.2385 1.81169 0
    endloop
  endfacet
  facet normal 0 0 -1
    outer loop
      vertex -55.2385 1.81169 0
      vertex -29.8858 2.61469 0
      vertex -55.1063 1.2155 0
    endloop
  endfacet
  facet normal 0 0 -1
    outer loop
      vertex -29.8858 2.61469 0
      vertex -30 0 0
      vertex -55.0266 0.610092 0
    endloop
  endfacet
  facet normal 0 0 -1
    outer loop
      vertex -55.0266 0.610092 0
      vertex -30 0 0
      vertex -55 0 0
    endloop
  endfacet
  facet normal 0 -0 -1
    outer loop
      vertex -55 0 0
      vertex -30 0 0
      vertex -55.0266 -0.610092 0
    endloop
  endfacet
  facet normal -0 0 -1
    outer loop
      vertex -42.0955 -14.2664 0
      vertex -42.3511 -14.323 0
      vertex -55.1063 -1.2155 0
    endloop
  endfacet
  facet normal 0 -0 -1
    outer loop
      vertex -56.6377 -4.4995 0
      vertex -44.0321 -15.5001 0
      vertex -57.0503 -4.94969 0
    endloop
  endfacet
  facet normal 0 0 -1
    outer loop
      vertex -55.4222 -2.39409 0
      vertex -42.6007 -14.4017 0
      vertex -42.8425 -14.5019 0
    endloop
  endfacet
  facet normal 0 0 -1
    outer loop
      vertex -59.0417 -6.34419 0
      vertex -58.5 -6.06219 0
      vertex -44.529 -16.6999 0
    endloop
  endfacet
  facet normal 0 0 -1
    outer loop
      vertex -44.5632 -16.9593 0
      vertex -59.0417 -6.34419 0
      vertex -44.529 -16.6999 0
    endloop
  endfacet
  facet normal 0 0 -1
    outer loop
      vertex -44.5632 -16.9593 0
      vertex -59.6059 -6.57779 0
      vertex -59.0417 -6.34419 0
    endloop
  endfacet
  facet normal -0 -0 -1
    outer loop
      vertex -44.5746 -17.2208 0
      vertex -44.5632 -17.4823 0
      vertex -59.6059 -6.57779 0
    endloop
  endfacet
  facet normal 0 0 -1
    outer loop
      vertex -55.2385 -1.81169 0
      vertex -55.1063 -1.2155 0
      vertex -42.3511 -14.323 0
    endloop
  endfacet
  facet normal 0 0 -1
    outer loop
      vertex -60.1883 -6.76149 0
      vertex -44.5632 -17.4823 0
      vertex -44.529 -17.7417 0
    endloop
  endfacet
  facet normal 0 0 -1
    outer loop
      vertex -55.0266 -0.610092 0
      vertex -30 0 0
      vertex -41.8361 -14.2322 0
    endloop
  endfacet
  facet normal 0 0 -1
    outer loop
      vertex -44.4724 -17.9973 0
      vertex -60.7845 -6.89369 0
      vertex -44.529 -17.7417 0
    endloop
  endfacet
  facet normal 0 0 -1
    outer loop
      vertex -41.5746 -14.2208 0
      vertex -29.8858 -2.61469 0
      vertex -41.3131 -14.2322 0
    endloop
  endfacet
  facet normal 0 0 -1
    outer loop
      vertex -48.7903 -38.8909 0
      vertex -62 -7 0
      vertex -44.3937 -18.2469 0
    endloop
  endfacet
  facet normal 0 0 -1
    outer loop
      vertex -40.3067 -14.5019 0
      vertex -29.5442 -5.2094 0
      vertex -40.0746 -14.6227 0
    endloop
  endfacet
  facet normal 0 0 -1
    outer loop
      vertex -68.944 -57.8509 0
      vertex -49.9028 -47.3406 0
      vertex -49.5747 -47.8556 0
    endloop
  endfacet
  facet normal 0 0 -1
    outer loop
      vertex -44.0321 -18.9415 0
      vertex -47.3406 -37.7784 0
      vertex -47.8556 -38.1065 0
    endloop
  endfacet
  facet normal 0 0 -1
    outer loop
      vertex -49.5747 -47.8556 0
      vertex -63.6396 -63.6396 0
      vertex -68.944 -57.8509 0
    endloop
  endfacet
  facet normal 0 0 -1
    outer loop
      vertex -45.0561 -50.7343 0
      vertex -51.6219 -73.7237 0
      vertex -57.8509 -68.944 0
    endloop
  endfacet
  facet normal 0 -0 -1
    outer loop
      vertex -44.1727 -18.7208 0
      vertex -44.0321 -18.9415 0
      vertex -47.8556 -38.1065 0
    endloop
  endfacet
  facet normal -0 0 -1
    outer loop
      vertex -43.8727 -19.1492 0
      vertex -47.3406 -37.7784 0
      vertex -44.0321 -18.9415 0
    endloop
  endfacet
  facet normal 0 0 -1
    outer loop
      vertex -38.9765 -15.7208 0
      vertex -39.1171 -15.5001 0
      vertex -28.1908 -10.2606 0
    endloop
  endfacet
  facet normal 0 0 -1
    outer loop
      vertex -48.3401 -38.4783 0
      vertex -44.1727 -18.7208 0
      vertex -47.8556 -38.1065 0
    endloop
  endfacet
  facet normal 0 -0 -1
    outer loop
      vertex -45.6523 -50.6021 0
      vertex -45.0561 -50.7343 0
      vertex -57.8509 -68.944 0
    endloop
  endfacet
  facet normal -0 0 -1
    outer loop
      vertex -44.1727 -18.7208 0
      vertex -48.3401 -38.4783 0
      vertex -44.2935 -18.4887 0
    endloop
  endfacet
  facet normal 0 0 -1
    outer loop
      vertex -62 -7 0
      vertex -48.7903 -38.8909 0
      vertex -49.2029 -39.3411 0
    endloop
  endfacet
  facet normal 0 0 -1
    outer loop
      vertex -51.6219 -73.7237 0
      vertex -43.8406 -50.8406 0
      vertex -43.2305 -50.814 0
    endloop
  endfacet
  facet normal 0 0 -1
    outer loop
      vertex -49.2029 -39.3411 0
      vertex -62.6101 -6.97339 0
      vertex -62 -7 0
    endloop
  endfacet
  facet normal -0 -0 -1
    outer loop
      vertex -44.4724 -17.9973 0
      vertex -44.3937 -18.2469 0
      vertex -61.3899 -6.97339 0
    endloop
  endfacet
  facet normal 0 -0 -1
    outer loop
      vertex -60.1883 -6.76149 0
      vertex -44.529 -17.7417 0
      vertex -60.7845 -6.89369 0
    endloop
  endfacet
  facet normal 0 0 -1
    outer loop
      vertex -44.5746 -17.2208 0
      vertex -59.6059 -6.57779 0
      vertex -44.5632 -16.9593 0
    endloop
  endfacet
  facet normal 0 0 -1
    outer loop
      vertex -58.5 -6.06219 0
      vertex -44.4724 -16.4443 0
      vertex -44.529 -16.6999 0
    endloop
  endfacet
  facet normal 0 0 -1
    outer loop
      vertex -58.5 -6.06219 0
      vertex -57.985 -5.73409 0
      vertex -44.4724 -16.4443 0
    endloop
  endfacet
  facet normal 0 0 -1
    outer loop
      vertex -44.4724 -16.4443 0
      vertex -57.985 -5.73409 0
      vertex -44.3937 -16.1947 0
    endloop
  endfacet
  facet normal 0 0 -1
    outer loop
      vertex -44.3937 -16.1947 0
      vertex -57.985 -5.73409 0
      vertex -44.2935 -15.9529 0
    endloop
  endfacet
  facet normal 0 0 -1
    outer loop
      vertex -44.2935 -15.9529 0
      vertex -57.985 -5.73409 0
      vertex -57.5005 -5.36229 0
    endloop
  endfacet
  facet normal -0 0 -1
    outer loop
      vertex -44.1727 -15.7208 0
      vertex -44.2935 -15.9529 0
      vertex -57.5005 -5.36229 0
    endloop
  endfacet
  facet normal 0 -0 -1
    outer loop
      vertex -57.0503 -4.94969 0
      vertex -44.1727 -15.7208 0
      vertex -57.5005 -5.36229 0
    endloop
  endfacet
  facet normal 0 0 -1
    outer loop
      vertex -57.0503 -4.94969 0
      vertex -44.0321 -15.5001 0
      vertex -44.1727 -15.7208 0
    endloop
  endfacet
  facet normal 0 0 -1
    outer loop
      vertex -56.6377 -4.4995 0
      vertex -43.8727 -15.2924 0
      vertex -44.0321 -15.5001 0
    endloop
  endfacet
  facet normal 0 0 -1
    outer loop
      vertex -56.6377 -4.4995 0
      vertex -43.6959 -15.0995 0
      vertex -43.8727 -15.2924 0
    endloop
  endfacet
  facet normal 0 0 -1
    outer loop
      vertex -56.6377 -4.4995 0
      vertex -56.2659 -4.015 0
      vertex -43.6959 -15.0995 0
    endloop
  endfacet
  facet normal 0 0 -1
    outer loop
      vertex -43.6959 -15.0995 0
      vertex -56.2659 -4.015 0
      vertex -43.503 -14.9227 0
    endloop
  endfacet
  facet normal 0 0 -1
    outer loop
      vertex -43.503 -14.9227 0
      vertex -56.2659 -4.015 0
      vertex -55.9378 -3.5 0
    endloop
  endfacet
  facet normal -0 0 -1
    outer loop
      vertex -43.2953 -14.7633 0
      vertex -43.503 -14.9227 0
      vertex -55.9378 -3.5 0
    endloop
  endfacet
  facet normal 0 -0 -1
    outer loop
      vertex -55.6558 -2.9583 0
      vertex -43.2953 -14.7633 0
      vertex -55.9378 -3.5 0
    endloop
  endfacet
  facet normal 0 0 -1
    outer loop
      vertex -55.6558 -2.9583 0
      vertex -43.0746 -14.6227 0
      vertex -43.2953 -14.7633 0
    endloop
  endfacet
  facet normal 0 -0 -1
    outer loop
      vertex -55.4222 -2.39409 0
      vertex -42.8425 -14.5019 0
      vertex -55.6558 -2.9583 0
    endloop
  endfacet
  facet normal 0 -0 -1
    outer loop
      vertex -55.2385 -1.81169 0
      vertex -42.6007 -14.4017 0
      vertex -55.4222 -2.39409 0
    endloop
  endfacet
  facet normal 0 0 -1
    outer loop
      vertex -55.1063 -1.2155 0
      vertex -41.8361 -14.2322 0
      vertex -42.0955 -14.2664 0
    endloop
  endfacet
  facet normal 0 0 -1
    outer loop
      vertex -55.1063 -1.2155 0
      vertex -55.0266 -0.610092 0
      vertex -41.8361 -14.2322 0
    endloop
  endfacet
  facet normal 0 0 -1
    outer loop
      vertex -41.8361 -14.2322 0
      vertex -30 0 0
      vertex -29.8858 -2.61469 0
    endloop
  endfacet
  facet normal -0 0 -1
    outer loop
      vertex -41.5746 -14.2208 0
      vertex -41.8361 -14.2322 0
      vertex -29.8858 -2.61469 0
    endloop
  endfacet
  facet normal 0 0 -1
    outer loop
      vertex -41.3131 -14.2322 0
      vertex -29.8858 -2.61469 0
      vertex -41.0537 -14.2664 0
    endloop
  endfacet
  facet normal 0 0 -1
    outer loop
      vertex -41.0537 -14.2664 0
      vertex -29.8858 -2.61469 0
      vertex -29.5442 -5.2094 0
    endloop
  endfacet
  facet normal 0 0 -1
    outer loop
      vertex -40.7981 -14.323 0
      vertex -41.0537 -14.2664 0
      vertex -29.5442 -5.2094 0
    endloop
  endfacet
  facet normal 0 0 -1
    outer loop
      vertex -40.5485 -14.4017 0
      vertex -40.7981 -14.323 0
      vertex -29.5442 -5.2094 0
    endloop
  endfacet
  facet normal 0 0 -1
    outer loop
      vertex -40.3067 -14.5019 0
      vertex -40.5485 -14.4017 0
      vertex -29.5442 -5.2094 0
    endloop
  endfacet
  facet normal 0 0 -1
    outer loop
      vertex -40.0746 -14.6227 0
      vertex -29.5442 -5.2094 0
      vertex -28.9778 -7.76459 0
    endloop
  endfacet
  facet normal 0 0 -1
    outer loop
      vertex -39.8539 -14.7633 0
      vertex -40.0746 -14.6227 0
      vertex -28.9778 -7.76459 0
    endloop
  endfacet
  facet normal 0 0 -1
    outer loop
      vertex -39.6462 -14.9227 0
      vertex -39.8539 -14.7633 0
      vertex -28.9778 -7.76459 0
    endloop
  endfacet
  facet normal 0 0 -1
    outer loop
      vertex -39.4533 -15.0995 0
      vertex -39.6462 -14.9227 0
      vertex -28.9778 -7.76459 0
    endloop
  endfacet
  facet normal 0 0 -1
    outer loop
      vertex -39.2765 -15.2924 0
      vertex -39.4533 -15.0995 0
      vertex -28.9778 -7.76459 0
    endloop
  endfacet
  facet normal -0 0 -1
    outer loop
      vertex -28.1908 -10.2606 0
      vertex -39.2765 -15.2924 0
      vertex -28.9778 -7.76459 0
    endloop
  endfacet
  facet normal 0 0 -1
    outer loop
      vertex -28.1908 -10.2606 0
      vertex -39.1171 -15.5001 0
      vertex -39.2765 -15.2924 0
    endloop
  endfacet
  facet normal 0 0 -1
    outer loop
      vertex -38.8557 -15.9529 0
      vertex -38.9765 -15.7208 0
      vertex -28.1908 -10.2606 0
    endloop
  endfacet
  facet normal 0 0 -1
    outer loop
      vertex -38.7555 -16.1947 0
      vertex -38.8557 -15.9529 0
      vertex -28.1908 -10.2606 0
    endloop
  endfacet
  facet normal -0 0 -1
    outer loop
      vertex -27.1892 -12.6785 0
      vertex -38.7555 -16.1947 0
      vertex -28.1908 -10.2606 0
    endloop
  endfacet
  facet normal 0 0 -1
    outer loop
      vertex -27.1892 -12.6785 0
      vertex -38.6768 -16.4443 0
      vertex -38.7555 -16.1947 0
    endloop
  endfacet
  facet normal 0 0 -1
    outer loop
      vertex -27.1892 -12.6785 0
      vertex -38.6202 -16.6999 0
      vertex -38.6768 -16.4443 0
    endloop
  endfacet
  facet normal 0 0 -1
    outer loop
      vertex -27.1892 -12.6785 0
      vertex -38.586 -16.9593 0
      vertex -38.6202 -16.6999 0
    endloop
  endfacet
  facet normal 0 -0 -1
    outer loop
      vertex -27.1892 -12.6785 0
      vertex -25.9808 -15 0
      vertex -38.586 -16.9593 0
    endloop
  endfacet
  facet normal 0 0 -1
    outer loop
      vertex -25.9808 -15 0
      vertex -38.586 -17.4823 0
      vertex -38.5746 -17.2208 0
    endloop
  endfacet
  facet normal 0 0 -1
    outer loop
      vertex -25.9808 -15 0
      vertex -38.6202 -17.7417 0
      vertex -38.586 -17.4823 0
    endloop
  endfacet
  facet normal 0 0 -1
    outer loop
      vertex -25.9808 -15 0
      vertex -38.6768 -17.9973 0
      vertex -38.6202 -17.7417 0
    endloop
  endfacet
  facet normal 0 -0 -1
    outer loop
      vertex -25.9808 -15 0
      vertex -24.5746 -17.2073 0
      vertex -38.6768 -17.9973 0
    endloop
  endfacet
  facet normal 0 -0 -1
    outer loop
      vertex -38.6768 -17.9973 0
      vertex -24.5746 -17.2073 0
      vertex -38.7555 -18.2469 0
    endloop
  endfacet
  facet normal 0 0 -1
    outer loop
      vertex -24.5746 -17.2073 0
      vertex -38.9765 -18.7208 0
      vertex -38.8557 -18.4887 0
    endloop
  endfacet
  facet normal 0 0 -1
    outer loop
      vertex -24.5746 -17.2073 0
      vertex -39.1171 -18.9415 0
      vertex -38.9765 -18.7208 0
    endloop
  endfacet
  facet normal 0 -0 -1
    outer loop
      vertex -24.5746 -17.2073 0
      vertex -22.9813 -19.2836 0
      vertex -39.1171 -18.9415 0
    endloop
  endfacet
  facet normal 0 -0 -1
    outer loop
      vertex -39.1171 -18.9415 0
      vertex -22.9813 -19.2836 0
      vertex -39.2765 -19.1492 0
    endloop
  endfacet
  facet normal 0 0 -1
    outer loop
      vertex -22.9813 -19.2836 0
      vertex -39.6462 -19.5189 0
      vertex -39.4533 -19.3421 0
    endloop
  endfacet
  facet normal 0 -0 -1
    outer loop
      vertex -22.9813 -19.2836 0
      vertex -21.2132 -21.2132 0
      vertex -39.6462 -19.5189 0
    endloop
  endfacet
  facet normal 0 0 -1
    outer loop
      vertex -40.8823 -37.4964 0
      vertex -41.4465 -37.2628 0
      vertex -40.5485 -20.0399 0
    endloop
  endfacet
  facet normal 0 0 -1
    outer loop
      vertex -41.3131 -20.2094 0
      vertex -42.6251 -36.9469 0
      vertex -41.5746 -20.2208 0
    endloop
  endfacet
  facet normal -0 0 -1
    outer loop
      vertex -42.3511 -20.1186 0
      vertex -44.4507 -36.8672 0
      vertex -42.6007 -20.0399 0
    endloop
  endfacet
  facet normal 0 0 -1
    outer loop
      vertex -45.6523 -37.0791 0
      vertex -43.0746 -19.8189 0
      vertex -45.0561 -36.9469 0
    endloop
  endfacet
  facet normal 0 0 -1
    outer loop
      vertex -45.6523 -37.0791 0
      vertex -43.2953 -19.6783 0
      vertex -43.0746 -19.8189 0
    endloop
  endfacet
  facet normal 0 0 -1
    outer loop
      vertex -42.0289 -37.0791 0
      vertex -41.3131 -20.2094 0
      vertex -41.0537 -20.1752 0
    endloop
  endfacet
  facet normal -0 0 -1
    outer loop
      vertex -43.8406 -50.8406 0
      vertex -51.6219 -73.7237 0
      vertex -44.4507 -50.814 0
    endloop
  endfacet
  facet normal 0 0 -1
    outer loop
      vertex -43.503 -19.5189 0
      vertex -46.2347 -37.2628 0
      vertex -46.7989 -37.4964 0
    endloop
  endfacet
  facet normal -0 0 -1
    outer loop
      vertex -45.6523 -37.0791 0
      vertex -46.2347 -37.2628 0
      vertex -43.2953 -19.6783 0
    endloop
  endfacet
  facet normal 0 0 -1
    outer loop
      vertex -42.0289 -50.6021 0
      vertex -45 -77.9423 0
      vertex -42.6251 -50.7343 0
    endloop
  endfacet
  facet normal 0 -0 -1
    outer loop
      vertex -46.2347 -50.4184 0
      vertex -45.6523 -50.6021 0
      vertex -57.8509 -68.944 0
    endloop
  endfacet
  facet normal 0 -0 -1
    outer loop
      vertex -47.3406 -49.9028 0
      vertex -46.7989 -50.1848 0
      vertex -57.8509 -68.944 0
    endloop
  endfacet
  facet normal 0 -0 -1
    outer loop
      vertex -46.7989 -50.1848 0
      vertex -46.2347 -50.4184 0
      vertex -57.8509 -68.944 0
    endloop
  endfacet
  facet normal 0 -0 -1
    outer loop
      vertex -47.8556 -49.5747 0
      vertex -47.3406 -49.9028 0
      vertex -57.8509 -68.944 0
    endloop
  endfacet
  facet normal 0 0 -1
    outer loop
      vertex -63.6396 -63.6396 0
      vertex -47.8556 -49.5747 0
      vertex -57.8509 -68.944 0
    endloop
  endfacet
  facet normal 0 -0 -1
    outer loop
      vertex -48.3401 -49.2029 0
      vertex -47.8556 -49.5747 0
      vertex -63.6396 -63.6396 0
    endloop
  endfacet
  facet normal 0 -0 -1
    outer loop
      vertex -48.7903 -48.7903 0
      vertex -48.3401 -49.2029 0
      vertex -63.6396 -63.6396 0
    endloop
  endfacet
  facet normal 0 -0 -1
    outer loop
      vertex -49.2029 -48.3401 0
      vertex -48.7903 -48.7903 0
      vertex -63.6396 -63.6396 0
    endloop
  endfacet
  facet normal 0 0 -1
    outer loop
      vertex -81.5677 -38.0356 0
      vertex -62.6101 -6.97339 0
      vertex -49.2029 -39.3411 0
    endloop
  endfacet
  facet normal 0 -0 -1
    outer loop
      vertex -49.5747 -47.8556 0
      vertex -49.2029 -48.3401 0
      vertex -63.6396 -63.6396 0
    endloop
  endfacet
  facet normal -0 0 -1
    outer loop
      vertex -49.9028 -47.3406 0
      vertex -68.944 -57.8509 0
      vertex -50.1848 -46.7989 0
    endloop
  endfacet
  facet normal -0 0 -1
    outer loop
      vertex -50.1848 -46.7989 0
      vertex -68.944 -57.8509 0
      vertex -50.4184 -46.2347 0
    endloop
  endfacet
  facet normal -0 0 -1
    outer loop
      vertex -50.4184 -46.2347 0
      vertex -68.944 -57.8509 0
      vertex -50.6021 -45.6523 0
    endloop
  endfacet
  facet normal 0 0 -1
    outer loop
      vertex -81.5677 -38.0356 0
      vertex -49.2029 -39.3411 0
      vertex -49.5747 -39.8256 0
    endloop
  endfacet
  facet normal 0 -0 -1
    outer loop
      vertex -50.7343 -45.0561 0
      vertex -50.6021 -45.6523 0
      vertex -68.944 -57.8509 0
    endloop
  endfacet
  facet normal 0 0 -1
    outer loop
      vertex -73.7237 -51.6219 0
      vertex -50.7343 -45.0561 0
      vertex -68.944 -57.8509 0
    endloop
  endfacet
  facet normal 0 0 -1
    outer loop
      vertex -73.7237 -51.6219 0
      vertex -50.814 -44.4507 0
      vertex -50.7343 -45.0561 0
    endloop
  endfacet
  facet normal -0 0 -1
    outer loop
      vertex -49.5747 -39.8256 0
      vertex -49.9028 -40.3406 0
      vertex -81.5677 -38.0356 0
    endloop
  endfacet
  facet normal 0 0 -1
    outer loop
      vertex -73.7237 -51.6219 0
      vertex -50.8406 -43.8406 0
      vertex -50.814 -44.4507 0
    endloop
  endfacet
  facet normal 0 0 -1
    outer loop
      vertex -50.7343 -42.6251 0
      vertex -50.814 -43.2305 0
      vertex -77.9423 -45 0
    endloop
  endfacet
  facet normal 0 0 -1
    outer loop
      vertex -50.6021 -42.0289 0
      vertex -50.7343 -42.6251 0
      vertex -77.9423 -45 0
    endloop
  endfacet
  facet normal 0 0 -1
    outer loop
      vertex -50.4184 -41.4465 0
      vertex -50.6021 -42.0289 0
      vertex -77.9423 -45 0
    endloop
  endfacet
  facet normal 0 0 -1
    outer loop
      vertex -50.1848 -40.8823 0
      vertex -50.4184 -41.4465 0
      vertex -77.9423 -45 0
    endloop
  endfacet
  facet normal 0 0 -1
    outer loop
      vertex -81.5677 -38.0356 0
      vertex -49.9028 -40.3406 0
      vertex -50.1848 -40.8823 0
    endloop
  endfacet
  facet normal 0 0 -1
    outer loop
      vertex -81.5677 -38.0356 0
      vertex -50.1848 -40.8823 0
      vertex -77.9423 -45 0
    endloop
  endfacet
  facet normal 0 0 -1
    outer loop
      vertex -44.2935 -18.4887 0
      vertex -48.3401 -38.4783 0
      vertex -48.7903 -38.8909 0
    endloop
  endfacet
  facet normal -0 0 -1
    outer loop
      vertex -44.2935 -18.4887 0
      vertex -48.7903 -38.8909 0
      vertex -44.3937 -18.2469 0
    endloop
  endfacet
  facet normal 0 -0 -1
    outer loop
      vertex -43.6959 -19.3421 0
      vertex -43.503 -19.5189 0
      vertex -46.7989 -37.4964 0
    endloop
  endfacet
  facet normal -0 0 -1
    outer loop
      vertex -43.6959 -19.3421 0
      vertex -46.7989 -37.4964 0
      vertex -43.8727 -19.1492 0
    endloop
  endfacet
  facet normal 0 0 -1
    outer loop
      vertex -45.0561 -36.9469 0
      vertex -43.0746 -19.8189 0
      vertex -42.8425 -19.9397 0
    endloop
  endfacet
  facet normal 0 0 -1
    outer loop
      vertex -45.0561 -36.9469 0
      vertex -42.8425 -19.9397 0
      vertex -42.6007 -20.0399 0
    endloop
  endfacet
  facet normal -0 0 -1
    outer loop
      vertex -44.4507 -36.8672 0
      vertex -45.0561 -36.9469 0
      vertex -42.6007 -20.0399 0
    endloop
  endfacet
  facet normal -0 0 -1
    outer loop
      vertex -43.8406 -36.8406 0
      vertex -44.4507 -36.8672 0
      vertex -42.3511 -20.1186 0
    endloop
  endfacet
  facet normal -0 0 -1
    outer loop
      vertex -42.0955 -20.1752 0
      vertex -43.8406 -36.8406 0
      vertex -42.3511 -20.1186 0
    endloop
  endfacet
  facet normal 0 0 -1
    outer loop
      vertex -43.2305 -36.8672 0
      vertex -41.5746 -20.2208 0
      vertex -42.6251 -36.9469 0
    endloop
  endfacet
  facet normal 0 0 -1
    outer loop
      vertex -42.0955 -20.1752 0
      vertex -43.2305 -36.8672 0
      vertex -43.8406 -36.8406 0
    endloop
  endfacet
  facet normal 0 0 -1
    outer loop
      vertex -43.2305 -36.8672 0
      vertex -41.8361 -20.2094 0
      vertex -41.5746 -20.2208 0
    endloop
  endfacet
  facet normal 0 -0 -1
    outer loop
      vertex -42.0955 -20.1752 0
      vertex -41.8361 -20.2094 0
      vertex -43.2305 -36.8672 0
    endloop
  endfacet
  facet normal 0 0 -1
    outer loop
      vertex -42.6251 -36.9469 0
      vertex -41.3131 -20.2094 0
      vertex -42.0289 -37.0791 0
    endloop
  endfacet
  facet normal 0 0 -1
    outer loop
      vertex -42.0289 -37.0791 0
      vertex -41.0537 -20.1752 0
      vertex -41.4465 -37.2628 0
    endloop
  endfacet
  facet normal 0 0 -1
    outer loop
      vertex -41.4465 -37.2628 0
      vertex -41.0537 -20.1752 0
      vertex -40.7981 -20.1186 0
    endloop
  endfacet
  facet normal 0 0 -1
    outer loop
      vertex -40.5485 -20.0399 0
      vertex -41.4465 -37.2628 0
      vertex -40.7981 -20.1186 0
    endloop
  endfacet
  facet normal 0 0 -1
    outer loop
      vertex -40.3406 -37.7784 0
      vertex -40.8823 -37.4964 0
      vertex -40.3067 -19.9397 0
    endloop
  endfacet
  facet normal 0 0 -1
    outer loop
      vertex -40.0746 -19.8189 0
      vertex -40.3406 -37.7784 0
      vertex -40.3067 -19.9397 0
    endloop
  endfacet
  facet normal 0 -0 -1
    outer loop
      vertex -40.0746 -19.8189 0
      vertex -39.8256 -38.1065 0
      vertex -40.3406 -37.7784 0
    endloop
  endfacet
  facet normal 0 0 -1
    outer loop
      vertex -40.0746 -19.8189 0
      vertex -39.8539 -19.6783 0
      vertex -39.8256 -38.1065 0
    endloop
  endfacet
  facet normal 0 0 -1
    outer loop
      vertex -39.8256 -38.1065 0
      vertex -39.6462 -19.5189 0
      vertex -39.3411 -38.4783 0
    endloop
  endfacet
  facet normal 0 0 -1
    outer loop
      vertex -39.3411 -38.4783 0
      vertex -39.6462 -19.5189 0
      vertex -21.2132 -21.2132 0
    endloop
  endfacet
  facet normal 0 0 -1
    outer loop
      vertex -38.8909 -38.8909 0
      vertex -39.3411 -38.4783 0
      vertex -21.2132 -21.2132 0
    endloop
  endfacet
  facet normal 0 0 -1
    outer loop
      vertex -38.4783 -39.3411 0
      vertex -38.8909 -38.8909 0
      vertex -21.2132 -21.2132 0
    endloop
  endfacet
  facet normal 0 0 -1
    outer loop
      vertex -38.1065 -39.8256 0
      vertex -38.4783 -39.3411 0
      vertex -19.2836 -22.9813 0
    endloop
  endfacet
  facet normal 0 0 -1
    outer loop
      vertex -37.7784 -40.3406 0
      vertex -38.1065 -39.8256 0
      vertex -19.2836 -22.9813 0
    endloop
  endfacet
  facet normal -0 0 -1
    outer loop
      vertex -17.2073 -24.5746 0
      vertex -37.7784 -40.3406 0
      vertex -19.2836 -22.9813 0
    endloop
  endfacet
  facet normal 0 0 -1
    outer loop
      vertex -37.2628 -41.4465 0
      vertex -37.4964 -40.8823 0
      vertex -17.2073 -24.5746 0
    endloop
  endfacet
  facet normal -0 0 -1
    outer loop
      vertex -15 -25.9808 0
      vertex -37.2628 -41.4465 0
      vertex -17.2073 -24.5746 0
    endloop
  endfacet
  facet normal 0 0 -1
    outer loop
      vertex -15 -25.9808 0
      vertex -37.0791 -42.0289 0
      vertex -37.2628 -41.4465 0
    endloop
  endfacet
  facet normal 0 0 -1
    outer loop
      vertex -15 -25.9808 0
      vertex -36.9469 -42.6251 0
      vertex -37.0791 -42.0289 0
    endloop
  endfacet
  facet normal 0 -0 -1
    outer loop
      vertex -15 -25.9808 0
      vertex -12.6785 -27.1892 0
      vertex -36.9469 -42.6251 0
    endloop
  endfacet
  facet normal -0 0 -1
    outer loop
      vertex -10.2606 -28.1908 0
      vertex -36.8406 -43.8406 0
      vertex -12.6785 -27.1892 0
    endloop
  endfacet
  facet normal -0 0 -1
    outer loop
      vertex -6.57779 -59.6059 0
      vertex -6.76149 -60.1883 0
      vertex -37.4964 -46.7989 0
    endloop
  endfacet
  facet normal 0 0 -1
    outer loop
      vertex -38.1065 -47.8556 0
      vertex -6.89369 -60.7845 0
      vertex -6.97339 -61.3899 0
    endloop
  endfacet
  facet normal -0 0 -1
    outer loop
      vertex -6.76149 -63.8117 0
      vertex -30.7818 -84.5723 0
      vertex -6.89369 -63.2155 0
    endloop
  endfacet
  facet normal 0 -0 -1
    outer loop
      vertex -6.76149 -63.8117 0
      vertex -6.57779 -64.3941 0
      vertex -30.7818 -84.5723 0
    endloop
  endfacet
  facet normal -0 0 -1
    outer loop
      vertex -6.34419 -59.0417 0
      vertex -6.57779 -59.6059 0
      vertex -37.4964 -46.7989 0
    endloop
  endfacet
  facet normal 0 0 -1
    outer loop
      vertex -23.2937 -86.9333 0
      vertex -6.57779 -64.3941 0
      vertex -6.34419 -64.9583 0
    endloop
  endfacet
  facet normal -0 0 -1
    outer loop
      vertex -5.73409 -66.015 0
      vertex -23.2937 -86.9333 0
      vertex -6.06219 -65.5 0
    endloop
  endfacet
  facet normal 0 -0 -1
    outer loop
      vertex -1.2155 -68.8937 0
      vertex 0 -90 0
      vertex -7.84399 -89.6575 0
    endloop
  endfacet
  facet normal 0 0 -1
    outer loop
      vertex -23.2937 -86.9333 0
      vertex -5.73409 -66.015 0
      vertex -5.36229 -66.4995 0
    endloop
  endfacet
  facet normal -0 0 -1
    outer loop
      vertex -1.81169 -68.7615 0
      vertex -7.84399 -89.6575 0
      vertex -2.39409 -68.5778 0
    endloop
  endfacet
  facet normal 0 -0 -1
    outer loop
      vertex -1.81169 -68.7615 0
      vertex -1.2155 -68.8937 0
      vertex -7.84399 -89.6575 0
    endloop
  endfacet
  facet normal 0 0 -1
    outer loop
      vertex -6.97339 -62.6101 0
      vertex -30.7818 -84.5723 0
      vertex -38.0356 -81.5677 0
    endloop
  endfacet
  facet normal 0 0 -1
    outer loop
      vertex -39.8256 -49.5747 0
      vertex -39.3411 -49.2029 0
      vertex -38.0356 -81.5677 0
    endloop
  endfacet
  facet normal 0 0 -1
    outer loop
      vertex -40.3406 -49.9028 0
      vertex -39.8256 -49.5747 0
      vertex -38.0356 -81.5677 0
    endloop
  endfacet
  facet normal 0 0 -1
    outer loop
      vertex -40.8823 -50.1848 0
      vertex -40.3406 -49.9028 0
      vertex -38.0356 -81.5677 0
    endloop
  endfacet
  facet normal 0 0 -1
    outer loop
      vertex -45 -77.9423 0
      vertex -40.8823 -50.1848 0
      vertex -38.0356 -81.5677 0
    endloop
  endfacet
  facet normal 0 0 -1
    outer loop
      vertex -45 -77.9423 0
      vertex -41.4465 -50.4184 0
      vertex -40.8823 -50.1848 0
    endloop
  endfacet
  facet normal 0 0 -1
    outer loop
      vertex -45 -77.9423 0
      vertex -42.0289 -50.6021 0
      vertex -41.4465 -50.4184 0
    endloop
  endfacet
  facet normal 0 -0 -1
    outer loop
      vertex -43.2305 -50.814 0
      vertex -42.6251 -50.7343 0
      vertex -45 -77.9423 0
    endloop
  endfacet
  facet normal 0 0 -1
    outer loop
      vertex -51.6219 -73.7237 0
      vertex -43.2305 -50.814 0
      vertex -45 -77.9423 0
    endloop
  endfacet
  facet normal 0 -0 -1
    outer loop
      vertex 49.9028 -47.3406 0
      vertex 68.944 -57.8509 0
      vertex 49.5747 -47.8556 0
    endloop
  endfacet
  facet normal 0 0 -1
    outer loop
      vertex 45 -77.9423 0
      vertex 41.4465 -50.4184 0
      vertex 42.0289 -50.6021 0
    endloop
  endfacet
  facet normal 0 0 -1
    outer loop
      vertex 49.9028 -40.3406 0
      vertex 81.5677 -38.0356 0
      vertex 50.1848 -40.8823 0
    endloop
  endfacet
  facet normal 0 0 -1
    outer loop
      vertex 45 -77.9423 0
      vertex 40.8823 -50.1848 0
      vertex 41.4465 -50.4184 0
    endloop
  endfacet
  facet normal -0 0 -1
    outer loop
      vertex 45 -77.9423 0
      vertex 38.0356 -81.5677 0
      vertex 40.8823 -50.1848 0
    endloop
  endfacet
  facet normal -0 0 -1
    outer loop
      vertex 40.8823 -50.1848 0
      vertex 38.0356 -81.5677 0
      vertex 40.3406 -49.9028 0
    endloop
  endfacet
  facet normal 0 0 -1
    outer loop
      vertex 39.3411 -49.2029 0
      vertex 38.0356 -81.5677 0
      vertex 6.97339 -62.6101 0
    endloop
  endfacet
  facet normal 0 0 -1
    outer loop
      vertex 6.76149 -60.1883 0
      vertex 6.57779 -59.6059 0
      vertex 17.4823 -44.5632 0
    endloop
  endfacet
  facet normal 0 0 -1
    outer loop
      vertex 38.1065 -47.8556 0
      vertex 18.9415 -44.0321 0
      vertex 37.7784 -47.3406 0
    endloop
  endfacet
  facet normal 0 0 -1
    outer loop
      vertex 5.73409 -57.985 0
      vertex 16.4443 -44.4724 0
      vertex 6.06219 -58.5 0
    endloop
  endfacet
  facet normal 0 0 -1
    outer loop
      vertex -2.61469 -29.8858 0
      vertex -1.2155 -55.1063 0
      vertex -1.81169 -55.2385 0
    endloop
  endfacet
  facet normal 0 -0 -1
    outer loop
      vertex -10.2606 -28.1908 0
      vertex -4.94969 -57.0503 0
      vertex -36.8406 -43.8406 0
    endloop
  endfacet
  facet normal 0 0 -1
    outer loop
      vertex 20.2094 -41.3131 0
      vertex 36.9469 -42.6251 0
      vertex 20.2208 -41.5746 0
    endloop
  endfacet
  facet normal -0 0 -1
    outer loop
      vertex 37.7784 -40.3406 0
      vertex 37.4964 -40.8823 0
      vertex 19.9397 -40.3067 0
    endloop
  endfacet
  facet normal -0 0 -1
    outer loop
      vertex 38.4783 -39.3411 0
      vertex 19.5189 -39.6462 0
      vertex 21.2132 -21.2132 0
    endloop
  endfacet
  facet normal 0 0 -1
    outer loop
      vertex 19.5189 -39.6462 0
      vertex 19.3421 -39.4533 0
      vertex 19.2836 -22.9813 0
    endloop
  endfacet
  facet normal 0 0 -1
    outer loop
      vertex 19.3421 -39.4533 0
      vertex 19.1492 -39.2765 0
      vertex 19.2836 -22.9813 0
    endloop
  endfacet
  facet normal 0 0 -1
    outer loop
      vertex 22.9813 -19.2836 0
      vertex 40.3406 -37.7784 0
      vertex 39.8256 -38.1065 0
    endloop
  endfacet
  facet normal 0 0 -1
    outer loop
      vertex 18.7208 -38.9765 0
      vertex 18.4887 -38.8557 0
      vertex 17.2073 -24.5746 0
    endloop
  endfacet
  facet normal 0 0 -1
    outer loop
      vertex 17.2073 -24.5746 0
      vertex 18.4887 -38.8557 0
      vertex 18.2469 -38.7555 0
    endloop
  endfacet
  facet normal 0 0 -1
    outer loop
      vertex 17.9973 -38.6768 0
      vertex 15 -25.9808 0
      vertex 17.2073 -24.5746 0
    endloop
  endfacet
  facet normal 0 0 -1
    outer loop
      vertex 18.2469 -38.7555 0
      vertex 17.9973 -38.6768 0
      vertex 17.2073 -24.5746 0
    endloop
  endfacet
  facet normal 0 0 -1
    outer loop
      vertex 19.2836 -22.9813 0
      vertex 18.9415 -39.1171 0
      vertex 17.2073 -24.5746 0
    endloop
  endfacet
  facet normal 0 0 -1
    outer loop
      vertex 38.4783 -39.3411 0
      vertex 21.2132 -21.2132 0
      vertex 38.8909 -38.8909 0
    endloop
  endfacet
  facet normal 0 0 -1
    outer loop
      vertex 39.3411 -38.4783 0
      vertex 22.9813 -19.2836 0
      vertex 39.8256 -38.1065 0
    endloop
  endfacet
  facet normal 0 0 -1
    outer loop
      vertex 38.8909 -38.8909 0
      vertex 21.2132 -21.2132 0
      vertex 39.3411 -38.4783 0
    endloop
  endfacet
  facet normal 0 0 -1
    outer loop
      vertex 40.8823 -37.4964 0
      vertex 24.5746 -17.2073 0
      vertex 41.4465 -37.2628 0
    endloop
  endfacet
  facet normal 0 0 -1
    outer loop
      vertex 43.2305 -36.8672 0
      vertex 27.1892 -12.6785 0
      vertex 43.8406 -36.8406 0
    endloop
  endfacet
  facet normal 0 0 -1
    outer loop
      vertex 43.8406 -36.8406 0
      vertex 28.1908 -10.2606 0
      vertex 57.0503 -4.94969 0
    endloop
  endfacet
  facet normal -0 0 -1
    outer loop
      vertex 57.5005 -5.36229 0
      vertex 43.8406 -36.8406 0
      vertex 57.0503 -4.94969 0
    endloop
  endfacet
  facet normal 0 0 -1
    outer loop
      vertex 57.5005 -5.36229 0
      vertex 44.4507 -36.8672 0
      vertex 43.8406 -36.8406 0
    endloop
  endfacet
  facet normal 0 0 -1
    outer loop
      vertex 57.985 -5.73409 0
      vertex 45.0561 -36.9469 0
      vertex 44.4507 -36.8672 0
    endloop
  endfacet
  facet normal 0 -0 -1
    outer loop
      vertex 57.985 -5.73409 0
      vertex 58.5 -6.06219 0
      vertex 45.0561 -36.9469 0
    endloop
  endfacet
  facet normal 0 0 -1
    outer loop
      vertex 45.0561 -36.9469 0
      vertex 58.5 -6.06219 0
      vertex 45.6523 -37.0791 0
    endloop
  endfacet
  facet normal 0 0 -1
    outer loop
      vertex 45.6523 -37.0791 0
      vertex 58.5 -6.06219 0
      vertex 59.0417 -6.34419 0
    endloop
  endfacet
  facet normal 0 0 -1
    outer loop
      vertex 46.2347 -37.2628 0
      vertex 45.6523 -37.0791 0
      vertex 59.0417 -6.34419 0
    endloop
  endfacet
  facet normal 0 0 -1
    outer loop
      vertex 46.7989 -37.4964 0
      vertex 46.2347 -37.2628 0
      vertex 59.0417 -6.34419 0
    endloop
  endfacet
  facet normal -0 0 -1
    outer loop
      vertex 59.6059 -6.57779 0
      vertex 46.7989 -37.4964 0
      vertex 59.0417 -6.34419 0
    endloop
  endfacet
  facet normal 0 0 -1
    outer loop
      vertex 60.1883 -6.76149 0
      vertex 47.3406 -37.7784 0
      vertex 46.7989 -37.4964 0
    endloop
  endfacet
  facet normal 0 -0 -1
    outer loop
      vertex 60.1883 -6.76149 0
      vertex 60.7845 -6.89369 0
      vertex 47.3406 -37.7784 0
    endloop
  endfacet
  facet normal 0 0 -1
    outer loop
      vertex 47.8556 -38.1065 0
      vertex 60.7845 -6.89369 0
      vertex 61.3899 -6.97339 0
    endloop
  endfacet
  facet normal 0 0 -1
    outer loop
      vertex 47.3406 -37.7784 0
      vertex 60.7845 -6.89369 0
      vertex 47.8556 -38.1065 0
    endloop
  endfacet
  facet normal 0 -0 -1
    outer loop
      vertex 61.3899 -6.97339 0
      vertex 62 -7 0
      vertex 48.3401 -38.4783 0
    endloop
  endfacet
  facet normal 0 0 -1
    outer loop
      vertex 48.3401 -38.4783 0
      vertex 62 -7 0
      vertex 48.7903 -38.8909 0
    endloop
  endfacet
  facet normal 0 0 -1
    outer loop
      vertex 48.7903 -38.8909 0
      vertex 62 -7 0
      vertex 49.2029 -39.3411 0
    endloop
  endfacet
  facet normal 0 0 -1
    outer loop
      vertex 49.2029 -39.3411 0
      vertex 62 -7 0
      vertex 62.6101 -6.97339 0
    endloop
  endfacet
  facet normal -0 0 -1
    outer loop
      vertex 81.5677 -38.0356 0
      vertex 49.2029 -39.3411 0
      vertex 62.6101 -6.97339 0
    endloop
  endfacet
  facet normal 0 0 -1
    outer loop
      vertex 81.5677 -38.0356 0
      vertex 49.9028 -40.3406 0
      vertex 49.5747 -39.8256 0
    endloop
  endfacet
  facet normal 0 0 -1
    outer loop
      vertex 81.5677 -38.0356 0
      vertex 49.5747 -39.8256 0
      vertex 49.2029 -39.3411 0
    endloop
  endfacet
  facet normal 0 0 -1
    outer loop
      vertex 50.1848 -40.8823 0
      vertex 81.5677 -38.0356 0
      vertex 77.9423 -45 0
    endloop
  endfacet
  facet normal 0 0 -1
    outer loop
      vertex 50.4184 -41.4465 0
      vertex 50.1848 -40.8823 0
      vertex 77.9423 -45 0
    endloop
  endfacet
  facet normal 0 0 -1
    outer loop
      vertex 50.6021 -42.0289 0
      vertex 50.4184 -41.4465 0
      vertex 77.9423 -45 0
    endloop
  endfacet
  facet normal 0 0 -1
    outer loop
      vertex 50.7343 -42.6251 0
      vertex 50.6021 -42.0289 0
      vertex 77.9423 -45 0
    endloop
  endfacet
  facet normal 0 0 -1
    outer loop
      vertex 50.814 -43.2305 0
      vertex 77.9423 -45 0
      vertex 73.7237 -51.6219 0
    endloop
  endfacet
  facet normal 0 0 -1
    outer loop
      vertex 50.8406 -43.8406 0
      vertex 50.814 -43.2305 0
      vertex 73.7237 -51.6219 0
    endloop
  endfacet
  facet normal 0 0 -1
    outer loop
      vertex 50.814 -44.4507 0
      vertex 50.8406 -43.8406 0
      vertex 73.7237 -51.6219 0
    endloop
  endfacet
  facet normal 0 0 -1
    outer loop
      vertex 50.7343 -45.0561 0
      vertex 50.814 -44.4507 0
      vertex 73.7237 -51.6219 0
    endloop
  endfacet
  facet normal 0 0 -1
    outer loop
      vertex 68.944 -57.8509 0
      vertex 50.7343 -45.0561 0
      vertex 73.7237 -51.6219 0
    endloop
  endfacet
  facet normal 0 0 -1
    outer loop
      vertex 68.944 -57.8509 0
      vertex 50.6021 -45.6523 0
      vertex 50.7343 -45.0561 0
    endloop
  endfacet
  facet normal 0 0 -1
    outer loop
      vertex 68.944 -57.8509 0
      vertex 50.4184 -46.2347 0
      vertex 50.6021 -45.6523 0
    endloop
  endfacet
  facet normal 0 0 -1
    outer loop
      vertex 68.944 -57.8509 0
      vertex 50.1848 -46.7989 0
      vertex 50.4184 -46.2347 0
    endloop
  endfacet
  facet normal 0 0 -1
    outer loop
      vertex 68.944 -57.8509 0
      vertex 49.9028 -47.3406 0
      vertex 50.1848 -46.7989 0
    endloop
  endfacet
  facet normal 0 0 -1
    outer loop
      vertex 63.6396 -63.6396 0
      vertex 49.5747 -47.8556 0
      vertex 68.944 -57.8509 0
    endloop
  endfacet
  facet normal 0 0 -1
    outer loop
      vertex 63.6396 -63.6396 0
      vertex 49.2029 -48.3401 0
      vertex 49.5747 -47.8556 0
    endloop
  endfacet
  facet normal 0 0 -1
    outer loop
      vertex 63.6396 -63.6396 0
      vertex 48.7903 -48.7903 0
      vertex 49.2029 -48.3401 0
    endloop
  endfacet
  facet normal 0 0 -1
    outer loop
      vertex 63.6396 -63.6396 0
      vertex 48.3401 -49.2029 0
      vertex 48.7903 -48.7903 0
    endloop
  endfacet
  facet normal 0 0 -1
    outer loop
      vertex 63.6396 -63.6396 0
      vertex 47.8556 -49.5747 0
      vertex 48.3401 -49.2029 0
    endloop
  endfacet
  facet normal -0 0 -1
    outer loop
      vertex 63.6396 -63.6396 0
      vertex 57.8509 -68.944 0
      vertex 47.8556 -49.5747 0
    endloop
  endfacet
  facet normal 0 -0 -1
    outer loop
      vertex 47.8556 -49.5747 0
      vertex 57.8509 -68.944 0
      vertex 47.3406 -49.9028 0
    endloop
  endfacet
  facet normal 0 -0 -1
    outer loop
      vertex 47.3406 -49.9028 0
      vertex 57.8509 -68.944 0
      vertex 46.7989 -50.1848 0
    endloop
  endfacet
  facet normal 0 -0 -1
    outer loop
      vertex 46.7989 -50.1848 0
      vertex 57.8509 -68.944 0
      vertex 46.2347 -50.4184 0
    endloop
  endfacet
  facet normal 0 0 -1
    outer loop
      vertex 57.8509 -68.944 0
      vertex 45.0561 -50.7343 0
      vertex 45.6523 -50.6021 0
    endloop
  endfacet
  facet normal -0 0 -1
    outer loop
      vertex 57.8509 -68.944 0
      vertex 51.6219 -73.7237 0
      vertex 45.0561 -50.7343 0
    endloop
  endfacet
  facet normal 0 -0 -1
    outer loop
      vertex 45.0561 -50.7343 0
      vertex 51.6219 -73.7237 0
      vertex 44.4507 -50.814 0
    endloop
  endfacet
  facet normal 0 -0 -1
    outer loop
      vertex 44.4507 -50.814 0
      vertex 51.6219 -73.7237 0
      vertex 43.8406 -50.8406 0
    endloop
  endfacet
  facet normal -0 0 -1
    outer loop
      vertex 15.5001 -44.0321 0
      vertex 4.4995 -56.6377 0
      vertex 15.2924 -43.8727 0
    endloop
  endfacet
  facet normal 0 -0 -1
    outer loop
      vertex 20.1186 -42.3511 0
      vertex 36.8672 -44.4507 0
      vertex 20.0399 -42.6007 0
    endloop
  endfacet
  facet normal 0 0 -1
    outer loop
      vertex 2.39409 -55.4222 0
      vertex 1.81169 -55.2385 0
      vertex 14.4017 -42.6007 0
    endloop
  endfacet
  facet normal -0 0 -1
    outer loop
      vertex 14.4017 -42.6007 0
      vertex 1.81169 -55.2385 0
      vertex 14.323 -42.3511 0
    endloop
  endfacet
  facet normal 0 0 -1
    outer loop
      vertex 5.73409 -66.015 0
      vertex 6.06219 -65.5 0
      vertex 23.2937 -86.9333 0
    endloop
  endfacet
  facet normal 0 0 -1
    outer loop
      vertex 1.2155 -55.1063 0
      vertex 14.323 -42.3511 0
      vertex 1.81169 -55.2385 0
    endloop
  endfacet
  facet normal 0 0 -1
    outer loop
      vertex 1.2155 -55.1063 0
      vertex 14.2664 -42.0955 0
      vertex 14.323 -42.3511 0
    endloop
  endfacet
  facet normal 0 0 -1
    outer loop
      vertex 0.610092 -55.0266 0
      vertex 14.2322 -41.8361 0
      vertex 1.2155 -55.1063 0
    endloop
  endfacet
  facet normal 0 0 -1
    outer loop
      vertex 0.610092 -55.0266 0
      vertex 0 -30 0
      vertex 14.2322 -41.8361 0
    endloop
  endfacet
  facet normal 0 0 -1
    outer loop
      vertex 0 -30 0
      vertex 0.610092 -55.0266 0
      vertex 0 -55 0
    endloop
  endfacet
  facet normal 0 -0 -1
    outer loop
      vertex -37.0791 -45.6523 0
      vertex -6.34419 -59.0417 0
      vertex -37.2628 -46.2347 0
    endloop
  endfacet
  facet normal 0 0 -1
    outer loop
      vertex -2.61469 -29.8858 0
      vertex -0.610092 -55.0266 0
      vertex -1.2155 -55.1063 0
    endloop
  endfacet
  facet normal 0 0 -1
    outer loop
      vertex -5.73409 -57.985 0
      vertex -36.9469 -45.0561 0
      vertex -36.8672 -44.4507 0
    endloop
  endfacet
  facet normal -0 -0 -1
    outer loop
      vertex -2.61469 -29.8858 0
      vertex -1.81169 -55.2385 0
      vertex -5.2094 -29.5442 0
    endloop
  endfacet
  facet normal 0 0 -1
    outer loop
      vertex -5.36229 -57.5005 0
      vertex -36.8672 -44.4507 0
      vertex -36.8406 -43.8406 0
    endloop
  endfacet
  facet normal 0 0 -1
    outer loop
      vertex -5.2094 -29.5442 0
      vertex -2.39409 -55.4222 0
      vertex -2.9583 -55.6558 0
    endloop
  endfacet
  facet normal 0 0 -1
    outer loop
      vertex 2.61469 -29.8858 0
      vertex 14.2208 -41.5746 0
      vertex 14.2322 -41.8361 0
    endloop
  endfacet
  facet normal 0 -0 -1
    outer loop
      vertex 2.61469 -29.8858 0
      vertex 14.2322 -41.8361 0
      vertex 0 -30 0
    endloop
  endfacet
  facet normal -0 0 -1
    outer loop
      vertex 14.2322 -41.3131 0
      vertex 14.2208 -41.5746 0
      vertex 2.61469 -29.8858 0
    endloop
  endfacet
  facet normal 0 -0 -1
    outer loop
      vertex 5.2094 -29.5442 0
      vertex 14.2664 -41.0537 0
      vertex 2.61469 -29.8858 0
    endloop
  endfacet
  facet normal -0 0 -1
    outer loop
      vertex 14.2664 -41.0537 0
      vertex 14.2322 -41.3131 0
      vertex 2.61469 -29.8858 0
    endloop
  endfacet
  facet normal 0 0 -1
    outer loop
      vertex 5.2094 -29.5442 0
      vertex 14.323 -40.7981 0
      vertex 14.2664 -41.0537 0
    endloop
  endfacet
  facet normal 0 0 -1
    outer loop
      vertex 5.2094 -29.5442 0
      vertex 14.4017 -40.5485 0
      vertex 14.323 -40.7981 0
    endloop
  endfacet
  facet normal 0 0 -1
    outer loop
      vertex 14.6227 -40.0746 0
      vertex 5.2094 -29.5442 0
      vertex 7.76459 -28.9778 0
    endloop
  endfacet
  facet normal 0 0 -1
    outer loop
      vertex 14.5019 -40.3067 0
      vertex 5.2094 -29.5442 0
      vertex 14.6227 -40.0746 0
    endloop
  endfacet
  facet normal 0 0 -1
    outer loop
      vertex 14.6227 -40.0746 0
      vertex 7.76459 -28.9778 0
      vertex 14.7633 -39.8539 0
    endloop
  endfacet
  facet normal -0 0 -1
    outer loop
      vertex 14.9227 -39.6462 0
      vertex 14.7633 -39.8539 0
      vertex 7.76459 -28.9778 0
    endloop
  endfacet
  facet normal -0 0 -1
    outer loop
      vertex 15.0995 -39.4533 0
      vertex 14.9227 -39.6462 0
      vertex 7.76459 -28.9778 0
    endloop
  endfacet
  facet normal -0 0 -1
    outer loop
      vertex 15.2924 -39.2765 0
      vertex 15.0995 -39.4533 0
      vertex 7.76459 -28.9778 0
    endloop
  endfacet
  facet normal -0 0 -1
    outer loop
      vertex 15.5001 -39.1171 0
      vertex 15.2924 -39.2765 0
      vertex 10.2606 -28.1908 0
    endloop
  endfacet
  facet normal -0 0 -1
    outer loop
      vertex 15.7208 -38.9765 0
      vertex 15.5001 -39.1171 0
      vertex 10.2606 -28.1908 0
    endloop
  endfacet
  facet normal -0 0 -1
    outer loop
      vertex 15.9529 -38.8557 0
      vertex 15.7208 -38.9765 0
      vertex 10.2606 -28.1908 0
    endloop
  endfacet
  facet normal -0 0 -1
    outer loop
      vertex 16.1947 -38.7555 0
      vertex 15.9529 -38.8557 0
      vertex 10.2606 -28.1908 0
    endloop
  endfacet
  facet normal 0 -0 -1
    outer loop
      vertex 12.6785 -27.1892 0
      vertex 16.1947 -38.7555 0
      vertex 10.2606 -28.1908 0
    endloop
  endfacet
  facet normal 0 0 -1
    outer loop
      vertex 12.6785 -27.1892 0
      vertex 16.4443 -38.6768 0
      vertex 16.1947 -38.7555 0
    endloop
  endfacet
  facet normal 0 0 -1
    outer loop
      vertex 12.6785 -27.1892 0
      vertex 16.6999 -38.6202 0
      vertex 16.4443 -38.6768 0
    endloop
  endfacet
  facet normal 0 0 -1
    outer loop
      vertex 12.6785 -27.1892 0
      vertex 16.9593 -38.586 0
      vertex 16.6999 -38.6202 0
    endloop
  endfacet
  facet normal 0 0 -1
    outer loop
      vertex 12.6785 -27.1892 0
      vertex 15 -25.9808 0
      vertex 16.9593 -38.586 0
    endloop
  endfacet
  facet normal 0 0 -1
    outer loop
      vertex 16.9593 -38.586 0
      vertex 15 -25.9808 0
      vertex 17.2208 -38.5746 0
    endloop
  endfacet
  facet normal 0 0 -1
    outer loop
      vertex 17.2208 -38.5746 0
      vertex 15 -25.9808 0
      vertex 17.4823 -38.586 0
    endloop
  endfacet
  facet normal 0 0 -1
    outer loop
      vertex 17.4823 -38.586 0
      vertex 15 -25.9808 0
      vertex 17.7417 -38.6202 0
    endloop
  endfacet
  facet normal 0 0 -1
    outer loop
      vertex 17.7417 -38.6202 0
      vertex 15 -25.9808 0
      vertex 17.9973 -38.6768 0
    endloop
  endfacet
  facet normal 0 0 -1
    outer loop
      vertex 19.2836 -22.9813 0
      vertex 19.1492 -39.2765 0
      vertex 18.9415 -39.1171 0
    endloop
  endfacet
  facet normal 0 0 -1
    outer loop
      vertex 17.2073 -24.5746 0
      vertex 18.9415 -39.1171 0
      vertex 18.7208 -38.9765 0
    endloop
  endfacet
  facet normal 0 0 -1
    outer loop
      vertex 19.5189 -39.6462 0
      vertex 19.2836 -22.9813 0
      vertex 21.2132 -21.2132 0
    endloop
  endfacet
  facet normal 0 0 -1
    outer loop
      vertex 19.5189 -39.6462 0
      vertex 38.4783 -39.3411 0
      vertex 38.1065 -39.8256 0
    endloop
  endfacet
  facet normal 0 0 -1
    outer loop
      vertex 19.6783 -39.8539 0
      vertex 38.1065 -39.8256 0
      vertex 19.8189 -40.0746 0
    endloop
  endfacet
  facet normal 0 0 -1
    outer loop
      vertex 19.8189 -40.0746 0
      vertex 38.1065 -39.8256 0
      vertex 37.7784 -40.3406 0
    endloop
  endfacet
  facet normal 0 0 -1
    outer loop
      vertex 19.9397 -40.3067 0
      vertex 19.8189 -40.0746 0
      vertex 37.7784 -40.3406 0
    endloop
  endfacet
  facet normal 0 0 -1
    outer loop
      vertex 20.0399 -40.5485 0
      vertex 19.9397 -40.3067 0
      vertex 37.4964 -40.8823 0
    endloop
  endfacet
  facet normal 0 0 -1
    outer loop
      vertex 37.2628 -41.4465 0
      vertex 20.0399 -40.5485 0
      vertex 37.4964 -40.8823 0
    endloop
  endfacet
  facet normal 0 0 -1
    outer loop
      vertex 37.2628 -41.4465 0
      vertex 20.1186 -40.7981 0
      vertex 20.0399 -40.5485 0
    endloop
  endfacet
  facet normal 0 0 -1
    outer loop
      vertex 37.0791 -42.0289 0
      vertex 20.1752 -41.0537 0
      vertex 37.2628 -41.4465 0
    endloop
  endfacet
  facet normal 0 0 -1
    outer loop
      vertex 37.0791 -42.0289 0
      vertex 20.2094 -41.3131 0
      vertex 20.1752 -41.0537 0
    endloop
  endfacet
  facet normal -0 0 -1
    outer loop
      vertex 37.0791 -42.0289 0
      vertex 36.9469 -42.6251 0
      vertex 20.2094 -41.3131 0
    endloop
  endfacet
  facet normal -0 0 -1
    outer loop
      vertex 36.9469 -42.6251 0
      vertex 36.8672 -43.2305 0
      vertex 20.2208 -41.5746 0
    endloop
  endfacet
  facet normal 0 -0 -1
    outer loop
      vertex 20.2208 -41.5746 0
      vertex 36.8672 -43.2305 0
      vertex 20.2094 -41.8361 0
    endloop
  endfacet
  facet normal 0 -0 -1
    outer loop
      vertex 20.2094 -41.8361 0
      vertex 36.8672 -43.2305 0
      vertex 20.1752 -42.0955 0
    endloop
  endfacet
  facet normal 0 -0 -1
    outer loop
      vertex 20.1752 -42.0955 0
      vertex 36.8406 -43.8406 0
      vertex 20.1186 -42.3511 0
    endloop
  endfacet
  facet normal 0 0 -1
    outer loop
      vertex 20.1186 -42.3511 0
      vertex 36.8406 -43.8406 0
      vertex 36.8672 -44.4507 0
    endloop
  endfacet
  facet normal 0 0 -1
    outer loop
      vertex 20.0399 -42.6007 0
      vertex 36.8672 -44.4507 0
      vertex 36.9469 -45.0561 0
    endloop
  endfacet
  facet normal 0 0 -1
    outer loop
      vertex 19.9397 -42.8425 0
      vertex 20.0399 -42.6007 0
      vertex 36.9469 -45.0561 0
    endloop
  endfacet
  facet normal 0 0 -1
    outer loop
      vertex 19.8189 -43.0746 0
      vertex 19.9397 -42.8425 0
      vertex 36.9469 -45.0561 0
    endloop
  endfacet
  facet normal 0 0 -1
    outer loop
      vertex 19.6783 -43.2953 0
      vertex 19.8189 -43.0746 0
      vertex 37.0791 -45.6523 0
    endloop
  endfacet
  facet normal 0 0 -1
    outer loop
      vertex 37.2628 -46.2347 0
      vertex 19.6783 -43.2953 0
      vertex 37.0791 -45.6523 0
    endloop
  endfacet
  facet normal 0 0 -1
    outer loop
      vertex 37.4964 -46.7989 0
      vertex 19.5189 -43.503 0
      vertex 37.2628 -46.2347 0
    endloop
  endfacet
  facet normal 0 0 -1
    outer loop
      vertex 37.4964 -46.7989 0
      vertex 19.3421 -43.6959 0
      vertex 19.5189 -43.503 0
    endloop
  endfacet
  facet normal 0 0 -1
    outer loop
      vertex 37.7784 -47.3406 0
      vertex 19.1492 -43.8727 0
      vertex 37.4964 -46.7989 0
    endloop
  endfacet
  facet normal 0 0 -1
    outer loop
      vertex 37.7784 -47.3406 0
      vertex 18.9415 -44.0321 0
      vertex 19.1492 -43.8727 0
    endloop
  endfacet
  facet normal 0 0 -1
    outer loop
      vertex 38.1065 -47.8556 0
      vertex 18.7208 -44.1727 0
      vertex 18.9415 -44.0321 0
    endloop
  endfacet
  facet normal -0 -0 -1
    outer loop
      vertex 38.1065 -47.8556 0
      vertex 38.4783 -48.3401 0
      vertex 18.7208 -44.1727 0
    endloop
  endfacet
  facet normal -0 -0 -1
    outer loop
      vertex 38.4783 -48.3401 0
      vertex 38.8909 -48.7903 0
      vertex 18.4887 -44.2935 0
    endloop
  endfacet
  facet normal 0 -0 -1
    outer loop
      vertex 18.4887 -44.2935 0
      vertex 38.8909 -48.7903 0
      vertex 18.2469 -44.3937 0
    endloop
  endfacet
  facet normal 0 0 -1
    outer loop
      vertex 17.4823 -44.5632 0
      vertex 6.57779 -59.6059 0
      vertex 17.2208 -44.5746 0
    endloop
  endfacet
  facet normal 0 0 -1
    outer loop
      vertex 6.57779 -59.6059 0
      vertex 6.34419 -59.0417 0
      vertex 16.9593 -44.5632 0
    endloop
  endfacet
  facet normal 0 0 -1
    outer loop
      vertex 6.57779 -59.6059 0
      vertex 16.9593 -44.5632 0
      vertex 17.2208 -44.5746 0
    endloop
  endfacet
  facet normal -0 0 -1
    outer loop
      vertex 15.7208 -44.1727 0
      vertex 4.94969 -57.0503 0
      vertex 15.5001 -44.0321 0
    endloop
  endfacet
  facet normal 0 0 -1
    outer loop
      vertex 15.9529 -44.2935 0
      vertex 5.73409 -57.985 0
      vertex 5.36229 -57.5005 0
    endloop
  endfacet
  facet normal 0 0 -1
    outer loop
      vertex -0.610092 -68.9734 0
      vertex 0 -69 0
      vertex 0 -90 0
    endloop
  endfacet
  facet normal 0 0 -1
    outer loop
      vertex -0.610092 -55.0266 0
      vertex 0 -30 0
      vertex 0 -55 0
    endloop
  endfacet
  facet normal -0 0 -1
    outer loop
      vertex -4.94969 -66.9497 0
      vertex -15.6283 -88.6327 0
      vertex -5.36229 -66.4995 0
    endloop
  endfacet
  facet normal 0 -0 -1
    outer loop
      vertex -2.9583 -68.3442 0
      vertex -2.39409 -68.5778 0
      vertex -7.84399 -89.6575 0
    endloop
  endfacet
  facet normal 0 -0 -1
    outer loop
      vertex -3.5 -68.0622 0
      vertex -2.9583 -68.3442 0
      vertex -7.84399 -89.6575 0
    endloop
  endfacet
  facet normal 0 -0 -1
    outer loop
      vertex -4.015 -67.7341 0
      vertex -3.5 -68.0622 0
      vertex -7.84399 -89.6575 0
    endloop
  endfacet
  facet normal 0 0 -1
    outer loop
      vertex -15.6283 -88.6327 0
      vertex -4.015 -67.7341 0
      vertex -7.84399 -89.6575 0
    endloop
  endfacet
  facet normal 0 0 -1
    outer loop
      vertex -15.6283 -88.6327 0
      vertex -4.94969 -66.9497 0
      vertex -4.4995 -67.3623 0
    endloop
  endfacet
  facet normal 0 0 -1
    outer loop
      vertex -15.6283 -88.6327 0
      vertex -4.4995 -67.3623 0
      vertex -4.015 -67.7341 0
    endloop
  endfacet
  facet normal 0 0 -1
    outer loop
      vertex -23.2937 -86.9333 0
      vertex -30.7818 -84.5723 0
      vertex -6.57779 -64.3941 0
    endloop
  endfacet
  facet normal 0 0 -1
    outer loop
      vertex -30.7818 -84.5723 0
      vertex -6.97339 -62.6101 0
      vertex -6.89369 -63.2155 0
    endloop
  endfacet
  facet normal 0 0 -1
    outer loop
      vertex -38.0356 -81.5677 0
      vertex -39.3411 -49.2029 0
      vertex -6.97339 -62.6101 0
    endloop
  endfacet
  facet normal 0 0 -1
    outer loop
      vertex -6.97339 -62.6101 0
      vertex -39.3411 -49.2029 0
      vertex -7 -62 0
    endloop
  endfacet
  facet normal 0 0 -1
    outer loop
      vertex -7 -62 0
      vertex -39.3411 -49.2029 0
      vertex -38.8909 -48.7903 0
    endloop
  endfacet
  facet normal 0 -0 -1
    outer loop
      vertex -38.4783 -48.3401 0
      vertex -7 -62 0
      vertex -38.8909 -48.7903 0
    endloop
  endfacet
  facet normal 0 0 -1
    outer loop
      vertex -38.4783 -48.3401 0
      vertex -6.97339 -61.3899 0
      vertex -7 -62 0
    endloop
  endfacet
  facet normal 0 0 -1
    outer loop
      vertex -38.4783 -48.3401 0
      vertex -38.1065 -47.8556 0
      vertex -6.97339 -61.3899 0
    endloop
  endfacet
  facet normal 0 0 -1
    outer loop
      vertex -38.1065 -47.8556 0
      vertex -37.7784 -47.3406 0
      vertex -6.89369 -60.7845 0
    endloop
  endfacet
  facet normal 0 0 -1
    outer loop
      vertex -6.89369 -60.7845 0
      vertex -37.7784 -47.3406 0
      vertex -6.76149 -60.1883 0
    endloop
  endfacet
  facet normal 0 0 -1
    outer loop
      vertex -6.76149 -60.1883 0
      vertex -37.7784 -47.3406 0
      vertex -37.4964 -46.7989 0
    endloop
  endfacet
  facet normal 0 -0 -1
    outer loop
      vertex -37.2628 -46.2347 0
      vertex -6.34419 -59.0417 0
      vertex -37.4964 -46.7989 0
    endloop
  endfacet
  facet normal 0 0 -1
    outer loop
      vertex -37.0791 -45.6523 0
      vertex -6.06219 -58.5 0
      vertex -6.34419 -59.0417 0
    endloop
  endfacet
  facet normal 0 0 -1
    outer loop
      vertex -6.06219 -58.5 0
      vertex -37.0791 -45.6523 0
      vertex -36.9469 -45.0561 0
    endloop
  endfacet
  facet normal 0 0 -1
    outer loop
      vertex -5.73409 -57.985 0
      vertex -36.8672 -44.4507 0
      vertex -5.36229 -57.5005 0
    endloop
  endfacet
  facet normal 0 0 -1
    outer loop
      vertex -5.36229 -57.5005 0
      vertex -36.8406 -43.8406 0
      vertex -4.94969 -57.0503 0
    endloop
  endfacet
  facet normal 0 0 -1
    outer loop
      vertex -10.2606 -28.1908 0
      vertex -4.4995 -56.6377 0
      vertex -4.94969 -57.0503 0
    endloop
  endfacet
  facet normal 0 0 -1
    outer loop
      vertex -10.2606 -28.1908 0
      vertex -4.015 -56.2659 0
      vertex -4.4995 -56.6377 0
    endloop
  endfacet
  facet normal 0 0 -1
    outer loop
      vertex -10.2606 -28.1908 0
      vertex -7.76459 -28.9778 0
      vertex -4.015 -56.2659 0
    endloop
  endfacet
  facet normal 0 0 -1
    outer loop
      vertex -4.015 -56.2659 0
      vertex -7.76459 -28.9778 0
      vertex -3.5 -55.9378 0
    endloop
  endfacet
  facet normal 0 0 -1
    outer loop
      vertex -3.5 -55.9378 0
      vertex -7.76459 -28.9778 0
      vertex -2.9583 -55.6558 0
    endloop
  endfacet
  facet normal 0 0 -1
    outer loop
      vertex -2.9583 -55.6558 0
      vertex -7.76459 -28.9778 0
      vertex -5.2094 -29.5442 0
    endloop
  endfacet
  facet normal -0 0 -1
    outer loop
      vertex -1.81169 -55.2385 0
      vertex -2.39409 -55.4222 0
      vertex -5.2094 -29.5442 0
    endloop
  endfacet
  facet normal 0 -0 -1
    outer loop
      vertex 14.2322 -41.8361 0
      vertex 14.2664 -42.0955 0
      vertex 1.2155 -55.1063 0
    endloop
  endfacet
  facet normal 0 0 -1
    outer loop
      vertex 2.39409 -55.4222 0
      vertex 14.4017 -42.6007 0
      vertex 14.5019 -42.8425 0
    endloop
  endfacet
  facet normal 0 0 -1
    outer loop
      vertex 2.9583 -55.6558 0
      vertex 14.5019 -42.8425 0
      vertex 14.6227 -43.0746 0
    endloop
  endfacet
  facet normal -0 0 -1
    outer loop
      vertex 14.7633 -43.2953 0
      vertex 2.9583 -55.6558 0
      vertex 14.6227 -43.0746 0
    endloop
  endfacet
  facet normal -0 0 -1
    outer loop
      vertex 14.9227 -43.503 0
      vertex 3.5 -55.9378 0
      vertex 14.7633 -43.2953 0
    endloop
  endfacet
  facet normal 0 0 -1
    outer loop
      vertex 14.9227 -43.503 0
      vertex 4.015 -56.2659 0
      vertex 3.5 -55.9378 0
    endloop
  endfacet
  facet normal 0 0 -1
    outer loop
      vertex 15.0995 -43.6959 0
      vertex 4.4995 -56.6377 0
      vertex 4.015 -56.2659 0
    endloop
  endfacet
  facet normal 0 -0 -1
    outer loop
      vertex 15.0995 -43.6959 0
      vertex 15.2924 -43.8727 0
      vertex 4.4995 -56.6377 0
    endloop
  endfacet
  facet normal 0 0 -1
    outer loop
      vertex 4.4995 -56.6377 0
      vertex 15.5001 -44.0321 0
      vertex 4.94969 -57.0503 0
    endloop
  endfacet
  facet normal 0 0 -1
    outer loop
      vertex 4.94969 -57.0503 0
      vertex 15.7208 -44.1727 0
      vertex 5.36229 -57.5005 0
    endloop
  endfacet
  facet normal 0 0 -1
    outer loop
      vertex 5.36229 -57.5005 0
      vertex 15.7208 -44.1727 0
      vertex 15.9529 -44.2935 0
    endloop
  endfacet
  facet normal -0 0 -1
    outer loop
      vertex 16.1947 -44.3937 0
      vertex 5.73409 -57.985 0
      vertex 15.9529 -44.2935 0
    endloop
  endfacet
  facet normal 0 -0 -1
    outer loop
      vertex 16.1947 -44.3937 0
      vertex 16.4443 -44.4724 0
      vertex 5.73409 -57.985 0
    endloop
  endfacet
  facet normal 0 -0 -1
    outer loop
      vertex 16.4443 -44.4724 0
      vertex 16.6999 -44.529 0
      vertex 6.06219 -58.5 0
    endloop
  endfacet
  facet normal 0 0 -1
    outer loop
      vertex 6.06219 -58.5 0
      vertex 16.6999 -44.529 0
      vertex 6.34419 -59.0417 0
    endloop
  endfacet
  facet normal 0 0 -1
    outer loop
      vertex 6.34419 -59.0417 0
      vertex 16.6999 -44.529 0
      vertex 16.9593 -44.5632 0
    endloop
  endfacet
  facet normal 0 0 -1
    outer loop
      vertex 6.89369 -60.7845 0
      vertex 6.76149 -60.1883 0
      vertex 17.7417 -44.529 0
    endloop
  endfacet
  facet normal 0 0 -1
    outer loop
      vertex 17.9973 -44.4724 0
      vertex 6.89369 -60.7845 0
      vertex 17.7417 -44.529 0
    endloop
  endfacet
  facet normal 0 0 -1
    outer loop
      vertex 17.9973 -44.4724 0
      vertex 6.97339 -61.3899 0
      vertex 6.89369 -60.7845 0
    endloop
  endfacet
  facet normal 0 -0 -1
    outer loop
      vertex 17.9973 -44.4724 0
      vertex 18.2469 -44.3937 0
      vertex 6.97339 -61.3899 0
    endloop
  endfacet
  facet normal 0 0 -1
    outer loop
      vertex 6.97339 -61.3899 0
      vertex 18.2469 -44.3937 0
      vertex 7 -62 0
    endloop
  endfacet
  facet normal -0 0 -1
    outer loop
      vertex 39.3411 -49.2029 0
      vertex 7 -62 0
      vertex 38.8909 -48.7903 0
    endloop
  endfacet
  facet normal 0 0 -1
    outer loop
      vertex 7 -62 0
      vertex 18.2469 -44.3937 0
      vertex 38.8909 -48.7903 0
    endloop
  endfacet
  facet normal 0 0 -1
    outer loop
      vertex 6.97339 -62.6101 0
      vertex 7 -62 0
      vertex 39.3411 -49.2029 0
    endloop
  endfacet
  facet normal 0 0 -1
    outer loop
      vertex 30.7818 -84.5723 0
      vertex 6.97339 -62.6101 0
      vertex 38.0356 -81.5677 0
    endloop
  endfacet
  facet normal 0 0 -1
    outer loop
      vertex 30.7818 -84.5723 0
      vertex 6.89369 -63.2155 0
      vertex 6.97339 -62.6101 0
    endloop
  endfacet
  facet normal 0 0 -1
    outer loop
      vertex 30.7818 -84.5723 0
      vertex 6.76149 -63.8117 0
      vertex 6.89369 -63.2155 0
    endloop
  endfacet
  facet normal 0 0 -1
    outer loop
      vertex 30.7818 -84.5723 0
      vertex 6.57779 -64.3941 0
      vertex 6.76149 -63.8117 0
    endloop
  endfacet
  facet normal -0 0 -1
    outer loop
      vertex 30.7818 -84.5723 0
      vertex 23.2937 -86.9333 0
      vertex 6.57779 -64.3941 0
    endloop
  endfacet
  facet normal 0 -0 -1
    outer loop
      vertex 6.57779 -64.3941 0
      vertex 23.2937 -86.9333 0
      vertex 6.34419 -64.9583 0
    endloop
  endfacet
  facet normal 0 -0 -1
    outer loop
      vertex 6.34419 -64.9583 0
      vertex 23.2937 -86.9333 0
      vertex 6.06219 -65.5 0
    endloop
  endfacet
  facet normal 0 0 -1
    outer loop
      vertex 23.2937 -86.9333 0
      vertex 5.36229 -66.4995 0
      vertex 5.73409 -66.015 0
    endloop
  endfacet
  facet normal -0 0 -1
    outer loop
      vertex 23.2937 -86.9333 0
      vertex 15.6283 -88.6327 0
      vertex 5.36229 -66.4995 0
    endloop
  endfacet
  facet normal 0 -0 -1
    outer loop
      vertex 5.36229 -66.4995 0
      vertex 15.6283 -88.6327 0
      vertex 4.94969 -66.9497 0
    endloop
  endfacet
  facet normal 0 -0 -1
    outer loop
      vertex 4.94969 -66.9497 0
      vertex 15.6283 -88.6327 0
      vertex 4.4995 -67.3623 0
    endloop
  endfacet
  facet normal 0 -0 -1
    outer loop
      vertex 4.4995 -67.3623 0
      vertex 15.6283 -88.6327 0
      vertex 4.015 -67.7341 0
    endloop
  endfacet
  facet normal 0 0 -1
    outer loop
      vertex 4.015 -67.7341 0
      vertex 15.6283 -88.6327 0
      vertex 7.84399 -89.6575 0
    endloop
  endfacet
  facet normal 0 0 -1
    outer loop
      vertex 3.5 -68.0622 0
      vertex 4.015 -67.7341 0
      vertex 7.84399 -89.6575 0
    endloop
  endfacet
  facet normal 0 0 -1
    outer loop
      vertex 2.9583 -68.3442 0
      vertex 3.5 -68.0622 0
      vertex 7.84399 -89.6575 0
    endloop
  endfacet
  facet normal 0 0 -1
    outer loop
      vertex 2.39409 -68.5778 0
      vertex 2.9583 -68.3442 0
      vertex 7.84399 -89.6575 0
    endloop
  endfacet
  facet normal 0 -0 -1
    outer loop
      vertex 1.81169 -68.7615 0
      vertex 7.84399 -89.6575 0
      vertex 1.2155 -68.8937 0
    endloop
  endfacet
  facet normal 0 -0 -1
    outer loop
      vertex 1.2155 -68.8937 0
      vertex 7.84399 -89.6575 0
      vertex 0 -90 0
    endloop
  endfacet
  facet normal 0 0 -1
    outer loop
      vertex 0 -69 0
      vertex 0.610092 -68.9734 0
      vertex 0 -90 0
    endloop
  endfacet
  facet normal 0 -0 -1
    outer loop
      vertex 0.610092 -68.9734 0
      vertex 1.2155 -68.8937 0
      vertex 0 -90 0
    endloop
  endfacet
  facet normal 0 0 1
    outer loop
      vertex 57.985 -5.73409 15
      vertex 57.5005 -5.36229 15
      vertex 44.4507 -36.8672 15
    endloop
  endfacet
  facet normal 0 0 1
    outer loop
      vertex 21.2132 21.2132 15
      vertex 39.3411 38.4783 15
      vertex 38.8909 38.8909 15
    endloop
  endfacet
  facet normal 0 0 1
    outer loop
      vertex 40.0746 14.6227 15
      vertex 39.8539 14.7633 15
      vertex 28.9778 7.76459 15
    endloop
  endfacet
  facet normal 0 0 1
    outer loop
      vertex -19.5189 39.6462 15
      vertex -19.2836 22.9813 15
      vertex -19.3421 39.4533 15
    endloop
  endfacet
  facet normal -0 0 1
    outer loop
      vertex 19.2836 22.9813 15
      vertex 21.2132 21.2132 15
      vertex 38.4783 39.3411 15
    endloop
  endfacet
  facet normal 0 0 1
    outer loop
      vertex -5.73409 57.985 15
      vertex -16.1947 44.3937 15
      vertex -15.9529 44.2935 15
    endloop
  endfacet
  facet normal 0 -0 1
    outer loop
      vertex 39.2765 19.1492 15
      vertex 39.4533 19.3421 15
      vertex 22.9813 19.2836 15
    endloop
  endfacet
  facet normal 0 0 1
    outer loop
      vertex 39.8539 14.7633 15
      vertex 39.6462 14.9227 15
      vertex 28.9778 7.76459 15
    endloop
  endfacet
  facet normal 0 0 1
    outer loop
      vertex 41.0537 14.2664 15
      vertex 29.8858 2.61469 15
      vertex 41.3131 14.2322 15
    endloop
  endfacet
  facet normal 0 0 1
    outer loop
      vertex -14.2322 41.3131 15
      vertex -14.2664 41.0537 15
      vertex -2.61469 29.8858 15
    endloop
  endfacet
  facet normal 0 0 1
    outer loop
      vertex -2.9583 55.6558 15
      vertex -14.6227 43.0746 15
      vertex -14.5019 42.8425 15
    endloop
  endfacet
  facet normal 0 -0 1
    outer loop
      vertex -7.76459 28.9778 15
      vertex -5.2094 29.5442 15
      vertex -14.6227 40.0746 15
    endloop
  endfacet
  facet normal 0 0 1
    outer loop
      vertex -1.2155 55.1063 15
      vertex -14.2322 41.8361 15
      vertex -0.610092 55.0266 15
    endloop
  endfacet
  facet normal 0 0 1
    outer loop
      vertex -2.61469 29.8858 15
      vertex -14.2664 41.0537 15
      vertex -5.2094 29.5442 15
    endloop
  endfacet
  facet normal 0 0 1
    outer loop
      vertex 77.9423 45 15
      vertex 50.814 43.2305 15
      vertex 50.7343 42.6251 15
    endloop
  endfacet
  facet normal -0 0 1
    outer loop
      vertex -14.323 42.3511 15
      vertex -14.2664 42.0955 15
      vertex -1.2155 55.1063 15
    endloop
  endfacet
  facet normal -0 0 1
    outer loop
      vertex 6.57779 59.6059 15
      vertex 37.4964 46.7989 15
      vertex 6.76149 60.1883 15
    endloop
  endfacet
  facet normal 0 0 1
    outer loop
      vertex 7.76459 28.9778 15
      vertex 3.5 55.9378 15
      vertex 2.9583 55.6558 15
    endloop
  endfacet
  facet normal 0 0 1
    outer loop
      vertex 2.9583 55.6558 15
      vertex 2.39409 55.4222 15
      vertex 5.2094 29.5442 15
    endloop
  endfacet
  facet normal 0 0 1
    outer loop
      vertex 1.81169 55.2385 15
      vertex 2.61469 29.8858 15
      vertex 5.2094 29.5442 15
    endloop
  endfacet
  facet normal 0 0 1
    outer loop
      vertex 0 55 15
      vertex -0.610092 55.0266 15
      vertex 0 30 15
    endloop
  endfacet
  facet normal 0 0 1
    outer loop
      vertex 7.84399 89.6575 15
      vertex 2.9583 68.3442 15
      vertex 3.5 68.0622 15
    endloop
  endfacet
  facet normal 0 0 1
    outer loop
      vertex 23.2937 86.9333 15
      vertex 6.06219 65.5 15
      vertex 6.34419 64.9583 15
    endloop
  endfacet
  facet normal 0 0 1
    outer loop
      vertex 15.6283 88.6327 15
      vertex 4.94969 66.9497 15
      vertex 5.36229 66.4995 15
    endloop
  endfacet
  facet normal -0 0 1
    outer loop
      vertex 6.76149 63.8117 15
      vertex 6.89369 63.2155 15
      vertex 30.7818 84.5723 15
    endloop
  endfacet
  facet normal 0 -0 1
    outer loop
      vertex -50.1848 46.7989 15
      vertex -49.9028 47.3406 15
      vertex -68.944 57.8509 15
    endloop
  endfacet
  facet normal 0 0 1
    outer loop
      vertex -2.9583 68.3442 15
      vertex -7.84399 89.6575 15
      vertex -3.5 68.0622 15
    endloop
  endfacet
  facet normal -0 0 1
    outer loop
      vertex -51.6219 73.7237 15
      vertex -43.2305 50.814 15
      vertex -45 77.9423 15
    endloop
  endfacet
  facet normal 0 0 1
    outer loop
      vertex -3.5 68.0622 15
      vertex -7.84399 89.6575 15
      vertex -4.015 67.7341 15
    endloop
  endfacet
  facet normal 0 0 1
    outer loop
      vertex -6.06219 65.5 15
      vertex -23.2937 86.9333 15
      vertex -6.34419 64.9583 15
    endloop
  endfacet
  facet normal 0 0 1
    outer loop
      vertex 40.8823 -37.4964 15
      vertex 24.5746 -17.2073 15
      vertex 40.3406 -37.7784 15
    endloop
  endfacet
  facet normal 0 0 1
    outer loop
      vertex -46.2347 50.4184 15
      vertex -57.8509 68.944 15
      vertex -46.7989 50.1848 15
    endloop
  endfacet
  facet normal 0 0 1
    outer loop
      vertex -6.76149 60.1883 15
      vertex -17.4823 44.5632 15
      vertex -6.57779 59.6059 15
    endloop
  endfacet
  facet normal 0 0 1
    outer loop
      vertex -21.2132 21.2132 15
      vertex -19.2836 22.9813 15
      vertex -19.5189 39.6462 15
    endloop
  endfacet
  facet normal 0 0 1
    outer loop
      vertex -37.7784 40.3406 15
      vertex -38.1065 39.8256 15
      vertex -19.8189 40.0746 15
    endloop
  endfacet
  facet normal 0 -0 1
    outer loop
      vertex -38.5746 -17.2208 15
      vertex -25.9808 -15 15
      vertex -38.586 -16.9593 15
    endloop
  endfacet
  facet normal 0 -0 1
    outer loop
      vertex -50.8406 -43.8406 15
      vertex -50.814 -43.2305 15
      vertex -73.7237 -51.6219 15
    endloop
  endfacet
  facet normal 0 0 1
    outer loop
      vertex -18.9415 39.1171 15
      vertex -19.1492 39.2765 15
      vertex -19.2836 22.9813 15
    endloop
  endfacet
  facet normal -0 0 1
    outer loop
      vertex -23.2937 -86.9333 15
      vertex -15.6283 -88.6327 15
      vertex -5.36229 -66.4995 15
    endloop
  endfacet
  facet normal 0 0 1
    outer loop
      vertex -64.9583 6.34419 15
      vertex -86.9333 23.2937 15
      vertex -65.5 6.06219 15
    endloop
  endfacet
  facet normal 0 0 1
    outer loop
      vertex 2.39409 -68.5778 15
      vertex 1.81169 -68.7615 15
      vertex 7.84399 -89.6575 15
    endloop
  endfacet
  facet normal -0 0 1
    outer loop
      vertex -38.1065 39.8256 15
      vertex -19.5189 39.6462 15
      vertex -19.6783 39.8539 15
    endloop
  endfacet
  facet normal 0 0 1
    outer loop
      vertex -38.1065 39.8256 15
      vertex -38.4783 39.3411 15
      vertex -19.5189 39.6462 15
    endloop
  endfacet
  facet normal 0 -0 1
    outer loop
      vertex -39.8256 -38.1065 15
      vertex -39.6462 -19.5189 15
      vertex -39.8539 -19.6783 15
    endloop
  endfacet
  facet normal 0 0 1
    outer loop
      vertex -15 25.9808 15
      vertex -17.4823 38.586 15
      vertex -17.7417 38.6202 15
    endloop
  endfacet
  facet normal -0 0 1
    outer loop
      vertex 17.2073 24.5746 15
      vertex 19.2836 22.9813 15
      vertex 37.7784 40.3406 15
    endloop
  endfacet
  facet normal 0 0 1
    outer loop
      vertex 0 -90 15
      vertex -0.610092 -68.9734 15
      vertex -1.2155 -68.8937 15
    endloop
  endfacet
  facet normal 0 0 1
    outer loop
      vertex -18.7208 38.9765 15
      vertex -18.9415 39.1171 15
      vertex -17.2073 24.5746 15
    endloop
  endfacet
  facet normal 0 0 1
    outer loop
      vertex -12.6785 -27.1892 15
      vertex -36.8672 -43.2305 15
      vertex -36.8406 -43.8406 15
    endloop
  endfacet
  facet normal 0 0 1
    outer loop
      vertex -17.2073 -24.5746 15
      vertex -37.7784 -40.3406 15
      vertex -37.4964 -40.8823 15
    endloop
  endfacet
  facet normal 0 0 1
    outer loop
      vertex -40.3406 37.7784 15
      vertex -24.5746 17.2073 15
      vertex -22.9813 19.2836 15
    endloop
  endfacet
  facet normal 0 0 1
    outer loop
      vertex 4.94969 57.0503 15
      vertex 10.2606 28.1908 15
      vertex 36.8406 43.8406 15
    endloop
  endfacet
  facet normal 0 0 1
    outer loop
      vertex 42.6251 -50.7343 15
      vertex 42.0289 -50.6021 15
      vertex 45 -77.9423 15
    endloop
  endfacet
  facet normal 0 -0 1
    outer loop
      vertex -63.8117 6.76149 15
      vertex -63.2155 6.89369 15
      vertex -84.5723 30.7818 15
    endloop
  endfacet
  facet normal 0 0 1
    outer loop
      vertex 37.0791 -45.6523 15
      vertex 36.9469 -45.0561 15
      vertex 19.8189 -43.0746 15
    endloop
  endfacet
  facet normal 0 0 1
    outer loop
      vertex 40.3067 14.5019 15
      vertex 40.0746 14.6227 15
      vertex 29.5442 5.2094 15
    endloop
  endfacet
  facet normal -0 0 1
    outer loop
      vertex 47.8556 -38.1065 15
      vertex 48.3401 -38.4783 15
      vertex 61.3899 -6.97339 15
    endloop
  endfacet
  facet normal 0 0 1
    outer loop
      vertex -15 25.9808 15
      vertex -17.2208 38.5746 15
      vertex -17.4823 38.586 15
    endloop
  endfacet
  facet normal 0 -0 1
    outer loop
      vertex 15 25.9808 15
      vertex 36.9469 42.6251 15
      vertex 12.6785 27.1892 15
    endloop
  endfacet
  facet normal 0 0 1
    outer loop
      vertex 0 90 15
      vertex 0.610092 68.9734 15
      vertex 1.2155 68.8937 15
    endloop
  endfacet
  facet normal 0 0 1
    outer loop
      vertex -38.0356 81.5677 15
      vertex -40.8823 50.1848 15
      vertex -40.3406 49.9028 15
    endloop
  endfacet
  facet normal 0 -0 1
    outer loop
      vertex -18.4887 44.2935 15
      vertex -18.2469 44.3937 15
      vertex -38.8909 48.7903 15
    endloop
  endfacet
  facet normal 0 -0 1
    outer loop
      vertex -73.7237 -51.6219 15
      vertex -50.814 -43.2305 15
      vertex -77.9423 -45 15
    endloop
  endfacet
  facet normal 0 0 1
    outer loop
      vertex -43.8406 36.8406 15
      vertex -57.5005 5.36229 15
      vertex -57.0503 4.94969 15
    endloop
  endfacet
  facet normal 0 0 1
    outer loop
      vertex -38.1065 47.8556 15
      vertex -18.9415 44.0321 15
      vertex -18.7208 44.1727 15
    endloop
  endfacet
  facet normal 0 0 1
    outer loop
      vertex -68.5778 -2.39409 15
      vertex -68.7615 -1.81169 15
      vertex -89.6575 -7.84399 15
    endloop
  endfacet
  facet normal 0 -0 1
    outer loop
      vertex -66.4995 5.36229 15
      vertex -66.015 5.73409 15
      vertex -86.9333 23.2937 15
    endloop
  endfacet
  facet normal 0 0 1
    outer loop
      vertex -39.3411 49.2029 15
      vertex -7 62 15
      vertex -6.97339 62.6101 15
    endloop
  endfacet
  facet normal -0 0 1
    outer loop
      vertex -40.3406 49.9028 15
      vertex -39.8256 49.5747 15
      vertex -38.0356 81.5677 15
    endloop
  endfacet
  facet normal 0 0 1
    outer loop
      vertex -50.8406 43.8406 15
      vertex -73.7237 51.6219 15
      vertex -50.814 43.2305 15
    endloop
  endfacet
  facet normal -0 -0 1
    outer loop
      vertex -41.4465 50.4184 15
      vertex -40.8823 50.1848 15
      vertex -45 77.9423 15
    endloop
  endfacet
  facet normal -0 -0 1
    outer loop
      vertex -42.0289 50.6021 15
      vertex -41.4465 50.4184 15
      vertex -45 77.9423 15
    endloop
  endfacet
  facet normal 0 0 1
    outer loop
      vertex -42.0289 50.6021 15
      vertex -45 77.9423 15
      vertex -42.6251 50.7343 15
    endloop
  endfacet
  facet normal 0 0 1
    outer loop
      vertex -45 77.9423 15
      vertex -43.2305 50.814 15
      vertex -42.6251 50.7343 15
    endloop
  endfacet
  facet normal -0 -0 1
    outer loop
      vertex -43.8406 50.8406 15
      vertex -43.2305 50.814 15
      vertex -51.6219 73.7237 15
    endloop
  endfacet
  facet normal 0 -0 1
    outer loop
      vertex -49.5747 47.8556 15
      vertex -49.2029 48.3401 15
      vertex -63.6396 63.6396 15
    endloop
  endfacet
  facet normal 0 0 1
    outer loop
      vertex -30.7818 84.5723 15
      vertex -38.0356 81.5677 15
      vertex -6.97339 62.6101 15
    endloop
  endfacet
  facet normal 0 0 1
    outer loop
      vertex -30.7818 84.5723 15
      vertex -6.97339 62.6101 15
      vertex -6.89369 63.2155 15
    endloop
  endfacet
  facet normal 0 0 1
    outer loop
      vertex -30.7818 84.5723 15
      vertex -6.89369 63.2155 15
      vertex -6.76149 63.8117 15
    endloop
  endfacet
  facet normal 0 -0 1
    outer loop
      vertex -6.76149 63.8117 15
      vertex -6.57779 64.3941 15
      vertex -30.7818 84.5723 15
    endloop
  endfacet
  facet normal 0 0 1
    outer loop
      vertex -6.57779 64.3941 15
      vertex -23.2937 86.9333 15
      vertex -30.7818 84.5723 15
    endloop
  endfacet
  facet normal 0 0 1
    outer loop
      vertex -6.34419 64.9583 15
      vertex -23.2937 86.9333 15
      vertex -6.57779 64.3941 15
    endloop
  endfacet
  facet normal 0 0 1
    outer loop
      vertex -23.2937 86.9333 15
      vertex -6.06219 65.5 15
      vertex -5.73409 66.015 15
    endloop
  endfacet
  facet normal 0 0 1
    outer loop
      vertex -23.2937 86.9333 15
      vertex -5.73409 66.015 15
      vertex -5.36229 66.4995 15
    endloop
  endfacet
  facet normal 0 -0 1
    outer loop
      vertex -5.36229 66.4995 15
      vertex -4.94969 66.9497 15
      vertex -15.6283 88.6327 15
    endloop
  endfacet
  facet normal -0 0 1
    outer loop
      vertex -23.2937 86.9333 15
      vertex -5.36229 66.4995 15
      vertex -15.6283 88.6327 15
    endloop
  endfacet
  facet normal 0 -0 1
    outer loop
      vertex -4.94969 66.9497 15
      vertex -4.4995 67.3623 15
      vertex -15.6283 88.6327 15
    endloop
  endfacet
  facet normal 0 -0 1
    outer loop
      vertex -4.4995 67.3623 15
      vertex -4.015 67.7341 15
      vertex -15.6283 88.6327 15
    endloop
  endfacet
  facet normal 0 0 1
    outer loop
      vertex -4.015 67.7341 15
      vertex -7.84399 89.6575 15
      vertex -15.6283 88.6327 15
    endloop
  endfacet
  facet normal 0 0 1
    outer loop
      vertex -2.39409 68.5778 15
      vertex -7.84399 89.6575 15
      vertex -2.9583 68.3442 15
    endloop
  endfacet
  facet normal 0 0 1
    outer loop
      vertex -1.81169 68.7615 15
      vertex -7.84399 89.6575 15
      vertex -2.39409 68.5778 15
    endloop
  endfacet
  facet normal 0 0 1
    outer loop
      vertex -7.84399 89.6575 15
      vertex -1.81169 68.7615 15
      vertex -1.2155 68.8937 15
    endloop
  endfacet
  facet normal -0 0 1
    outer loop
      vertex -7.84399 89.6575 15
      vertex -1.2155 68.8937 15
      vertex 0 90 15
    endloop
  endfacet
  facet normal 0 0 1
    outer loop
      vertex -1.2155 68.8937 15
      vertex -0.610092 68.9734 15
      vertex 0 90 15
    endloop
  endfacet
  facet normal 0 0 1
    outer loop
      vertex -0.610092 68.9734 15
      vertex 0 69 15
      vertex 0 90 15
    endloop
  endfacet
  facet normal -0 0 1
    outer loop
      vertex 0 69 15
      vertex 0.610092 68.9734 15
      vertex 0 90 15
    endloop
  endfacet
  facet normal 0 0 1
    outer loop
      vertex 0 90 15
      vertex 1.2155 68.8937 15
      vertex 7.84399 89.6575 15
    endloop
  endfacet
  facet normal -0 0 1
    outer loop
      vertex 1.2155 68.8937 15
      vertex 1.81169 68.7615 15
      vertex 7.84399 89.6575 15
    endloop
  endfacet
  facet normal -0 0 1
    outer loop
      vertex 1.81169 68.7615 15
      vertex 2.39409 68.5778 15
      vertex 7.84399 89.6575 15
    endloop
  endfacet
  facet normal -0 0 1
    outer loop
      vertex 2.39409 68.5778 15
      vertex 2.9583 68.3442 15
      vertex 7.84399 89.6575 15
    endloop
  endfacet
  facet normal 0 0 1
    outer loop
      vertex 7.84399 89.6575 15
      vertex 3.5 68.0622 15
      vertex 4.015 67.7341 15
    endloop
  endfacet
  facet normal 0 0 1
    outer loop
      vertex 7.84399 89.6575 15
      vertex 4.015 67.7341 15
      vertex 15.6283 88.6327 15
    endloop
  endfacet
  facet normal -0 0 1
    outer loop
      vertex 4.015 67.7341 15
      vertex 4.4995 67.3623 15
      vertex 15.6283 88.6327 15
    endloop
  endfacet
  facet normal -0 0 1
    outer loop
      vertex 4.4995 67.3623 15
      vertex 4.94969 66.9497 15
      vertex 15.6283 88.6327 15
    endloop
  endfacet
  facet normal 0 0 1
    outer loop
      vertex 15.6283 88.6327 15
      vertex 5.36229 66.4995 15
      vertex 23.2937 86.9333 15
    endloop
  endfacet
  facet normal -0 0 1
    outer loop
      vertex 5.36229 66.4995 15
      vertex 5.73409 66.015 15
      vertex 23.2937 86.9333 15
    endloop
  endfacet
  facet normal -0 0 1
    outer loop
      vertex 5.73409 66.015 15
      vertex 6.06219 65.5 15
      vertex 23.2937 86.9333 15
    endloop
  endfacet
  facet normal 0 0 1
    outer loop
      vertex 23.2937 86.9333 15
      vertex 6.34419 64.9583 15
      vertex 6.57779 64.3941 15
    endloop
  endfacet
  facet normal 0 0 1
    outer loop
      vertex 23.2937 86.9333 15
      vertex 6.57779 64.3941 15
      vertex 30.7818 84.5723 15
    endloop
  endfacet
  facet normal -0 0 1
    outer loop
      vertex 6.57779 64.3941 15
      vertex 6.76149 63.8117 15
      vertex 30.7818 84.5723 15
    endloop
  endfacet
  facet normal 0 0 1
    outer loop
      vertex 30.7818 84.5723 15
      vertex 6.89369 63.2155 15
      vertex 6.97339 62.6101 15
    endloop
  endfacet
  facet normal 0 0 1
    outer loop
      vertex 30.7818 84.5723 15
      vertex 6.97339 62.6101 15
      vertex 38.0356 81.5677 15
    endloop
  endfacet
  facet normal -0 0 1
    outer loop
      vertex 5.36229 57.5005 15
      vertex 36.8672 44.4507 15
      vertex 5.73409 57.985 15
    endloop
  endfacet
  facet normal 0 0 1
    outer loop
      vertex 7.76459 28.9778 15
      vertex 2.9583 55.6558 15
      vertex 5.2094 29.5442 15
    endloop
  endfacet
  facet normal 0 0 1
    outer loop
      vertex 5.2094 29.5442 15
      vertex 2.39409 55.4222 15
      vertex 1.81169 55.2385 15
    endloop
  endfacet
  facet normal 0 0 1
    outer loop
      vertex 6.76149 60.1883 15
      vertex 37.4964 46.7989 15
      vertex 37.7784 47.3406 15
    endloop
  endfacet
  facet normal 0 0 1
    outer loop
      vertex 2.61469 29.8858 15
      vertex 1.2155 55.1063 15
      vertex 0.610092 55.0266 15
    endloop
  endfacet
  facet normal 0 -0 1
    outer loop
      vertex 38.1065 47.8556 15
      vertex 38.4783 48.3401 15
      vertex 6.97339 61.3899 15
    endloop
  endfacet
  facet normal 0 0 1
    outer loop
      vertex 39.3411 49.2029 15
      vertex 6.97339 62.6101 15
      vertex 7 62 15
    endloop
  endfacet
  facet normal 0 0 1
    outer loop
      vertex 40.8823 50.1848 15
      vertex 38.0356 81.5677 15
      vertex 40.3406 49.9028 15
    endloop
  endfacet
  facet normal 0 -0 1
    outer loop
      vertex 42.6251 50.7343 15
      vertex 45 77.9423 15
      vertex 42.0289 50.6021 15
    endloop
  endfacet
  facet normal 0 0 1
    outer loop
      vertex 57.8509 68.944 15
      vertex 51.6219 73.7237 15
      vertex 45.0561 50.7343 15
    endloop
  endfacet
  facet normal 0 0 1
    outer loop
      vertex 63.6396 63.6396 15
      vertex 48.7903 48.7903 15
      vertex 49.2029 48.3401 15
    endloop
  endfacet
  facet normal 0 0 1
    outer loop
      vertex 68.944 57.8509 15
      vertex 50.6021 45.6523 15
      vertex 50.7343 45.0561 15
    endloop
  endfacet
  facet normal 0 0 1
    outer loop
      vertex -5.2094 29.5442 15
      vertex -14.2664 41.0537 15
      vertex -14.323 40.7981 15
    endloop
  endfacet
  facet normal 0 0 1
    outer loop
      vertex 43.2305 36.8672 15
      vertex 41.5746 20.2208 15
      vertex 41.8361 20.2094 15
    endloop
  endfacet
  facet normal 0 0 1
    outer loop
      vertex 39.8256 38.1065 15
      vertex 39.8539 19.6783 15
      vertex 40.0746 19.8189 15
    endloop
  endfacet
  facet normal 0 0 1
    outer loop
      vertex 38.6202 16.6999 15
      vertex 27.1892 12.6785 15
      vertex 38.6768 16.4443 15
    endloop
  endfacet
  facet normal -0 0 1
    outer loop
      vertex 44.1727 18.7208 15
      vertex 44.2935 18.4887 15
      vertex 48.3401 38.4783 15
    endloop
  endfacet
  facet normal -0 0 1
    outer loop
      vertex 24.5746 -17.2073 15
      vertex 41.4465 -37.2628 15
      vertex 25.9808 -15 15
    endloop
  endfacet
  facet normal 0 0 1
    outer loop
      vertex 60.1883 6.76149 15
      vertex 44.5632 17.4823 15
      vertex 59.6059 6.57779 15
    endloop
  endfacet
  facet normal 0 0 1
    outer loop
      vertex 50.1848 40.8823 15
      vertex 49.9028 40.3406 15
      vertex 81.5677 38.0356 15
    endloop
  endfacet
  facet normal 0 0 1
    outer loop
      vertex 37.2628 41.4465 15
      vertex 37.0791 42.0289 15
      vertex 15 25.9808 15
    endloop
  endfacet
  facet normal 0 0 1
    outer loop
      vertex -16.9593 38.586 15
      vertex -15 25.9808 15
      vertex -12.6785 27.1892 15
    endloop
  endfacet
  facet normal 0 0 1
    outer loop
      vertex -15 25.9808 15
      vertex -17.7417 38.6202 15
      vertex -17.9973 38.6768 15
    endloop
  endfacet
  facet normal 0 0 1
    outer loop
      vertex -4.015 56.2659 15
      vertex -14.9227 43.503 15
      vertex -3.5 55.9378 15
    endloop
  endfacet
  facet normal 0 0 1
    outer loop
      vertex -19.2836 22.9813 15
      vertex -17.2073 24.5746 15
      vertex -18.9415 39.1171 15
    endloop
  endfacet
  facet normal 0 -0 1
    outer loop
      vertex -60.7845 6.89369 15
      vertex -47.8556 38.1065 15
      vertex -61.3899 6.97339 15
    endloop
  endfacet
  facet normal 0 0 1
    outer loop
      vertex -1.81169 55.2385 15
      vertex -2.39409 55.4222 15
      vertex -14.4017 42.6007 15
    endloop
  endfacet
  facet normal 0 0 1
    outer loop
      vertex 2.61469 29.8858 15
      vertex 1.81169 55.2385 15
      vertex 1.2155 55.1063 15
    endloop
  endfacet
  facet normal -0 0 1
    outer loop
      vertex 4.015 56.2659 15
      vertex 10.2606 28.1908 15
      vertex 4.4995 56.6377 15
    endloop
  endfacet
  facet normal -0 -0 1
    outer loop
      vertex 7.76459 28.9778 15
      vertex 10.2606 28.1908 15
      vertex 4.015 56.2659 15
    endloop
  endfacet
  facet normal -0 0 1
    outer loop
      vertex 4.94969 57.0503 15
      vertex 36.8406 43.8406 15
      vertex 5.36229 57.5005 15
    endloop
  endfacet
  facet normal 0 -0 1
    outer loop
      vertex 36.8406 43.8406 15
      vertex 36.8672 44.4507 15
      vertex 5.36229 57.5005 15
    endloop
  endfacet
  facet normal 0 -0 1
    outer loop
      vertex 36.8672 44.4507 15
      vertex 36.9469 45.0561 15
      vertex 5.73409 57.985 15
    endloop
  endfacet
  facet normal 0 0 1
    outer loop
      vertex 36.9469 45.0561 15
      vertex 6.06219 58.5 15
      vertex 5.73409 57.985 15
    endloop
  endfacet
  facet normal 0 0 1
    outer loop
      vertex 37.0791 45.6523 15
      vertex 6.06219 58.5 15
      vertex 36.9469 45.0561 15
    endloop
  endfacet
  facet normal 0 0 1
    outer loop
      vertex 6.34419 59.0417 15
      vertex 6.06219 58.5 15
      vertex 37.0791 45.6523 15
    endloop
  endfacet
  facet normal 0 0 1
    outer loop
      vertex 6.34419 59.0417 15
      vertex 37.0791 45.6523 15
      vertex 37.2628 46.2347 15
    endloop
  endfacet
  facet normal 0 0 1
    outer loop
      vertex 6.34419 59.0417 15
      vertex 37.2628 46.2347 15
      vertex 37.4964 46.7989 15
    endloop
  endfacet
  facet normal -0 0 1
    outer loop
      vertex 6.34419 59.0417 15
      vertex 37.4964 46.7989 15
      vertex 6.57779 59.6059 15
    endloop
  endfacet
  facet normal -0 0 1
    outer loop
      vertex 6.76149 60.1883 15
      vertex 37.7784 47.3406 15
      vertex 6.89369 60.7845 15
    endloop
  endfacet
  facet normal 0 -0 1
    outer loop
      vertex 37.7784 47.3406 15
      vertex 38.1065 47.8556 15
      vertex 6.89369 60.7845 15
    endloop
  endfacet
  facet normal 0 0 1
    outer loop
      vertex 38.1065 47.8556 15
      vertex 6.97339 61.3899 15
      vertex 6.89369 60.7845 15
    endloop
  endfacet
  facet normal 0 0 1
    outer loop
      vertex 38.4783 48.3401 15
      vertex 7 62 15
      vertex 6.97339 61.3899 15
    endloop
  endfacet
  facet normal 0 0 1
    outer loop
      vertex 38.8909 48.7903 15
      vertex 7 62 15
      vertex 38.4783 48.3401 15
    endloop
  endfacet
  facet normal 0 0 1
    outer loop
      vertex 39.3411 49.2029 15
      vertex 7 62 15
      vertex 38.8909 48.7903 15
    endloop
  endfacet
  facet normal 0 0 1
    outer loop
      vertex 38.0356 81.5677 15
      vertex 6.97339 62.6101 15
      vertex 39.3411 49.2029 15
    endloop
  endfacet
  facet normal 0 0 1
    outer loop
      vertex 38.0356 81.5677 15
      vertex 39.3411 49.2029 15
      vertex 39.8256 49.5747 15
    endloop
  endfacet
  facet normal 0 0 1
    outer loop
      vertex 38.0356 81.5677 15
      vertex 39.8256 49.5747 15
      vertex 40.3406 49.9028 15
    endloop
  endfacet
  facet normal 0 0 1
    outer loop
      vertex 45 77.9423 15
      vertex 38.0356 81.5677 15
      vertex 40.8823 50.1848 15
    endloop
  endfacet
  facet normal 0 0 1
    outer loop
      vertex 45 77.9423 15
      vertex 40.8823 50.1848 15
      vertex 41.4465 50.4184 15
    endloop
  endfacet
  facet normal 0 0 1
    outer loop
      vertex 45 77.9423 15
      vertex 41.4465 50.4184 15
      vertex 42.0289 50.6021 15
    endloop
  endfacet
  facet normal 0 -0 1
    outer loop
      vertex 43.2305 50.814 15
      vertex 45 77.9423 15
      vertex 42.6251 50.7343 15
    endloop
  endfacet
  facet normal 0 0 1
    outer loop
      vertex 51.6219 73.7237 15
      vertex 45 77.9423 15
      vertex 43.2305 50.814 15
    endloop
  endfacet
  facet normal 0 0 1
    outer loop
      vertex 51.6219 73.7237 15
      vertex 43.2305 50.814 15
      vertex 43.8406 50.8406 15
    endloop
  endfacet
  facet normal -0 0 1
    outer loop
      vertex 43.8406 50.8406 15
      vertex 44.4507 50.814 15
      vertex 51.6219 73.7237 15
    endloop
  endfacet
  facet normal -0 0 1
    outer loop
      vertex 44.4507 50.814 15
      vertex 45.0561 50.7343 15
      vertex 51.6219 73.7237 15
    endloop
  endfacet
  facet normal 0 0 1
    outer loop
      vertex 57.8509 68.944 15
      vertex 45.0561 50.7343 15
      vertex 45.6523 50.6021 15
    endloop
  endfacet
  facet normal -0 0 1
    outer loop
      vertex 45.6523 50.6021 15
      vertex 46.2347 50.4184 15
      vertex 57.8509 68.944 15
    endloop
  endfacet
  facet normal -0 0 1
    outer loop
      vertex 46.2347 50.4184 15
      vertex 46.7989 50.1848 15
      vertex 57.8509 68.944 15
    endloop
  endfacet
  facet normal -0 0 1
    outer loop
      vertex 46.7989 50.1848 15
      vertex 47.3406 49.9028 15
      vertex 57.8509 68.944 15
    endloop
  endfacet
  facet normal -0 0 1
    outer loop
      vertex 47.3406 49.9028 15
      vertex 47.8556 49.5747 15
      vertex 57.8509 68.944 15
    endloop
  endfacet
  facet normal 0 0 1
    outer loop
      vertex 47.8556 49.5747 15
      vertex 63.6396 63.6396 15
      vertex 57.8509 68.944 15
    endloop
  endfacet
  facet normal 0 -0 1
    outer loop
      vertex 48.3401 49.2029 15
      vertex 63.6396 63.6396 15
      vertex 47.8556 49.5747 15
    endloop
  endfacet
  facet normal 0 -0 1
    outer loop
      vertex 48.7903 48.7903 15
      vertex 63.6396 63.6396 15
      vertex 48.3401 49.2029 15
    endloop
  endfacet
  facet normal -0 0 1
    outer loop
      vertex 49.2029 48.3401 15
      vertex 49.5747 47.8556 15
      vertex 63.6396 63.6396 15
    endloop
  endfacet
  facet normal 0 0 1
    outer loop
      vertex 49.5747 47.8556 15
      vertex 68.944 57.8509 15
      vertex 63.6396 63.6396 15
    endloop
  endfacet
  facet normal 0 -0 1
    outer loop
      vertex 49.9028 47.3406 15
      vertex 68.944 57.8509 15
      vertex 49.5747 47.8556 15
    endloop
  endfacet
  facet normal 0 -0 1
    outer loop
      vertex 50.1848 46.7989 15
      vertex 68.944 57.8509 15
      vertex 49.9028 47.3406 15
    endloop
  endfacet
  facet normal 0 -0 1
    outer loop
      vertex 50.4184 46.2347 15
      vertex 68.944 57.8509 15
      vertex 50.1848 46.7989 15
    endloop
  endfacet
  facet normal 0 -0 1
    outer loop
      vertex 50.6021 45.6523 15
      vertex 68.944 57.8509 15
      vertex 50.4184 46.2347 15
    endloop
  endfacet
  facet normal 0 0 1
    outer loop
      vertex 50.7343 45.0561 15
      vertex 73.7237 51.6219 15
      vertex 68.944 57.8509 15
    endloop
  endfacet
  facet normal 0 -0 1
    outer loop
      vertex 50.814 44.4507 15
      vertex 73.7237 51.6219 15
      vertex 50.7343 45.0561 15
    endloop
  endfacet
  facet normal 0 -0 1
    outer loop
      vertex 50.8406 43.8406 15
      vertex 73.7237 51.6219 15
      vertex 50.814 44.4507 15
    endloop
  endfacet
  facet normal 0 0 1
    outer loop
      vertex 50.814 43.2305 15
      vertex 73.7237 51.6219 15
      vertex 50.8406 43.8406 15
    endloop
  endfacet
  facet normal 0 0 1
    outer loop
      vertex 77.9423 45 15
      vertex 73.7237 51.6219 15
      vertex 50.814 43.2305 15
    endloop
  endfacet
  facet normal 0 0 1
    outer loop
      vertex 50.6021 42.0289 15
      vertex 77.9423 45 15
      vertex 50.7343 42.6251 15
    endloop
  endfacet
  facet normal 0 0 1
    outer loop
      vertex 50.4184 41.4465 15
      vertex 77.9423 45 15
      vertex 50.6021 42.0289 15
    endloop
  endfacet
  facet normal 0 0 1
    outer loop
      vertex 50.1848 40.8823 15
      vertex 77.9423 45 15
      vertex 50.4184 41.4465 15
    endloop
  endfacet
  facet normal 0 0 1
    outer loop
      vertex 81.5677 38.0356 15
      vertex 77.9423 45 15
      vertex 50.1848 40.8823 15
    endloop
  endfacet
  facet normal -0 0 1
    outer loop
      vertex 49.5747 39.8256 15
      vertex 81.5677 38.0356 15
      vertex 49.9028 40.3406 15
    endloop
  endfacet
  facet normal -0 0 1
    outer loop
      vertex 49.2029 39.3411 15
      vertex 81.5677 38.0356 15
      vertex 49.5747 39.8256 15
    endloop
  endfacet
  facet normal 0 -0 1
    outer loop
      vertex 62.6101 6.97339 15
      vertex 81.5677 38.0356 15
      vertex 49.2029 39.3411 15
    endloop
  endfacet
  facet normal -0 0 1
    outer loop
      vertex 45.0561 36.9469 15
      vertex 43.0746 19.8189 15
      vertex 45.6523 37.0791 15
    endloop
  endfacet
  facet normal -0 0 1
    outer loop
      vertex 44.4507 36.8672 15
      vertex 42.6007 20.0399 15
      vertex 45.0561 36.9469 15
    endloop
  endfacet
  facet normal 0 0 1
    outer loop
      vertex 43.8406 36.8406 15
      vertex 42.0955 20.1752 15
      vertex 42.3511 20.1186 15
    endloop
  endfacet
  facet normal 0 0 1
    outer loop
      vertex 45.6523 37.0791 15
      vertex 43.0746 19.8189 15
      vertex 43.2953 19.6783 15
    endloop
  endfacet
  facet normal 0 -0 1
    outer loop
      vertex 41.3131 20.2094 15
      vertex 42.0289 37.0791 15
      vertex 41.0537 20.1752 15
    endloop
  endfacet
  facet normal 0 0 1
    outer loop
      vertex 40.3406 37.7784 15
      vertex 40.0746 19.8189 15
      vertex 40.3067 19.9397 15
    endloop
  endfacet
  facet normal 0 0 1
    outer loop
      vertex 39.8256 38.1065 15
      vertex 39.6462 19.5189 15
      vertex 39.8539 19.6783 15
    endloop
  endfacet
  facet normal 0 0 1
    outer loop
      vertex 41.0537 14.2664 15
      vertex 40.7981 14.323 15
      vertex 29.5442 5.2094 15
    endloop
  endfacet
  facet normal 0 0 1
    outer loop
      vertex 39.6462 19.5189 15
      vertex 22.9813 19.2836 15
      vertex 39.4533 19.3421 15
    endloop
  endfacet
  facet normal 0 0 1
    outer loop
      vertex 41.8361 14.2322 15
      vertex 41.5746 14.2208 15
      vertex 29.8858 2.61469 15
    endloop
  endfacet
  facet normal 0 0 1
    outer loop
      vertex -43.8406 36.8406 15
      vertex -44.4507 36.8672 15
      vertex -57.5005 5.36229 15
    endloop
  endfacet
  facet normal 0 0 1
    outer loop
      vertex -59.6059 -6.57779 15
      vertex -60.1883 -6.76149 15
      vertex -44.5632 -17.4823 15
    endloop
  endfacet
  facet normal 0 0 1
    outer loop
      vertex -65.5 -6.06219 15
      vertex -86.9333 -23.2937 15
      vertex -64.9583 -6.34419 15
    endloop
  endfacet
  facet normal 0 -0 1
    outer loop
      vertex -39.3411 49.2029 15
      vertex -38.0356 81.5677 15
      vertex -39.8256 49.5747 15
    endloop
  endfacet
  facet normal 0 0 1
    outer loop
      vertex -65.5 6.06219 15
      vertex -86.9333 23.2937 15
      vertex -66.015 5.73409 15
    endloop
  endfacet
  facet normal 0 0 1
    outer loop
      vertex -68.7615 -1.81169 15
      vertex -68.8937 -1.2155 15
      vertex -89.6575 -7.84399 15
    endloop
  endfacet
  facet normal 0 0 1
    outer loop
      vertex -68.9734 -0.610092 15
      vertex -90 0 15
      vertex -68.8937 -1.2155 15
    endloop
  endfacet
  facet normal 0 0 1
    outer loop
      vertex -66.4995 5.36229 15
      vertex -86.9333 23.2937 15
      vertex -88.6327 15.6283 15
    endloop
  endfacet
  facet normal -0 0 1
    outer loop
      vertex -84.5723 30.7818 15
      vertex -62.6101 6.97339 15
      vertex -81.5677 38.0356 15
    endloop
  endfacet
  facet normal 0 0 1
    outer loop
      vertex -49.5747 39.8256 15
      vertex -49.9028 40.3406 15
      vertex -81.5677 38.0356 15
    endloop
  endfacet
  facet normal 0 0 1
    outer loop
      vertex -49.2029 39.3411 15
      vertex -49.5747 39.8256 15
      vertex -81.5677 38.0356 15
    endloop
  endfacet
  facet normal 0 0 1
    outer loop
      vertex -81.5677 38.0356 15
      vertex -49.9028 40.3406 15
      vertex -50.1848 40.8823 15
    endloop
  endfacet
  facet normal 0 0 1
    outer loop
      vertex -81.5677 38.0356 15
      vertex -50.1848 40.8823 15
      vertex -77.9423 45 15
    endloop
  endfacet
  facet normal 0 0 1
    outer loop
      vertex -50.4184 41.4465 15
      vertex -50.6021 42.0289 15
      vertex -77.9423 45 15
    endloop
  endfacet
  facet normal 0 0 1
    outer loop
      vertex -50.1848 40.8823 15
      vertex -50.4184 41.4465 15
      vertex -77.9423 45 15
    endloop
  endfacet
  facet normal 0 0 1
    outer loop
      vertex -50.6021 42.0289 15
      vertex -50.7343 42.6251 15
      vertex -77.9423 45 15
    endloop
  endfacet
  facet normal 0 0 1
    outer loop
      vertex -50.7343 42.6251 15
      vertex -50.814 43.2305 15
      vertex -77.9423 45 15
    endloop
  endfacet
  facet normal 0 0 1
    outer loop
      vertex -50.814 43.2305 15
      vertex -73.7237 51.6219 15
      vertex -77.9423 45 15
    endloop
  endfacet
  facet normal 0 0 1
    outer loop
      vertex -73.7237 51.6219 15
      vertex -50.8406 43.8406 15
      vertex -50.814 44.4507 15
    endloop
  endfacet
  facet normal 0 0 1
    outer loop
      vertex -73.7237 51.6219 15
      vertex -50.814 44.4507 15
      vertex -50.7343 45.0561 15
    endloop
  endfacet
  facet normal 0 -0 1
    outer loop
      vertex -50.7343 45.0561 15
      vertex -50.6021 45.6523 15
      vertex -68.944 57.8509 15
    endloop
  endfacet
  facet normal -0 0 1
    outer loop
      vertex -73.7237 51.6219 15
      vertex -50.7343 45.0561 15
      vertex -68.944 57.8509 15
    endloop
  endfacet
  facet normal 0 -0 1
    outer loop
      vertex -50.6021 45.6523 15
      vertex -50.4184 46.2347 15
      vertex -68.944 57.8509 15
    endloop
  endfacet
  facet normal 0 -0 1
    outer loop
      vertex -50.4184 46.2347 15
      vertex -50.1848 46.7989 15
      vertex -68.944 57.8509 15
    endloop
  endfacet
  facet normal 0 0 1
    outer loop
      vertex -68.944 57.8509 15
      vertex -49.9028 47.3406 15
      vertex -49.5747 47.8556 15
    endloop
  endfacet
  facet normal -0 0 1
    outer loop
      vertex -68.944 57.8509 15
      vertex -49.5747 47.8556 15
      vertex -63.6396 63.6396 15
    endloop
  endfacet
  facet normal 0 0 1
    outer loop
      vertex -63.6396 63.6396 15
      vertex -49.2029 48.3401 15
      vertex -48.7903 48.7903 15
    endloop
  endfacet
  facet normal 0 0 1
    outer loop
      vertex -63.6396 63.6396 15
      vertex -48.7903 48.7903 15
      vertex -48.3401 49.2029 15
    endloop
  endfacet
  facet normal 0 0 1
    outer loop
      vertex -63.6396 63.6396 15
      vertex -48.3401 49.2029 15
      vertex -47.8556 49.5747 15
    endloop
  endfacet
  facet normal -0 0 1
    outer loop
      vertex -63.6396 63.6396 15
      vertex -47.8556 49.5747 15
      vertex -57.8509 68.944 15
    endloop
  endfacet
  facet normal 0 -0 1
    outer loop
      vertex -47.8556 49.5747 15
      vertex -47.3406 49.9028 15
      vertex -57.8509 68.944 15
    endloop
  endfacet
  facet normal 0 -0 1
    outer loop
      vertex -47.3406 49.9028 15
      vertex -46.7989 50.1848 15
      vertex -57.8509 68.944 15
    endloop
  endfacet
  facet normal 0 0 1
    outer loop
      vertex -45.6523 50.6021 15
      vertex -57.8509 68.944 15
      vertex -46.2347 50.4184 15
    endloop
  endfacet
  facet normal 0 0 1
    outer loop
      vertex -45.0561 50.7343 15
      vertex -57.8509 68.944 15
      vertex -45.6523 50.6021 15
    endloop
  endfacet
  facet normal 0 0 1
    outer loop
      vertex -51.6219 73.7237 15
      vertex -57.8509 68.944 15
      vertex -45.0561 50.7343 15
    endloop
  endfacet
  facet normal 0 0 1
    outer loop
      vertex -51.6219 73.7237 15
      vertex -45.0561 50.7343 15
      vertex -44.4507 50.814 15
    endloop
  endfacet
  facet normal 0 0 1
    outer loop
      vertex -51.6219 73.7237 15
      vertex -44.4507 50.814 15
      vertex -43.8406 50.8406 15
    endloop
  endfacet
  facet normal 0 -0 1
    outer loop
      vertex -40.8823 50.1848 15
      vertex -38.0356 81.5677 15
      vertex -45 77.9423 15
    endloop
  endfacet
  facet normal 0 0 1
    outer loop
      vertex -6.97339 62.6101 15
      vertex -38.0356 81.5677 15
      vertex -39.3411 49.2029 15
    endloop
  endfacet
  facet normal 0 0 1
    outer loop
      vertex -7 62 15
      vertex -39.3411 49.2029 15
      vertex -38.8909 48.7903 15
    endloop
  endfacet
  facet normal 0 0 1
    outer loop
      vertex -38.1065 47.8556 15
      vertex -37.7784 47.3406 15
      vertex -18.9415 44.0321 15
    endloop
  endfacet
  facet normal 0 0 1
    outer loop
      vertex -37.0791 45.6523 15
      vertex -36.9469 45.0561 15
      vertex -19.8189 43.0746 15
    endloop
  endfacet
  facet normal 0 0 1
    outer loop
      vertex -37.0791 45.6523 15
      vertex -19.8189 43.0746 15
      vertex -19.6783 43.2953 15
    endloop
  endfacet
  facet normal 0 0 1
    outer loop
      vertex -20.1752 42.0955 15
      vertex -36.8406 43.8406 15
      vertex -36.8672 43.2305 15
    endloop
  endfacet
  facet normal 0 0 1
    outer loop
      vertex -20.1186 40.7981 15
      vertex -37.2628 41.4465 15
      vertex -20.0399 40.5485 15
    endloop
  endfacet
  facet normal -0 0 1
    outer loop
      vertex -37.7784 40.3406 15
      vertex -19.9397 40.3067 15
      vertex -37.4964 40.8823 15
    endloop
  endfacet
  facet normal 0 0 1
    outer loop
      vertex -19.8189 40.0746 15
      vertex -19.9397 40.3067 15
      vertex -37.7784 40.3406 15
    endloop
  endfacet
  facet normal 0 -0 1
    outer loop
      vertex -18.2469 44.3937 15
      vertex -7 62 15
      vertex -38.8909 48.7903 15
    endloop
  endfacet
  facet normal 0 -0 1
    outer loop
      vertex -17.9973 44.4724 15
      vertex -6.97339 61.3899 15
      vertex -18.2469 44.3937 15
    endloop
  endfacet
  facet normal 0 0 1
    outer loop
      vertex -17.9973 44.4724 15
      vertex -6.89369 60.7845 15
      vertex -6.97339 61.3899 15
    endloop
  endfacet
  facet normal 0 -0 1
    outer loop
      vertex -17.7417 44.529 15
      vertex -6.89369 60.7845 15
      vertex -17.9973 44.4724 15
    endloop
  endfacet
  facet normal 0 0 1
    outer loop
      vertex -17.7417 44.529 15
      vertex -6.76149 60.1883 15
      vertex -6.89369 60.7845 15
    endloop
  endfacet
  facet normal -0 0 1
    outer loop
      vertex -39.3411 38.4783 15
      vertex -21.2132 21.2132 15
      vertex -38.8909 38.8909 15
    endloop
  endfacet
  facet normal 0 -0 1
    outer loop
      vertex -22.9813 19.2836 15
      vertex -21.2132 21.2132 15
      vertex -39.3411 38.4783 15
    endloop
  endfacet
  facet normal 0 -0 1
    outer loop
      vertex -17.2208 44.5746 15
      vertex -6.57779 59.6059 15
      vertex -17.4823 44.5632 15
    endloop
  endfacet
  facet normal 0 0 1
    outer loop
      vertex -24.5746 17.2073 15
      vertex -41.4465 37.2628 15
      vertex -25.9808 15 15
    endloop
  endfacet
  facet normal 0 0 1
    outer loop
      vertex -16.6999 44.529 15
      vertex -6.06219 58.5 15
      vertex -6.34419 59.0417 15
    endloop
  endfacet
  facet normal -0 0 1
    outer loop
      vertex -39.8256 38.1065 15
      vertex -22.9813 19.2836 15
      vertex -39.3411 38.4783 15
    endloop
  endfacet
  facet normal 0 0 1
    outer loop
      vertex -4.94969 57.0503 15
      vertex -5.36229 57.5005 15
      vertex -15.7208 44.1727 15
    endloop
  endfacet
  facet normal 0 0 1
    outer loop
      vertex -4.4995 56.6377 15
      vertex -15.2924 43.8727 15
      vertex -15.0995 43.6959 15
    endloop
  endfacet
  facet normal 0 0 1
    outer loop
      vertex -46.7989 37.4964 15
      vertex -60.1883 6.76149 15
      vertex -59.6059 6.57779 15
    endloop
  endfacet
  facet normal 0 0 1
    outer loop
      vertex 37.2628 -46.2347 15
      vertex 19.6783 -43.2953 15
      vertex 19.5189 -43.503 15
    endloop
  endfacet
  facet normal 0 0 1
    outer loop
      vertex 14.7633 -43.2953 15
      vertex 2.9583 -55.6558 15
      vertex 3.5 -55.9378 15
    endloop
  endfacet
  facet normal 0 0 1
    outer loop
      vertex -63.8117 6.76149 15
      vertex -84.5723 30.7818 15
      vertex -64.3941 6.57779 15
    endloop
  endfacet
  facet normal 0 -0 1
    outer loop
      vertex -6.06219 -58.5 15
      vertex -5.73409 -57.985 15
      vertex -36.9469 -45.0561 15
    endloop
  endfacet
  facet normal 0 0 1
    outer loop
      vertex -19.1492 39.2765 15
      vertex -19.3421 39.4533 15
      vertex -19.2836 22.9813 15
    endloop
  endfacet
  facet normal 0 0 1
    outer loop
      vertex -38.4783 -39.3411 15
      vertex -19.2836 -22.9813 15
      vertex -21.2132 -21.2132 15
    endloop
  endfacet
  facet normal 0 0 1
    outer loop
      vertex -46.7989 37.4964 15
      vertex -59.6059 6.57779 15
      vertex -59.0417 6.34419 15
    endloop
  endfacet
  facet normal 0 0 1
    outer loop
      vertex -40.8823 -37.4964 15
      vertex -40.3067 -19.9397 15
      vertex -40.5485 -20.0399 15
    endloop
  endfacet
  facet normal 0 0 1
    outer loop
      vertex -47.3406 -37.7784 15
      vertex -46.7989 -37.4964 15
      vertex -43.8727 -19.1492 15
    endloop
  endfacet
  facet normal -0 0 1
    outer loop
      vertex -15.2924 39.2765 15
      vertex -7.76459 28.9778 15
      vertex -15.0995 39.4533 15
    endloop
  endfacet
  facet normal 0 0 1
    outer loop
      vertex -14.6227 40.0746 15
      vertex -14.7633 39.8539 15
      vertex -7.76459 28.9778 15
    endloop
  endfacet
  facet normal -0 0 1
    outer loop
      vertex -43.2305 36.8672 15
      vertex -27.1892 12.6785 15
      vertex -42.6251 36.9469 15
    endloop
  endfacet
  facet normal 0 0 1
    outer loop
      vertex -45.0561 36.9469 15
      vertex -58.5 6.06219 15
      vertex -57.985 5.73409 15
    endloop
  endfacet
  facet normal -0 0 1
    outer loop
      vertex -40.3406 37.7784 15
      vertex -22.9813 19.2836 15
      vertex -39.8256 38.1065 15
    endloop
  endfacet
  facet normal 0 0 1
    outer loop
      vertex -19.5189 39.6462 15
      vertex -38.4783 39.3411 15
      vertex -21.2132 21.2132 15
    endloop
  endfacet
  facet normal 0 0 1
    outer loop
      vertex -19.8189 40.0746 15
      vertex -38.1065 39.8256 15
      vertex -19.6783 39.8539 15
    endloop
  endfacet
  facet normal -0 0 1
    outer loop
      vertex -37.4964 40.8823 15
      vertex -20.0399 40.5485 15
      vertex -37.2628 41.4465 15
    endloop
  endfacet
  facet normal 0 0 1
    outer loop
      vertex -37.4964 40.8823 15
      vertex -19.9397 40.3067 15
      vertex -20.0399 40.5485 15
    endloop
  endfacet
  facet normal 0 0 1
    outer loop
      vertex -20.1752 41.0537 15
      vertex -37.2628 41.4465 15
      vertex -20.1186 40.7981 15
    endloop
  endfacet
  facet normal 0 0 1
    outer loop
      vertex -37.0791 42.0289 15
      vertex -37.2628 41.4465 15
      vertex -20.1752 41.0537 15
    endloop
  endfacet
  facet normal 0 0 1
    outer loop
      vertex -37.0791 42.0289 15
      vertex -20.1752 41.0537 15
      vertex -20.2094 41.3131 15
    endloop
  endfacet
  facet normal -0 0 1
    outer loop
      vertex -37.0791 42.0289 15
      vertex -20.2094 41.3131 15
      vertex -36.9469 42.6251 15
    endloop
  endfacet
  facet normal 0 0 1
    outer loop
      vertex -20.2094 41.3131 15
      vertex -20.2208 41.5746 15
      vertex -36.9469 42.6251 15
    endloop
  endfacet
  facet normal 0 0 1
    outer loop
      vertex -20.2208 41.5746 15
      vertex -36.8672 43.2305 15
      vertex -36.9469 42.6251 15
    endloop
  endfacet
  facet normal 0 0 1
    outer loop
      vertex -20.2094 41.8361 15
      vertex -36.8672 43.2305 15
      vertex -20.2208 41.5746 15
    endloop
  endfacet
  facet normal 0 0 1
    outer loop
      vertex -18.7208 44.1727 15
      vertex -38.4783 48.3401 15
      vertex -38.1065 47.8556 15
    endloop
  endfacet
  facet normal 0 0 1
    outer loop
      vertex -20.1752 42.0955 15
      vertex -36.8672 43.2305 15
      vertex -20.2094 41.8361 15
    endloop
  endfacet
  facet normal 0 0 1
    outer loop
      vertex -20.1186 42.3511 15
      vertex -36.8406 43.8406 15
      vertex -20.1752 42.0955 15
    endloop
  endfacet
  facet normal 0 0 1
    outer loop
      vertex -36.8672 44.4507 15
      vertex -36.8406 43.8406 15
      vertex -20.1186 42.3511 15
    endloop
  endfacet
  facet normal 0 0 1
    outer loop
      vertex -36.8672 44.4507 15
      vertex -20.1186 42.3511 15
      vertex -20.0399 42.6007 15
    endloop
  endfacet
  facet normal -0 -0 1
    outer loop
      vertex -36.8672 44.4507 15
      vertex -20.0399 42.6007 15
      vertex -36.9469 45.0561 15
    endloop
  endfacet
  facet normal 0 -0 1
    outer loop
      vertex -20.0399 42.6007 15
      vertex -19.9397 42.8425 15
      vertex -36.9469 45.0561 15
    endloop
  endfacet
  facet normal 0 0 1
    outer loop
      vertex -37.7784 47.3406 15
      vertex -19.1492 43.8727 15
      vertex -18.9415 44.0321 15
    endloop
  endfacet
  facet normal 0 -0 1
    outer loop
      vertex -19.9397 42.8425 15
      vertex -19.8189 43.0746 15
      vertex -36.9469 45.0561 15
    endloop
  endfacet
  facet normal -0 -0 1
    outer loop
      vertex -37.0791 45.6523 15
      vertex -19.6783 43.2953 15
      vertex -37.2628 46.2347 15
    endloop
  endfacet
  facet normal 0 -0 1
    outer loop
      vertex -19.6783 43.2953 15
      vertex -19.5189 43.503 15
      vertex -37.2628 46.2347 15
    endloop
  endfacet
  facet normal 0 0 1
    outer loop
      vertex -19.5189 43.503 15
      vertex -37.4964 46.7989 15
      vertex -37.2628 46.2347 15
    endloop
  endfacet
  facet normal 0 0 1
    outer loop
      vertex -19.3421 43.6959 15
      vertex -37.4964 46.7989 15
      vertex -19.5189 43.503 15
    endloop
  endfacet
  facet normal 0 0 1
    outer loop
      vertex -19.1492 43.8727 15
      vertex -37.4964 46.7989 15
      vertex -19.3421 43.6959 15
    endloop
  endfacet
  facet normal 0 0 1
    outer loop
      vertex -37.7784 47.3406 15
      vertex -37.4964 46.7989 15
      vertex -19.1492 43.8727 15
    endloop
  endfacet
  facet normal 0 0 1
    outer loop
      vertex -18.4887 44.2935 15
      vertex -38.8909 48.7903 15
      vertex -38.4783 48.3401 15
    endloop
  endfacet
  facet normal 0 -0 1
    outer loop
      vertex -18.7208 44.1727 15
      vertex -18.4887 44.2935 15
      vertex -38.4783 48.3401 15
    endloop
  endfacet
  facet normal 0 0 1
    outer loop
      vertex -18.2469 44.3937 15
      vertex -6.97339 61.3899 15
      vertex -7 62 15
    endloop
  endfacet
  facet normal 0 -0 1
    outer loop
      vertex -17.4823 44.5632 15
      vertex -6.76149 60.1883 15
      vertex -17.7417 44.529 15
    endloop
  endfacet
  facet normal 0 0 1
    outer loop
      vertex -16.9593 44.5632 15
      vertex -6.34419 59.0417 15
      vertex -6.57779 59.6059 15
    endloop
  endfacet
  facet normal -0 0 1
    outer loop
      vertex -17.2208 44.5746 15
      vertex -16.9593 44.5632 15
      vertex -6.57779 59.6059 15
    endloop
  endfacet
  facet normal 0 -0 1
    outer loop
      vertex -16.6999 44.529 15
      vertex -6.34419 59.0417 15
      vertex -16.9593 44.5632 15
    endloop
  endfacet
  facet normal 0 -0 1
    outer loop
      vertex -16.4443 44.4724 15
      vertex -6.06219 58.5 15
      vertex -16.6999 44.529 15
    endloop
  endfacet
  facet normal 0 0 1
    outer loop
      vertex -5.73409 57.985 15
      vertex -6.06219 58.5 15
      vertex -16.4443 44.4724 15
    endloop
  endfacet
  facet normal 0 0 1
    outer loop
      vertex -5.73409 57.985 15
      vertex -16.4443 44.4724 15
      vertex -16.1947 44.3937 15
    endloop
  endfacet
  facet normal 0 0 1
    outer loop
      vertex -5.36229 57.5005 15
      vertex -5.73409 57.985 15
      vertex -15.9529 44.2935 15
    endloop
  endfacet
  facet normal 0 0 1
    outer loop
      vertex -5.36229 57.5005 15
      vertex -15.9529 44.2935 15
      vertex -15.7208 44.1727 15
    endloop
  endfacet
  facet normal 0 0 1
    outer loop
      vertex -4.94969 57.0503 15
      vertex -15.7208 44.1727 15
      vertex -15.5001 44.0321 15
    endloop
  endfacet
  facet normal 0 0 1
    outer loop
      vertex -4.94969 57.0503 15
      vertex -15.5001 44.0321 15
      vertex -4.4995 56.6377 15
    endloop
  endfacet
  facet normal -0 0 1
    outer loop
      vertex -15.5001 44.0321 15
      vertex -15.2924 43.8727 15
      vertex -4.4995 56.6377 15
    endloop
  endfacet
  facet normal 0 0 1
    outer loop
      vertex -4.4995 56.6377 15
      vertex -15.0995 43.6959 15
      vertex -4.015 56.2659 15
    endloop
  endfacet
  facet normal -0 0 1
    outer loop
      vertex -15.0995 43.6959 15
      vertex -14.9227 43.503 15
      vertex -4.015 56.2659 15
    endloop
  endfacet
  facet normal -0 0 1
    outer loop
      vertex -14.9227 43.503 15
      vertex -14.7633 43.2953 15
      vertex -3.5 55.9378 15
    endloop
  endfacet
  facet normal 0 0 1
    outer loop
      vertex -14.7633 43.2953 15
      vertex -2.9583 55.6558 15
      vertex -3.5 55.9378 15
    endloop
  endfacet
  facet normal 0 -0 1
    outer loop
      vertex -14.6227 43.0746 15
      vertex -2.9583 55.6558 15
      vertex -14.7633 43.2953 15
    endloop
  endfacet
  facet normal 0 0 1
    outer loop
      vertex -14.5019 42.8425 15
      vertex -2.39409 55.4222 15
      vertex -2.9583 55.6558 15
    endloop
  endfacet
  facet normal 0 -0 1
    outer loop
      vertex -14.4017 42.6007 15
      vertex -2.39409 55.4222 15
      vertex -14.5019 42.8425 15
    endloop
  endfacet
  facet normal 0 -0 1
    outer loop
      vertex -14.323 42.3511 15
      vertex -1.81169 55.2385 15
      vertex -14.4017 42.6007 15
    endloop
  endfacet
  facet normal 0 0 1
    outer loop
      vertex -1.2155 55.1063 15
      vertex -1.81169 55.2385 15
      vertex -14.323 42.3511 15
    endloop
  endfacet
  facet normal 0 -0 1
    outer loop
      vertex -14.2322 41.8361 15
      vertex -1.2155 55.1063 15
      vertex -14.2664 42.0955 15
    endloop
  endfacet
  facet normal -0 -0 1
    outer loop
      vertex -14.2208 41.5746 15
      vertex -2.61469 29.8858 15
      vertex -14.2322 41.8361 15
    endloop
  endfacet
  facet normal -0 0 1
    outer loop
      vertex -14.2322 41.3131 15
      vertex -2.61469 29.8858 15
      vertex -14.2208 41.5746 15
    endloop
  endfacet
  facet normal 0 0 1
    outer loop
      vertex -5.2094 29.5442 15
      vertex -14.323 40.7981 15
      vertex -14.4017 40.5485 15
    endloop
  endfacet
  facet normal 0 0 1
    outer loop
      vertex -5.2094 29.5442 15
      vertex -14.4017 40.5485 15
      vertex -14.5019 40.3067 15
    endloop
  endfacet
  facet normal -0 0 1
    outer loop
      vertex -14.6227 40.0746 15
      vertex -5.2094 29.5442 15
      vertex -14.5019 40.3067 15
    endloop
  endfacet
  facet normal -0 0 1
    outer loop
      vertex -14.9227 39.6462 15
      vertex -7.76459 28.9778 15
      vertex -14.7633 39.8539 15
    endloop
  endfacet
  facet normal 0 0 1
    outer loop
      vertex 0 30 15
      vertex -14.2322 41.8361 15
      vertex -2.61469 29.8858 15
    endloop
  endfacet
  facet normal 0 0 1
    outer loop
      vertex -7.76459 28.9778 15
      vertex -14.9227 39.6462 15
      vertex -15.0995 39.4533 15
    endloop
  endfacet
  facet normal 0 -0 1
    outer loop
      vertex -10.2606 28.1908 15
      vertex -7.76459 28.9778 15
      vertex -15.2924 39.2765 15
    endloop
  endfacet
  facet normal 0 0 1
    outer loop
      vertex -10.2606 28.1908 15
      vertex -15.2924 39.2765 15
      vertex -15.5001 39.1171 15
    endloop
  endfacet
  facet normal -0 0 1
    outer loop
      vertex -15.9529 38.8557 15
      vertex -10.2606 28.1908 15
      vertex -15.7208 38.9765 15
    endloop
  endfacet
  facet normal 0 0 1
    outer loop
      vertex -16.1947 38.7555 15
      vertex -12.6785 27.1892 15
      vertex -10.2606 28.1908 15
    endloop
  endfacet
  facet normal 0 0 1
    outer loop
      vertex -16.9593 38.586 15
      vertex -17.2208 38.5746 15
      vertex -15 25.9808 15
    endloop
  endfacet
  facet normal 0 0 1
    outer loop
      vertex 15 25.9808 15
      vertex 37.0791 42.0289 15
      vertex 36.9469 42.6251 15
    endloop
  endfacet
  facet normal -0 0 1
    outer loop
      vertex 15 25.9808 15
      vertex 17.2073 24.5746 15
      vertex 37.2628 41.4465 15
    endloop
  endfacet
  facet normal 0 0 1
    outer loop
      vertex 20.1186 -40.7981 15
      vertex 20.1752 -41.0537 15
      vertex 37.2628 -41.4465 15
    endloop
  endfacet
  facet normal 0 0 1
    outer loop
      vertex 14.9227 -43.503 15
      vertex 4.015 -56.2659 15
      vertex 15.0995 -43.6959 15
    endloop
  endfacet
  facet normal 0 0 1
    outer loop
      vertex -18.4887 38.8557 15
      vertex -18.7208 38.9765 15
      vertex -17.2073 24.5746 15
    endloop
  endfacet
  facet normal 0 -0 1
    outer loop
      vertex 2.9583 -55.6558 15
      vertex 14.5019 -42.8425 15
      vertex 2.39409 -55.4222 15
    endloop
  endfacet
  facet normal 0 0 1
    outer loop
      vertex -12.6785 -27.1892 15
      vertex -36.9469 -42.6251 15
      vertex -36.8672 -43.2305 15
    endloop
  endfacet
  facet normal 0 0 1
    outer loop
      vertex -18.2469 38.7555 15
      vertex -18.4887 38.8557 15
      vertex -17.2073 24.5746 15
    endloop
  endfacet
  facet normal 0 0 1
    outer loop
      vertex 39.3411 -49.2029 15
      vertex 38.0356 -81.5677 15
      vertex 39.8256 -49.5747 15
    endloop
  endfacet
  facet normal 0 0 1
    outer loop
      vertex 37.4964 40.8823 15
      vertex 37.2628 41.4465 15
      vertex 17.2073 24.5746 15
    endloop
  endfacet
  facet normal 0 0 1
    outer loop
      vertex -46.2347 -37.2628 15
      vertex -43.2953 -19.6783 15
      vertex -43.503 -19.5189 15
    endloop
  endfacet
  facet normal 0 0 1
    outer loop
      vertex -39.4533 -19.3421 15
      vertex -22.9813 -19.2836 15
      vertex -39.2765 -19.1492 15
    endloop
  endfacet
  facet normal 0 0 1
    outer loop
      vertex -38.8557 -18.4887 15
      vertex -24.5746 -17.2073 15
      vertex -38.7555 -18.2469 15
    endloop
  endfacet
  facet normal 0 0 1
    outer loop
      vertex -67.3623 -4.4995 15
      vertex -88.6327 -15.6283 15
      vertex -66.9497 -4.94969 15
    endloop
  endfacet
  facet normal 0 0 1
    outer loop
      vertex -45.0561 -50.7343 15
      vertex -51.6219 -73.7237 15
      vertex -44.4507 -50.814 15
    endloop
  endfacet
  facet normal 0 0 1
    outer loop
      vertex -44.4724 -17.9973 15
      vertex -60.7845 -6.89369 15
      vertex -61.3899 -6.97339 15
    endloop
  endfacet
  facet normal 0 0 1
    outer loop
      vertex -45.6523 37.0791 15
      vertex -59.0417 6.34419 15
      vertex -58.5 6.06219 15
    endloop
  endfacet
  facet normal 0 0 1
    outer loop
      vertex -61.3899 -6.97339 15
      vertex -62 -7 15
      vertex -44.3937 -18.2469 15
    endloop
  endfacet
  facet normal 0 -0 1
    outer loop
      vertex -42.6007 -14.4017 15
      vertex -42.3511 -14.323 15
      vertex -55.2385 -1.81169 15
    endloop
  endfacet
  facet normal 0 0 1
    outer loop
      vertex -66.9497 -4.94969 15
      vertex -88.6327 -15.6283 15
      vertex -66.4995 -5.36229 15
    endloop
  endfacet
  facet normal 0 0 1
    outer loop
      vertex -55.6558 -2.9583 15
      vertex -43.0746 -14.6227 15
      vertex -42.8425 -14.5019 15
    endloop
  endfacet
  facet normal 0 0 1
    outer loop
      vertex -62.6101 -6.97339 15
      vertex -84.5723 -30.7818 15
      vertex -81.5677 -38.0356 15
    endloop
  endfacet
  facet normal 0 -0 1
    outer loop
      vertex -55.0266 0.610092 15
      vertex -29.8858 2.61469 15
      vertex -55.1063 1.2155 15
    endloop
  endfacet
  facet normal 0 0 1
    outer loop
      vertex -63.8117 -6.76149 15
      vertex -84.5723 -30.7818 15
      vertex -63.2155 -6.89369 15
    endloop
  endfacet
  facet normal -0 0 1
    outer loop
      vertex -86.9333 23.2937 15
      vertex -64.3941 6.57779 15
      vertex -84.5723 30.7818 15
    endloop
  endfacet
  facet normal 0 0 1
    outer loop
      vertex -27.1892 12.6785 15
      vertex -43.8406 36.8406 15
      vertex -28.1908 10.2606 15
    endloop
  endfacet
  facet normal 0 0 1
    outer loop
      vertex -43.2305 36.8672 15
      vertex -43.8406 36.8406 15
      vertex -27.1892 12.6785 15
    endloop
  endfacet
  facet normal -0 0 1
    outer loop
      vertex -38.8909 38.8909 15
      vertex -21.2132 21.2132 15
      vertex -38.4783 39.3411 15
    endloop
  endfacet
  facet normal 0 0 1
    outer loop
      vertex -25.9808 15 15
      vertex -42.6251 36.9469 15
      vertex -27.1892 12.6785 15
    endloop
  endfacet
  facet normal 0 0 1
    outer loop
      vertex -42.0289 37.0791 15
      vertex -42.6251 36.9469 15
      vertex -25.9808 15 15
    endloop
  endfacet
  facet normal -0 0 1
    outer loop
      vertex -42.0289 37.0791 15
      vertex -25.9808 15 15
      vertex -41.4465 37.2628 15
    endloop
  endfacet
  facet normal -0 0 1
    outer loop
      vertex -40.8823 37.4964 15
      vertex -24.5746 17.2073 15
      vertex -40.3406 37.7784 15
    endloop
  endfacet
  facet normal 0 0 1
    outer loop
      vertex -40.8823 37.4964 15
      vertex -41.4465 37.2628 15
      vertex -24.5746 17.2073 15
    endloop
  endfacet
  facet normal 0 0 1
    outer loop
      vertex -17.9973 38.6768 15
      vertex -17.2073 24.5746 15
      vertex -15 25.9808 15
    endloop
  endfacet
  facet normal 0 0 1
    outer loop
      vertex -17.9973 38.6768 15
      vertex -18.2469 38.7555 15
      vertex -17.2073 24.5746 15
    endloop
  endfacet
  facet normal 0 0 1
    outer loop
      vertex -12.6785 27.1892 15
      vertex -16.6999 38.6202 15
      vertex -16.9593 38.586 15
    endloop
  endfacet
  facet normal 0 0 1
    outer loop
      vertex -16.4443 38.6768 15
      vertex -16.6999 38.6202 15
      vertex -12.6785 27.1892 15
    endloop
  endfacet
  facet normal -0 0 1
    outer loop
      vertex -16.4443 38.6768 15
      vertex -12.6785 27.1892 15
      vertex -16.1947 38.7555 15
    endloop
  endfacet
  facet normal 0 -0 1
    outer loop
      vertex 12.6785 27.1892 15
      vertex 36.8406 43.8406 15
      vertex 10.2606 28.1908 15
    endloop
  endfacet
  facet normal -0 0 1
    outer loop
      vertex -16.1947 38.7555 15
      vertex -10.2606 28.1908 15
      vertex -15.9529 38.8557 15
    endloop
  endfacet
  facet normal 0 0 1
    outer loop
      vertex -15.5001 39.1171 15
      vertex -15.7208 38.9765 15
      vertex -10.2606 28.1908 15
    endloop
  endfacet
  facet normal 0 0 1
    outer loop
      vertex 10.2606 28.1908 15
      vertex 4.94969 57.0503 15
      vertex 4.4995 56.6377 15
    endloop
  endfacet
  facet normal 0 0 1
    outer loop
      vertex -0.610092 55.0266 15
      vertex -14.2322 41.8361 15
      vertex 0 30 15
    endloop
  endfacet
  facet normal 0 0 1
    outer loop
      vertex 4.015 56.2659 15
      vertex 3.5 55.9378 15
      vertex 7.76459 28.9778 15
    endloop
  endfacet
  facet normal 0 0 1
    outer loop
      vertex 0.610092 55.0266 15
      vertex 0 55 15
      vertex 0 30 15
    endloop
  endfacet
  facet normal 0 0 1
    outer loop
      vertex 0.610092 55.0266 15
      vertex 0 30 15
      vertex 2.61469 29.8858 15
    endloop
  endfacet
  facet normal 0 0 1
    outer loop
      vertex 36.9469 42.6251 15
      vertex 36.8672 43.2305 15
      vertex 12.6785 27.1892 15
    endloop
  endfacet
  facet normal 0 0 1
    outer loop
      vertex 12.6785 27.1892 15
      vertex 36.8672 43.2305 15
      vertex 36.8406 43.8406 15
    endloop
  endfacet
  facet normal 0 0 1
    outer loop
      vertex 37.4964 40.8823 15
      vertex 17.2073 24.5746 15
      vertex 37.7784 40.3406 15
    endloop
  endfacet
  facet normal 0 0 1
    outer loop
      vertex 37.7784 40.3406 15
      vertex 19.2836 22.9813 15
      vertex 38.1065 39.8256 15
    endloop
  endfacet
  facet normal 0 0 1
    outer loop
      vertex 19.2836 22.9813 15
      vertex 38.4783 39.3411 15
      vertex 38.1065 39.8256 15
    endloop
  endfacet
  facet normal 0 0 1
    outer loop
      vertex 21.2132 21.2132 15
      vertex 38.8909 38.8909 15
      vertex 38.4783 39.3411 15
    endloop
  endfacet
  facet normal 0 0 1
    outer loop
      vertex 22.9813 19.2836 15
      vertex 24.5746 17.2073 15
      vertex 39.1171 18.9415 15
    endloop
  endfacet
  facet normal 0 0 1
    outer loop
      vertex 24.5746 17.2073 15
      vertex 38.6768 17.9973 15
      vertex 38.7555 18.2469 15
    endloop
  endfacet
  facet normal 0 -0 1
    outer loop
      vertex 28.9778 7.76459 15
      vertex 39.2765 15.2924 15
      vertex 28.1908 10.2606 15
    endloop
  endfacet
  facet normal 0 -0 1
    outer loop
      vertex 29.8858 2.61469 15
      vertex 41.0537 14.2664 15
      vertex 29.5442 5.2094 15
    endloop
  endfacet
  facet normal 0 0 1
    outer loop
      vertex 39.8256 38.1065 15
      vertex 39.3411 38.4783 15
      vertex 39.6462 19.5189 15
    endloop
  endfacet
  facet normal 0 0 1
    outer loop
      vertex 40.8823 37.4964 15
      vertex 40.3406 37.7784 15
      vertex 40.3067 19.9397 15
    endloop
  endfacet
  facet normal -0 0 1
    outer loop
      vertex 43.6959 19.3421 15
      vertex 43.8727 19.1492 15
      vertex 46.7989 37.4964 15
    endloop
  endfacet
  facet normal -0 0 1
    outer loop
      vertex 29.8858 2.61469 15
      vertex 30 0 15
      vertex 41.8361 14.2322 15
    endloop
  endfacet
  facet normal 0 0 1
    outer loop
      vertex 42.8425 14.5019 15
      vertex 55.4222 2.39409 15
      vertex 55.6558 2.9583 15
    endloop
  endfacet
  facet normal 0 0 1
    outer loop
      vertex 62.6101 6.97339 15
      vertex 49.2029 39.3411 15
      vertex 62 7 15
    endloop
  endfacet
  facet normal 0 0 1
    outer loop
      vertex 68.3442 -2.9583 15
      vertex 68.0622 -3.5 15
      vertex 89.6575 -7.84399 15
    endloop
  endfacet
  facet normal 0 0 1
    outer loop
      vertex 86.9333 -23.2937 15
      vertex 66.015 -5.73409 15
      vertex 65.5 -6.06219 15
    endloop
  endfacet
  facet normal 0 0 1
    outer loop
      vertex 84.5723 -30.7818 15
      vertex 63.2155 -6.89369 15
      vertex 62.6101 -6.97339 15
    endloop
  endfacet
  facet normal 0 0 1
    outer loop
      vertex 42.0289 -37.0791 15
      vertex 25.9808 -15 15
      vertex 41.4465 -37.2628 15
    endloop
  endfacet
  facet normal 0 0 1
    outer loop
      vertex 43.2305 -36.8672 15
      vertex 27.1892 -12.6785 15
      vertex 42.6251 -36.9469 15
    endloop
  endfacet
  facet normal 0 0 1
    outer loop
      vertex 25.9808 -15 15
      vertex 42.0289 -37.0791 15
      vertex 42.6251 -36.9469 15
    endloop
  endfacet
  facet normal 0 0 1
    outer loop
      vertex 19.5189 -39.6462 15
      vertex 19.6783 -39.8539 15
      vertex 38.1065 -39.8256 15
    endloop
  endfacet
  facet normal -0 -0 1
    outer loop
      vertex 50.814 -43.2305 15
      vertex 77.9423 -45 15
      vertex 50.7343 -42.6251 15
    endloop
  endfacet
  facet normal 0 0 1
    outer loop
      vertex 36.8672 -43.2305 15
      vertex 20.1752 -42.0955 15
      vertex 36.8406 -43.8406 15
    endloop
  endfacet
  facet normal -0 0 1
    outer loop
      vertex 45.6523 -50.6021 15
      vertex 57.8509 -68.944 15
      vertex 46.2347 -50.4184 15
    endloop
  endfacet
  facet normal 0 0 1
    outer loop
      vertex 43.2305 -50.814 15
      vertex 51.6219 -73.7237 15
      vertex 43.8406 -50.8406 15
    endloop
  endfacet
  facet normal 0 -0 1
    outer loop
      vertex 45 -77.9423 15
      vertex 51.6219 -73.7237 15
      vertex 43.2305 -50.814 15
    endloop
  endfacet
  facet normal -0 0 1
    outer loop
      vertex 19.1492 -43.8727 15
      vertex 37.4964 -46.7989 15
      vertex 19.3421 -43.6959 15
    endloop
  endfacet
  facet normal 0 0 1
    outer loop
      vertex 42.6251 -50.7343 15
      vertex 45 -77.9423 15
      vertex 43.2305 -50.814 15
    endloop
  endfacet
  facet normal -0 0 1
    outer loop
      vertex 18.4887 -44.2935 15
      vertex 38.4783 -48.3401 15
      vertex 18.7208 -44.1727 15
    endloop
  endfacet
  facet normal 0 0 1
    outer loop
      vertex 39.8256 -49.5747 15
      vertex 38.0356 -81.5677 15
      vertex 40.3406 -49.9028 15
    endloop
  endfacet
  facet normal 0 0 1
    outer loop
      vertex 17.7417 -44.529 15
      vertex 17.4823 -44.5632 15
      vertex 6.76149 -60.1883 15
    endloop
  endfacet
  facet normal 0 0 1
    outer loop
      vertex 0 -30 15
      vertex -2.61469 -29.8858 15
      vertex -0.610092 -55.0266 15
    endloop
  endfacet
  facet normal 0 0 1
    outer loop
      vertex -6.34419 -64.9583 15
      vertex -23.2937 -86.9333 15
      vertex -6.06219 -65.5 15
    endloop
  endfacet
  facet normal 0 0 1
    outer loop
      vertex 40.8823 37.4964 15
      vertex 40.5485 20.0399 15
      vertex 41.4465 37.2628 15
    endloop
  endfacet
  facet normal 0 0 1
    outer loop
      vertex 41.3131 14.2322 15
      vertex 29.8858 2.61469 15
      vertex 41.5746 14.2208 15
    endloop
  endfacet
  facet normal 0 0 1
    outer loop
      vertex 29.5442 5.2094 15
      vertex 40.5485 14.4017 15
      vertex 40.3067 14.5019 15
    endloop
  endfacet
  facet normal 0 0 1
    outer loop
      vertex 29.5442 5.2094 15
      vertex 40.7981 14.323 15
      vertex 40.5485 14.4017 15
    endloop
  endfacet
  facet normal 0 0 1
    outer loop
      vertex 40.0746 14.6227 15
      vertex 28.9778 7.76459 15
      vertex 29.5442 5.2094 15
    endloop
  endfacet
  facet normal 0 -0 1
    outer loop
      vertex 38.8557 18.4887 15
      vertex 38.9765 18.7208 15
      vertex 24.5746 17.2073 15
    endloop
  endfacet
  facet normal 0 0 1
    outer loop
      vertex 39.6462 14.9227 15
      vertex 39.4533 15.0995 15
      vertex 28.9778 7.76459 15
    endloop
  endfacet
  facet normal 0 0 1
    outer loop
      vertex 39.4533 15.0995 15
      vertex 39.2765 15.2924 15
      vertex 28.9778 7.76459 15
    endloop
  endfacet
  facet normal 0 0 1
    outer loop
      vertex 39.2765 15.2924 15
      vertex 39.1171 15.5001 15
      vertex 28.1908 10.2606 15
    endloop
  endfacet
  facet normal 0 0 1
    outer loop
      vertex 39.1171 15.5001 15
      vertex 38.9765 15.7208 15
      vertex 28.1908 10.2606 15
    endloop
  endfacet
  facet normal 0 0 1
    outer loop
      vertex 38.9765 15.7208 15
      vertex 38.8557 15.9529 15
      vertex 28.1908 10.2606 15
    endloop
  endfacet
  facet normal 0 0 1
    outer loop
      vertex 38.8557 15.9529 15
      vertex 38.7555 16.1947 15
      vertex 28.1908 10.2606 15
    endloop
  endfacet
  facet normal 0 0 1
    outer loop
      vertex 38.7555 16.1947 15
      vertex 27.1892 12.6785 15
      vertex 28.1908 10.2606 15
    endloop
  endfacet
  facet normal 0 0 1
    outer loop
      vertex 38.6768 16.4443 15
      vertex 27.1892 12.6785 15
      vertex 38.7555 16.1947 15
    endloop
  endfacet
  facet normal 0 0 1
    outer loop
      vertex 38.8557 18.4887 15
      vertex 24.5746 17.2073 15
      vertex 38.7555 18.2469 15
    endloop
  endfacet
  facet normal 0 0 1
    outer loop
      vertex 38.586 16.9593 15
      vertex 27.1892 12.6785 15
      vertex 38.6202 16.6999 15
    endloop
  endfacet
  facet normal -0 0 1
    outer loop
      vertex 25.9808 15 15
      vertex 27.1892 12.6785 15
      vertex 38.586 16.9593 15
    endloop
  endfacet
  facet normal 0 0 1
    outer loop
      vertex 25.9808 15 15
      vertex 38.586 16.9593 15
      vertex 38.5746 17.2208 15
    endloop
  endfacet
  facet normal 0 0 1
    outer loop
      vertex 25.9808 15 15
      vertex 38.5746 17.2208 15
      vertex 38.586 17.4823 15
    endloop
  endfacet
  facet normal 0 0 1
    outer loop
      vertex 25.9808 15 15
      vertex 38.586 17.4823 15
      vertex 38.6202 17.7417 15
    endloop
  endfacet
  facet normal 0 0 1
    outer loop
      vertex 25.9808 15 15
      vertex 38.6202 17.7417 15
      vertex 38.6768 17.9973 15
    endloop
  endfacet
  facet normal 0 -0 1
    outer loop
      vertex 25.9808 15 15
      vertex 38.6768 17.9973 15
      vertex 24.5746 17.2073 15
    endloop
  endfacet
  facet normal 0 -0 1
    outer loop
      vertex 39.1171 18.9415 15
      vertex 39.2765 19.1492 15
      vertex 22.9813 19.2836 15
    endloop
  endfacet
  facet normal 0 -0 1
    outer loop
      vertex 38.9765 18.7208 15
      vertex 39.1171 18.9415 15
      vertex 24.5746 17.2073 15
    endloop
  endfacet
  facet normal 0 0 1
    outer loop
      vertex 39.3411 38.4783 15
      vertex 21.2132 21.2132 15
      vertex 39.6462 19.5189 15
    endloop
  endfacet
  facet normal 0 0 1
    outer loop
      vertex 39.6462 19.5189 15
      vertex 21.2132 21.2132 15
      vertex 22.9813 19.2836 15
    endloop
  endfacet
  facet normal 0 0 1
    outer loop
      vertex 39.8256 38.1065 15
      vertex 40.0746 19.8189 15
      vertex 40.3406 37.7784 15
    endloop
  endfacet
  facet normal 0 0 1
    outer loop
      vertex 40.3067 19.9397 15
      vertex 40.5485 20.0399 15
      vertex 40.8823 37.4964 15
    endloop
  endfacet
  facet normal 0 0 1
    outer loop
      vertex 40.5485 20.0399 15
      vertex 40.7981 20.1186 15
      vertex 41.4465 37.2628 15
    endloop
  endfacet
  facet normal 0 0 1
    outer loop
      vertex 40.7981 20.1186 15
      vertex 41.0537 20.1752 15
      vertex 41.4465 37.2628 15
    endloop
  endfacet
  facet normal 0 0 1
    outer loop
      vertex 41.0537 20.1752 15
      vertex 42.0289 37.0791 15
      vertex 41.4465 37.2628 15
    endloop
  endfacet
  facet normal 0 0 1
    outer loop
      vertex 41.3131 20.2094 15
      vertex 42.6251 36.9469 15
      vertex 42.0289 37.0791 15
    endloop
  endfacet
  facet normal 0 -0 1
    outer loop
      vertex 41.5746 20.2208 15
      vertex 42.6251 36.9469 15
      vertex 41.3131 20.2094 15
    endloop
  endfacet
  facet normal 0 0 1
    outer loop
      vertex 43.2305 36.8672 15
      vertex 42.6251 36.9469 15
      vertex 41.5746 20.2208 15
    endloop
  endfacet
  facet normal 0 -0 1
    outer loop
      vertex 42.0955 20.1752 15
      vertex 43.2305 36.8672 15
      vertex 41.8361 20.2094 15
    endloop
  endfacet
  facet normal 0 0 1
    outer loop
      vertex 43.8406 36.8406 15
      vertex 43.2305 36.8672 15
      vertex 42.0955 20.1752 15
    endloop
  endfacet
  facet normal 0 0 1
    outer loop
      vertex 44.4507 36.8672 15
      vertex 43.8406 36.8406 15
      vertex 42.3511 20.1186 15
    endloop
  endfacet
  facet normal 0 0 1
    outer loop
      vertex 44.4507 36.8672 15
      vertex 42.3511 20.1186 15
      vertex 42.6007 20.0399 15
    endloop
  endfacet
  facet normal 0 0 1
    outer loop
      vertex 45.0561 36.9469 15
      vertex 42.6007 20.0399 15
      vertex 42.8425 19.9397 15
    endloop
  endfacet
  facet normal 0 0 1
    outer loop
      vertex 45.0561 36.9469 15
      vertex 42.8425 19.9397 15
      vertex 43.0746 19.8189 15
    endloop
  endfacet
  facet normal 0 0 1
    outer loop
      vertex 46.2347 37.2628 15
      vertex 45.6523 37.0791 15
      vertex 43.2953 19.6783 15
    endloop
  endfacet
  facet normal 0 0 1
    outer loop
      vertex 46.2347 37.2628 15
      vertex 43.2953 19.6783 15
      vertex 43.503 19.5189 15
    endloop
  endfacet
  facet normal -0 0 1
    outer loop
      vertex 46.2347 37.2628 15
      vertex 43.503 19.5189 15
      vertex 46.7989 37.4964 15
    endloop
  endfacet
  facet normal -0 0 1
    outer loop
      vertex 43.503 19.5189 15
      vertex 43.6959 19.3421 15
      vertex 46.7989 37.4964 15
    endloop
  endfacet
  facet normal -0 0 1
    outer loop
      vertex 46.7989 37.4964 15
      vertex 43.8727 19.1492 15
      vertex 47.3406 37.7784 15
    endloop
  endfacet
  facet normal -0 0 1
    outer loop
      vertex 43.8727 19.1492 15
      vertex 44.0321 18.9415 15
      vertex 47.3406 37.7784 15
    endloop
  endfacet
  facet normal 0 0 1
    outer loop
      vertex 44.0321 18.9415 15
      vertex 47.8556 38.1065 15
      vertex 47.3406 37.7784 15
    endloop
  endfacet
  facet normal 0 -0 1
    outer loop
      vertex 44.1727 18.7208 15
      vertex 47.8556 38.1065 15
      vertex 44.0321 18.9415 15
    endloop
  endfacet
  facet normal 0 0 1
    outer loop
      vertex 48.3401 38.4783 15
      vertex 47.8556 38.1065 15
      vertex 44.1727 18.7208 15
    endloop
  endfacet
  facet normal 0 0 1
    outer loop
      vertex 48.7903 38.8909 15
      vertex 48.3401 38.4783 15
      vertex 44.2935 18.4887 15
    endloop
  endfacet
  facet normal 0 0 1
    outer loop
      vertex 48.7903 38.8909 15
      vertex 44.2935 18.4887 15
      vertex 44.3937 18.2469 15
    endloop
  endfacet
  facet normal 0 0 1
    outer loop
      vertex 59.6059 6.57779 15
      vertex 44.5632 17.4823 15
      vertex 44.5746 17.2208 15
    endloop
  endfacet
  facet normal 0 -0 1
    outer loop
      vertex 59.0417 6.34419 15
      vertex 59.6059 6.57779 15
      vertex 44.5632 16.9593 15
    endloop
  endfacet
  facet normal 0 0 1
    outer loop
      vertex 44.4724 16.4443 15
      vertex 57.985 5.73409 15
      vertex 58.5 6.06219 15
    endloop
  endfacet
  facet normal 0 0 1
    outer loop
      vertex 57.5005 5.36229 15
      vertex 44.2935 15.9529 15
      vertex 44.1727 15.7208 15
    endloop
  endfacet
  facet normal -0 0 1
    outer loop
      vertex 43.8727 15.2924 15
      vertex 56.6377 4.4995 15
      vertex 44.0321 15.5001 15
    endloop
  endfacet
  facet normal 0 0 1
    outer loop
      vertex 55.9378 3.5 15
      vertex 43.503 14.9227 15
      vertex 43.2953 14.7633 15
    endloop
  endfacet
  facet normal 0 0 1
    outer loop
      vertex 55.6558 2.9583 15
      vertex 43.0746 14.6227 15
      vertex 42.8425 14.5019 15
    endloop
  endfacet
  facet normal 0 0 1
    outer loop
      vertex 55.4222 2.39409 15
      vertex 42.8425 14.5019 15
      vertex 42.6007 14.4017 15
    endloop
  endfacet
  facet normal 0 0 1
    outer loop
      vertex 42.6007 14.4017 15
      vertex 55.2385 1.81169 15
      vertex 55.4222 2.39409 15
    endloop
  endfacet
  facet normal -0 0 1
    outer loop
      vertex 42.3511 14.323 15
      vertex 55.2385 1.81169 15
      vertex 42.6007 14.4017 15
    endloop
  endfacet
  facet normal 0 -0 1
    outer loop
      vertex 55.1063 1.2155 15
      vertex 55.2385 1.81169 15
      vertex 42.3511 14.323 15
    endloop
  endfacet
  facet normal 0 0 1
    outer loop
      vertex 42.0955 14.2664 15
      vertex 41.8361 14.2322 15
      vertex 55.1063 1.2155 15
    endloop
  endfacet
  facet normal 0 -0 1
    outer loop
      vertex 55.0266 0.610092 15
      vertex 55.1063 1.2155 15
      vertex 41.8361 14.2322 15
    endloop
  endfacet
  facet normal 0 -0 1
    outer loop
      vertex 55 0 15
      vertex 55.0266 0.610092 15
      vertex 30 0 15
    endloop
  endfacet
  facet normal 0 0 1
    outer loop
      vertex 30 0 15
      vertex 55.0266 0.610092 15
      vertex 41.8361 14.2322 15
    endloop
  endfacet
  facet normal -0 0 1
    outer loop
      vertex 66.4995 5.36229 15
      vertex 66.9497 4.94969 15
      vertex 88.6327 15.6283 15
    endloop
  endfacet
  facet normal -0 0 1
    outer loop
      vertex 30 0 15
      vertex 55.0266 -0.610092 15
      vertex 55 0 15
    endloop
  endfacet
  facet normal 0 0 1
    outer loop
      vertex 90 0 15
      vertex 68.8937 1.2155 15
      vertex 68.9734 0.610092 15
    endloop
  endfacet
  facet normal 0 0 1
    outer loop
      vertex 55.1063 -1.2155 15
      vertex 55.0266 -0.610092 15
      vertex 29.8858 -2.61469 15
    endloop
  endfacet
  facet normal 0 0 1
    outer loop
      vertex 55.1063 -1.2155 15
      vertex 29.8858 -2.61469 15
      vertex 55.2385 -1.81169 15
    endloop
  endfacet
  facet normal 0 0 1
    outer loop
      vertex 55.6558 -2.9583 15
      vertex 29.5442 -5.2094 15
      vertex 28.9778 -7.76459 15
    endloop
  endfacet
  facet normal 0 0 1
    outer loop
      vertex 55.4222 -2.39409 15
      vertex 29.5442 -5.2094 15
      vertex 55.6558 -2.9583 15
    endloop
  endfacet
  facet normal 0 0 1
    outer loop
      vertex 29.8858 -2.61469 15
      vertex 55.0266 -0.610092 15
      vertex 30 0 15
    endloop
  endfacet
  facet normal 0 0 1
    outer loop
      vertex 40.3406 -37.7784 15
      vertex 24.5746 -17.2073 15
      vertex 22.9813 -19.2836 15
    endloop
  endfacet
  facet normal 0 -0 1
    outer loop
      vertex 14.4017 -40.5485 15
      vertex 14.5019 -40.3067 15
      vertex 5.2094 -29.5442 15
    endloop
  endfacet
  facet normal 0 0 1
    outer loop
      vertex 39.3411 -38.4783 15
      vertex 22.9813 -19.2836 15
      vertex 21.2132 -21.2132 15
    endloop
  endfacet
  facet normal 0 0 1
    outer loop
      vertex 15.2924 -39.2765 15
      vertex 10.2606 -28.1908 15
      vertex 7.76459 -28.9778 15
    endloop
  endfacet
  facet normal -0 0 1
    outer loop
      vertex 25.9808 -15 15
      vertex 42.6251 -36.9469 15
      vertex 27.1892 -12.6785 15
    endloop
  endfacet
  facet normal 0 0 1
    outer loop
      vertex 28.1908 -10.2606 15
      vertex 27.1892 -12.6785 15
      vertex 43.8406 -36.8406 15
    endloop
  endfacet
  facet normal 0 0 1
    outer loop
      vertex 28.1908 -10.2606 15
      vertex 57.0503 -4.94969 15
      vertex 56.6377 -4.4995 15
    endloop
  endfacet
  facet normal 0 0 1
    outer loop
      vertex 28.1908 -10.2606 15
      vertex 56.6377 -4.4995 15
      vertex 56.2659 -4.015 15
    endloop
  endfacet
  facet normal 0 0 1
    outer loop
      vertex 28.1908 -10.2606 15
      vertex 56.2659 -4.015 15
      vertex 28.9778 -7.76459 15
    endloop
  endfacet
  facet normal 0 0 1
    outer loop
      vertex 56.2659 -4.015 15
      vertex 55.9378 -3.5 15
      vertex 28.9778 -7.76459 15
    endloop
  endfacet
  facet normal 0 0 1
    outer loop
      vertex 55.9378 -3.5 15
      vertex 55.6558 -2.9583 15
      vertex 28.9778 -7.76459 15
    endloop
  endfacet
  facet normal -0 0 1
    outer loop
      vertex 29.8858 -2.61469 15
      vertex 29.5442 -5.2094 15
      vertex 55.2385 -1.81169 15
    endloop
  endfacet
  facet normal 0 0 1
    outer loop
      vertex 55.2385 -1.81169 15
      vertex 29.5442 -5.2094 15
      vertex 55.4222 -2.39409 15
    endloop
  endfacet
  facet normal -0 0 1
    outer loop
      vertex 42.0955 14.2664 15
      vertex 55.1063 1.2155 15
      vertex 42.3511 14.323 15
    endloop
  endfacet
  facet normal 0 0 1
    outer loop
      vertex 55.6558 2.9583 15
      vertex 43.2953 14.7633 15
      vertex 43.0746 14.6227 15
    endloop
  endfacet
  facet normal 0 0 1
    outer loop
      vertex 55.9378 3.5 15
      vertex 43.2953 14.7633 15
      vertex 55.6558 2.9583 15
    endloop
  endfacet
  facet normal 0 0 1
    outer loop
      vertex 56.2659 4.015 15
      vertex 43.503 14.9227 15
      vertex 55.9378 3.5 15
    endloop
  endfacet
  facet normal 0 0 1
    outer loop
      vertex 43.6959 15.0995 15
      vertex 43.503 14.9227 15
      vertex 56.2659 4.015 15
    endloop
  endfacet
  facet normal 0 0 1
    outer loop
      vertex 43.6959 15.0995 15
      vertex 56.2659 4.015 15
      vertex 56.6377 4.4995 15
    endloop
  endfacet
  facet normal -0 0 1
    outer loop
      vertex 43.6959 15.0995 15
      vertex 56.6377 4.4995 15
      vertex 43.8727 15.2924 15
    endloop
  endfacet
  facet normal 0 -0 1
    outer loop
      vertex 56.6377 4.4995 15
      vertex 57.0503 4.94969 15
      vertex 44.0321 15.5001 15
    endloop
  endfacet
  facet normal 0 0 1
    outer loop
      vertex 57.0503 4.94969 15
      vertex 44.1727 15.7208 15
      vertex 44.0321 15.5001 15
    endloop
  endfacet
  facet normal 0 0 1
    outer loop
      vertex 57.5005 5.36229 15
      vertex 44.1727 15.7208 15
      vertex 57.0503 4.94969 15
    endloop
  endfacet
  facet normal 0 0 1
    outer loop
      vertex 57.985 5.73409 15
      vertex 44.2935 15.9529 15
      vertex 57.5005 5.36229 15
    endloop
  endfacet
  facet normal 0 0 1
    outer loop
      vertex 44.3937 16.1947 15
      vertex 44.2935 15.9529 15
      vertex 57.985 5.73409 15
    endloop
  endfacet
  facet normal -0 0 1
    outer loop
      vertex 44.3937 16.1947 15
      vertex 57.985 5.73409 15
      vertex 44.4724 16.4443 15
    endloop
  endfacet
  facet normal -0 0 1
    outer loop
      vertex 44.4724 16.4443 15
      vertex 58.5 6.06219 15
      vertex 44.529 16.6999 15
    endloop
  endfacet
  facet normal 0 -0 1
    outer loop
      vertex 58.5 6.06219 15
      vertex 59.0417 6.34419 15
      vertex 44.529 16.6999 15
    endloop
  endfacet
  facet normal 0 0 1
    outer loop
      vertex 59.6059 6.57779 15
      vertex 44.5746 17.2208 15
      vertex 44.5632 16.9593 15
    endloop
  endfacet
  facet normal 0 0 1
    outer loop
      vertex 59.0417 6.34419 15
      vertex 44.5632 16.9593 15
      vertex 44.529 16.6999 15
    endloop
  endfacet
  facet normal -0 -0 1
    outer loop
      vertex 44.5632 17.4823 15
      vertex 60.1883 6.76149 15
      vertex 44.529 17.7417 15
    endloop
  endfacet
  facet normal 0 -0 1
    outer loop
      vertex 60.1883 6.76149 15
      vertex 60.7845 6.89369 15
      vertex 44.529 17.7417 15
    endloop
  endfacet
  facet normal 0 0 1
    outer loop
      vertex 61.3899 6.97339 15
      vertex 44.4724 17.9973 15
      vertex 60.7845 6.89369 15
    endloop
  endfacet
  facet normal 0 0 1
    outer loop
      vertex 60.7845 6.89369 15
      vertex 44.4724 17.9973 15
      vertex 44.529 17.7417 15
    endloop
  endfacet
  facet normal 0 0 1
    outer loop
      vertex 61.3899 6.97339 15
      vertex 44.3937 18.2469 15
      vertex 44.4724 17.9973 15
    endloop
  endfacet
  facet normal 0 0 1
    outer loop
      vertex 62 7 15
      vertex 44.3937 18.2469 15
      vertex 61.3899 6.97339 15
    endloop
  endfacet
  facet normal -0 0 1
    outer loop
      vertex 48.7903 38.8909 15
      vertex 62 7 15
      vertex 49.2029 39.3411 15
    endloop
  endfacet
  facet normal 0 0 1
    outer loop
      vertex 48.7903 38.8909 15
      vertex 44.3937 18.2469 15
      vertex 62 7 15
    endloop
  endfacet
  facet normal 0 0 1
    outer loop
      vertex 84.5723 30.7818 15
      vertex 81.5677 38.0356 15
      vertex 62.6101 6.97339 15
    endloop
  endfacet
  facet normal 0 0 1
    outer loop
      vertex 84.5723 30.7818 15
      vertex 62.6101 6.97339 15
      vertex 63.2155 6.89369 15
    endloop
  endfacet
  facet normal 0 0 1
    outer loop
      vertex 84.5723 30.7818 15
      vertex 63.2155 6.89369 15
      vertex 63.8117 6.76149 15
    endloop
  endfacet
  facet normal 0 0 1
    outer loop
      vertex 84.5723 30.7818 15
      vertex 63.8117 6.76149 15
      vertex 64.3941 6.57779 15
    endloop
  endfacet
  facet normal 0 0 1
    outer loop
      vertex 84.5723 30.7818 15
      vertex 64.3941 6.57779 15
      vertex 86.9333 23.2937 15
    endloop
  endfacet
  facet normal -0 0 1
    outer loop
      vertex 64.9583 6.34419 15
      vertex 65.5 6.06219 15
      vertex 86.9333 23.2937 15
    endloop
  endfacet
  facet normal -0 0 1
    outer loop
      vertex 64.3941 6.57779 15
      vertex 64.9583 6.34419 15
      vertex 86.9333 23.2937 15
    endloop
  endfacet
  facet normal 0 0 1
    outer loop
      vertex 86.9333 23.2937 15
      vertex 65.5 6.06219 15
      vertex 66.015 5.73409 15
    endloop
  endfacet
  facet normal 0 0 1
    outer loop
      vertex 86.9333 23.2937 15
      vertex 66.015 5.73409 15
      vertex 66.4995 5.36229 15
    endloop
  endfacet
  facet normal 0 0 1
    outer loop
      vertex 86.9333 23.2937 15
      vertex 66.4995 5.36229 15
      vertex 88.6327 15.6283 15
    endloop
  endfacet
  facet normal 0 0 1
    outer loop
      vertex 88.6327 15.6283 15
      vertex 66.9497 4.94969 15
      vertex 67.3623 4.4995 15
    endloop
  endfacet
  facet normal 0 0 1
    outer loop
      vertex 88.6327 15.6283 15
      vertex 67.3623 4.4995 15
      vertex 67.7341 4.015 15
    endloop
  endfacet
  facet normal 0 0 1
    outer loop
      vertex 88.6327 15.6283 15
      vertex 67.7341 4.015 15
      vertex 89.6575 7.84399 15
    endloop
  endfacet
  facet normal -0 0 1
    outer loop
      vertex 67.7341 4.015 15
      vertex 68.0622 3.5 15
      vertex 89.6575 7.84399 15
    endloop
  endfacet
  facet normal -0 0 1
    outer loop
      vertex 68.0622 3.5 15
      vertex 68.3442 2.9583 15
      vertex 89.6575 7.84399 15
    endloop
  endfacet
  facet normal -0 0 1
    outer loop
      vertex 68.3442 2.9583 15
      vertex 68.5778 2.39409 15
      vertex 89.6575 7.84399 15
    endloop
  endfacet
  facet normal -0 0 1
    outer loop
      vertex 68.5778 2.39409 15
      vertex 68.7615 1.81169 15
      vertex 89.6575 7.84399 15
    endloop
  endfacet
  facet normal -0 0 1
    outer loop
      vertex 68.7615 1.81169 15
      vertex 68.8937 1.2155 15
      vertex 89.6575 7.84399 15
    endloop
  endfacet
  facet normal -0 0 1
    outer loop
      vertex 68.8937 1.2155 15
      vertex 90 0 15
      vertex 89.6575 7.84399 15
    endloop
  endfacet
  facet normal 0 0 1
    outer loop
      vertex 68.9734 0.610092 15
      vertex 69 0 15
      vertex 90 0 15
    endloop
  endfacet
  facet normal -0 0 1
    outer loop
      vertex 69 0 15
      vertex 68.9734 -0.610092 15
      vertex 90 0 15
    endloop
  endfacet
  facet normal -0 0 1
    outer loop
      vertex 68.9734 -0.610092 15
      vertex 68.8937 -1.2155 15
      vertex 90 0 15
    endloop
  endfacet
  facet normal -0 0 1
    outer loop
      vertex 68.8937 -1.2155 15
      vertex 89.6575 -7.84399 15
      vertex 90 0 15
    endloop
  endfacet
  facet normal -0 0 1
    outer loop
      vertex 68.7615 -1.81169 15
      vertex 89.6575 -7.84399 15
      vertex 68.8937 -1.2155 15
    endloop
  endfacet
  facet normal -0 0 1
    outer loop
      vertex 68.5778 -2.39409 15
      vertex 89.6575 -7.84399 15
      vertex 68.7615 -1.81169 15
    endloop
  endfacet
  facet normal -0 0 1
    outer loop
      vertex 68.3442 -2.9583 15
      vertex 89.6575 -7.84399 15
      vertex 68.5778 -2.39409 15
    endloop
  endfacet
  facet normal 0 0 1
    outer loop
      vertex 68.0622 -3.5 15
      vertex 67.7341 -4.015 15
      vertex 89.6575 -7.84399 15
    endloop
  endfacet
  facet normal 0 0 1
    outer loop
      vertex 67.7341 -4.015 15
      vertex 88.6327 -15.6283 15
      vertex 89.6575 -7.84399 15
    endloop
  endfacet
  facet normal -0 0 1
    outer loop
      vertex 67.3623 -4.4995 15
      vertex 88.6327 -15.6283 15
      vertex 67.7341 -4.015 15
    endloop
  endfacet
  facet normal -0 0 1
    outer loop
      vertex 66.9497 -4.94969 15
      vertex 88.6327 -15.6283 15
      vertex 67.3623 -4.4995 15
    endloop
  endfacet
  facet normal -0 0 1
    outer loop
      vertex 66.4995 -5.36229 15
      vertex 88.6327 -15.6283 15
      vertex 66.9497 -4.94969 15
    endloop
  endfacet
  facet normal 0 -0 1
    outer loop
      vertex 86.9333 -23.2937 15
      vertex 88.6327 -15.6283 15
      vertex 66.4995 -5.36229 15
    endloop
  endfacet
  facet normal 0 0 1
    outer loop
      vertex 86.9333 -23.2937 15
      vertex 66.4995 -5.36229 15
      vertex 66.015 -5.73409 15
    endloop
  endfacet
  facet normal -0 0 1
    outer loop
      vertex 64.9583 -6.34419 15
      vertex 86.9333 -23.2937 15
      vertex 65.5 -6.06219 15
    endloop
  endfacet
  facet normal -0 0 1
    outer loop
      vertex 64.3941 -6.57779 15
      vertex 86.9333 -23.2937 15
      vertex 64.9583 -6.34419 15
    endloop
  endfacet
  facet normal 0 -0 1
    outer loop
      vertex 84.5723 -30.7818 15
      vertex 86.9333 -23.2937 15
      vertex 64.3941 -6.57779 15
    endloop
  endfacet
  facet normal 0 0 1
    outer loop
      vertex 84.5723 -30.7818 15
      vertex 64.3941 -6.57779 15
      vertex 63.8117 -6.76149 15
    endloop
  endfacet
  facet normal 0 0 1
    outer loop
      vertex 84.5723 -30.7818 15
      vertex 63.8117 -6.76149 15
      vertex 63.2155 -6.89369 15
    endloop
  endfacet
  facet normal 0 0 1
    outer loop
      vertex 59.6059 -6.57779 15
      vertex 46.7989 -37.4964 15
      vertex 60.1883 -6.76149 15
    endloop
  endfacet
  facet normal 0 -0 1
    outer loop
      vertex 81.5677 -38.0356 15
      vertex 84.5723 -30.7818 15
      vertex 62.6101 -6.97339 15
    endloop
  endfacet
  facet normal 0 0 1
    outer loop
      vertex -63.2155 -6.89369 15
      vertex -84.5723 -30.7818 15
      vertex -62.6101 -6.97339 15
    endloop
  endfacet
  facet normal 0 0 1
    outer loop
      vertex -55.6558 2.9583 15
      vertex -29.5442 5.2094 15
      vertex -28.9778 7.76459 15
    endloop
  endfacet
  facet normal 0 0 1
    outer loop
      vertex -63.8117 -6.76149 15
      vertex -64.3941 -6.57779 15
      vertex -84.5723 -30.7818 15
    endloop
  endfacet
  facet normal 0 0 1
    outer loop
      vertex -28.1908 10.2606 15
      vertex -43.8406 36.8406 15
      vertex -57.0503 4.94969 15
    endloop
  endfacet
  facet normal 0 0 1
    outer loop
      vertex -64.3941 -6.57779 15
      vertex -86.9333 -23.2937 15
      vertex -84.5723 -30.7818 15
    endloop
  endfacet
  facet normal 0 0 1
    outer loop
      vertex -64.9583 -6.34419 15
      vertex -86.9333 -23.2937 15
      vertex -64.3941 -6.57779 15
    endloop
  endfacet
  facet normal 0 0 1
    outer loop
      vertex -65.5 -6.06219 15
      vertex -66.015 -5.73409 15
      vertex -86.9333 -23.2937 15
    endloop
  endfacet
  facet normal 0 0 1
    outer loop
      vertex -66.015 -5.73409 15
      vertex -66.4995 -5.36229 15
      vertex -86.9333 -23.2937 15
    endloop
  endfacet
  facet normal 0 0 1
    outer loop
      vertex -66.4995 -5.36229 15
      vertex -88.6327 -15.6283 15
      vertex -86.9333 -23.2937 15
    endloop
  endfacet
  facet normal 0 0 1
    outer loop
      vertex -67.7341 -4.015 15
      vertex -88.6327 -15.6283 15
      vertex -67.3623 -4.4995 15
    endloop
  endfacet
  facet normal -0 0 1
    outer loop
      vertex -89.6575 -7.84399 15
      vertex -88.6327 -15.6283 15
      vertex -67.7341 -4.015 15
    endloop
  endfacet
  facet normal 0 0 1
    outer loop
      vertex -89.6575 -7.84399 15
      vertex -67.7341 -4.015 15
      vertex -68.0622 -3.5 15
    endloop
  endfacet
  facet normal 0 0 1
    outer loop
      vertex -68.0622 -3.5 15
      vertex -68.3442 -2.9583 15
      vertex -89.6575 -7.84399 15
    endloop
  endfacet
  facet normal 0 0 1
    outer loop
      vertex -68.3442 -2.9583 15
      vertex -68.5778 -2.39409 15
      vertex -89.6575 -7.84399 15
    endloop
  endfacet
  facet normal 0 0 1
    outer loop
      vertex -68.8937 -1.2155 15
      vertex -90 0 15
      vertex -89.6575 -7.84399 15
    endloop
  endfacet
  facet normal 0 0 1
    outer loop
      vertex -68.9734 -0.610092 15
      vertex -69 0 15
      vertex -90 0 15
    endloop
  endfacet
  facet normal 0 -0 1
    outer loop
      vertex -69 0 15
      vertex -68.9734 0.610092 15
      vertex -90 0 15
    endloop
  endfacet
  facet normal 0 -0 1
    outer loop
      vertex -68.9734 0.610092 15
      vertex -68.8937 1.2155 15
      vertex -90 0 15
    endloop
  endfacet
  facet normal 0 0 1
    outer loop
      vertex -68.8937 1.2155 15
      vertex -89.6575 7.84399 15
      vertex -90 0 15
    endloop
  endfacet
  facet normal 0 0 1
    outer loop
      vertex -68.7615 1.81169 15
      vertex -89.6575 7.84399 15
      vertex -68.8937 1.2155 15
    endloop
  endfacet
  facet normal 0 0 1
    outer loop
      vertex -68.5778 2.39409 15
      vertex -89.6575 7.84399 15
      vertex -68.7615 1.81169 15
    endloop
  endfacet
  facet normal 0 0 1
    outer loop
      vertex -66.4995 5.36229 15
      vertex -88.6327 15.6283 15
      vertex -66.9497 4.94969 15
    endloop
  endfacet
  facet normal 0 0 1
    outer loop
      vertex -89.6575 7.84399 15
      vertex -68.5778 2.39409 15
      vertex -68.3442 2.9583 15
    endloop
  endfacet
  facet normal 0 0 1
    outer loop
      vertex -89.6575 7.84399 15
      vertex -68.3442 2.9583 15
      vertex -68.0622 3.5 15
    endloop
  endfacet
  facet normal 0 0 1
    outer loop
      vertex -89.6575 7.84399 15
      vertex -68.0622 3.5 15
      vertex -67.7341 4.015 15
    endloop
  endfacet
  facet normal -0 0 1
    outer loop
      vertex -89.6575 7.84399 15
      vertex -67.7341 4.015 15
      vertex -88.6327 15.6283 15
    endloop
  endfacet
  facet normal 0 -0 1
    outer loop
      vertex -67.3623 4.4995 15
      vertex -66.9497 4.94969 15
      vertex -88.6327 15.6283 15
    endloop
  endfacet
  facet normal 0 -0 1
    outer loop
      vertex -67.7341 4.015 15
      vertex -67.3623 4.4995 15
      vertex -88.6327 15.6283 15
    endloop
  endfacet
  facet normal 0 0 1
    outer loop
      vertex -86.9333 23.2937 15
      vertex -64.9583 6.34419 15
      vertex -64.3941 6.57779 15
    endloop
  endfacet
  facet normal 0 -0 1
    outer loop
      vertex -63.2155 6.89369 15
      vertex -62.6101 6.97339 15
      vertex -84.5723 30.7818 15
    endloop
  endfacet
  facet normal 0 -0 1
    outer loop
      vertex -62.6101 6.97339 15
      vertex -49.2029 39.3411 15
      vertex -81.5677 38.0356 15
    endloop
  endfacet
  facet normal 0 -0 1
    outer loop
      vertex -62 7 15
      vertex -49.2029 39.3411 15
      vertex -62.6101 6.97339 15
    endloop
  endfacet
  facet normal 0 0 1
    outer loop
      vertex -48.7903 38.8909 15
      vertex -49.2029 39.3411 15
      vertex -62 7 15
    endloop
  endfacet
  facet normal 0 0 1
    outer loop
      vertex -48.7903 38.8909 15
      vertex -62 7 15
      vertex -48.3401 38.4783 15
    endloop
  endfacet
  facet normal -0 0 1
    outer loop
      vertex -62 7 15
      vertex -61.3899 6.97339 15
      vertex -48.3401 38.4783 15
    endloop
  endfacet
  facet normal 0 0 1
    outer loop
      vertex -61.3899 6.97339 15
      vertex -47.8556 38.1065 15
      vertex -48.3401 38.4783 15
    endloop
  endfacet
  facet normal 0 0 1
    outer loop
      vertex -60.7845 6.89369 15
      vertex -47.3406 37.7784 15
      vertex -47.8556 38.1065 15
    endloop
  endfacet
  facet normal 0 -0 1
    outer loop
      vertex -60.1883 6.76149 15
      vertex -47.3406 37.7784 15
      vertex -60.7845 6.89369 15
    endloop
  endfacet
  facet normal 0 0 1
    outer loop
      vertex -46.7989 37.4964 15
      vertex -47.3406 37.7784 15
      vertex -60.1883 6.76149 15
    endloop
  endfacet
  facet normal 0 0 1
    outer loop
      vertex -46.7989 37.4964 15
      vertex -59.0417 6.34419 15
      vertex -46.2347 37.2628 15
    endloop
  endfacet
  facet normal 0 0 1
    outer loop
      vertex -45.6523 37.0791 15
      vertex -46.2347 37.2628 15
      vertex -59.0417 6.34419 15
    endloop
  endfacet
  facet normal 0 0 1
    outer loop
      vertex -57.985 5.73409 15
      vertex -44.4507 36.8672 15
      vertex -45.0561 36.9469 15
    endloop
  endfacet
  facet normal 0 0 1
    outer loop
      vertex -58.5 6.06219 15
      vertex -45.0561 36.9469 15
      vertex -45.6523 37.0791 15
    endloop
  endfacet
  facet normal 0 -0 1
    outer loop
      vertex -57.5005 5.36229 15
      vertex -44.4507 36.8672 15
      vertex -57.985 5.73409 15
    endloop
  endfacet
  facet normal 0 0 1
    outer loop
      vertex -28.1908 10.2606 15
      vertex -57.0503 4.94969 15
      vertex -56.6377 4.4995 15
    endloop
  endfacet
  facet normal 0 0 1
    outer loop
      vertex -28.1908 10.2606 15
      vertex -56.6377 4.4995 15
      vertex -56.2659 4.015 15
    endloop
  endfacet
  facet normal 0 0 1
    outer loop
      vertex -28.1908 10.2606 15
      vertex -56.2659 4.015 15
      vertex -28.9778 7.76459 15
    endloop
  endfacet
  facet normal -0 0 1
    outer loop
      vertex -56.2659 4.015 15
      vertex -55.9378 3.5 15
      vertex -28.9778 7.76459 15
    endloop
  endfacet
  facet normal -0 0 1
    outer loop
      vertex -55.9378 3.5 15
      vertex -55.6558 2.9583 15
      vertex -28.9778 7.76459 15
    endloop
  endfacet
  facet normal -0 0 1
    outer loop
      vertex -55.6558 2.9583 15
      vertex -55.4222 2.39409 15
      vertex -29.5442 5.2094 15
    endloop
  endfacet
  facet normal -0 0 1
    outer loop
      vertex -55.4222 2.39409 15
      vertex -55.2385 1.81169 15
      vertex -29.5442 5.2094 15
    endloop
  endfacet
  facet normal 0 0 1
    outer loop
      vertex -55.2385 1.81169 15
      vertex -29.8858 2.61469 15
      vertex -29.5442 5.2094 15
    endloop
  endfacet
  facet normal 0 -0 1
    outer loop
      vertex -55.1063 1.2155 15
      vertex -29.8858 2.61469 15
      vertex -55.2385 1.81169 15
    endloop
  endfacet
  facet normal -0 0 1
    outer loop
      vertex -55.0266 0.610092 15
      vertex -30 0 15
      vertex -29.8858 2.61469 15
    endloop
  endfacet
  facet normal 0 -0 1
    outer loop
      vertex -55 0 15
      vertex -30 0 15
      vertex -55.0266 0.610092 15
    endloop
  endfacet
  facet normal 0 0 1
    outer loop
      vertex -55.0266 -0.610092 15
      vertex -30 0 15
      vertex -55 0 15
    endloop
  endfacet
  facet normal 0 0 1
    outer loop
      vertex -55.1063 -1.2155 15
      vertex -42.3511 -14.323 15
      vertex -42.0955 -14.2664 15
    endloop
  endfacet
  facet normal -0 0 1
    outer loop
      vertex -57.0503 -4.94969 15
      vertex -44.0321 -15.5001 15
      vertex -56.6377 -4.4995 15
    endloop
  endfacet
  facet normal 0 -0 1
    outer loop
      vertex -42.8425 -14.5019 15
      vertex -42.6007 -14.4017 15
      vertex -55.4222 -2.39409 15
    endloop
  endfacet
  facet normal 0 0 1
    outer loop
      vertex -44.529 -16.6999 15
      vertex -58.5 -6.06219 15
      vertex -59.0417 -6.34419 15
    endloop
  endfacet
  facet normal 0 0 1
    outer loop
      vertex -44.529 -16.6999 15
      vertex -59.0417 -6.34419 15
      vertex -44.5632 -16.9593 15
    endloop
  endfacet
  facet normal 0 0 1
    outer loop
      vertex -59.0417 -6.34419 15
      vertex -59.6059 -6.57779 15
      vertex -44.5632 -16.9593 15
    endloop
  endfacet
  facet normal 0 0 1
    outer loop
      vertex -59.6059 -6.57779 15
      vertex -44.5632 -17.4823 15
      vertex -44.5746 -17.2208 15
    endloop
  endfacet
  facet normal 0 0 1
    outer loop
      vertex -42.3511 -14.323 15
      vertex -55.1063 -1.2155 15
      vertex -55.2385 -1.81169 15
    endloop
  endfacet
  facet normal 0 0 1
    outer loop
      vertex -44.529 -17.7417 15
      vertex -44.5632 -17.4823 15
      vertex -60.1883 -6.76149 15
    endloop
  endfacet
  facet normal 0 -0 1
    outer loop
      vertex -41.8361 -14.2322 15
      vertex -30 0 15
      vertex -55.0266 -0.610092 15
    endloop
  endfacet
  facet normal 0 0 1
    outer loop
      vertex -44.529 -17.7417 15
      vertex -60.7845 -6.89369 15
      vertex -44.4724 -17.9973 15
    endloop
  endfacet
  facet normal 0 -0 1
    outer loop
      vertex -41.3131 -14.2322 15
      vertex -29.8858 -2.61469 15
      vertex -41.5746 -14.2208 15
    endloop
  endfacet
  facet normal 0 0 1
    outer loop
      vertex -44.3937 -18.2469 15
      vertex -62 -7 15
      vertex -48.7903 -38.8909 15
    endloop
  endfacet
  facet normal 0 -0 1
    outer loop
      vertex -40.0746 -14.6227 15
      vertex -29.5442 -5.2094 15
      vertex -40.3067 -14.5019 15
    endloop
  endfacet
  facet normal 0 0 1
    outer loop
      vertex -49.5747 -47.8556 15
      vertex -49.9028 -47.3406 15
      vertex -68.944 -57.8509 15
    endloop
  endfacet
  facet normal 0 0 1
    outer loop
      vertex -47.8556 -38.1065 15
      vertex -47.3406 -37.7784 15
      vertex -44.0321 -18.9415 15
    endloop
  endfacet
  facet normal -0 0 1
    outer loop
      vertex -68.944 -57.8509 15
      vertex -63.6396 -63.6396 15
      vertex -49.5747 -47.8556 15
    endloop
  endfacet
  facet normal -0 0 1
    outer loop
      vertex -57.8509 -68.944 15
      vertex -51.6219 -73.7237 15
      vertex -45.0561 -50.7343 15
    endloop
  endfacet
  facet normal 0 0 1
    outer loop
      vertex -47.8556 -38.1065 15
      vertex -44.0321 -18.9415 15
      vertex -44.1727 -18.7208 15
    endloop
  endfacet
  facet normal 0 0 1
    outer loop
      vertex -44.0321 -18.9415 15
      vertex -47.3406 -37.7784 15
      vertex -43.8727 -19.1492 15
    endloop
  endfacet
  facet normal 0 0 1
    outer loop
      vertex -28.1908 -10.2606 15
      vertex -39.1171 -15.5001 15
      vertex -38.9765 -15.7208 15
    endloop
  endfacet
  facet normal 0 -0 1
    outer loop
      vertex -47.8556 -38.1065 15
      vertex -44.1727 -18.7208 15
      vertex -48.3401 -38.4783 15
    endloop
  endfacet
  facet normal 0 0 1
    outer loop
      vertex -57.8509 -68.944 15
      vertex -45.0561 -50.7343 15
      vertex -45.6523 -50.6021 15
    endloop
  endfacet
  facet normal 0 0 1
    outer loop
      vertex -44.2935 -18.4887 15
      vertex -48.3401 -38.4783 15
      vertex -44.1727 -18.7208 15
    endloop
  endfacet
  facet normal 0 -0 1
    outer loop
      vertex -49.2029 -39.3411 15
      vertex -48.7903 -38.8909 15
      vertex -62 -7 15
    endloop
  endfacet
  facet normal 0 0 1
    outer loop
      vertex -43.2305 -50.814 15
      vertex -43.8406 -50.8406 15
      vertex -51.6219 -73.7237 15
    endloop
  endfacet
  facet normal 0 0 1
    outer loop
      vertex -62 -7 15
      vertex -62.6101 -6.97339 15
      vertex -49.2029 -39.3411 15
    endloop
  endfacet
  facet normal 0 0 1
    outer loop
      vertex -61.3899 -6.97339 15
      vertex -44.3937 -18.2469 15
      vertex -44.4724 -17.9973 15
    endloop
  endfacet
  facet normal -0 0 1
    outer loop
      vertex -60.7845 -6.89369 15
      vertex -44.529 -17.7417 15
      vertex -60.1883 -6.76149 15
    endloop
  endfacet
  facet normal 0 0 1
    outer loop
      vertex -44.5632 -16.9593 15
      vertex -59.6059 -6.57779 15
      vertex -44.5746 -17.2208 15
    endloop
  endfacet
  facet normal 0 -0 1
    outer loop
      vertex -44.529 -16.6999 15
      vertex -44.4724 -16.4443 15
      vertex -58.5 -6.06219 15
    endloop
  endfacet
  facet normal 0 0 1
    outer loop
      vertex -44.4724 -16.4443 15
      vertex -57.985 -5.73409 15
      vertex -58.5 -6.06219 15
    endloop
  endfacet
  facet normal 0 0 1
    outer loop
      vertex -44.3937 -16.1947 15
      vertex -57.985 -5.73409 15
      vertex -44.4724 -16.4443 15
    endloop
  endfacet
  facet normal 0 0 1
    outer loop
      vertex -44.2935 -15.9529 15
      vertex -57.985 -5.73409 15
      vertex -44.3937 -16.1947 15
    endloop
  endfacet
  facet normal 0 0 1
    outer loop
      vertex -57.5005 -5.36229 15
      vertex -57.985 -5.73409 15
      vertex -44.2935 -15.9529 15
    endloop
  endfacet
  facet normal 0 0 1
    outer loop
      vertex -57.5005 -5.36229 15
      vertex -44.2935 -15.9529 15
      vertex -44.1727 -15.7208 15
    endloop
  endfacet
  facet normal -0 0 1
    outer loop
      vertex -57.5005 -5.36229 15
      vertex -44.1727 -15.7208 15
      vertex -57.0503 -4.94969 15
    endloop
  endfacet
  facet normal 0 -0 1
    outer loop
      vertex -44.1727 -15.7208 15
      vertex -44.0321 -15.5001 15
      vertex -57.0503 -4.94969 15
    endloop
  endfacet
  facet normal 0 -0 1
    outer loop
      vertex -44.0321 -15.5001 15
      vertex -43.8727 -15.2924 15
      vertex -56.6377 -4.4995 15
    endloop
  endfacet
  facet normal 0 -0 1
    outer loop
      vertex -43.8727 -15.2924 15
      vertex -43.6959 -15.0995 15
      vertex -56.6377 -4.4995 15
    endloop
  endfacet
  facet normal 0 0 1
    outer loop
      vertex -43.6959 -15.0995 15
      vertex -56.2659 -4.015 15
      vertex -56.6377 -4.4995 15
    endloop
  endfacet
  facet normal 0 0 1
    outer loop
      vertex -43.503 -14.9227 15
      vertex -56.2659 -4.015 15
      vertex -43.6959 -15.0995 15
    endloop
  endfacet
  facet normal 0 0 1
    outer loop
      vertex -55.9378 -3.5 15
      vertex -56.2659 -4.015 15
      vertex -43.503 -14.9227 15
    endloop
  endfacet
  facet normal 0 0 1
    outer loop
      vertex -55.9378 -3.5 15
      vertex -43.503 -14.9227 15
      vertex -43.2953 -14.7633 15
    endloop
  endfacet
  facet normal -0 0 1
    outer loop
      vertex -55.9378 -3.5 15
      vertex -43.2953 -14.7633 15
      vertex -55.6558 -2.9583 15
    endloop
  endfacet
  facet normal 0 -0 1
    outer loop
      vertex -43.2953 -14.7633 15
      vertex -43.0746 -14.6227 15
      vertex -55.6558 -2.9583 15
    endloop
  endfacet
  facet normal -0 0 1
    outer loop
      vertex -55.6558 -2.9583 15
      vertex -42.8425 -14.5019 15
      vertex -55.4222 -2.39409 15
    endloop
  endfacet
  facet normal -0 0 1
    outer loop
      vertex -55.4222 -2.39409 15
      vertex -42.6007 -14.4017 15
      vertex -55.2385 -1.81169 15
    endloop
  endfacet
  facet normal 0 -0 1
    outer loop
      vertex -42.0955 -14.2664 15
      vertex -41.8361 -14.2322 15
      vertex -55.1063 -1.2155 15
    endloop
  endfacet
  facet normal 0 0 1
    outer loop
      vertex -41.8361 -14.2322 15
      vertex -55.0266 -0.610092 15
      vertex -55.1063 -1.2155 15
    endloop
  endfacet
  facet normal 0 0 1
    outer loop
      vertex -29.8858 -2.61469 15
      vertex -30 0 15
      vertex -41.8361 -14.2322 15
    endloop
  endfacet
  facet normal 0 0 1
    outer loop
      vertex -29.8858 -2.61469 15
      vertex -41.8361 -14.2322 15
      vertex -41.5746 -14.2208 15
    endloop
  endfacet
  facet normal 0 -0 1
    outer loop
      vertex -41.0537 -14.2664 15
      vertex -29.8858 -2.61469 15
      vertex -41.3131 -14.2322 15
    endloop
  endfacet
  facet normal 0 0 1
    outer loop
      vertex -29.5442 -5.2094 15
      vertex -29.8858 -2.61469 15
      vertex -41.0537 -14.2664 15
    endloop
  endfacet
  facet normal 0 0 1
    outer loop
      vertex -29.5442 -5.2094 15
      vertex -41.0537 -14.2664 15
      vertex -40.7981 -14.323 15
    endloop
  endfacet
  facet normal 0 0 1
    outer loop
      vertex -29.5442 -5.2094 15
      vertex -40.7981 -14.323 15
      vertex -40.5485 -14.4017 15
    endloop
  endfacet
  facet normal 0 0 1
    outer loop
      vertex -29.5442 -5.2094 15
      vertex -40.5485 -14.4017 15
      vertex -40.3067 -14.5019 15
    endloop
  endfacet
  facet normal 0 0 1
    outer loop
      vertex -28.9778 -7.76459 15
      vertex -29.5442 -5.2094 15
      vertex -40.0746 -14.6227 15
    endloop
  endfacet
  facet normal 0 0 1
    outer loop
      vertex -28.9778 -7.76459 15
      vertex -40.0746 -14.6227 15
      vertex -39.8539 -14.7633 15
    endloop
  endfacet
  facet normal 0 0 1
    outer loop
      vertex -28.9778 -7.76459 15
      vertex -39.8539 -14.7633 15
      vertex -39.6462 -14.9227 15
    endloop
  endfacet
  facet normal 0 0 1
    outer loop
      vertex -28.9778 -7.76459 15
      vertex -39.6462 -14.9227 15
      vertex -39.4533 -15.0995 15
    endloop
  endfacet
  facet normal 0 0 1
    outer loop
      vertex -28.9778 -7.76459 15
      vertex -39.4533 -15.0995 15
      vertex -39.2765 -15.2924 15
    endloop
  endfacet
  facet normal 0 0 1
    outer loop
      vertex -28.9778 -7.76459 15
      vertex -39.2765 -15.2924 15
      vertex -28.1908 -10.2606 15
    endloop
  endfacet
  facet normal -0 0 1
    outer loop
      vertex -39.2765 -15.2924 15
      vertex -39.1171 -15.5001 15
      vertex -28.1908 -10.2606 15
    endloop
  endfacet
  facet normal 0 0 1
    outer loop
      vertex -28.1908 -10.2606 15
      vertex -38.9765 -15.7208 15
      vertex -38.8557 -15.9529 15
    endloop
  endfacet
  facet normal 0 0 1
    outer loop
      vertex -28.1908 -10.2606 15
      vertex -38.8557 -15.9529 15
      vertex -38.7555 -16.1947 15
    endloop
  endfacet
  facet normal 0 0 1
    outer loop
      vertex -28.1908 -10.2606 15
      vertex -38.7555 -16.1947 15
      vertex -27.1892 -12.6785 15
    endloop
  endfacet
  facet normal -0 0 1
    outer loop
      vertex -38.7555 -16.1947 15
      vertex -38.6768 -16.4443 15
      vertex -27.1892 -12.6785 15
    endloop
  endfacet
  facet normal -0 0 1
    outer loop
      vertex -38.6768 -16.4443 15
      vertex -38.6202 -16.6999 15
      vertex -27.1892 -12.6785 15
    endloop
  endfacet
  facet normal -0 0 1
    outer loop
      vertex -38.6202 -16.6999 15
      vertex -38.586 -16.9593 15
      vertex -27.1892 -12.6785 15
    endloop
  endfacet
  facet normal 0 0 1
    outer loop
      vertex -38.586 -16.9593 15
      vertex -25.9808 -15 15
      vertex -27.1892 -12.6785 15
    endloop
  endfacet
  facet normal -0 0 1
    outer loop
      vertex -38.5746 -17.2208 15
      vertex -38.586 -17.4823 15
      vertex -25.9808 -15 15
    endloop
  endfacet
  facet normal -0 0 1
    outer loop
      vertex -38.586 -17.4823 15
      vertex -38.6202 -17.7417 15
      vertex -25.9808 -15 15
    endloop
  endfacet
  facet normal -0 0 1
    outer loop
      vertex -38.6202 -17.7417 15
      vertex -38.6768 -17.9973 15
      vertex -25.9808 -15 15
    endloop
  endfacet
  facet normal 0 0 1
    outer loop
      vertex -38.6768 -17.9973 15
      vertex -24.5746 -17.2073 15
      vertex -25.9808 -15 15
    endloop
  endfacet
  facet normal 0 0 1
    outer loop
      vertex -38.7555 -18.2469 15
      vertex -24.5746 -17.2073 15
      vertex -38.6768 -17.9973 15
    endloop
  endfacet
  facet normal -0 0 1
    outer loop
      vertex -38.8557 -18.4887 15
      vertex -38.9765 -18.7208 15
      vertex -24.5746 -17.2073 15
    endloop
  endfacet
  facet normal -0 0 1
    outer loop
      vertex -38.9765 -18.7208 15
      vertex -39.1171 -18.9415 15
      vertex -24.5746 -17.2073 15
    endloop
  endfacet
  facet normal -0 0 1
    outer loop
      vertex -39.1171 -18.9415 15
      vertex -22.9813 -19.2836 15
      vertex -24.5746 -17.2073 15
    endloop
  endfacet
  facet normal -0 0 1
    outer loop
      vertex -39.2765 -19.1492 15
      vertex -22.9813 -19.2836 15
      vertex -39.1171 -18.9415 15
    endloop
  endfacet
  facet normal -0 0 1
    outer loop
      vertex -39.4533 -19.3421 15
      vertex -39.6462 -19.5189 15
      vertex -22.9813 -19.2836 15
    endloop
  endfacet
  facet normal -0 0 1
    outer loop
      vertex -39.6462 -19.5189 15
      vertex -21.2132 -21.2132 15
      vertex -22.9813 -19.2836 15
    endloop
  endfacet
  facet normal 0 0 1
    outer loop
      vertex -40.5485 -20.0399 15
      vertex -41.4465 -37.2628 15
      vertex -40.8823 -37.4964 15
    endloop
  endfacet
  facet normal -0 0 1
    outer loop
      vertex -41.5746 -20.2208 15
      vertex -42.6251 -36.9469 15
      vertex -41.3131 -20.2094 15
    endloop
  endfacet
  facet normal 0 0 1
    outer loop
      vertex -42.6007 -20.0399 15
      vertex -44.4507 -36.8672 15
      vertex -42.3511 -20.1186 15
    endloop
  endfacet
  facet normal 0 -0 1
    outer loop
      vertex -45.0561 -36.9469 15
      vertex -43.0746 -19.8189 15
      vertex -45.6523 -37.0791 15
    endloop
  endfacet
  facet normal 0 0 1
    outer loop
      vertex -43.0746 -19.8189 15
      vertex -43.2953 -19.6783 15
      vertex -45.6523 -37.0791 15
    endloop
  endfacet
  facet normal 0 0 1
    outer loop
      vertex -41.0537 -20.1752 15
      vertex -41.3131 -20.2094 15
      vertex -42.0289 -37.0791 15
    endloop
  endfacet
  facet normal 0 0 1
    outer loop
      vertex -44.4507 -50.814 15
      vertex -51.6219 -73.7237 15
      vertex -43.8406 -50.8406 15
    endloop
  endfacet
  facet normal 0 0 1
    outer loop
      vertex -46.7989 -37.4964 15
      vertex -46.2347 -37.2628 15
      vertex -43.503 -19.5189 15
    endloop
  endfacet
  facet normal 0 0 1
    outer loop
      vertex -43.2953 -19.6783 15
      vertex -46.2347 -37.2628 15
      vertex -45.6523 -37.0791 15
    endloop
  endfacet
  facet normal -0 0 1
    outer loop
      vertex -42.6251 -50.7343 15
      vertex -45 -77.9423 15
      vertex -42.0289 -50.6021 15
    endloop
  endfacet
  facet normal 0 0 1
    outer loop
      vertex -57.8509 -68.944 15
      vertex -45.6523 -50.6021 15
      vertex -46.2347 -50.4184 15
    endloop
  endfacet
  facet normal 0 0 1
    outer loop
      vertex -57.8509 -68.944 15
      vertex -46.7989 -50.1848 15
      vertex -47.3406 -49.9028 15
    endloop
  endfacet
  facet normal 0 0 1
    outer loop
      vertex -57.8509 -68.944 15
      vertex -46.2347 -50.4184 15
      vertex -46.7989 -50.1848 15
    endloop
  endfacet
  facet normal 0 0 1
    outer loop
      vertex -57.8509 -68.944 15
      vertex -47.3406 -49.9028 15
      vertex -47.8556 -49.5747 15
    endloop
  endfacet
  facet normal 0 -0 1
    outer loop
      vertex -57.8509 -68.944 15
      vertex -47.8556 -49.5747 15
      vertex -63.6396 -63.6396 15
    endloop
  endfacet
  facet normal 0 0 1
    outer loop
      vertex -63.6396 -63.6396 15
      vertex -47.8556 -49.5747 15
      vertex -48.3401 -49.2029 15
    endloop
  endfacet
  facet normal 0 0 1
    outer loop
      vertex -63.6396 -63.6396 15
      vertex -48.3401 -49.2029 15
      vertex -48.7903 -48.7903 15
    endloop
  endfacet
  facet normal 0 0 1
    outer loop
      vertex -63.6396 -63.6396 15
      vertex -48.7903 -48.7903 15
      vertex -49.2029 -48.3401 15
    endloop
  endfacet
  facet normal 0 0 1
    outer loop
      vertex -49.2029 -39.3411 15
      vertex -62.6101 -6.97339 15
      vertex -81.5677 -38.0356 15
    endloop
  endfacet
  facet normal 0 0 1
    outer loop
      vertex -63.6396 -63.6396 15
      vertex -49.2029 -48.3401 15
      vertex -49.5747 -47.8556 15
    endloop
  endfacet
  facet normal 0 0 1
    outer loop
      vertex -50.1848 -46.7989 15
      vertex -68.944 -57.8509 15
      vertex -49.9028 -47.3406 15
    endloop
  endfacet
  facet normal 0 0 1
    outer loop
      vertex -50.4184 -46.2347 15
      vertex -68.944 -57.8509 15
      vertex -50.1848 -46.7989 15
    endloop
  endfacet
  facet normal 0 0 1
    outer loop
      vertex -50.6021 -45.6523 15
      vertex -68.944 -57.8509 15
      vertex -50.4184 -46.2347 15
    endloop
  endfacet
  facet normal 0 -0 1
    outer loop
      vertex -49.5747 -39.8256 15
      vertex -49.2029 -39.3411 15
      vertex -81.5677 -38.0356 15
    endloop
  endfacet
  facet normal 0 0 1
    outer loop
      vertex -68.944 -57.8509 15
      vertex -50.6021 -45.6523 15
      vertex -50.7343 -45.0561 15
    endloop
  endfacet
  facet normal 0 -0 1
    outer loop
      vertex -68.944 -57.8509 15
      vertex -50.7343 -45.0561 15
      vertex -73.7237 -51.6219 15
    endloop
  endfacet
  facet normal 0 0 1
    outer loop
      vertex -50.7343 -45.0561 15
      vertex -50.814 -44.4507 15
      vertex -73.7237 -51.6219 15
    endloop
  endfacet
  facet normal 0 0 1
    outer loop
      vertex -81.5677 -38.0356 15
      vertex -49.9028 -40.3406 15
      vertex -49.5747 -39.8256 15
    endloop
  endfacet
  facet normal 0 0 1
    outer loop
      vertex -50.814 -44.4507 15
      vertex -50.8406 -43.8406 15
      vertex -73.7237 -51.6219 15
    endloop
  endfacet
  facet normal 0 0 1
    outer loop
      vertex -77.9423 -45 15
      vertex -50.814 -43.2305 15
      vertex -50.7343 -42.6251 15
    endloop
  endfacet
  facet normal 0 0 1
    outer loop
      vertex -77.9423 -45 15
      vertex -50.7343 -42.6251 15
      vertex -50.6021 -42.0289 15
    endloop
  endfacet
  facet normal 0 0 1
    outer loop
      vertex -77.9423 -45 15
      vertex -50.6021 -42.0289 15
      vertex -50.4184 -41.4465 15
    endloop
  endfacet
  facet normal 0 0 1
    outer loop
      vertex -77.9423 -45 15
      vertex -50.4184 -41.4465 15
      vertex -50.1848 -40.8823 15
    endloop
  endfacet
  facet normal 0 -0 1
    outer loop
      vertex -50.1848 -40.8823 15
      vertex -49.9028 -40.3406 15
      vertex -81.5677 -38.0356 15
    endloop
  endfacet
  facet normal 0 -0 1
    outer loop
      vertex -77.9423 -45 15
      vertex -50.1848 -40.8823 15
      vertex -81.5677 -38.0356 15
    endloop
  endfacet
  facet normal 0 0 1
    outer loop
      vertex -48.7903 -38.8909 15
      vertex -48.3401 -38.4783 15
      vertex -44.2935 -18.4887 15
    endloop
  endfacet
  facet normal 0 0 1
    outer loop
      vertex -44.3937 -18.2469 15
      vertex -48.7903 -38.8909 15
      vertex -44.2935 -18.4887 15
    endloop
  endfacet
  facet normal 0 0 1
    outer loop
      vertex -46.7989 -37.4964 15
      vertex -43.503 -19.5189 15
      vertex -43.6959 -19.3421 15
    endloop
  endfacet
  facet normal 0 0 1
    outer loop
      vertex -43.8727 -19.1492 15
      vertex -46.7989 -37.4964 15
      vertex -43.6959 -19.3421 15
    endloop
  endfacet
  facet normal 0 0 1
    outer loop
      vertex -42.8425 -19.9397 15
      vertex -43.0746 -19.8189 15
      vertex -45.0561 -36.9469 15
    endloop
  endfacet
  facet normal 0 0 1
    outer loop
      vertex -42.6007 -20.0399 15
      vertex -42.8425 -19.9397 15
      vertex -45.0561 -36.9469 15
    endloop
  endfacet
  facet normal 0 0 1
    outer loop
      vertex -42.6007 -20.0399 15
      vertex -45.0561 -36.9469 15
      vertex -44.4507 -36.8672 15
    endloop
  endfacet
  facet normal 0 0 1
    outer loop
      vertex -42.3511 -20.1186 15
      vertex -44.4507 -36.8672 15
      vertex -43.8406 -36.8406 15
    endloop
  endfacet
  facet normal 0 0 1
    outer loop
      vertex -42.3511 -20.1186 15
      vertex -43.8406 -36.8406 15
      vertex -42.0955 -20.1752 15
    endloop
  endfacet
  facet normal 0 -0 1
    outer loop
      vertex -42.6251 -36.9469 15
      vertex -41.5746 -20.2208 15
      vertex -43.2305 -36.8672 15
    endloop
  endfacet
  facet normal -0 0 1
    outer loop
      vertex -43.8406 -36.8406 15
      vertex -43.2305 -36.8672 15
      vertex -42.0955 -20.1752 15
    endloop
  endfacet
  facet normal 0 0 1
    outer loop
      vertex -41.5746 -20.2208 15
      vertex -41.8361 -20.2094 15
      vertex -43.2305 -36.8672 15
    endloop
  endfacet
  facet normal 0 0 1
    outer loop
      vertex -43.2305 -36.8672 15
      vertex -41.8361 -20.2094 15
      vertex -42.0955 -20.1752 15
    endloop
  endfacet
  facet normal 0 -0 1
    outer loop
      vertex -42.0289 -37.0791 15
      vertex -41.3131 -20.2094 15
      vertex -42.6251 -36.9469 15
    endloop
  endfacet
  facet normal 0 -0 1
    outer loop
      vertex -41.4465 -37.2628 15
      vertex -41.0537 -20.1752 15
      vertex -42.0289 -37.0791 15
    endloop
  endfacet
  facet normal 0 0 1
    outer loop
      vertex -40.7981 -20.1186 15
      vertex -41.0537 -20.1752 15
      vertex -41.4465 -37.2628 15
    endloop
  endfacet
  facet normal -0 0 1
    outer loop
      vertex -40.7981 -20.1186 15
      vertex -41.4465 -37.2628 15
      vertex -40.5485 -20.0399 15
    endloop
  endfacet
  facet normal 0 0 1
    outer loop
      vertex -40.3067 -19.9397 15
      vertex -40.8823 -37.4964 15
      vertex -40.3406 -37.7784 15
    endloop
  endfacet
  facet normal -0 0 1
    outer loop
      vertex -40.3067 -19.9397 15
      vertex -40.3406 -37.7784 15
      vertex -40.0746 -19.8189 15
    endloop
  endfacet
  facet normal -0 0 1
    outer loop
      vertex -40.3406 -37.7784 15
      vertex -39.8256 -38.1065 15
      vertex -40.0746 -19.8189 15
    endloop
  endfacet
  facet normal 0 0 1
    outer loop
      vertex -39.8256 -38.1065 15
      vertex -39.8539 -19.6783 15
      vertex -40.0746 -19.8189 15
    endloop
  endfacet
  facet normal 0 0 1
    outer loop
      vertex -39.3411 -38.4783 15
      vertex -39.6462 -19.5189 15
      vertex -39.8256 -38.1065 15
    endloop
  endfacet
  facet normal 0 0 1
    outer loop
      vertex -21.2132 -21.2132 15
      vertex -39.6462 -19.5189 15
      vertex -39.3411 -38.4783 15
    endloop
  endfacet
  facet normal 0 0 1
    outer loop
      vertex -21.2132 -21.2132 15
      vertex -39.3411 -38.4783 15
      vertex -38.8909 -38.8909 15
    endloop
  endfacet
  facet normal 0 0 1
    outer loop
      vertex -21.2132 -21.2132 15
      vertex -38.8909 -38.8909 15
      vertex -38.4783 -39.3411 15
    endloop
  endfacet
  facet normal 0 0 1
    outer loop
      vertex -19.2836 -22.9813 15
      vertex -38.4783 -39.3411 15
      vertex -38.1065 -39.8256 15
    endloop
  endfacet
  facet normal 0 0 1
    outer loop
      vertex -19.2836 -22.9813 15
      vertex -38.1065 -39.8256 15
      vertex -37.7784 -40.3406 15
    endloop
  endfacet
  facet normal 0 0 1
    outer loop
      vertex -19.2836 -22.9813 15
      vertex -37.7784 -40.3406 15
      vertex -17.2073 -24.5746 15
    endloop
  endfacet
  facet normal 0 0 1
    outer loop
      vertex -17.2073 -24.5746 15
      vertex -37.4964 -40.8823 15
      vertex -37.2628 -41.4465 15
    endloop
  endfacet
  facet normal 0 0 1
    outer loop
      vertex -17.2073 -24.5746 15
      vertex -37.2628 -41.4465 15
      vertex -15 -25.9808 15
    endloop
  endfacet
  facet normal -0 0 1
    outer loop
      vertex -37.2628 -41.4465 15
      vertex -37.0791 -42.0289 15
      vertex -15 -25.9808 15
    endloop
  endfacet
  facet normal -0 0 1
    outer loop
      vertex -37.0791 -42.0289 15
      vertex -36.9469 -42.6251 15
      vertex -15 -25.9808 15
    endloop
  endfacet
  facet normal 0 0 1
    outer loop
      vertex -36.9469 -42.6251 15
      vertex -12.6785 -27.1892 15
      vertex -15 -25.9808 15
    endloop
  endfacet
  facet normal 0 0 1
    outer loop
      vertex -12.6785 -27.1892 15
      vertex -36.8406 -43.8406 15
      vertex -10.2606 -28.1908 15
    endloop
  endfacet
  facet normal 0 0 1
    outer loop
      vertex -37.4964 -46.7989 15
      vertex -6.76149 -60.1883 15
      vertex -6.57779 -59.6059 15
    endloop
  endfacet
  facet normal 0 -0 1
    outer loop
      vertex -6.97339 -61.3899 15
      vertex -6.89369 -60.7845 15
      vertex -38.1065 -47.8556 15
    endloop
  endfacet
  facet normal 0 0 1
    outer loop
      vertex -6.89369 -63.2155 15
      vertex -30.7818 -84.5723 15
      vertex -6.76149 -63.8117 15
    endloop
  endfacet
  facet normal 0 0 1
    outer loop
      vertex -30.7818 -84.5723 15
      vertex -6.57779 -64.3941 15
      vertex -6.76149 -63.8117 15
    endloop
  endfacet
  facet normal 0 0 1
    outer loop
      vertex -37.4964 -46.7989 15
      vertex -6.57779 -59.6059 15
      vertex -6.34419 -59.0417 15
    endloop
  endfacet
  facet normal 0 0 1
    outer loop
      vertex -6.34419 -64.9583 15
      vertex -6.57779 -64.3941 15
      vertex -23.2937 -86.9333 15
    endloop
  endfacet
  facet normal 0 0 1
    outer loop
      vertex -6.06219 -65.5 15
      vertex -23.2937 -86.9333 15
      vertex -5.73409 -66.015 15
    endloop
  endfacet
  facet normal -0 0 1
    outer loop
      vertex -7.84399 -89.6575 15
      vertex 0 -90 15
      vertex -1.2155 -68.8937 15
    endloop
  endfacet
  facet normal 0 0 1
    outer loop
      vertex -5.36229 -66.4995 15
      vertex -5.73409 -66.015 15
      vertex -23.2937 -86.9333 15
    endloop
  endfacet
  facet normal 0 0 1
    outer loop
      vertex -2.39409 -68.5778 15
      vertex -7.84399 -89.6575 15
      vertex -1.81169 -68.7615 15
    endloop
  endfacet
  facet normal 0 0 1
    outer loop
      vertex -7.84399 -89.6575 15
      vertex -1.2155 -68.8937 15
      vertex -1.81169 -68.7615 15
    endloop
  endfacet
  facet normal -0 0 1
    outer loop
      vertex -38.0356 -81.5677 15
      vertex -30.7818 -84.5723 15
      vertex -6.97339 -62.6101 15
    endloop
  endfacet
  facet normal 0 0 1
    outer loop
      vertex -38.0356 -81.5677 15
      vertex -39.3411 -49.2029 15
      vertex -39.8256 -49.5747 15
    endloop
  endfacet
  facet normal 0 0 1
    outer loop
      vertex -38.0356 -81.5677 15
      vertex -39.8256 -49.5747 15
      vertex -40.3406 -49.9028 15
    endloop
  endfacet
  facet normal 0 0 1
    outer loop
      vertex -38.0356 -81.5677 15
      vertex -40.3406 -49.9028 15
      vertex -40.8823 -50.1848 15
    endloop
  endfacet
  facet normal 0 0 1
    outer loop
      vertex -38.0356 -81.5677 15
      vertex -40.8823 -50.1848 15
      vertex -45 -77.9423 15
    endloop
  endfacet
  facet normal 0 0 1
    outer loop
      vertex -40.8823 -50.1848 15
      vertex -41.4465 -50.4184 15
      vertex -45 -77.9423 15
    endloop
  endfacet
  facet normal 0 0 1
    outer loop
      vertex -41.4465 -50.4184 15
      vertex -42.0289 -50.6021 15
      vertex -45 -77.9423 15
    endloop
  endfacet
  facet normal 0 0 1
    outer loop
      vertex -45 -77.9423 15
      vertex -42.6251 -50.7343 15
      vertex -43.2305 -50.814 15
    endloop
  endfacet
  facet normal 0 -0 1
    outer loop
      vertex -45 -77.9423 15
      vertex -43.2305 -50.814 15
      vertex -51.6219 -73.7237 15
    endloop
  endfacet
  facet normal -0 0 1
    outer loop
      vertex 49.5747 -47.8556 15
      vertex 68.944 -57.8509 15
      vertex 49.9028 -47.3406 15
    endloop
  endfacet
  facet normal 0 0 1
    outer loop
      vertex 42.0289 -50.6021 15
      vertex 41.4465 -50.4184 15
      vertex 45 -77.9423 15
    endloop
  endfacet
  facet normal 0 -0 1
    outer loop
      vertex 50.1848 -40.8823 15
      vertex 81.5677 -38.0356 15
      vertex 49.9028 -40.3406 15
    endloop
  endfacet
  facet normal 0 0 1
    outer loop
      vertex 41.4465 -50.4184 15
      vertex 40.8823 -50.1848 15
      vertex 45 -77.9423 15
    endloop
  endfacet
  facet normal 0 0 1
    outer loop
      vertex 40.8823 -50.1848 15
      vertex 38.0356 -81.5677 15
      vertex 45 -77.9423 15
    endloop
  endfacet
  facet normal 0 0 1
    outer loop
      vertex 40.3406 -49.9028 15
      vertex 38.0356 -81.5677 15
      vertex 40.8823 -50.1848 15
    endloop
  endfacet
  facet normal -0 0 1
    outer loop
      vertex 6.97339 -62.6101 15
      vertex 38.0356 -81.5677 15
      vertex 39.3411 -49.2029 15
    endloop
  endfacet
  facet normal 0 0 1
    outer loop
      vertex 17.4823 -44.5632 15
      vertex 6.57779 -59.6059 15
      vertex 6.76149 -60.1883 15
    endloop
  endfacet
  facet normal 0 0 1
    outer loop
      vertex 37.7784 -47.3406 15
      vertex 18.9415 -44.0321 15
      vertex 38.1065 -47.8556 15
    endloop
  endfacet
  facet normal 0 -0 1
    outer loop
      vertex 6.06219 -58.5 15
      vertex 16.4443 -44.4724 15
      vertex 5.73409 -57.985 15
    endloop
  endfacet
  facet normal 0 -0 1
    outer loop
      vertex -1.81169 -55.2385 15
      vertex -1.2155 -55.1063 15
      vertex -2.61469 -29.8858 15
    endloop
  endfacet
  facet normal -0 0 1
    outer loop
      vertex -36.8406 -43.8406 15
      vertex -4.94969 -57.0503 15
      vertex -10.2606 -28.1908 15
    endloop
  endfacet
  facet normal -0 -0 1
    outer loop
      vertex 20.2208 -41.5746 15
      vertex 36.9469 -42.6251 15
      vertex 20.2094 -41.3131 15
    endloop
  endfacet
  facet normal 0 0 1
    outer loop
      vertex 19.9397 -40.3067 15
      vertex 37.4964 -40.8823 15
      vertex 37.7784 -40.3406 15
    endloop
  endfacet
  facet normal 0 0 1
    outer loop
      vertex 21.2132 -21.2132 15
      vertex 19.5189 -39.6462 15
      vertex 38.4783 -39.3411 15
    endloop
  endfacet
  facet normal 0 0 1
    outer loop
      vertex 19.2836 -22.9813 15
      vertex 19.3421 -39.4533 15
      vertex 19.5189 -39.6462 15
    endloop
  endfacet
  facet normal 0 0 1
    outer loop
      vertex 19.2836 -22.9813 15
      vertex 19.1492 -39.2765 15
      vertex 19.3421 -39.4533 15
    endloop
  endfacet
  facet normal 0 -0 1
    outer loop
      vertex 39.8256 -38.1065 15
      vertex 40.3406 -37.7784 15
      vertex 22.9813 -19.2836 15
    endloop
  endfacet
  facet normal 0 0 1
    outer loop
      vertex 17.2073 -24.5746 15
      vertex 18.4887 -38.8557 15
      vertex 18.7208 -38.9765 15
    endloop
  endfacet
  facet normal -0 -0 1
    outer loop
      vertex 18.2469 -38.7555 15
      vertex 18.4887 -38.8557 15
      vertex 17.2073 -24.5746 15
    endloop
  endfacet
  facet normal 0 0 1
    outer loop
      vertex 17.2073 -24.5746 15
      vertex 15 -25.9808 15
      vertex 17.9973 -38.6768 15
    endloop
  endfacet
  facet normal 0 0 1
    outer loop
      vertex 17.2073 -24.5746 15
      vertex 17.9973 -38.6768 15
      vertex 18.2469 -38.7555 15
    endloop
  endfacet
  facet normal -0 0 1
    outer loop
      vertex 17.2073 -24.5746 15
      vertex 18.9415 -39.1171 15
      vertex 19.2836 -22.9813 15
    endloop
  endfacet
  facet normal 0 0 1
    outer loop
      vertex 38.8909 -38.8909 15
      vertex 21.2132 -21.2132 15
      vertex 38.4783 -39.3411 15
    endloop
  endfacet
  facet normal 0 0 1
    outer loop
      vertex 39.8256 -38.1065 15
      vertex 22.9813 -19.2836 15
      vertex 39.3411 -38.4783 15
    endloop
  endfacet
  facet normal 0 0 1
    outer loop
      vertex 39.3411 -38.4783 15
      vertex 21.2132 -21.2132 15
      vertex 38.8909 -38.8909 15
    endloop
  endfacet
  facet normal 0 0 1
    outer loop
      vertex 41.4465 -37.2628 15
      vertex 24.5746 -17.2073 15
      vertex 40.8823 -37.4964 15
    endloop
  endfacet
  facet normal 0 0 1
    outer loop
      vertex 43.8406 -36.8406 15
      vertex 27.1892 -12.6785 15
      vertex 43.2305 -36.8672 15
    endloop
  endfacet
  facet normal 0 0 1
    outer loop
      vertex 57.0503 -4.94969 15
      vertex 28.1908 -10.2606 15
      vertex 43.8406 -36.8406 15
    endloop
  endfacet
  facet normal 0 0 1
    outer loop
      vertex 57.0503 -4.94969 15
      vertex 43.8406 -36.8406 15
      vertex 57.5005 -5.36229 15
    endloop
  endfacet
  facet normal -0 0 1
    outer loop
      vertex 43.8406 -36.8406 15
      vertex 44.4507 -36.8672 15
      vertex 57.5005 -5.36229 15
    endloop
  endfacet
  facet normal -0 0 1
    outer loop
      vertex 44.4507 -36.8672 15
      vertex 45.0561 -36.9469 15
      vertex 57.985 -5.73409 15
    endloop
  endfacet
  facet normal 0 0 1
    outer loop
      vertex 45.0561 -36.9469 15
      vertex 58.5 -6.06219 15
      vertex 57.985 -5.73409 15
    endloop
  endfacet
  facet normal 0 -0 1
    outer loop
      vertex 45.6523 -37.0791 15
      vertex 58.5 -6.06219 15
      vertex 45.0561 -36.9469 15
    endloop
  endfacet
  facet normal 0 0 1
    outer loop
      vertex 59.0417 -6.34419 15
      vertex 58.5 -6.06219 15
      vertex 45.6523 -37.0791 15
    endloop
  endfacet
  facet normal 0 0 1
    outer loop
      vertex 59.0417 -6.34419 15
      vertex 45.6523 -37.0791 15
      vertex 46.2347 -37.2628 15
    endloop
  endfacet
  facet normal 0 0 1
    outer loop
      vertex 59.0417 -6.34419 15
      vertex 46.2347 -37.2628 15
      vertex 46.7989 -37.4964 15
    endloop
  endfacet
  facet normal 0 0 1
    outer loop
      vertex 59.0417 -6.34419 15
      vertex 46.7989 -37.4964 15
      vertex 59.6059 -6.57779 15
    endloop
  endfacet
  facet normal -0 0 1
    outer loop
      vertex 46.7989 -37.4964 15
      vertex 47.3406 -37.7784 15
      vertex 60.1883 -6.76149 15
    endloop
  endfacet
  facet normal 0 0 1
    outer loop
      vertex 47.3406 -37.7784 15
      vertex 60.7845 -6.89369 15
      vertex 60.1883 -6.76149 15
    endloop
  endfacet
  facet normal 0 0 1
    outer loop
      vertex 61.3899 -6.97339 15
      vertex 60.7845 -6.89369 15
      vertex 47.8556 -38.1065 15
    endloop
  endfacet
  facet normal 0 -0 1
    outer loop
      vertex 47.8556 -38.1065 15
      vertex 60.7845 -6.89369 15
      vertex 47.3406 -37.7784 15
    endloop
  endfacet
  facet normal 0 0 1
    outer loop
      vertex 48.3401 -38.4783 15
      vertex 62 -7 15
      vertex 61.3899 -6.97339 15
    endloop
  endfacet
  facet normal 0 -0 1
    outer loop
      vertex 48.7903 -38.8909 15
      vertex 62 -7 15
      vertex 48.3401 -38.4783 15
    endloop
  endfacet
  facet normal 0 -0 1
    outer loop
      vertex 49.2029 -39.3411 15
      vertex 62 -7 15
      vertex 48.7903 -38.8909 15
    endloop
  endfacet
  facet normal 0 0 1
    outer loop
      vertex 62.6101 -6.97339 15
      vertex 62 -7 15
      vertex 49.2029 -39.3411 15
    endloop
  endfacet
  facet normal 0 0 1
    outer loop
      vertex 62.6101 -6.97339 15
      vertex 49.2029 -39.3411 15
      vertex 81.5677 -38.0356 15
    endloop
  endfacet
  facet normal -0 0 1
    outer loop
      vertex 49.5747 -39.8256 15
      vertex 49.9028 -40.3406 15
      vertex 81.5677 -38.0356 15
    endloop
  endfacet
  facet normal -0 0 1
    outer loop
      vertex 49.2029 -39.3411 15
      vertex 49.5747 -39.8256 15
      vertex 81.5677 -38.0356 15
    endloop
  endfacet
  facet normal 0 -0 1
    outer loop
      vertex 77.9423 -45 15
      vertex 81.5677 -38.0356 15
      vertex 50.1848 -40.8823 15
    endloop
  endfacet
  facet normal 0 0 1
    outer loop
      vertex 77.9423 -45 15
      vertex 50.1848 -40.8823 15
      vertex 50.4184 -41.4465 15
    endloop
  endfacet
  facet normal 0 0 1
    outer loop
      vertex 77.9423 -45 15
      vertex 50.4184 -41.4465 15
      vertex 50.6021 -42.0289 15
    endloop
  endfacet
  facet normal 0 0 1
    outer loop
      vertex 77.9423 -45 15
      vertex 50.6021 -42.0289 15
      vertex 50.7343 -42.6251 15
    endloop
  endfacet
  facet normal 0 -0 1
    outer loop
      vertex 73.7237 -51.6219 15
      vertex 77.9423 -45 15
      vertex 50.814 -43.2305 15
    endloop
  endfacet
  facet normal 0 0 1
    outer loop
      vertex 73.7237 -51.6219 15
      vertex 50.814 -43.2305 15
      vertex 50.8406 -43.8406 15
    endloop
  endfacet
  facet normal 0 0 1
    outer loop
      vertex 73.7237 -51.6219 15
      vertex 50.8406 -43.8406 15
      vertex 50.814 -44.4507 15
    endloop
  endfacet
  facet normal 0 0 1
    outer loop
      vertex 73.7237 -51.6219 15
      vertex 50.814 -44.4507 15
      vertex 50.7343 -45.0561 15
    endloop
  endfacet
  facet normal 0 0 1
    outer loop
      vertex 73.7237 -51.6219 15
      vertex 50.7343 -45.0561 15
      vertex 68.944 -57.8509 15
    endloop
  endfacet
  facet normal 0 0 1
    outer loop
      vertex 50.7343 -45.0561 15
      vertex 50.6021 -45.6523 15
      vertex 68.944 -57.8509 15
    endloop
  endfacet
  facet normal 0 0 1
    outer loop
      vertex 50.6021 -45.6523 15
      vertex 50.4184 -46.2347 15
      vertex 68.944 -57.8509 15
    endloop
  endfacet
  facet normal 0 0 1
    outer loop
      vertex 50.4184 -46.2347 15
      vertex 50.1848 -46.7989 15
      vertex 68.944 -57.8509 15
    endloop
  endfacet
  facet normal 0 0 1
    outer loop
      vertex 50.1848 -46.7989 15
      vertex 49.9028 -47.3406 15
      vertex 68.944 -57.8509 15
    endloop
  endfacet
  facet normal 0 0 1
    outer loop
      vertex 68.944 -57.8509 15
      vertex 49.5747 -47.8556 15
      vertex 63.6396 -63.6396 15
    endloop
  endfacet
  facet normal 0 0 1
    outer loop
      vertex 49.5747 -47.8556 15
      vertex 49.2029 -48.3401 15
      vertex 63.6396 -63.6396 15
    endloop
  endfacet
  facet normal 0 0 1
    outer loop
      vertex 49.2029 -48.3401 15
      vertex 48.7903 -48.7903 15
      vertex 63.6396 -63.6396 15
    endloop
  endfacet
  facet normal 0 0 1
    outer loop
      vertex 48.7903 -48.7903 15
      vertex 48.3401 -49.2029 15
      vertex 63.6396 -63.6396 15
    endloop
  endfacet
  facet normal 0 0 1
    outer loop
      vertex 48.3401 -49.2029 15
      vertex 47.8556 -49.5747 15
      vertex 63.6396 -63.6396 15
    endloop
  endfacet
  facet normal 0 0 1
    outer loop
      vertex 47.8556 -49.5747 15
      vertex 57.8509 -68.944 15
      vertex 63.6396 -63.6396 15
    endloop
  endfacet
  facet normal -0 0 1
    outer loop
      vertex 47.3406 -49.9028 15
      vertex 57.8509 -68.944 15
      vertex 47.8556 -49.5747 15
    endloop
  endfacet
  facet normal -0 0 1
    outer loop
      vertex 46.7989 -50.1848 15
      vertex 57.8509 -68.944 15
      vertex 47.3406 -49.9028 15
    endloop
  endfacet
  facet normal -0 0 1
    outer loop
      vertex 46.2347 -50.4184 15
      vertex 57.8509 -68.944 15
      vertex 46.7989 -50.1848 15
    endloop
  endfacet
  facet normal 0 0 1
    outer loop
      vertex 45.6523 -50.6021 15
      vertex 45.0561 -50.7343 15
      vertex 57.8509 -68.944 15
    endloop
  endfacet
  facet normal 0 0 1
    outer loop
      vertex 45.0561 -50.7343 15
      vertex 51.6219 -73.7237 15
      vertex 57.8509 -68.944 15
    endloop
  endfacet
  facet normal -0 0 1
    outer loop
      vertex 44.4507 -50.814 15
      vertex 51.6219 -73.7237 15
      vertex 45.0561 -50.7343 15
    endloop
  endfacet
  facet normal -0 0 1
    outer loop
      vertex 43.8406 -50.8406 15
      vertex 51.6219 -73.7237 15
      vertex 44.4507 -50.814 15
    endloop
  endfacet
  facet normal 0 0 1
    outer loop
      vertex 15.2924 -43.8727 15
      vertex 4.4995 -56.6377 15
      vertex 15.5001 -44.0321 15
    endloop
  endfacet
  facet normal -0 0 1
    outer loop
      vertex 20.0399 -42.6007 15
      vertex 36.8672 -44.4507 15
      vertex 20.1186 -42.3511 15
    endloop
  endfacet
  facet normal 0 0 1
    outer loop
      vertex 14.4017 -42.6007 15
      vertex 1.81169 -55.2385 15
      vertex 2.39409 -55.4222 15
    endloop
  endfacet
  facet normal 0 0 1
    outer loop
      vertex 14.323 -42.3511 15
      vertex 1.81169 -55.2385 15
      vertex 14.4017 -42.6007 15
    endloop
  endfacet
  facet normal 0 0 1
    outer loop
      vertex 23.2937 -86.9333 15
      vertex 6.06219 -65.5 15
      vertex 5.73409 -66.015 15
    endloop
  endfacet
  facet normal 0 -0 1
    outer loop
      vertex 1.81169 -55.2385 15
      vertex 14.323 -42.3511 15
      vertex 1.2155 -55.1063 15
    endloop
  endfacet
  facet normal 0 0 1
    outer loop
      vertex 14.323 -42.3511 15
      vertex 14.2664 -42.0955 15
      vertex 1.2155 -55.1063 15
    endloop
  endfacet
  facet normal 0 -0 1
    outer loop
      vertex 1.2155 -55.1063 15
      vertex 14.2322 -41.8361 15
      vertex 0.610092 -55.0266 15
    endloop
  endfacet
  facet normal 0 0 1
    outer loop
      vertex 14.2322 -41.8361 15
      vertex 0 -30 15
      vertex 0.610092 -55.0266 15
    endloop
  endfacet
  facet normal -0 0 1
    outer loop
      vertex 0 -55 15
      vertex 0.610092 -55.0266 15
      vertex 0 -30 15
    endloop
  endfacet
  facet normal -0 0 1
    outer loop
      vertex -37.2628 -46.2347 15
      vertex -6.34419 -59.0417 15
      vertex -37.0791 -45.6523 15
    endloop
  endfacet
  facet normal 0 -0 1
    outer loop
      vertex -1.2155 -55.1063 15
      vertex -0.610092 -55.0266 15
      vertex -2.61469 -29.8858 15
    endloop
  endfacet
  facet normal 0 0 1
    outer loop
      vertex -36.8672 -44.4507 15
      vertex -36.9469 -45.0561 15
      vertex -5.73409 -57.985 15
    endloop
  endfacet
  facet normal 0 0 1
    outer loop
      vertex -5.2094 -29.5442 15
      vertex -1.81169 -55.2385 15
      vertex -2.61469 -29.8858 15
    endloop
  endfacet
  facet normal 0 0 1
    outer loop
      vertex -36.8406 -43.8406 15
      vertex -36.8672 -44.4507 15
      vertex -5.36229 -57.5005 15
    endloop
  endfacet
  facet normal 0 -0 1
    outer loop
      vertex -2.9583 -55.6558 15
      vertex -2.39409 -55.4222 15
      vertex -5.2094 -29.5442 15
    endloop
  endfacet
  facet normal 0 0 1
    outer loop
      vertex 14.2322 -41.8361 15
      vertex 14.2208 -41.5746 15
      vertex 2.61469 -29.8858 15
    endloop
  endfacet
  facet normal -0 0 1
    outer loop
      vertex 0 -30 15
      vertex 14.2322 -41.8361 15
      vertex 2.61469 -29.8858 15
    endloop
  endfacet
  facet normal 0 0 1
    outer loop
      vertex 2.61469 -29.8858 15
      vertex 14.2208 -41.5746 15
      vertex 14.2322 -41.3131 15
    endloop
  endfacet
  facet normal -0 0 1
    outer loop
      vertex 2.61469 -29.8858 15
      vertex 14.2664 -41.0537 15
      vertex 5.2094 -29.5442 15
    endloop
  endfacet
  facet normal 0 0 1
    outer loop
      vertex 2.61469 -29.8858 15
      vertex 14.2322 -41.3131 15
      vertex 14.2664 -41.0537 15
    endloop
  endfacet
  facet normal 0 -0 1
    outer loop
      vertex 14.2664 -41.0537 15
      vertex 14.323 -40.7981 15
      vertex 5.2094 -29.5442 15
    endloop
  endfacet
  facet normal 0 -0 1
    outer loop
      vertex 14.323 -40.7981 15
      vertex 14.4017 -40.5485 15
      vertex 5.2094 -29.5442 15
    endloop
  endfacet
  facet normal 0 0 1
    outer loop
      vertex 7.76459 -28.9778 15
      vertex 5.2094 -29.5442 15
      vertex 14.6227 -40.0746 15
    endloop
  endfacet
  facet normal 0 0 1
    outer loop
      vertex 14.6227 -40.0746 15
      vertex 5.2094 -29.5442 15
      vertex 14.5019 -40.3067 15
    endloop
  endfacet
  facet normal 0 0 1
    outer loop
      vertex 14.7633 -39.8539 15
      vertex 7.76459 -28.9778 15
      vertex 14.6227 -40.0746 15
    endloop
  endfacet
  facet normal 0 0 1
    outer loop
      vertex 7.76459 -28.9778 15
      vertex 14.7633 -39.8539 15
      vertex 14.9227 -39.6462 15
    endloop
  endfacet
  facet normal 0 0 1
    outer loop
      vertex 7.76459 -28.9778 15
      vertex 14.9227 -39.6462 15
      vertex 15.0995 -39.4533 15
    endloop
  endfacet
  facet normal 0 0 1
    outer loop
      vertex 7.76459 -28.9778 15
      vertex 15.0995 -39.4533 15
      vertex 15.2924 -39.2765 15
    endloop
  endfacet
  facet normal 0 0 1
    outer loop
      vertex 10.2606 -28.1908 15
      vertex 15.2924 -39.2765 15
      vertex 15.5001 -39.1171 15
    endloop
  endfacet
  facet normal 0 0 1
    outer loop
      vertex 10.2606 -28.1908 15
      vertex 15.5001 -39.1171 15
      vertex 15.7208 -38.9765 15
    endloop
  endfacet
  facet normal 0 0 1
    outer loop
      vertex 10.2606 -28.1908 15
      vertex 15.7208 -38.9765 15
      vertex 15.9529 -38.8557 15
    endloop
  endfacet
  facet normal 0 0 1
    outer loop
      vertex 10.2606 -28.1908 15
      vertex 15.9529 -38.8557 15
      vertex 16.1947 -38.7555 15
    endloop
  endfacet
  facet normal -0 0 1
    outer loop
      vertex 10.2606 -28.1908 15
      vertex 16.1947 -38.7555 15
      vertex 12.6785 -27.1892 15
    endloop
  endfacet
  facet normal 0 -0 1
    outer loop
      vertex 16.1947 -38.7555 15
      vertex 16.4443 -38.6768 15
      vertex 12.6785 -27.1892 15
    endloop
  endfacet
  facet normal 0 -0 1
    outer loop
      vertex 16.4443 -38.6768 15
      vertex 16.6999 -38.6202 15
      vertex 12.6785 -27.1892 15
    endloop
  endfacet
  facet normal 0 -0 1
    outer loop
      vertex 16.6999 -38.6202 15
      vertex 16.9593 -38.586 15
      vertex 12.6785 -27.1892 15
    endloop
  endfacet
  facet normal 0 0 1
    outer loop
      vertex 16.9593 -38.586 15
      vertex 15 -25.9808 15
      vertex 12.6785 -27.1892 15
    endloop
  endfacet
  facet normal 0 0 1
    outer loop
      vertex 17.2208 -38.5746 15
      vertex 15 -25.9808 15
      vertex 16.9593 -38.586 15
    endloop
  endfacet
  facet normal 0 0 1
    outer loop
      vertex 17.4823 -38.586 15
      vertex 15 -25.9808 15
      vertex 17.2208 -38.5746 15
    endloop
  endfacet
  facet normal 0 0 1
    outer loop
      vertex 17.7417 -38.6202 15
      vertex 15 -25.9808 15
      vertex 17.4823 -38.586 15
    endloop
  endfacet
  facet normal 0 0 1
    outer loop
      vertex 17.9973 -38.6768 15
      vertex 15 -25.9808 15
      vertex 17.7417 -38.6202 15
    endloop
  endfacet
  facet normal -0 0 1
    outer loop
      vertex 18.9415 -39.1171 15
      vertex 19.1492 -39.2765 15
      vertex 19.2836 -22.9813 15
    endloop
  endfacet
  facet normal -0 -0 1
    outer loop
      vertex 18.7208 -38.9765 15
      vertex 18.9415 -39.1171 15
      vertex 17.2073 -24.5746 15
    endloop
  endfacet
  facet normal 0 0 1
    outer loop
      vertex 21.2132 -21.2132 15
      vertex 19.2836 -22.9813 15
      vertex 19.5189 -39.6462 15
    endloop
  endfacet
  facet normal 0 -0 1
    outer loop
      vertex 38.1065 -39.8256 15
      vertex 38.4783 -39.3411 15
      vertex 19.5189 -39.6462 15
    endloop
  endfacet
  facet normal 0 -0 1
    outer loop
      vertex 19.8189 -40.0746 15
      vertex 38.1065 -39.8256 15
      vertex 19.6783 -39.8539 15
    endloop
  endfacet
  facet normal 0 -0 1
    outer loop
      vertex 37.7784 -40.3406 15
      vertex 38.1065 -39.8256 15
      vertex 19.8189 -40.0746 15
    endloop
  endfacet
  facet normal 0 0 1
    outer loop
      vertex 37.7784 -40.3406 15
      vertex 19.8189 -40.0746 15
      vertex 19.9397 -40.3067 15
    endloop
  endfacet
  facet normal 0 0 1
    outer loop
      vertex 37.4964 -40.8823 15
      vertex 19.9397 -40.3067 15
      vertex 20.0399 -40.5485 15
    endloop
  endfacet
  facet normal 0 0 1
    outer loop
      vertex 37.4964 -40.8823 15
      vertex 20.0399 -40.5485 15
      vertex 37.2628 -41.4465 15
    endloop
  endfacet
  facet normal 0 0 1
    outer loop
      vertex 20.0399 -40.5485 15
      vertex 20.1186 -40.7981 15
      vertex 37.2628 -41.4465 15
    endloop
  endfacet
  facet normal 0 0 1
    outer loop
      vertex 37.2628 -41.4465 15
      vertex 20.1752 -41.0537 15
      vertex 37.0791 -42.0289 15
    endloop
  endfacet
  facet normal 0 0 1
    outer loop
      vertex 20.1752 -41.0537 15
      vertex 20.2094 -41.3131 15
      vertex 37.0791 -42.0289 15
    endloop
  endfacet
  facet normal 0 0 1
    outer loop
      vertex 20.2094 -41.3131 15
      vertex 36.9469 -42.6251 15
      vertex 37.0791 -42.0289 15
    endloop
  endfacet
  facet normal 0 0 1
    outer loop
      vertex 20.2208 -41.5746 15
      vertex 36.8672 -43.2305 15
      vertex 36.9469 -42.6251 15
    endloop
  endfacet
  facet normal -0 0 1
    outer loop
      vertex 20.2094 -41.8361 15
      vertex 36.8672 -43.2305 15
      vertex 20.2208 -41.5746 15
    endloop
  endfacet
  facet normal -0 0 1
    outer loop
      vertex 20.1752 -42.0955 15
      vertex 36.8672 -43.2305 15
      vertex 20.2094 -41.8361 15
    endloop
  endfacet
  facet normal -0 0 1
    outer loop
      vertex 20.1186 -42.3511 15
      vertex 36.8406 -43.8406 15
      vertex 20.1752 -42.0955 15
    endloop
  endfacet
  facet normal 0 0 1
    outer loop
      vertex 36.8672 -44.4507 15
      vertex 36.8406 -43.8406 15
      vertex 20.1186 -42.3511 15
    endloop
  endfacet
  facet normal 0 0 1
    outer loop
      vertex 36.9469 -45.0561 15
      vertex 36.8672 -44.4507 15
      vertex 20.0399 -42.6007 15
    endloop
  endfacet
  facet normal 0 0 1
    outer loop
      vertex 36.9469 -45.0561 15
      vertex 20.0399 -42.6007 15
      vertex 19.9397 -42.8425 15
    endloop
  endfacet
  facet normal 0 0 1
    outer loop
      vertex 36.9469 -45.0561 15
      vertex 19.9397 -42.8425 15
      vertex 19.8189 -43.0746 15
    endloop
  endfacet
  facet normal 0 0 1
    outer loop
      vertex 37.0791 -45.6523 15
      vertex 19.8189 -43.0746 15
      vertex 19.6783 -43.2953 15
    endloop
  endfacet
  facet normal 0 0 1
    outer loop
      vertex 37.0791 -45.6523 15
      vertex 19.6783 -43.2953 15
      vertex 37.2628 -46.2347 15
    endloop
  endfacet
  facet normal 0 0 1
    outer loop
      vertex 37.2628 -46.2347 15
      vertex 19.5189 -43.503 15
      vertex 37.4964 -46.7989 15
    endloop
  endfacet
  facet normal 0 0 1
    outer loop
      vertex 19.5189 -43.503 15
      vertex 19.3421 -43.6959 15
      vertex 37.4964 -46.7989 15
    endloop
  endfacet
  facet normal 0 0 1
    outer loop
      vertex 37.4964 -46.7989 15
      vertex 19.1492 -43.8727 15
      vertex 37.7784 -47.3406 15
    endloop
  endfacet
  facet normal 0 0 1
    outer loop
      vertex 19.1492 -43.8727 15
      vertex 18.9415 -44.0321 15
      vertex 37.7784 -47.3406 15
    endloop
  endfacet
  facet normal 0 0 1
    outer loop
      vertex 18.9415 -44.0321 15
      vertex 18.7208 -44.1727 15
      vertex 38.1065 -47.8556 15
    endloop
  endfacet
  facet normal 0 0 1
    outer loop
      vertex 18.7208 -44.1727 15
      vertex 38.4783 -48.3401 15
      vertex 38.1065 -47.8556 15
    endloop
  endfacet
  facet normal 0 0 1
    outer loop
      vertex 18.4887 -44.2935 15
      vertex 38.8909 -48.7903 15
      vertex 38.4783 -48.3401 15
    endloop
  endfacet
  facet normal -0 0 1
    outer loop
      vertex 18.2469 -44.3937 15
      vertex 38.8909 -48.7903 15
      vertex 18.4887 -44.2935 15
    endloop
  endfacet
  facet normal -0 0 1
    outer loop
      vertex 17.2208 -44.5746 15
      vertex 6.57779 -59.6059 15
      vertex 17.4823 -44.5632 15
    endloop
  endfacet
  facet normal 0 0 1
    outer loop
      vertex 16.9593 -44.5632 15
      vertex 6.34419 -59.0417 15
      vertex 6.57779 -59.6059 15
    endloop
  endfacet
  facet normal 0 0 1
    outer loop
      vertex 17.2208 -44.5746 15
      vertex 16.9593 -44.5632 15
      vertex 6.57779 -59.6059 15
    endloop
  endfacet
  facet normal 0 0 1
    outer loop
      vertex 15.5001 -44.0321 15
      vertex 4.94969 -57.0503 15
      vertex 15.7208 -44.1727 15
    endloop
  endfacet
  facet normal -0 0 1
    outer loop
      vertex 5.36229 -57.5005 15
      vertex 5.73409 -57.985 15
      vertex 15.9529 -44.2935 15
    endloop
  endfacet
  facet normal 0 -0 1
    outer loop
      vertex 0 -90 15
      vertex 0 -69 15
      vertex -0.610092 -68.9734 15
    endloop
  endfacet
  facet normal 0 -0 1
    outer loop
      vertex 0 -55 15
      vertex 0 -30 15
      vertex -0.610092 -55.0266 15
    endloop
  endfacet
  facet normal 0 0 1
    outer loop
      vertex -5.36229 -66.4995 15
      vertex -15.6283 -88.6327 15
      vertex -4.94969 -66.9497 15
    endloop
  endfacet
  facet normal 0 0 1
    outer loop
      vertex -7.84399 -89.6575 15
      vertex -2.39409 -68.5778 15
      vertex -2.9583 -68.3442 15
    endloop
  endfacet
  facet normal 0 0 1
    outer loop
      vertex -7.84399 -89.6575 15
      vertex -2.9583 -68.3442 15
      vertex -3.5 -68.0622 15
    endloop
  endfacet
  facet normal 0 0 1
    outer loop
      vertex -7.84399 -89.6575 15
      vertex -3.5 -68.0622 15
      vertex -4.015 -67.7341 15
    endloop
  endfacet
  facet normal 0 -0 1
    outer loop
      vertex -7.84399 -89.6575 15
      vertex -4.015 -67.7341 15
      vertex -15.6283 -88.6327 15
    endloop
  endfacet
  facet normal 0 0 1
    outer loop
      vertex -4.4995 -67.3623 15
      vertex -4.94969 -66.9497 15
      vertex -15.6283 -88.6327 15
    endloop
  endfacet
  facet normal 0 0 1
    outer loop
      vertex -4.015 -67.7341 15
      vertex -4.4995 -67.3623 15
      vertex -15.6283 -88.6327 15
    endloop
  endfacet
  facet normal 0 0 1
    outer loop
      vertex -6.57779 -64.3941 15
      vertex -30.7818 -84.5723 15
      vertex -23.2937 -86.9333 15
    endloop
  endfacet
  facet normal 0 0 1
    outer loop
      vertex -6.89369 -63.2155 15
      vertex -6.97339 -62.6101 15
      vertex -30.7818 -84.5723 15
    endloop
  endfacet
  facet normal 0 0 1
    outer loop
      vertex -6.97339 -62.6101 15
      vertex -39.3411 -49.2029 15
      vertex -38.0356 -81.5677 15
    endloop
  endfacet
  facet normal 0 0 1
    outer loop
      vertex -7 -62 15
      vertex -39.3411 -49.2029 15
      vertex -6.97339 -62.6101 15
    endloop
  endfacet
  facet normal 0 0 1
    outer loop
      vertex -38.8909 -48.7903 15
      vertex -39.3411 -49.2029 15
      vertex -7 -62 15
    endloop
  endfacet
  facet normal -0 0 1
    outer loop
      vertex -38.8909 -48.7903 15
      vertex -7 -62 15
      vertex -38.4783 -48.3401 15
    endloop
  endfacet
  facet normal 0 -0 1
    outer loop
      vertex -7 -62 15
      vertex -6.97339 -61.3899 15
      vertex -38.4783 -48.3401 15
    endloop
  endfacet
  facet normal 0 0 1
    outer loop
      vertex -6.97339 -61.3899 15
      vertex -38.1065 -47.8556 15
      vertex -38.4783 -48.3401 15
    endloop
  endfacet
  facet normal 0 0 1
    outer loop
      vertex -6.89369 -60.7845 15
      vertex -37.7784 -47.3406 15
      vertex -38.1065 -47.8556 15
    endloop
  endfacet
  facet normal 0 0 1
    outer loop
      vertex -6.76149 -60.1883 15
      vertex -37.7784 -47.3406 15
      vertex -6.89369 -60.7845 15
    endloop
  endfacet
  facet normal 0 0 1
    outer loop
      vertex -37.4964 -46.7989 15
      vertex -37.7784 -47.3406 15
      vertex -6.76149 -60.1883 15
    endloop
  endfacet
  facet normal -0 0 1
    outer loop
      vertex -37.4964 -46.7989 15
      vertex -6.34419 -59.0417 15
      vertex -37.2628 -46.2347 15
    endloop
  endfacet
  facet normal 0 -0 1
    outer loop
      vertex -6.34419 -59.0417 15
      vertex -6.06219 -58.5 15
      vertex -37.0791 -45.6523 15
    endloop
  endfacet
  facet normal 0 0 1
    outer loop
      vertex -36.9469 -45.0561 15
      vertex -37.0791 -45.6523 15
      vertex -6.06219 -58.5 15
    endloop
  endfacet
  facet normal 0 0 1
    outer loop
      vertex -5.36229 -57.5005 15
      vertex -36.8672 -44.4507 15
      vertex -5.73409 -57.985 15
    endloop
  endfacet
  facet normal 0 0 1
    outer loop
      vertex -4.94969 -57.0503 15
      vertex -36.8406 -43.8406 15
      vertex -5.36229 -57.5005 15
    endloop
  endfacet
  facet normal 0 -0 1
    outer loop
      vertex -4.94969 -57.0503 15
      vertex -4.4995 -56.6377 15
      vertex -10.2606 -28.1908 15
    endloop
  endfacet
  facet normal 0 -0 1
    outer loop
      vertex -4.4995 -56.6377 15
      vertex -4.015 -56.2659 15
      vertex -10.2606 -28.1908 15
    endloop
  endfacet
  facet normal 0 0 1
    outer loop
      vertex -4.015 -56.2659 15
      vertex -7.76459 -28.9778 15
      vertex -10.2606 -28.1908 15
    endloop
  endfacet
  facet normal 0 0 1
    outer loop
      vertex -3.5 -55.9378 15
      vertex -7.76459 -28.9778 15
      vertex -4.015 -56.2659 15
    endloop
  endfacet
  facet normal 0 0 1
    outer loop
      vertex -2.9583 -55.6558 15
      vertex -7.76459 -28.9778 15
      vertex -3.5 -55.9378 15
    endloop
  endfacet
  facet normal 0 0 1
    outer loop
      vertex -5.2094 -29.5442 15
      vertex -7.76459 -28.9778 15
      vertex -2.9583 -55.6558 15
    endloop
  endfacet
  facet normal 0 0 1
    outer loop
      vertex -5.2094 -29.5442 15
      vertex -2.39409 -55.4222 15
      vertex -1.81169 -55.2385 15
    endloop
  endfacet
  facet normal 0 0 1
    outer loop
      vertex 1.2155 -55.1063 15
      vertex 14.2664 -42.0955 15
      vertex 14.2322 -41.8361 15
    endloop
  endfacet
  facet normal 0 0 1
    outer loop
      vertex 14.5019 -42.8425 15
      vertex 14.4017 -42.6007 15
      vertex 2.39409 -55.4222 15
    endloop
  endfacet
  facet normal 0 0 1
    outer loop
      vertex 14.6227 -43.0746 15
      vertex 14.5019 -42.8425 15
      vertex 2.9583 -55.6558 15
    endloop
  endfacet
  facet normal 0 0 1
    outer loop
      vertex 14.6227 -43.0746 15
      vertex 2.9583 -55.6558 15
      vertex 14.7633 -43.2953 15
    endloop
  endfacet
  facet normal 0 0 1
    outer loop
      vertex 14.7633 -43.2953 15
      vertex 3.5 -55.9378 15
      vertex 14.9227 -43.503 15
    endloop
  endfacet
  facet normal -0 0 1
    outer loop
      vertex 3.5 -55.9378 15
      vertex 4.015 -56.2659 15
      vertex 14.9227 -43.503 15
    endloop
  endfacet
  facet normal -0 0 1
    outer loop
      vertex 4.015 -56.2659 15
      vertex 4.4995 -56.6377 15
      vertex 15.0995 -43.6959 15
    endloop
  endfacet
  facet normal 0 0 1
    outer loop
      vertex 4.4995 -56.6377 15
      vertex 15.2924 -43.8727 15
      vertex 15.0995 -43.6959 15
    endloop
  endfacet
  facet normal 0 -0 1
    outer loop
      vertex 4.94969 -57.0503 15
      vertex 15.5001 -44.0321 15
      vertex 4.4995 -56.6377 15
    endloop
  endfacet
  facet normal 0 -0 1
    outer loop
      vertex 5.36229 -57.5005 15
      vertex 15.7208 -44.1727 15
      vertex 4.94969 -57.0503 15
    endloop
  endfacet
  facet normal 0 0 1
    outer loop
      vertex 15.9529 -44.2935 15
      vertex 15.7208 -44.1727 15
      vertex 5.36229 -57.5005 15
    endloop
  endfacet
  facet normal 0 0 1
    outer loop
      vertex 15.9529 -44.2935 15
      vertex 5.73409 -57.985 15
      vertex 16.1947 -44.3937 15
    endloop
  endfacet
  facet normal 0 0 1
    outer loop
      vertex 5.73409 -57.985 15
      vertex 16.4443 -44.4724 15
      vertex 16.1947 -44.3937 15
    endloop
  endfacet
  facet normal 0 0 1
    outer loop
      vertex 6.06219 -58.5 15
      vertex 16.6999 -44.529 15
      vertex 16.4443 -44.4724 15
    endloop
  endfacet
  facet normal 0 -0 1
    outer loop
      vertex 6.34419 -59.0417 15
      vertex 16.6999 -44.529 15
      vertex 6.06219 -58.5 15
    endloop
  endfacet
  facet normal 0 0 1
    outer loop
      vertex 16.9593 -44.5632 15
      vertex 16.6999 -44.529 15
      vertex 6.34419 -59.0417 15
    endloop
  endfacet
  facet normal 0 0 1
    outer loop
      vertex 17.7417 -44.529 15
      vertex 6.76149 -60.1883 15
      vertex 6.89369 -60.7845 15
    endloop
  endfacet
  facet normal -0 0 1
    outer loop
      vertex 17.7417 -44.529 15
      vertex 6.89369 -60.7845 15
      vertex 17.9973 -44.4724 15
    endloop
  endfacet
  facet normal -0 0 1
    outer loop
      vertex 6.89369 -60.7845 15
      vertex 6.97339 -61.3899 15
      vertex 17.9973 -44.4724 15
    endloop
  endfacet
  facet normal 0 0 1
    outer loop
      vertex 6.97339 -61.3899 15
      vertex 18.2469 -44.3937 15
      vertex 17.9973 -44.4724 15
    endloop
  endfacet
  facet normal 0 -0 1
    outer loop
      vertex 7 -62 15
      vertex 18.2469 -44.3937 15
      vertex 6.97339 -61.3899 15
    endloop
  endfacet
  facet normal 0 0 1
    outer loop
      vertex 38.8909 -48.7903 15
      vertex 7 -62 15
      vertex 39.3411 -49.2029 15
    endloop
  endfacet
  facet normal 0 0 1
    outer loop
      vertex 38.8909 -48.7903 15
      vertex 18.2469 -44.3937 15
      vertex 7 -62 15
    endloop
  endfacet
  facet normal 0 0 1
    outer loop
      vertex 39.3411 -49.2029 15
      vertex 7 -62 15
      vertex 6.97339 -62.6101 15
    endloop
  endfacet
  facet normal 0 0 1
    outer loop
      vertex 38.0356 -81.5677 15
      vertex 6.97339 -62.6101 15
      vertex 30.7818 -84.5723 15
    endloop
  endfacet
  facet normal 0 0 1
    outer loop
      vertex 6.97339 -62.6101 15
      vertex 6.89369 -63.2155 15
      vertex 30.7818 -84.5723 15
    endloop
  endfacet
  facet normal 0 0 1
    outer loop
      vertex 6.89369 -63.2155 15
      vertex 6.76149 -63.8117 15
      vertex 30.7818 -84.5723 15
    endloop
  endfacet
  facet normal 0 0 1
    outer loop
      vertex 6.76149 -63.8117 15
      vertex 6.57779 -64.3941 15
      vertex 30.7818 -84.5723 15
    endloop
  endfacet
  facet normal 0 0 1
    outer loop
      vertex 6.57779 -64.3941 15
      vertex 23.2937 -86.9333 15
      vertex 30.7818 -84.5723 15
    endloop
  endfacet
  facet normal -0 0 1
    outer loop
      vertex 6.34419 -64.9583 15
      vertex 23.2937 -86.9333 15
      vertex 6.57779 -64.3941 15
    endloop
  endfacet
  facet normal -0 0 1
    outer loop
      vertex 6.06219 -65.5 15
      vertex 23.2937 -86.9333 15
      vertex 6.34419 -64.9583 15
    endloop
  endfacet
  facet normal 0 0 1
    outer loop
      vertex 5.73409 -66.015 15
      vertex 5.36229 -66.4995 15
      vertex 23.2937 -86.9333 15
    endloop
  endfacet
  facet normal 0 0 1
    outer loop
      vertex 5.36229 -66.4995 15
      vertex 15.6283 -88.6327 15
      vertex 23.2937 -86.9333 15
    endloop
  endfacet
  facet normal -0 0 1
    outer loop
      vertex 4.94969 -66.9497 15
      vertex 15.6283 -88.6327 15
      vertex 5.36229 -66.4995 15
    endloop
  endfacet
  facet normal -0 0 1
    outer loop
      vertex 4.4995 -67.3623 15
      vertex 15.6283 -88.6327 15
      vertex 4.94969 -66.9497 15
    endloop
  endfacet
  facet normal -0 0 1
    outer loop
      vertex 4.015 -67.7341 15
      vertex 15.6283 -88.6327 15
      vertex 4.4995 -67.3623 15
    endloop
  endfacet
  facet normal 0 -0 1
    outer loop
      vertex 7.84399 -89.6575 15
      vertex 15.6283 -88.6327 15
      vertex 4.015 -67.7341 15
    endloop
  endfacet
  facet normal 0 0 1
    outer loop
      vertex 7.84399 -89.6575 15
      vertex 4.015 -67.7341 15
      vertex 3.5 -68.0622 15
    endloop
  endfacet
  facet normal 0 0 1
    outer loop
      vertex 7.84399 -89.6575 15
      vertex 3.5 -68.0622 15
      vertex 2.9583 -68.3442 15
    endloop
  endfacet
  facet normal 0 0 1
    outer loop
      vertex 7.84399 -89.6575 15
      vertex 2.9583 -68.3442 15
      vertex 2.39409 -68.5778 15
    endloop
  endfacet
  facet normal -0 0 1
    outer loop
      vertex 1.2155 -68.8937 15
      vertex 7.84399 -89.6575 15
      vertex 1.81169 -68.7615 15
    endloop
  endfacet
  facet normal 0 0 1
    outer loop
      vertex 0 -90 15
      vertex 7.84399 -89.6575 15
      vertex 1.2155 -68.8937 15
    endloop
  endfacet
  facet normal 0 0 1
    outer loop
      vertex 0 -90 15
      vertex 0.610092 -68.9734 15
      vertex 0 -69 15
    endloop
  endfacet
  facet normal 0 0 1
    outer loop
      vertex 0 -90 15
      vertex 1.2155 -68.8937 15
      vertex 0.610092 -68.9734 15
    endloop
  endfacet
  facet normal 0.130523 -0.991445 0
    outer loop
      vertex 15.6283 -88.6327 0
      vertex 7.84399 -89.6575 15
      vertex 7.84399 -89.6575 0
    endloop
  endfacet
  facet normal 0.130523 -0.991445 0
    outer loop
      vertex 15.6283 -88.6327 0
      vertex 15.6283 -88.6327 15
      vertex 7.84399 -89.6575 15
    endloop
  endfacet
  facet normal 0.216442 -0.976295 0
    outer loop
      vertex 23.2937 -86.9333 0
      vertex 15.6283 -88.6327 15
      vertex 15.6283 -88.6327 0
    endloop
  endfacet
  facet normal 0.216442 -0.976295 0
    outer loop
      vertex 23.2937 -86.9333 0
      vertex 23.2937 -86.9333 15
      vertex 15.6283 -88.6327 15
    endloop
  endfacet
  facet normal 0.300707 -0.953717 0
    outer loop
      vertex 30.7818 -84.5723 0
      vertex 23.2937 -86.9333 15
      vertex 23.2937 -86.9333 0
    endloop
  endfacet
  facet normal 0.300707 -0.953717 0
    outer loop
      vertex 30.7818 -84.5723 0
      vertex 30.7818 -84.5723 15
      vertex 23.2937 -86.9333 15
    endloop
  endfacet
  facet normal 0.382681 -0.923881 0
    outer loop
      vertex 38.0356 -81.5677 0
      vertex 30.7818 -84.5723 15
      vertex 30.7818 -84.5723 0
    endloop
  endfacet
  facet normal 0.382681 -0.923881 0
    outer loop
      vertex 38.0356 -81.5677 0
      vertex 38.0356 -81.5677 15
      vertex 30.7818 -84.5723 15
    endloop
  endfacet
  facet normal 0.461745 -0.887013 0
    outer loop
      vertex 45 -77.9423 0
      vertex 38.0356 -81.5677 15
      vertex 38.0356 -81.5677 0
    endloop
  endfacet
  facet normal 0.461745 -0.887013 0
    outer loop
      vertex 45 -77.9423 0
      vertex 45 -77.9423 15
      vertex 38.0356 -81.5677 15
    endloop
  endfacet
  facet normal 0.537298 -0.843392 0
    outer loop
      vertex 51.6219 -73.7237 0
      vertex 45 -77.9423 15
      vertex 45 -77.9423 0
    endloop
  endfacet
  facet normal 0.537298 -0.843392 0
    outer loop
      vertex 51.6219 -73.7237 0
      vertex 51.6219 -73.7237 15
      vertex 45 -77.9423 15
    endloop
  endfacet
  facet normal 0.608763 -0.793352 0
    outer loop
      vertex 57.8509 -68.944 0
      vertex 51.6219 -73.7237 15
      vertex 51.6219 -73.7237 0
    endloop
  endfacet
  facet normal 0.608763 -0.793352 0
    outer loop
      vertex 57.8509 -68.944 0
      vertex 57.8509 -68.944 15
      vertex 51.6219 -73.7237 15
    endloop
  endfacet
  facet normal 0.675593 -0.737275 0
    outer loop
      vertex 63.6396 -63.6396 0
      vertex 57.8509 -68.944 15
      vertex 57.8509 -68.944 0
    endloop
  endfacet
  facet normal 0.675593 -0.737275 0
    outer loop
      vertex 63.6396 -63.6396 0
      vertex 63.6396 -63.6396 15
      vertex 57.8509 -68.944 15
    endloop
  endfacet
  facet normal 0.737275 -0.675593 0
    outer loop
      vertex 68.944 -57.8509 0
      vertex 63.6396 -63.6396 15
      vertex 63.6396 -63.6396 0
    endloop
  endfacet
  facet normal 0.737275 -0.675593 0
    outer loop
      vertex 68.944 -57.8509 0
      vertex 68.944 -57.8509 15
      vertex 63.6396 -63.6396 15
    endloop
  endfacet
  facet normal 0.793352 -0.608763 0
    outer loop
      vertex 73.7237 -51.6219 0
      vertex 68.944 -57.8509 15
      vertex 68.944 -57.8509 0
    endloop
  endfacet
  facet normal 0.793352 -0.608763 0
    outer loop
      vertex 73.7237 -51.6219 0
      vertex 73.7237 -51.6219 15
      vertex 68.944 -57.8509 15
    endloop
  endfacet
  facet normal 0.843392 -0.537298 0
    outer loop
      vertex 77.9423 -45 0
      vertex 73.7237 -51.6219 15
      vertex 73.7237 -51.6219 0
    endloop
  endfacet
  facet normal 0.843392 -0.537298 0
    outer loop
      vertex 77.9423 -45 0
      vertex 77.9423 -45 15
      vertex 73.7237 -51.6219 15
    endloop
  endfacet
  facet normal 0.887013 -0.461745 0
    outer loop
      vertex 81.5677 -38.0356 0
      vertex 77.9423 -45 15
      vertex 77.9423 -45 0
    endloop
  endfacet
  facet normal 0.887013 -0.461745 0
    outer loop
      vertex 81.5677 -38.0356 0
      vertex 81.5677 -38.0356 15
      vertex 77.9423 -45 15
    endloop
  endfacet
  facet normal 0.923881 -0.382681 0
    outer loop
      vertex 84.5723 -30.7818 0
      vertex 81.5677 -38.0356 15
      vertex 81.5677 -38.0356 0
    endloop
  endfacet
  facet normal 0.923881 -0.382681 0
    outer loop
      vertex 84.5723 -30.7818 0
      vertex 84.5723 -30.7818 15
      vertex 81.5677 -38.0356 15
    endloop
  endfacet
  facet normal 0.953717 -0.300707 0
    outer loop
      vertex 86.9333 -23.2937 0
      vertex 84.5723 -30.7818 15
      vertex 84.5723 -30.7818 0
    endloop
  endfacet
  facet normal 0.953717 -0.300707 0
    outer loop
      vertex 86.9333 -23.2937 0
      vertex 86.9333 -23.2937 15
      vertex 84.5723 -30.7818 15
    endloop
  endfacet
  facet normal 0.976295 -0.216442 0
    outer loop
      vertex 88.6327 -15.6283 0
      vertex 86.9333 -23.2937 15
      vertex 86.9333 -23.2937 0
    endloop
  endfacet
  facet normal 0.976295 -0.216442 0
    outer loop
      vertex 88.6327 -15.6283 0
      vertex 88.6327 -15.6283 15
      vertex 86.9333 -23.2937 15
    endloop
  endfacet
  facet normal 0.991445 -0.130523 0
    outer loop
      vertex 89.6575 -7.84399 0
      vertex 88.6327 -15.6283 15
      vertex 88.6327 -15.6283 0
    endloop
  endfacet
  facet normal 0.991445 -0.130523 0
    outer loop
      vertex 89.6575 -7.84399 0
      vertex 89.6575 -7.84399 15
      vertex 88.6327 -15.6283 15
    endloop
  endfacet
  facet normal 0.999048 -0.0436224 0
    outer loop
      vertex 90 0 0
      vertex 89.6575 -7.84399 15
      vertex 89.6575 -7.84399 0
    endloop
  endfacet
  facet normal 0.999048 -0.0436224 0
    outer loop
      vertex 90 0 0
      vertex 90 0 15
      vertex 89.6575 -7.84399 15
    endloop
  endfacet
  facet normal 0.999048 0.0436224 0
    outer loop
      vertex 89.6575 7.84399 0
      vertex 90 0 15
      vertex 90 0 0
    endloop
  endfacet
  facet normal 0.999048 0.0436224 -0
    outer loop
      vertex 89.6575 7.84399 0
      vertex 89.6575 7.84399 15
      vertex 90 0 15
    endloop
  endfacet
  facet normal 0.991445 0.130523 0
    outer loop
      vertex 88.6327 15.6283 0
      vertex 89.6575 7.84399 15
      vertex 89.6575 7.84399 0
    endloop
  endfacet
  facet normal 0.991445 0.130523 -0
    outer loop
      vertex 88.6327 15.6283 0
      vertex 88.6327 15.6283 15
      vertex 89.6575 7.84399 15
    endloop
  endfacet
  facet normal 0.976295 0.216442 0
    outer loop
      vertex 86.9333 23.2937 0
      vertex 88.6327 15.6283 15
      vertex 88.6327 15.6283 0
    endloop
  endfacet
  facet normal 0.976295 0.216442 -0
    outer loop
      vertex 86.9333 23.2937 0
      vertex 86.9333 23.2937 15
      vertex 88.6327 15.6283 15
    endloop
  endfacet
  facet normal 0.953717 0.300707 0
    outer loop
      vertex 84.5723 30.7818 0
      vertex 86.9333 23.2937 15
      vertex 86.9333 23.2937 0
    endloop
  endfacet
  facet normal 0.953717 0.300707 -0
    outer loop
      vertex 84.5723 30.7818 0
      vertex 84.5723 30.7818 15
      vertex 86.9333 23.2937 15
    endloop
  endfacet
  facet normal 0.923881 0.382681 0
    outer loop
      vertex 81.5677 38.0356 0
      vertex 84.5723 30.7818 15
      vertex 84.5723 30.7818 0
    endloop
  endfacet
  facet normal 0.923881 0.382681 -0
    outer loop
      vertex 81.5677 38.0356 0
      vertex 81.5677 38.0356 15
      vertex 84.5723 30.7818 15
    endloop
  endfacet
  facet normal 0.887013 0.461745 0
    outer loop
      vertex 77.9423 45 0
      vertex 81.5677 38.0356 15
      vertex 81.5677 38.0356 0
    endloop
  endfacet
  facet normal 0.887013 0.461745 -0
    outer loop
      vertex 77.9423 45 0
      vertex 77.9423 45 15
      vertex 81.5677 38.0356 15
    endloop
  endfacet
  facet normal 0.843392 0.537298 0
    outer loop
      vertex 73.7237 51.6219 0
      vertex 77.9423 45 15
      vertex 77.9423 45 0
    endloop
  endfacet
  facet normal 0.843392 0.537298 -0
    outer loop
      vertex 73.7237 51.6219 0
      vertex 73.7237 51.6219 15
      vertex 77.9423 45 15
    endloop
  endfacet
  facet normal 0.793352 0.608763 0
    outer loop
      vertex 68.944 57.8509 0
      vertex 73.7237 51.6219 15
      vertex 73.7237 51.6219 0
    endloop
  endfacet
  facet normal 0.793352 0.608763 -0
    outer loop
      vertex 68.944 57.8509 0
      vertex 68.944 57.8509 15
      vertex 73.7237 51.6219 15
    endloop
  endfacet
  facet normal 0.737275 0.675593 0
    outer loop
      vertex 63.6396 63.6396 0
      vertex 68.944 57.8509 15
      vertex 68.944 57.8509 0
    endloop
  endfacet
  facet normal 0.737275 0.675593 -0
    outer loop
      vertex 63.6396 63.6396 0
      vertex 63.6396 63.6396 15
      vertex 68.944 57.8509 15
    endloop
  endfacet
  facet normal 0.675593 0.737275 0
    outer loop
      vertex 57.8509 68.944 0
      vertex 63.6396 63.6396 15
      vertex 63.6396 63.6396 0
    endloop
  endfacet
  facet normal 0.675593 0.737275 -0
    outer loop
      vertex 57.8509 68.944 0
      vertex 57.8509 68.944 15
      vertex 63.6396 63.6396 15
    endloop
  endfacet
  facet normal 0.608763 0.793352 0
    outer loop
      vertex 51.6219 73.7237 0
      vertex 57.8509 68.944 15
      vertex 57.8509 68.944 0
    endloop
  endfacet
  facet normal 0.608763 0.793352 -0
    outer loop
      vertex 51.6219 73.7237 0
      vertex 51.6219 73.7237 15
      vertex 57.8509 68.944 15
    endloop
  endfacet
  facet normal 0.537298 0.843392 0
    outer loop
      vertex 45 77.9423 0
      vertex 51.6219 73.7237 15
      vertex 51.6219 73.7237 0
    endloop
  endfacet
  facet normal 0.537298 0.843392 -0
    outer loop
      vertex 45 77.9423 0
      vertex 45 77.9423 15
      vertex 51.6219 73.7237 15
    endloop
  endfacet
  facet normal 0.461745 0.887013 0
    outer loop
      vertex 38.0356 81.5677 0
      vertex 45 77.9423 15
      vertex 45 77.9423 0
    endloop
  endfacet
  facet normal 0.461745 0.887013 -0
    outer loop
      vertex 38.0356 81.5677 0
      vertex 38.0356 81.5677 15
      vertex 45 77.9423 15
    endloop
  endfacet
  facet normal 0.382681 0.923881 0
    outer loop
      vertex 30.7818 84.5723 0
      vertex 38.0356 81.5677 15
      vertex 38.0356 81.5677 0
    endloop
  endfacet
  facet normal 0.382681 0.923881 -0
    outer loop
      vertex 30.7818 84.5723 0
      vertex 30.7818 84.5723 15
      vertex 38.0356 81.5677 15
    endloop
  endfacet
  facet normal 0.300707 0.953717 0
    outer loop
      vertex 23.2937 86.9333 0
      vertex 30.7818 84.5723 15
      vertex 30.7818 84.5723 0
    endloop
  endfacet
  facet normal 0.300707 0.953717 -0
    outer loop
      vertex 23.2937 86.9333 0
      vertex 23.2937 86.9333 15
      vertex 30.7818 84.5723 15
    endloop
  endfacet
  facet normal 0.216442 0.976295 0
    outer loop
      vertex 15.6283 88.6327 0
      vertex 23.2937 86.9333 15
      vertex 23.2937 86.9333 0
    endloop
  endfacet
  facet normal 0.216442 0.976295 -0
    outer loop
      vertex 15.6283 88.6327 0
      vertex 15.6283 88.6327 15
      vertex 23.2937 86.9333 15
    endloop
  endfacet
  facet normal 0.130523 0.991445 0
    outer loop
      vertex 7.84399 89.6575 0
      vertex 15.6283 88.6327 15
      vertex 15.6283 88.6327 0
    endloop
  endfacet
  facet normal 0.130523 0.991445 -0
    outer loop
      vertex 7.84399 89.6575 0
      vertex 7.84399 89.6575 15
      vertex 15.6283 88.6327 15
    endloop
  endfacet
  facet normal 0.0436224 0.999048 0
    outer loop
      vertex 0 90 0
      vertex 7.84399 89.6575 15
      vertex 7.84399 89.6575 0
    endloop
  endfacet
  facet normal 0.0436224 0.999048 -0
    outer loop
      vertex 0 90 0
      vertex 0 90 15
      vertex 7.84399 89.6575 15
    endloop
  endfacet
  facet normal -0.0436224 0.999048 0
    outer loop
      vertex -7.84399 89.6575 0
      vertex 0 90 15
      vertex 0 90 0
    endloop
  endfacet
  facet normal -0.0436224 0.999048 0
    outer loop
      vertex -7.84399 89.6575 0
      vertex -7.84399 89.6575 15
      vertex 0 90 15
    endloop
  endfacet
  facet normal -0.130523 0.991445 0
    outer loop
      vertex -15.6283 88.6327 0
      vertex -7.84399 89.6575 15
      vertex -7.84399 89.6575 0
    endloop
  endfacet
  facet normal -0.130523 0.991445 0
    outer loop
      vertex -15.6283 88.6327 0
      vertex -15.6283 88.6327 15
      vertex -7.84399 89.6575 15
    endloop
  endfacet
  facet normal -0.216442 0.976295 0
    outer loop
      vertex -23.2937 86.9333 0
      vertex -15.6283 88.6327 15
      vertex -15.6283 88.6327 0
    endloop
  endfacet
  facet normal -0.216442 0.976295 0
    outer loop
      vertex -23.2937 86.9333 0
      vertex -23.2937 86.9333 15
      vertex -15.6283 88.6327 15
    endloop
  endfacet
  facet normal -0.300707 0.953717 0
    outer loop
      vertex -30.7818 84.5723 0
      vertex -23.2937 86.9333 15
      vertex -23.2937 86.9333 0
    endloop
  endfacet
  facet normal -0.300707 0.953717 0
    outer loop
      vertex -30.7818 84.5723 0
      vertex -30.7818 84.5723 15
      vertex -23.2937 86.9333 15
    endloop
  endfacet
  facet normal -0.382681 0.923881 0
    outer loop
      vertex -38.0356 81.5677 0
      vertex -30.7818 84.5723 15
      vertex -30.7818 84.5723 0
    endloop
  endfacet
  facet normal -0.382681 0.923881 0
    outer loop
      vertex -38.0356 81.5677 0
      vertex -38.0356 81.5677 15
      vertex -30.7818 84.5723 15
    endloop
  endfacet
  facet normal -0.461745 0.887013 0
    outer loop
      vertex -45 77.9423 0
      vertex -38.0356 81.5677 15
      vertex -38.0356 81.5677 0
    endloop
  endfacet
  facet normal -0.461745 0.887013 0
    outer loop
      vertex -45 77.9423 0
      vertex -45 77.9423 15
      vertex -38.0356 81.5677 15
    endloop
  endfacet
  facet normal -0.537298 0.843392 0
    outer loop
      vertex -51.6219 73.7237 0
      vertex -45 77.9423 15
      vertex -45 77.9423 0
    endloop
  endfacet
  facet normal -0.537298 0.843392 0
    outer loop
      vertex -51.6219 73.7237 0
      vertex -51.6219 73.7237 15
      vertex -45 77.9423 15
    endloop
  endfacet
  facet normal -0.608763 0.793352 0
    outer loop
      vertex -57.8509 68.944 0
      vertex -51.6219 73.7237 15
      vertex -51.6219 73.7237 0
    endloop
  endfacet
  facet normal -0.608763 0.793352 0
    outer loop
      vertex -57.8509 68.944 0
      vertex -57.8509 68.944 15
      vertex -51.6219 73.7237 15
    endloop
  endfacet
  facet normal -0.675593 0.737275 0
    outer loop
      vertex -63.6396 63.6396 0
      vertex -57.8509 68.944 15
      vertex -57.8509 68.944 0
    endloop
  endfacet
  facet normal -0.675593 0.737275 0
    outer loop
      vertex -63.6396 63.6396 0
      vertex -63.6396 63.6396 15
      vertex -57.8509 68.944 15
    endloop
  endfacet
  facet normal -0.737275 0.675593 0
    outer loop
      vertex -68.944 57.8509 0
      vertex -63.6396 63.6396 15
      vertex -63.6396 63.6396 0
    endloop
  endfacet
  facet normal -0.737275 0.675593 0
    outer loop
      vertex -68.944 57.8509 0
      vertex -68.944 57.8509 15
      vertex -63.6396 63.6396 15
    endloop
  endfacet
  facet normal -0.793352 0.608763 0
    outer loop
      vertex -73.7237 51.6219 0
      vertex -68.944 57.8509 15
      vertex -68.944 57.8509 0
    endloop
  endfacet
  facet normal -0.793352 0.608763 0
    outer loop
      vertex -73.7237 51.6219 0
      vertex -73.7237 51.6219 15
      vertex -68.944 57.8509 15
    endloop
  endfacet
  facet normal -0.843392 0.537298 0
    outer loop
      vertex -77.9423 45 0
      vertex -73.7237 51.6219 15
      vertex -73.7237 51.6219 0
    endloop
  endfacet
  facet normal -0.843392 0.537298 0
    outer loop
      vertex -77.9423 45 0
      vertex -77.9423 45 15
      vertex -73.7237 51.6219 15
    endloop
  endfacet
  facet normal -0.887013 0.461745 0
    outer loop
      vertex -81.5677 38.0356 0
      vertex -77.9423 45 15
      vertex -77.9423 45 0
    endloop
  endfacet
  facet normal -0.887013 0.461745 0
    outer loop
      vertex -81.5677 38.0356 0
      vertex -81.5677 38.0356 15
      vertex -77.9423 45 15
    endloop
  endfacet
  facet normal -0.923881 0.382681 0
    outer loop
      vertex -84.5723 30.7818 0
      vertex -81.5677 38.0356 15
      vertex -81.5677 38.0356 0
    endloop
  endfacet
  facet normal -0.923881 0.382681 0
    outer loop
      vertex -84.5723 30.7818 0
      vertex -84.5723 30.7818 15
      vertex -81.5677 38.0356 15
    endloop
  endfacet
  facet normal -0.953717 0.300707 0
    outer loop
      vertex -86.9333 23.2937 0
      vertex -84.5723 30.7818 15
      vertex -84.5723 30.7818 0
    endloop
  endfacet
  facet normal -0.953717 0.300707 0
    outer loop
      vertex -86.9333 23.2937 0
      vertex -86.9333 23.2937 15
      vertex -84.5723 30.7818 15
    endloop
  endfacet
  facet normal -0.976295 0.216442 0
    outer loop
      vertex -88.6327 15.6283 0
      vertex -86.9333 23.2937 15
      vertex -86.9333 23.2937 0
    endloop
  endfacet
  facet normal -0.976295 0.216442 0
    outer loop
      vertex -88.6327 15.6283 0
      vertex -88.6327 15.6283 15
      vertex -86.9333 23.2937 15
    endloop
  endfacet
  facet normal -0.991445 0.130523 0
    outer loop
      vertex -89.6575 7.84399 0
      vertex -88.6327 15.6283 15
      vertex -88.6327 15.6283 0
    endloop
  endfacet
  facet normal -0.991445 0.130523 0
    outer loop
      vertex -89.6575 7.84399 0
      vertex -89.6575 7.84399 15
      vertex -88.6327 15.6283 15
    endloop
  endfacet
  facet normal -0.999048 0.0436224 0
    outer loop
      vertex -90 0 0
      vertex -89.6575 7.84399 15
      vertex -89.6575 7.84399 0
    endloop
  endfacet
  facet normal -0.999048 0.0436224 0
    outer loop
      vertex -90 0 0
      vertex -90 0 15
      vertex -89.6575 7.84399 15
    endloop
  endfacet
  facet normal -0.999048 -0.0436224 0
    outer loop
      vertex -89.6575 -7.84399 0
      vertex -90 0 15
      vertex -90 0 0
    endloop
  endfacet
  facet normal -0.999048 -0.0436224 0
    outer loop
      vertex -89.6575 -7.84399 0
      vertex -89.6575 -7.84399 15
      vertex -90 0 15
    endloop
  endfacet
  facet normal -0.991445 -0.130523 0
    outer loop
      vertex -88.6327 -15.6283 0
      vertex -89.6575 -7.84399 15
      vertex -89.6575 -7.84399 0
    endloop
  endfacet
  facet normal -0.991445 -0.130523 0
    outer loop
      vertex -88.6327 -15.6283 0
      vertex -88.6327 -15.6283 15
      vertex -89.6575 -7.84399 15
    endloop
  endfacet
  facet normal -0.976295 -0.216442 0
    outer loop
      vertex -86.9333 -23.2937 0
      vertex -88.6327 -15.6283 15
      vertex -88.6327 -15.6283 0
    endloop
  endfacet
  facet normal -0.976295 -0.216442 0
    outer loop
      vertex -86.9333 -23.2937 0
      vertex -86.9333 -23.2937 15
      vertex -88.6327 -15.6283 15
    endloop
  endfacet
  facet normal -0.953717 -0.300707 0
    outer loop
      vertex -84.5723 -30.7818 0
      vertex -86.9333 -23.2937 15
      vertex -86.9333 -23.2937 0
    endloop
  endfacet
  facet normal -0.953717 -0.300707 0
    outer loop
      vertex -84.5723 -30.7818 0
      vertex -84.5723 -30.7818 15
      vertex -86.9333 -23.2937 15
    endloop
  endfacet
  facet normal -0.923881 -0.382681 0
    outer loop
      vertex -81.5677 -38.0356 0
      vertex -84.5723 -30.7818 15
      vertex -84.5723 -30.7818 0
    endloop
  endfacet
  facet normal -0.923881 -0.382681 0
    outer loop
      vertex -81.5677 -38.0356 0
      vertex -81.5677 -38.0356 15
      vertex -84.5723 -30.7818 15
    endloop
  endfacet
  facet normal -0.887013 -0.461745 0
    outer loop
      vertex -77.9423 -45 0
      vertex -81.5677 -38.0356 15
      vertex -81.5677 -38.0356 0
    endloop
  endfacet
  facet normal -0.887013 -0.461745 0
    outer loop
      vertex -77.9423 -45 0
      vertex -77.9423 -45 15
      vertex -81.5677 -38.0356 15
    endloop
  endfacet
  facet normal -0.843392 -0.537298 0
    outer loop
      vertex -73.7237 -51.6219 0
      vertex -77.9423 -45 15
      vertex -77.9423 -45 0
    endloop
  endfacet
  facet normal -0.843392 -0.537298 0
    outer loop
      vertex -73.7237 -51.6219 0
      vertex -73.7237 -51.6219 15
      vertex -77.9423 -45 15
    endloop
  endfacet
  facet normal -0.793352 -0.608763 0
    outer loop
      vertex -68.944 -57.8509 0
      vertex -73.7237 -51.6219 15
      vertex -73.7237 -51.6219 0
    endloop
  endfacet
  facet normal -0.793352 -0.608763 0
    outer loop
      vertex -68.944 -57.8509 0
      vertex -68.944 -57.8509 15
      vertex -73.7237 -51.6219 15
    endloop
  endfacet
  facet normal -0.737275 -0.675593 0
    outer loop
      vertex -63.6396 -63.6396 0
      vertex -68.944 -57.8509 15
      vertex -68.944 -57.8509 0
    endloop
  endfacet
  facet normal -0.737275 -0.675593 0
    outer loop
      vertex -63.6396 -63.6396 0
      vertex -63.6396 -63.6396 15
      vertex -68.944 -57.8509 15
    endloop
  endfacet
  facet normal -0.675593 -0.737275 0
    outer loop
      vertex -57.8509 -68.944 0
      vertex -63.6396 -63.6396 15
      vertex -63.6396 -63.6396 0
    endloop
  endfacet
  facet normal -0.675593 -0.737275 0
    outer loop
      vertex -57.8509 -68.944 0
      vertex -57.8509 -68.944 15
      vertex -63.6396 -63.6396 15
    endloop
  endfacet
  facet normal -0.608763 -0.793352 0
    outer loop
      vertex -51.6219 -73.7237 0
      vertex -57.8509 -68.944 15
      vertex -57.8509 -68.944 0
    endloop
  endfacet
  facet normal -0.608763 -0.793352 0
    outer loop
      vertex -51.6219 -73.7237 0
      vertex -51.6219 -73.7237 15
      vertex -57.8509 -68.944 15
    endloop
  endfacet
  facet normal -0.537298 -0.843392 0
    outer loop
      vertex -45 -77.9423 0
      vertex -51.6219 -73.7237 15
      vertex -51.6219 -73.7237 0
    endloop
  endfacet
  facet normal -0.537298 -0.843392 0
    outer loop
      vertex -45 -77.9423 0
      vertex -45 -77.9423 15
      vertex -51.6219 -73.7237 15
    endloop
  endfacet
  facet normal -0.461745 -0.887013 0
    outer loop
      vertex -38.0356 -81.5677 0
      vertex -45 -77.9423 15
      vertex -45 -77.9423 0
    endloop
  endfacet
  facet normal -0.461745 -0.887013 0
    outer loop
      vertex -38.0356 -81.5677 0
      vertex -38.0356 -81.5677 15
      vertex -45 -77.9423 15
    endloop
  endfacet
  facet normal -0.382681 -0.923881 0
    outer loop
      vertex -30.7818 -84.5723 0
      vertex -38.0356 -81.5677 15
      vertex -38.0356 -81.5677 0
    endloop
  endfacet
  facet normal -0.382681 -0.923881 0
    outer loop
      vertex -30.7818 -84.5723 0
      vertex -30.7818 -84.5723 15
      vertex -38.0356 -81.5677 15
    endloop
  endfacet
  facet normal -0.300707 -0.953717 0
    outer loop
      vertex -23.2937 -86.9333 0
      vertex -30.7818 -84.5723 15
      vertex -30.7818 -84.5723 0
    endloop
  endfacet
  facet normal -0.300707 -0.953717 0
    outer loop
      vertex -23.2937 -86.9333 0
      vertex -23.2937 -86.9333 15
      vertex -30.7818 -84.5723 15
    endloop
  endfacet
  facet normal -0.216442 -0.976295 0
    outer loop
      vertex -15.6283 -88.6327 0
      vertex -23.2937 -86.9333 15
      vertex -23.2937 -86.9333 0
    endloop
  endfacet
  facet normal -0.216442 -0.976295 0
    outer loop
      vertex -15.6283 -88.6327 0
      vertex -15.6283 -88.6327 15
      vertex -23.2937 -86.9333 15
    endloop
  endfacet
  facet normal -0.130523 -0.991445 0
    outer loop
      vertex -7.84399 -89.6575 0
      vertex -15.6283 -88.6327 15
      vertex -15.6283 -88.6327 0
    endloop
  endfacet
  facet normal -0.130523 -0.991445 0
    outer loop
      vertex -7.84399 -89.6575 0
      vertex -7.84399 -89.6575 15
      vertex -15.6283 -88.6327 15
    endloop
  endfacet
  facet normal -0.0436224 -0.999048 0
    outer loop
      vertex 0 -90 0
      vertex -7.84399 -89.6575 15
      vertex -7.84399 -89.6575 0
    endloop
  endfacet
  facet normal -0.0436224 -0.999048 0
    outer loop
      vertex 0 -90 0
      vertex 0 -90 15
      vertex -7.84399 -89.6575 15
    endloop
  endfacet
  facet normal 0.0436224 -0.999048 0
    outer loop
      vertex 7.84399 -89.6575 0
      vertex 0 -90 15
      vertex 0 -90 0
    endloop
  endfacet
  facet normal 0.0436224 -0.999048 0
    outer loop
      vertex 7.84399 -89.6575 0
      vertex 7.84399 -89.6575 15
      vertex 0 -90 15
    endloop
  endfacet
  facet normal 0.130521 0.991446 -0
    outer loop
      vertex -1.2155 55.1063 0
      vertex -1.2155 55.1063 15
      vertex -0.610092 55.0266 0
    endloop
  endfacet
  facet normal 0.130521 0.991446 0
    outer loop
      vertex -0.610092 55.0266 15
      vertex -0.610092 55.0266 0
      vertex -1.2155 55.1063 15
    endloop
  endfacet
  facet normal 0.216483 0.976286 -0
    outer loop
      vertex -1.81169 55.2385 0
      vertex -1.81169 55.2385 15
      vertex -1.2155 55.1063 0
    endloop
  endfacet
  facet normal 0.216483 0.976286 0
    outer loop
      vertex -1.2155 55.1063 15
      vertex -1.2155 55.1063 0
      vertex -1.81169 55.2385 15
    endloop
  endfacet
  facet normal 0.30081 0.953684 -0
    outer loop
      vertex -2.39409 55.4222 0
      vertex -2.39409 55.4222 15
      vertex -1.81169 55.2385 0
    endloop
  endfacet
  facet normal 0.30081 0.953684 0
    outer loop
      vertex -1.81169 55.2385 15
      vertex -1.81169 55.2385 0
      vertex -2.39409 55.4222 15
    endloop
  endfacet
  facet normal 0.382539 0.923939 -0
    outer loop
      vertex -2.9583 55.6558 0
      vertex -2.9583 55.6558 15
      vertex -2.39409 55.4222 0
    endloop
  endfacet
  facet normal 0.382539 0.923939 0
    outer loop
      vertex -2.39409 55.4222 15
      vertex -2.39409 55.4222 0
      vertex -2.9583 55.6558 15
    endloop
  endfacet
  facet normal 0.46176 0.887005 -0
    outer loop
      vertex -3.5 55.9378 0
      vertex -3.5 55.9378 15
      vertex -2.9583 55.6558 0
    endloop
  endfacet
  facet normal 0.46176 0.887005 0
    outer loop
      vertex -2.9583 55.6558 15
      vertex -2.9583 55.6558 0
      vertex -3.5 55.9378 15
    endloop
  endfacet
  facet normal 0.53731 0.843385 -0
    outer loop
      vertex -4.015 56.2659 0
      vertex -4.015 56.2659 15
      vertex -3.5 55.9378 0
    endloop
  endfacet
  facet normal 0.53731 0.843385 0
    outer loop
      vertex -3.5 55.9378 15
      vertex -3.5 55.9378 0
      vertex -4.015 56.2659 15
    endloop
  endfacet
  facet normal 0.608792 0.79333 -0
    outer loop
      vertex -4.4995 56.6377 0
      vertex -4.4995 56.6377 15
      vertex -4.015 56.2659 0
    endloop
  endfacet
  facet normal 0.608792 0.79333 0
    outer loop
      vertex -4.015 56.2659 15
      vertex -4.015 56.2659 0
      vertex -4.4995 56.6377 15
    endloop
  endfacet
  facet normal 0.675659 0.737215 -0
    outer loop
      vertex -4.94969 57.0503 0
      vertex -4.94969 57.0503 15
      vertex -4.4995 56.6377 0
    endloop
  endfacet
  facet normal 0.675659 0.737215 0
    outer loop
      vertex -4.4995 56.6377 15
      vertex -4.4995 56.6377 0
      vertex -4.94969 57.0503 15
    endloop
  endfacet
  facet normal 0.737222 0.67565 -0
    outer loop
      vertex -5.36229 57.5005 0
      vertex -5.36229 57.5005 15
      vertex -4.94969 57.0503 0
    endloop
  endfacet
  facet normal 0.737222 0.67565 0
    outer loop
      vertex -4.94969 57.0503 15
      vertex -4.94969 57.0503 0
      vertex -5.36229 57.5005 15
    endloop
  endfacet
  facet normal 0.79333 0.608792 -0
    outer loop
      vertex -5.73409 57.985 0
      vertex -5.73409 57.985 15
      vertex -5.36229 57.5005 0
    endloop
  endfacet
  facet normal 0.79333 0.608792 0
    outer loop
      vertex -5.36229 57.5005 15
      vertex -5.36229 57.5005 0
      vertex -5.73409 57.985 15
    endloop
  endfacet
  facet normal 0.843385 0.53731 -0
    outer loop
      vertex -6.06219 58.5 0
      vertex -6.06219 58.5 15
      vertex -5.73409 57.985 0
    endloop
  endfacet
  facet normal 0.843385 0.53731 0
    outer loop
      vertex -5.73409 57.985 15
      vertex -5.73409 57.985 0
      vertex -6.06219 58.5 15
    endloop
  endfacet
  facet normal 0.887005 0.46176 -0
    outer loop
      vertex -6.34419 59.0417 0
      vertex -6.34419 59.0417 15
      vertex -6.06219 58.5 0
    endloop
  endfacet
  facet normal 0.887005 0.46176 0
    outer loop
      vertex -6.06219 58.5 15
      vertex -6.06219 58.5 0
      vertex -6.34419 59.0417 15
    endloop
  endfacet
  facet normal 0.923937 0.382545 -0
    outer loop
      vertex -6.57779 59.6059 0
      vertex -6.57779 59.6059 15
      vertex -6.34419 59.0417 0
    endloop
  endfacet
  facet normal 0.923937 0.382545 0
    outer loop
      vertex -6.34419 59.0417 15
      vertex -6.34419 59.0417 0
      vertex -6.57779 59.6059 15
    endloop
  endfacet
  facet normal 0.953684 0.30081 -0
    outer loop
      vertex -6.76149 60.1883 0
      vertex -6.76149 60.1883 15
      vertex -6.57779 59.6059 0
    endloop
  endfacet
  facet normal 0.953684 0.30081 0
    outer loop
      vertex -6.57779 59.6059 15
      vertex -6.57779 59.6059 0
      vertex -6.76149 60.1883 15
    endloop
  endfacet
  facet normal 0.976287 0.21648 -0
    outer loop
      vertex -6.89369 60.7845 0
      vertex -6.89369 60.7845 15
      vertex -6.76149 60.1883 0
    endloop
  endfacet
  facet normal 0.976287 0.21648 0
    outer loop
      vertex -6.76149 60.1883 15
      vertex -6.76149 60.1883 0
      vertex -6.89369 60.7845 15
    endloop
  endfacet
  facet normal 0.991445 0.130522 -0
    outer loop
      vertex -6.97339 61.3899 0
      vertex -6.97339 61.3899 15
      vertex -6.89369 60.7845 0
    endloop
  endfacet
  facet normal 0.991445 0.130522 0
    outer loop
      vertex -6.89369 60.7845 15
      vertex -6.89369 60.7845 0
      vertex -6.97339 61.3899 15
    endloop
  endfacet
  facet normal 0.99905 0.0435744 -0
    outer loop
      vertex -7 62 0
      vertex -7 62 15
      vertex -6.97339 61.3899 0
    endloop
  endfacet
  facet normal 0.99905 0.0435744 0
    outer loop
      vertex -6.97339 61.3899 15
      vertex -6.97339 61.3899 0
      vertex -7 62 15
    endloop
  endfacet
  facet normal 0.99905 -0.0435744 0
    outer loop
      vertex -6.97339 62.6101 0
      vertex -6.97339 62.6101 15
      vertex -7 62 0
    endloop
  endfacet
  facet normal 0.99905 -0.0435744 0
    outer loop
      vertex -7 62 15
      vertex -7 62 0
      vertex -6.97339 62.6101 15
    endloop
  endfacet
  facet normal 0.991445 -0.130522 0
    outer loop
      vertex -6.89369 63.2155 0
      vertex -6.89369 63.2155 15
      vertex -6.97339 62.6101 0
    endloop
  endfacet
  facet normal 0.991445 -0.130522 0
    outer loop
      vertex -6.97339 62.6101 15
      vertex -6.97339 62.6101 0
      vertex -6.89369 63.2155 15
    endloop
  endfacet
  facet normal 0.976287 -0.21648 0
    outer loop
      vertex -6.76149 63.8117 0
      vertex -6.76149 63.8117 15
      vertex -6.89369 63.2155 0
    endloop
  endfacet
  facet normal 0.976287 -0.21648 0
    outer loop
      vertex -6.89369 63.2155 15
      vertex -6.89369 63.2155 0
      vertex -6.76149 63.8117 15
    endloop
  endfacet
  facet normal 0.953684 -0.30081 0
    outer loop
      vertex -6.57779 64.3941 0
      vertex -6.57779 64.3941 15
      vertex -6.76149 63.8117 0
    endloop
  endfacet
  facet normal 0.953684 -0.30081 0
    outer loop
      vertex -6.76149 63.8117 15
      vertex -6.76149 63.8117 0
      vertex -6.57779 64.3941 15
    endloop
  endfacet
  facet normal 0.923937 -0.382545 0
    outer loop
      vertex -6.34419 64.9583 0
      vertex -6.34419 64.9583 15
      vertex -6.57779 64.3941 0
    endloop
  endfacet
  facet normal 0.923937 -0.382545 0
    outer loop
      vertex -6.57779 64.3941 15
      vertex -6.57779 64.3941 0
      vertex -6.34419 64.9583 15
    endloop
  endfacet
  facet normal 0.887005 -0.46176 0
    outer loop
      vertex -6.06219 65.5 0
      vertex -6.06219 65.5 15
      vertex -6.34419 64.9583 0
    endloop
  endfacet
  facet normal 0.887005 -0.46176 0
    outer loop
      vertex -6.34419 64.9583 15
      vertex -6.34419 64.9583 0
      vertex -6.06219 65.5 15
    endloop
  endfacet
  facet normal 0.843385 -0.53731 0
    outer loop
      vertex -5.73409 66.015 0
      vertex -5.73409 66.015 15
      vertex -6.06219 65.5 0
    endloop
  endfacet
  facet normal 0.843385 -0.53731 0
    outer loop
      vertex -6.06219 65.5 15
      vertex -6.06219 65.5 0
      vertex -5.73409 66.015 15
    endloop
  endfacet
  facet normal 0.79333 -0.608792 0
    outer loop
      vertex -5.36229 66.4995 0
      vertex -5.36229 66.4995 15
      vertex -5.73409 66.015 0
    endloop
  endfacet
  facet normal 0.79333 -0.608792 0
    outer loop
      vertex -5.73409 66.015 15
      vertex -5.73409 66.015 0
      vertex -5.36229 66.4995 15
    endloop
  endfacet
  facet normal 0.737222 -0.67565 0
    outer loop
      vertex -4.94969 66.9497 0
      vertex -4.94969 66.9497 15
      vertex -5.36229 66.4995 0
    endloop
  endfacet
  facet normal 0.737222 -0.67565 0
    outer loop
      vertex -5.36229 66.4995 15
      vertex -5.36229 66.4995 0
      vertex -4.94969 66.9497 15
    endloop
  endfacet
  facet normal 0.675659 -0.737215 0
    outer loop
      vertex -4.4995 67.3623 0
      vertex -4.4995 67.3623 15
      vertex -4.94969 66.9497 0
    endloop
  endfacet
  facet normal 0.675659 -0.737215 0
    outer loop
      vertex -4.94969 66.9497 15
      vertex -4.94969 66.9497 0
      vertex -4.4995 67.3623 15
    endloop
  endfacet
  facet normal 0.608792 -0.79333 0
    outer loop
      vertex -4.015 67.7341 0
      vertex -4.015 67.7341 15
      vertex -4.4995 67.3623 0
    endloop
  endfacet
  facet normal 0.608792 -0.79333 0
    outer loop
      vertex -4.4995 67.3623 15
      vertex -4.4995 67.3623 0
      vertex -4.015 67.7341 15
    endloop
  endfacet
  facet normal 0.53731 -0.843385 0
    outer loop
      vertex -3.5 68.0622 0
      vertex -3.5 68.0622 15
      vertex -4.015 67.7341 0
    endloop
  endfacet
  facet normal 0.53731 -0.843385 0
    outer loop
      vertex -4.015 67.7341 15
      vertex -4.015 67.7341 0
      vertex -3.5 68.0622 15
    endloop
  endfacet
  facet normal 0.46176 -0.887005 0
    outer loop
      vertex -2.9583 68.3442 0
      vertex -2.9583 68.3442 15
      vertex -3.5 68.0622 0
    endloop
  endfacet
  facet normal 0.46176 -0.887005 0
    outer loop
      vertex -3.5 68.0622 15
      vertex -3.5 68.0622 0
      vertex -2.9583 68.3442 15
    endloop
  endfacet
  facet normal 0.382539 -0.923939 0
    outer loop
      vertex -2.39409 68.5778 0
      vertex -2.39409 68.5778 15
      vertex -2.9583 68.3442 0
    endloop
  endfacet
  facet normal 0.382539 -0.923939 0
    outer loop
      vertex -2.9583 68.3442 15
      vertex -2.9583 68.3442 0
      vertex -2.39409 68.5778 15
    endloop
  endfacet
  facet normal 0.30081 -0.953684 0
    outer loop
      vertex -1.81169 68.7615 0
      vertex -1.81169 68.7615 15
      vertex -2.39409 68.5778 0
    endloop
  endfacet
  facet normal 0.30081 -0.953684 0
    outer loop
      vertex -2.39409 68.5778 15
      vertex -2.39409 68.5778 0
      vertex -1.81169 68.7615 15
    endloop
  endfacet
  facet normal 0.216483 -0.976286 0
    outer loop
      vertex -1.2155 68.8937 0
      vertex -1.2155 68.8937 15
      vertex -1.81169 68.7615 0
    endloop
  endfacet
  facet normal 0.216483 -0.976286 0
    outer loop
      vertex -1.81169 68.7615 15
      vertex -1.81169 68.7615 0
      vertex -1.2155 68.8937 15
    endloop
  endfacet
  facet normal 0.130521 -0.991446 0
    outer loop
      vertex -0.610092 68.9734 0
      vertex -0.610092 68.9734 15
      vertex -1.2155 68.8937 0
    endloop
  endfacet
  facet normal 0.130521 -0.991446 0
    outer loop
      vertex -1.2155 68.8937 15
      vertex -1.2155 68.8937 0
      vertex -0.610092 68.9734 15
    endloop
  endfacet
  facet normal 0.0435586 -0.999051 0
    outer loop
      vertex 0 69 0
      vertex 0 69 15
      vertex -0.610092 68.9734 0
    endloop
  endfacet
  facet normal 0.0435586 -0.999051 0
    outer loop
      vertex -0.610092 68.9734 15
      vertex -0.610092 68.9734 0
      vertex 0 69 15
    endloop
  endfacet
  facet normal -0.0435586 -0.999051 0
    outer loop
      vertex 0.610092 68.9734 0
      vertex 0.610092 68.9734 15
      vertex 0 69 0
    endloop
  endfacet
  facet normal -0.0435586 -0.999051 -0
    outer loop
      vertex 0 69 15
      vertex 0 69 0
      vertex 0.610092 68.9734 15
    endloop
  endfacet
  facet normal -0.130521 -0.991446 0
    outer loop
      vertex 1.2155 68.8937 0
      vertex 1.2155 68.8937 15
      vertex 0.610092 68.9734 0
    endloop
  endfacet
  facet normal -0.130521 -0.991446 -0
    outer loop
      vertex 0.610092 68.9734 15
      vertex 0.610092 68.9734 0
      vertex 1.2155 68.8937 15
    endloop
  endfacet
  facet normal -0.216483 -0.976286 0
    outer loop
      vertex 1.81169 68.7615 0
      vertex 1.81169 68.7615 15
      vertex 1.2155 68.8937 0
    endloop
  endfacet
  facet normal -0.216483 -0.976286 -0
    outer loop
      vertex 1.2155 68.8937 15
      vertex 1.2155 68.8937 0
      vertex 1.81169 68.7615 15
    endloop
  endfacet
  facet normal -0.30081 -0.953684 0
    outer loop
      vertex 2.39409 68.5778 0
      vertex 2.39409 68.5778 15
      vertex 1.81169 68.7615 0
    endloop
  endfacet
  facet normal -0.30081 -0.953684 -0
    outer loop
      vertex 1.81169 68.7615 15
      vertex 1.81169 68.7615 0
      vertex 2.39409 68.5778 15
    endloop
  endfacet
  facet normal -0.382539 -0.923939 0
    outer loop
      vertex 2.9583 68.3442 0
      vertex 2.9583 68.3442 15
      vertex 2.39409 68.5778 0
    endloop
  endfacet
  facet normal -0.382539 -0.923939 -0
    outer loop
      vertex 2.39409 68.5778 15
      vertex 2.39409 68.5778 0
      vertex 2.9583 68.3442 15
    endloop
  endfacet
  facet normal -0.46176 -0.887005 0
    outer loop
      vertex 3.5 68.0622 0
      vertex 3.5 68.0622 15
      vertex 2.9583 68.3442 0
    endloop
  endfacet
  facet normal -0.46176 -0.887005 -0
    outer loop
      vertex 2.9583 68.3442 15
      vertex 2.9583 68.3442 0
      vertex 3.5 68.0622 15
    endloop
  endfacet
  facet normal -0.53731 -0.843385 0
    outer loop
      vertex 4.015 67.7341 0
      vertex 4.015 67.7341 15
      vertex 3.5 68.0622 0
    endloop
  endfacet
  facet normal -0.53731 -0.843385 -0
    outer loop
      vertex 3.5 68.0622 15
      vertex 3.5 68.0622 0
      vertex 4.015 67.7341 15
    endloop
  endfacet
  facet normal -0.608792 -0.79333 0
    outer loop
      vertex 4.4995 67.3623 0
      vertex 4.4995 67.3623 15
      vertex 4.015 67.7341 0
    endloop
  endfacet
  facet normal -0.608792 -0.79333 -0
    outer loop
      vertex 4.015 67.7341 15
      vertex 4.015 67.7341 0
      vertex 4.4995 67.3623 15
    endloop
  endfacet
  facet normal -0.675659 -0.737215 0
    outer loop
      vertex 4.94969 66.9497 0
      vertex 4.94969 66.9497 15
      vertex 4.4995 67.3623 0
    endloop
  endfacet
  facet normal -0.675659 -0.737215 -0
    outer loop
      vertex 4.4995 67.3623 15
      vertex 4.4995 67.3623 0
      vertex 4.94969 66.9497 15
    endloop
  endfacet
  facet normal -0.737222 -0.67565 0
    outer loop
      vertex 5.36229 66.4995 0
      vertex 5.36229 66.4995 15
      vertex 4.94969 66.9497 0
    endloop
  endfacet
  facet normal -0.737222 -0.67565 -0
    outer loop
      vertex 4.94969 66.9497 15
      vertex 4.94969 66.9497 0
      vertex 5.36229 66.4995 15
    endloop
  endfacet
  facet normal -0.79333 -0.608792 0
    outer loop
      vertex 5.73409 66.015 0
      vertex 5.73409 66.015 15
      vertex 5.36229 66.4995 0
    endloop
  endfacet
  facet normal -0.79333 -0.608792 -0
    outer loop
      vertex 5.36229 66.4995 15
      vertex 5.36229 66.4995 0
      vertex 5.73409 66.015 15
    endloop
  endfacet
  facet normal -0.843385 -0.53731 0
    outer loop
      vertex 6.06219 65.5 0
      vertex 6.06219 65.5 15
      vertex 5.73409 66.015 0
    endloop
  endfacet
  facet normal -0.843385 -0.53731 -0
    outer loop
      vertex 5.73409 66.015 15
      vertex 5.73409 66.015 0
      vertex 6.06219 65.5 15
    endloop
  endfacet
  facet normal -0.887005 -0.46176 0
    outer loop
      vertex 6.34419 64.9583 0
      vertex 6.34419 64.9583 15
      vertex 6.06219 65.5 0
    endloop
  endfacet
  facet normal -0.887005 -0.46176 -0
    outer loop
      vertex 6.06219 65.5 15
      vertex 6.06219 65.5 0
      vertex 6.34419 64.9583 15
    endloop
  endfacet
  facet normal -0.923937 -0.382545 0
    outer loop
      vertex 6.57779 64.3941 0
      vertex 6.57779 64.3941 15
      vertex 6.34419 64.9583 0
    endloop
  endfacet
  facet normal -0.923937 -0.382545 -0
    outer loop
      vertex 6.34419 64.9583 15
      vertex 6.34419 64.9583 0
      vertex 6.57779 64.3941 15
    endloop
  endfacet
  facet normal -0.953684 -0.30081 0
    outer loop
      vertex 6.76149 63.8117 0
      vertex 6.76149 63.8117 15
      vertex 6.57779 64.3941 0
    endloop
  endfacet
  facet normal -0.953684 -0.30081 -0
    outer loop
      vertex 6.57779 64.3941 15
      vertex 6.57779 64.3941 0
      vertex 6.76149 63.8117 15
    endloop
  endfacet
  facet normal -0.976287 -0.21648 0
    outer loop
      vertex 6.89369 63.2155 0
      vertex 6.89369 63.2155 15
      vertex 6.76149 63.8117 0
    endloop
  endfacet
  facet normal -0.976287 -0.21648 -0
    outer loop
      vertex 6.76149 63.8117 15
      vertex 6.76149 63.8117 0
      vertex 6.89369 63.2155 15
    endloop
  endfacet
  facet normal -0.991445 -0.130522 0
    outer loop
      vertex 6.97339 62.6101 0
      vertex 6.97339 62.6101 15
      vertex 6.89369 63.2155 0
    endloop
  endfacet
  facet normal -0.991445 -0.130522 -0
    outer loop
      vertex 6.89369 63.2155 15
      vertex 6.89369 63.2155 0
      vertex 6.97339 62.6101 15
    endloop
  endfacet
  facet normal -0.99905 -0.0435744 0
    outer loop
      vertex 7 62 0
      vertex 7 62 15
      vertex 6.97339 62.6101 0
    endloop
  endfacet
  facet normal -0.99905 -0.0435744 -0
    outer loop
      vertex 6.97339 62.6101 15
      vertex 6.97339 62.6101 0
      vertex 7 62 15
    endloop
  endfacet
  facet normal -0.99905 0.0435744 0
    outer loop
      vertex 6.97339 61.3899 0
      vertex 6.97339 61.3899 15
      vertex 7 62 0
    endloop
  endfacet
  facet normal -0.99905 0.0435744 0
    outer loop
      vertex 7 62 15
      vertex 7 62 0
      vertex 6.97339 61.3899 15
    endloop
  endfacet
  facet normal -0.991445 0.130522 0
    outer loop
      vertex 6.89369 60.7845 0
      vertex 6.89369 60.7845 15
      vertex 6.97339 61.3899 0
    endloop
  endfacet
  facet normal -0.991445 0.130522 0
    outer loop
      vertex 6.97339 61.3899 15
      vertex 6.97339 61.3899 0
      vertex 6.89369 60.7845 15
    endloop
  endfacet
  facet normal -0.976287 0.21648 0
    outer loop
      vertex 6.76149 60.1883 0
      vertex 6.76149 60.1883 15
      vertex 6.89369 60.7845 0
    endloop
  endfacet
  facet normal -0.976287 0.21648 0
    outer loop
      vertex 6.89369 60.7845 15
      vertex 6.89369 60.7845 0
      vertex 6.76149 60.1883 15
    endloop
  endfacet
  facet normal -0.953684 0.30081 0
    outer loop
      vertex 6.57779 59.6059 0
      vertex 6.57779 59.6059 15
      vertex 6.76149 60.1883 0
    endloop
  endfacet
  facet normal -0.953684 0.30081 0
    outer loop
      vertex 6.76149 60.1883 15
      vertex 6.76149 60.1883 0
      vertex 6.57779 59.6059 15
    endloop
  endfacet
  facet normal -0.923937 0.382545 0
    outer loop
      vertex 6.34419 59.0417 0
      vertex 6.34419 59.0417 15
      vertex 6.57779 59.6059 0
    endloop
  endfacet
  facet normal -0.923937 0.382545 0
    outer loop
      vertex 6.57779 59.6059 15
      vertex 6.57779 59.6059 0
      vertex 6.34419 59.0417 15
    endloop
  endfacet
  facet normal -0.887005 0.46176 0
    outer loop
      vertex 6.06219 58.5 0
      vertex 6.06219 58.5 15
      vertex 6.34419 59.0417 0
    endloop
  endfacet
  facet normal -0.887005 0.46176 0
    outer loop
      vertex 6.34419 59.0417 15
      vertex 6.34419 59.0417 0
      vertex 6.06219 58.5 15
    endloop
  endfacet
  facet normal -0.843385 0.53731 0
    outer loop
      vertex 5.73409 57.985 0
      vertex 5.73409 57.985 15
      vertex 6.06219 58.5 0
    endloop
  endfacet
  facet normal -0.843385 0.53731 0
    outer loop
      vertex 6.06219 58.5 15
      vertex 6.06219 58.5 0
      vertex 5.73409 57.985 15
    endloop
  endfacet
  facet normal -0.79333 0.608792 0
    outer loop
      vertex 5.36229 57.5005 0
      vertex 5.36229 57.5005 15
      vertex 5.73409 57.985 0
    endloop
  endfacet
  facet normal -0.79333 0.608792 0
    outer loop
      vertex 5.73409 57.985 15
      vertex 5.73409 57.985 0
      vertex 5.36229 57.5005 15
    endloop
  endfacet
  facet normal -0.737222 0.67565 0
    outer loop
      vertex 4.94969 57.0503 0
      vertex 4.94969 57.0503 15
      vertex 5.36229 57.5005 0
    endloop
  endfacet
  facet normal -0.737222 0.67565 0
    outer loop
      vertex 5.36229 57.5005 15
      vertex 5.36229 57.5005 0
      vertex 4.94969 57.0503 15
    endloop
  endfacet
  facet normal -0.675659 0.737215 0
    outer loop
      vertex 4.4995 56.6377 0
      vertex 4.4995 56.6377 15
      vertex 4.94969 57.0503 0
    endloop
  endfacet
  facet normal -0.675659 0.737215 0
    outer loop
      vertex 4.94969 57.0503 15
      vertex 4.94969 57.0503 0
      vertex 4.4995 56.6377 15
    endloop
  endfacet
  facet normal -0.608792 0.79333 0
    outer loop
      vertex 4.015 56.2659 0
      vertex 4.015 56.2659 15
      vertex 4.4995 56.6377 0
    endloop
  endfacet
  facet normal -0.608792 0.79333 0
    outer loop
      vertex 4.4995 56.6377 15
      vertex 4.4995 56.6377 0
      vertex 4.015 56.2659 15
    endloop
  endfacet
  facet normal -0.53731 0.843385 0
    outer loop
      vertex 3.5 55.9378 0
      vertex 3.5 55.9378 15
      vertex 4.015 56.2659 0
    endloop
  endfacet
  facet normal -0.53731 0.843385 0
    outer loop
      vertex 4.015 56.2659 15
      vertex 4.015 56.2659 0
      vertex 3.5 55.9378 15
    endloop
  endfacet
  facet normal -0.46176 0.887005 0
    outer loop
      vertex 2.9583 55.6558 0
      vertex 2.9583 55.6558 15
      vertex 3.5 55.9378 0
    endloop
  endfacet
  facet normal -0.46176 0.887005 0
    outer loop
      vertex 3.5 55.9378 15
      vertex 3.5 55.9378 0
      vertex 2.9583 55.6558 15
    endloop
  endfacet
  facet normal -0.382539 0.923939 0
    outer loop
      vertex 2.39409 55.4222 0
      vertex 2.39409 55.4222 15
      vertex 2.9583 55.6558 0
    endloop
  endfacet
  facet normal -0.382539 0.923939 0
    outer loop
      vertex 2.9583 55.6558 15
      vertex 2.9583 55.6558 0
      vertex 2.39409 55.4222 15
    endloop
  endfacet
  facet normal -0.30081 0.953684 0
    outer loop
      vertex 1.81169 55.2385 0
      vertex 1.81169 55.2385 15
      vertex 2.39409 55.4222 0
    endloop
  endfacet
  facet normal -0.30081 0.953684 0
    outer loop
      vertex 2.39409 55.4222 15
      vertex 2.39409 55.4222 0
      vertex 1.81169 55.2385 15
    endloop
  endfacet
  facet normal -0.216483 0.976286 0
    outer loop
      vertex 1.2155 55.1063 0
      vertex 1.2155 55.1063 15
      vertex 1.81169 55.2385 0
    endloop
  endfacet
  facet normal -0.216483 0.976286 0
    outer loop
      vertex 1.81169 55.2385 15
      vertex 1.81169 55.2385 0
      vertex 1.2155 55.1063 15
    endloop
  endfacet
  facet normal -0.130521 0.991446 0
    outer loop
      vertex 0.610092 55.0266 0
      vertex 0.610092 55.0266 15
      vertex 1.2155 55.1063 0
    endloop
  endfacet
  facet normal -0.130521 0.991446 0
    outer loop
      vertex 1.2155 55.1063 15
      vertex 1.2155 55.1063 0
      vertex 0.610092 55.0266 15
    endloop
  endfacet
  facet normal -0.0435586 0.999051 0
    outer loop
      vertex 0 55 0
      vertex 0 55 15
      vertex 0.610092 55.0266 0
    endloop
  endfacet
  facet normal -0.0435586 0.999051 0
    outer loop
      vertex 0.610092 55.0266 15
      vertex 0.610092 55.0266 0
      vertex 0 55 15
    endloop
  endfacet
  facet normal 0.0435586 0.999051 -0
    outer loop
      vertex -0.610092 55.0266 0
      vertex -0.610092 55.0266 15
      vertex 0 55 0
    endloop
  endfacet
  facet normal 0.0435586 0.999051 0
    outer loop
      vertex 0 55 15
      vertex 0 55 0
      vertex -0.610092 55.0266 15
    endloop
  endfacet
  facet normal 0.130522 0.991445 -0
    outer loop
      vertex 42.6251 36.9469 0
      vertex 42.6251 36.9469 15
      vertex 43.2305 36.8672 0
    endloop
  endfacet
  facet normal 0.130522 0.991445 0
    outer loop
      vertex 43.2305 36.8672 15
      vertex 43.2305 36.8672 0
      vertex 42.6251 36.9469 15
    endloop
  endfacet
  facet normal 0.21648 0.976287 -0
    outer loop
      vertex 42.0289 37.0791 0
      vertex 42.0289 37.0791 15
      vertex 42.6251 36.9469 0
    endloop
  endfacet
  facet normal 0.21648 0.976287 0
    outer loop
      vertex 42.6251 36.9469 15
      vertex 42.6251 36.9469 0
      vertex 42.0289 37.0791 15
    endloop
  endfacet
  facet normal 0.30081 0.953684 -0
    outer loop
      vertex 41.4465 37.2628 0
      vertex 41.4465 37.2628 15
      vertex 42.0289 37.0791 0
    endloop
  endfacet
  facet normal 0.30081 0.953684 0
    outer loop
      vertex 42.0289 37.0791 15
      vertex 42.0289 37.0791 0
      vertex 41.4465 37.2628 15
    endloop
  endfacet
  facet normal 0.382545 0.923937 -0
    outer loop
      vertex 40.8823 37.4964 0
      vertex 40.8823 37.4964 15
      vertex 41.4465 37.2628 0
    endloop
  endfacet
  facet normal 0.382545 0.923937 0
    outer loop
      vertex 41.4465 37.2628 15
      vertex 41.4465 37.2628 0
      vertex 40.8823 37.4964 15
    endloop
  endfacet
  facet normal 0.46176 0.887005 -0
    outer loop
      vertex 40.3406 37.7784 0
      vertex 40.3406 37.7784 15
      vertex 40.8823 37.4964 0
    endloop
  endfacet
  facet normal 0.46176 0.887005 0
    outer loop
      vertex 40.8823 37.4964 15
      vertex 40.8823 37.4964 0
      vertex 40.3406 37.7784 15
    endloop
  endfacet
  facet normal 0.53731 0.843385 -0
    outer loop
      vertex 39.8256 38.1065 0
      vertex 39.8256 38.1065 15
      vertex 40.3406 37.7784 0
    endloop
  endfacet
  facet normal 0.53731 0.843385 0
    outer loop
      vertex 40.3406 37.7784 15
      vertex 40.3406 37.7784 0
      vertex 39.8256 38.1065 15
    endloop
  endfacet
  facet normal 0.608792 0.79333 -0
    outer loop
      vertex 39.3411 38.4783 0
      vertex 39.3411 38.4783 15
      vertex 39.8256 38.1065 0
    endloop
  endfacet
  facet normal 0.608792 0.79333 0
    outer loop
      vertex 39.8256 38.1065 15
      vertex 39.8256 38.1065 0
      vertex 39.3411 38.4783 15
    endloop
  endfacet
  facet normal 0.67565 0.737222 -0
    outer loop
      vertex 38.8909 38.8909 0
      vertex 38.8909 38.8909 15
      vertex 39.3411 38.4783 0
    endloop
  endfacet
  facet normal 0.67565 0.737222 0
    outer loop
      vertex 39.3411 38.4783 15
      vertex 39.3411 38.4783 0
      vertex 38.8909 38.8909 15
    endloop
  endfacet
  facet normal 0.737222 0.67565 -0
    outer loop
      vertex 38.4783 39.3411 0
      vertex 38.4783 39.3411 15
      vertex 38.8909 38.8909 0
    endloop
  endfacet
  facet normal 0.737222 0.67565 0
    outer loop
      vertex 38.8909 38.8909 15
      vertex 38.8909 38.8909 0
      vertex 38.4783 39.3411 15
    endloop
  endfacet
  facet normal 0.79333 0.608792 -0
    outer loop
      vertex 38.1065 39.8256 0
      vertex 38.1065 39.8256 15
      vertex 38.4783 39.3411 0
    endloop
  endfacet
  facet normal 0.79333 0.608792 0
    outer loop
      vertex 38.4783 39.3411 15
      vertex 38.4783 39.3411 0
      vertex 38.1065 39.8256 15
    endloop
  endfacet
  facet normal 0.843385 0.53731 -0
    outer loop
      vertex 37.7784 40.3406 0
      vertex 37.7784 40.3406 15
      vertex 38.1065 39.8256 0
    endloop
  endfacet
  facet normal 0.843385 0.53731 0
    outer loop
      vertex 38.1065 39.8256 15
      vertex 38.1065 39.8256 0
      vertex 37.7784 40.3406 15
    endloop
  endfacet
  facet normal 0.887005 0.46176 -0
    outer loop
      vertex 37.4964 40.8823 0
      vertex 37.4964 40.8823 15
      vertex 37.7784 40.3406 0
    endloop
  endfacet
  facet normal 0.887005 0.46176 0
    outer loop
      vertex 37.7784 40.3406 15
      vertex 37.7784 40.3406 0
      vertex 37.4964 40.8823 15
    endloop
  endfacet
  facet normal 0.923937 0.382545 -0
    outer loop
      vertex 37.2628 41.4465 0
      vertex 37.2628 41.4465 15
      vertex 37.4964 40.8823 0
    endloop
  endfacet
  facet normal 0.923937 0.382545 0
    outer loop
      vertex 37.4964 40.8823 15
      vertex 37.4964 40.8823 0
      vertex 37.2628 41.4465 15
    endloop
  endfacet
  facet normal 0.953684 0.30081 -0
    outer loop
      vertex 37.0791 42.0289 0
      vertex 37.0791 42.0289 15
      vertex 37.2628 41.4465 0
    endloop
  endfacet
  facet normal 0.953684 0.30081 0
    outer loop
      vertex 37.2628 41.4465 15
      vertex 37.2628 41.4465 0
      vertex 37.0791 42.0289 15
    endloop
  endfacet
  facet normal 0.976287 0.21648 -0
    outer loop
      vertex 36.9469 42.6251 0
      vertex 36.9469 42.6251 15
      vertex 37.0791 42.0289 0
    endloop
  endfacet
  facet normal 0.976287 0.21648 0
    outer loop
      vertex 37.0791 42.0289 15
      vertex 37.0791 42.0289 0
      vertex 36.9469 42.6251 15
    endloop
  endfacet
  facet normal 0.991445 0.130522 -0
    outer loop
      vertex 36.8672 43.2305 0
      vertex 36.8672 43.2305 15
      vertex 36.9469 42.6251 0
    endloop
  endfacet
  facet normal 0.991445 0.130522 0
    outer loop
      vertex 36.9469 42.6251 15
      vertex 36.9469 42.6251 0
      vertex 36.8672 43.2305 15
    endloop
  endfacet
  facet normal 0.999051 0.043558 -0
    outer loop
      vertex 36.8406 43.8406 0
      vertex 36.8406 43.8406 15
      vertex 36.8672 43.2305 0
    endloop
  endfacet
  facet normal 0.999051 0.043558 0
    outer loop
      vertex 36.8672 43.2305 15
      vertex 36.8672 43.2305 0
      vertex 36.8406 43.8406 15
    endloop
  endfacet
  facet normal 0.999051 -0.043558 0
    outer loop
      vertex 36.8672 44.4507 0
      vertex 36.8672 44.4507 15
      vertex 36.8406 43.8406 0
    endloop
  endfacet
  facet normal 0.999051 -0.043558 0
    outer loop
      vertex 36.8406 43.8406 15
      vertex 36.8406 43.8406 0
      vertex 36.8672 44.4507 15
    endloop
  endfacet
  facet normal 0.991445 -0.130522 0
    outer loop
      vertex 36.9469 45.0561 0
      vertex 36.9469 45.0561 15
      vertex 36.8672 44.4507 0
    endloop
  endfacet
  facet normal 0.991445 -0.130522 0
    outer loop
      vertex 36.8672 44.4507 15
      vertex 36.8672 44.4507 0
      vertex 36.9469 45.0561 15
    endloop
  endfacet
  facet normal 0.976287 -0.21648 0
    outer loop
      vertex 37.0791 45.6523 0
      vertex 37.0791 45.6523 15
      vertex 36.9469 45.0561 0
    endloop
  endfacet
  facet normal 0.976287 -0.21648 0
    outer loop
      vertex 36.9469 45.0561 15
      vertex 36.9469 45.0561 0
      vertex 37.0791 45.6523 15
    endloop
  endfacet
  facet normal 0.953684 -0.30081 0
    outer loop
      vertex 37.2628 46.2347 0
      vertex 37.2628 46.2347 15
      vertex 37.0791 45.6523 0
    endloop
  endfacet
  facet normal 0.953684 -0.30081 0
    outer loop
      vertex 37.0791 45.6523 15
      vertex 37.0791 45.6523 0
      vertex 37.2628 46.2347 15
    endloop
  endfacet
  facet normal 0.923937 -0.382545 0
    outer loop
      vertex 37.4964 46.7989 0
      vertex 37.4964 46.7989 15
      vertex 37.2628 46.2347 0
    endloop
  endfacet
  facet normal 0.923937 -0.382545 0
    outer loop
      vertex 37.2628 46.2347 15
      vertex 37.2628 46.2347 0
      vertex 37.4964 46.7989 15
    endloop
  endfacet
  facet normal 0.887005 -0.46176 0
    outer loop
      vertex 37.7784 47.3406 0
      vertex 37.7784 47.3406 15
      vertex 37.4964 46.7989 0
    endloop
  endfacet
  facet normal 0.887005 -0.46176 0
    outer loop
      vertex 37.4964 46.7989 15
      vertex 37.4964 46.7989 0
      vertex 37.7784 47.3406 15
    endloop
  endfacet
  facet normal 0.843385 -0.53731 0
    outer loop
      vertex 38.1065 47.8556 0
      vertex 38.1065 47.8556 15
      vertex 37.7784 47.3406 0
    endloop
  endfacet
  facet normal 0.843385 -0.53731 0
    outer loop
      vertex 37.7784 47.3406 15
      vertex 37.7784 47.3406 0
      vertex 38.1065 47.8556 15
    endloop
  endfacet
  facet normal 0.79333 -0.608792 0
    outer loop
      vertex 38.4783 48.3401 0
      vertex 38.4783 48.3401 15
      vertex 38.1065 47.8556 0
    endloop
  endfacet
  facet normal 0.79333 -0.608792 0
    outer loop
      vertex 38.1065 47.8556 15
      vertex 38.1065 47.8556 0
      vertex 38.4783 48.3401 15
    endloop
  endfacet
  facet normal 0.737222 -0.67565 0
    outer loop
      vertex 38.8909 48.7903 0
      vertex 38.8909 48.7903 15
      vertex 38.4783 48.3401 0
    endloop
  endfacet
  facet normal 0.737222 -0.67565 0
    outer loop
      vertex 38.4783 48.3401 15
      vertex 38.4783 48.3401 0
      vertex 38.8909 48.7903 15
    endloop
  endfacet
  facet normal 0.67565 -0.737222 0
    outer loop
      vertex 39.3411 49.2029 0
      vertex 39.3411 49.2029 15
      vertex 38.8909 48.7903 0
    endloop
  endfacet
  facet normal 0.67565 -0.737222 0
    outer loop
      vertex 38.8909 48.7903 15
      vertex 38.8909 48.7903 0
      vertex 39.3411 49.2029 15
    endloop
  endfacet
  facet normal 0.608792 -0.79333 0
    outer loop
      vertex 39.8256 49.5747 0
      vertex 39.8256 49.5747 15
      vertex 39.3411 49.2029 0
    endloop
  endfacet
  facet normal 0.608792 -0.79333 0
    outer loop
      vertex 39.3411 49.2029 15
      vertex 39.3411 49.2029 0
      vertex 39.8256 49.5747 15
    endloop
  endfacet
  facet normal 0.53731 -0.843385 0
    outer loop
      vertex 40.3406 49.9028 0
      vertex 40.3406 49.9028 15
      vertex 39.8256 49.5747 0
    endloop
  endfacet
  facet normal 0.53731 -0.843385 0
    outer loop
      vertex 39.8256 49.5747 15
      vertex 39.8256 49.5747 0
      vertex 40.3406 49.9028 15
    endloop
  endfacet
  facet normal 0.46176 -0.887005 0
    outer loop
      vertex 40.8823 50.1848 0
      vertex 40.8823 50.1848 15
      vertex 40.3406 49.9028 0
    endloop
  endfacet
  facet normal 0.46176 -0.887005 0
    outer loop
      vertex 40.3406 49.9028 15
      vertex 40.3406 49.9028 0
      vertex 40.8823 50.1848 15
    endloop
  endfacet
  facet normal 0.382545 -0.923937 0
    outer loop
      vertex 41.4465 50.4184 0
      vertex 41.4465 50.4184 15
      vertex 40.8823 50.1848 0
    endloop
  endfacet
  facet normal 0.382545 -0.923937 0
    outer loop
      vertex 40.8823 50.1848 15
      vertex 40.8823 50.1848 0
      vertex 41.4465 50.4184 15
    endloop
  endfacet
  facet normal 0.30081 -0.953684 0
    outer loop
      vertex 42.0289 50.6021 0
      vertex 42.0289 50.6021 15
      vertex 41.4465 50.4184 0
    endloop
  endfacet
  facet normal 0.30081 -0.953684 0
    outer loop
      vertex 41.4465 50.4184 15
      vertex 41.4465 50.4184 0
      vertex 42.0289 50.6021 15
    endloop
  endfacet
  facet normal 0.21648 -0.976287 0
    outer loop
      vertex 42.6251 50.7343 0
      vertex 42.6251 50.7343 15
      vertex 42.0289 50.6021 0
    endloop
  endfacet
  facet normal 0.21648 -0.976287 0
    outer loop
      vertex 42.0289 50.6021 15
      vertex 42.0289 50.6021 0
      vertex 42.6251 50.7343 15
    endloop
  endfacet
  facet normal 0.130522 -0.991445 0
    outer loop
      vertex 43.2305 50.814 0
      vertex 43.2305 50.814 15
      vertex 42.6251 50.7343 0
    endloop
  endfacet
  facet normal 0.130522 -0.991445 0
    outer loop
      vertex 42.6251 50.7343 15
      vertex 42.6251 50.7343 0
      vertex 43.2305 50.814 15
    endloop
  endfacet
  facet normal 0.043558 -0.999051 0
    outer loop
      vertex 43.8406 50.8406 0
      vertex 43.8406 50.8406 15
      vertex 43.2305 50.814 0
    endloop
  endfacet
  facet normal 0.043558 -0.999051 0
    outer loop
      vertex 43.2305 50.814 15
      vertex 43.2305 50.814 0
      vertex 43.8406 50.8406 15
    endloop
  endfacet
  facet normal -0.043558 -0.999051 0
    outer loop
      vertex 44.4507 50.814 0
      vertex 44.4507 50.814 15
      vertex 43.8406 50.8406 0
    endloop
  endfacet
  facet normal -0.043558 -0.999051 -0
    outer loop
      vertex 43.8406 50.8406 15
      vertex 43.8406 50.8406 0
      vertex 44.4507 50.814 15
    endloop
  endfacet
  facet normal -0.130522 -0.991445 0
    outer loop
      vertex 45.0561 50.7343 0
      vertex 45.0561 50.7343 15
      vertex 44.4507 50.814 0
    endloop
  endfacet
  facet normal -0.130522 -0.991445 -0
    outer loop
      vertex 44.4507 50.814 15
      vertex 44.4507 50.814 0
      vertex 45.0561 50.7343 15
    endloop
  endfacet
  facet normal -0.21648 -0.976287 0
    outer loop
      vertex 45.6523 50.6021 0
      vertex 45.6523 50.6021 15
      vertex 45.0561 50.7343 0
    endloop
  endfacet
  facet normal -0.21648 -0.976287 -0
    outer loop
      vertex 45.0561 50.7343 15
      vertex 45.0561 50.7343 0
      vertex 45.6523 50.6021 15
    endloop
  endfacet
  facet normal -0.30081 -0.953684 0
    outer loop
      vertex 46.2347 50.4184 0
      vertex 46.2347 50.4184 15
      vertex 45.6523 50.6021 0
    endloop
  endfacet
  facet normal -0.30081 -0.953684 -0
    outer loop
      vertex 45.6523 50.6021 15
      vertex 45.6523 50.6021 0
      vertex 46.2347 50.4184 15
    endloop
  endfacet
  facet normal -0.382545 -0.923937 0
    outer loop
      vertex 46.7989 50.1848 0
      vertex 46.7989 50.1848 15
      vertex 46.2347 50.4184 0
    endloop
  endfacet
  facet normal -0.382545 -0.923937 -0
    outer loop
      vertex 46.2347 50.4184 15
      vertex 46.2347 50.4184 0
      vertex 46.7989 50.1848 15
    endloop
  endfacet
  facet normal -0.46176 -0.887005 0
    outer loop
      vertex 47.3406 49.9028 0
      vertex 47.3406 49.9028 15
      vertex 46.7989 50.1848 0
    endloop
  endfacet
  facet normal -0.46176 -0.887005 -0
    outer loop
      vertex 46.7989 50.1848 15
      vertex 46.7989 50.1848 0
      vertex 47.3406 49.9028 15
    endloop
  endfacet
  facet normal -0.53731 -0.843385 0
    outer loop
      vertex 47.8556 49.5747 0
      vertex 47.8556 49.5747 15
      vertex 47.3406 49.9028 0
    endloop
  endfacet
  facet normal -0.53731 -0.843385 -0
    outer loop
      vertex 47.3406 49.9028 15
      vertex 47.3406 49.9028 0
      vertex 47.8556 49.5747 15
    endloop
  endfacet
  facet normal -0.608792 -0.79333 0
    outer loop
      vertex 48.3401 49.2029 0
      vertex 48.3401 49.2029 15
      vertex 47.8556 49.5747 0
    endloop
  endfacet
  facet normal -0.608792 -0.79333 -0
    outer loop
      vertex 47.8556 49.5747 15
      vertex 47.8556 49.5747 0
      vertex 48.3401 49.2029 15
    endloop
  endfacet
  facet normal -0.67565 -0.737222 0
    outer loop
      vertex 48.7903 48.7903 0
      vertex 48.7903 48.7903 15
      vertex 48.3401 49.2029 0
    endloop
  endfacet
  facet normal -0.67565 -0.737222 -0
    outer loop
      vertex 48.3401 49.2029 15
      vertex 48.3401 49.2029 0
      vertex 48.7903 48.7903 15
    endloop
  endfacet
  facet normal -0.737222 -0.67565 0
    outer loop
      vertex 49.2029 48.3401 0
      vertex 49.2029 48.3401 15
      vertex 48.7903 48.7903 0
    endloop
  endfacet
  facet normal -0.737222 -0.67565 -0
    outer loop
      vertex 48.7903 48.7903 15
      vertex 48.7903 48.7903 0
      vertex 49.2029 48.3401 15
    endloop
  endfacet
  facet normal -0.79333 -0.608792 0
    outer loop
      vertex 49.5747 47.8556 0
      vertex 49.5747 47.8556 15
      vertex 49.2029 48.3401 0
    endloop
  endfacet
  facet normal -0.79333 -0.608792 -0
    outer loop
      vertex 49.2029 48.3401 15
      vertex 49.2029 48.3401 0
      vertex 49.5747 47.8556 15
    endloop
  endfacet
  facet normal -0.843385 -0.53731 0
    outer loop
      vertex 49.9028 47.3406 0
      vertex 49.9028 47.3406 15
      vertex 49.5747 47.8556 0
    endloop
  endfacet
  facet normal -0.843385 -0.53731 -0
    outer loop
      vertex 49.5747 47.8556 15
      vertex 49.5747 47.8556 0
      vertex 49.9028 47.3406 15
    endloop
  endfacet
  facet normal -0.887005 -0.46176 0
    outer loop
      vertex 50.1848 46.7989 0
      vertex 50.1848 46.7989 15
      vertex 49.9028 47.3406 0
    endloop
  endfacet
  facet normal -0.887005 -0.46176 -0
    outer loop
      vertex 49.9028 47.3406 15
      vertex 49.9028 47.3406 0
      vertex 50.1848 46.7989 15
    endloop
  endfacet
  facet normal -0.923937 -0.382545 0
    outer loop
      vertex 50.4184 46.2347 0
      vertex 50.4184 46.2347 15
      vertex 50.1848 46.7989 0
    endloop
  endfacet
  facet normal -0.923937 -0.382545 -0
    outer loop
      vertex 50.1848 46.7989 15
      vertex 50.1848 46.7989 0
      vertex 50.4184 46.2347 15
    endloop
  endfacet
  facet normal -0.953684 -0.30081 0
    outer loop
      vertex 50.6021 45.6523 0
      vertex 50.6021 45.6523 15
      vertex 50.4184 46.2347 0
    endloop
  endfacet
  facet normal -0.953684 -0.30081 -0
    outer loop
      vertex 50.4184 46.2347 15
      vertex 50.4184 46.2347 0
      vertex 50.6021 45.6523 15
    endloop
  endfacet
  facet normal -0.976287 -0.21648 0
    outer loop
      vertex 50.7343 45.0561 0
      vertex 50.7343 45.0561 15
      vertex 50.6021 45.6523 0
    endloop
  endfacet
  facet normal -0.976287 -0.21648 -0
    outer loop
      vertex 50.6021 45.6523 15
      vertex 50.6021 45.6523 0
      vertex 50.7343 45.0561 15
    endloop
  endfacet
  facet normal -0.991445 -0.130522 0
    outer loop
      vertex 50.814 44.4507 0
      vertex 50.814 44.4507 15
      vertex 50.7343 45.0561 0
    endloop
  endfacet
  facet normal -0.991445 -0.130522 -0
    outer loop
      vertex 50.7343 45.0561 15
      vertex 50.7343 45.0561 0
      vertex 50.814 44.4507 15
    endloop
  endfacet
  facet normal -0.999051 -0.043558 0
    outer loop
      vertex 50.8406 43.8406 0
      vertex 50.8406 43.8406 15
      vertex 50.814 44.4507 0
    endloop
  endfacet
  facet normal -0.999051 -0.043558 -0
    outer loop
      vertex 50.814 44.4507 15
      vertex 50.814 44.4507 0
      vertex 50.8406 43.8406 15
    endloop
  endfacet
  facet normal -0.999051 0.043558 0
    outer loop
      vertex 50.814 43.2305 0
      vertex 50.814 43.2305 15
      vertex 50.8406 43.8406 0
    endloop
  endfacet
  facet normal -0.999051 0.043558 0
    outer loop
      vertex 50.8406 43.8406 15
      vertex 50.8406 43.8406 0
      vertex 50.814 43.2305 15
    endloop
  endfacet
  facet normal -0.991445 0.130522 0
    outer loop
      vertex 50.7343 42.6251 0
      vertex 50.7343 42.6251 15
      vertex 50.814 43.2305 0
    endloop
  endfacet
  facet normal -0.991445 0.130522 0
    outer loop
      vertex 50.814 43.2305 15
      vertex 50.814 43.2305 0
      vertex 50.7343 42.6251 15
    endloop
  endfacet
  facet normal -0.976287 0.21648 0
    outer loop
      vertex 50.6021 42.0289 0
      vertex 50.6021 42.0289 15
      vertex 50.7343 42.6251 0
    endloop
  endfacet
  facet normal -0.976287 0.21648 0
    outer loop
      vertex 50.7343 42.6251 15
      vertex 50.7343 42.6251 0
      vertex 50.6021 42.0289 15
    endloop
  endfacet
  facet normal -0.953684 0.30081 0
    outer loop
      vertex 50.4184 41.4465 0
      vertex 50.4184 41.4465 15
      vertex 50.6021 42.0289 0
    endloop
  endfacet
  facet normal -0.953684 0.30081 0
    outer loop
      vertex 50.6021 42.0289 15
      vertex 50.6021 42.0289 0
      vertex 50.4184 41.4465 15
    endloop
  endfacet
  facet normal -0.923937 0.382545 0
    outer loop
      vertex 50.1848 40.8823 0
      vertex 50.1848 40.8823 15
      vertex 50.4184 41.4465 0
    endloop
  endfacet
  facet normal -0.923937 0.382545 0
    outer loop
      vertex 50.4184 41.4465 15
      vertex 50.4184 41.4465 0
      vertex 50.1848 40.8823 15
    endloop
  endfacet
  facet normal -0.887005 0.46176 0
    outer loop
      vertex 49.9028 40.3406 0
      vertex 49.9028 40.3406 15
      vertex 50.1848 40.8823 0
    endloop
  endfacet
  facet normal -0.887005 0.46176 0
    outer loop
      vertex 50.1848 40.8823 15
      vertex 50.1848 40.8823 0
      vertex 49.9028 40.3406 15
    endloop
  endfacet
  facet normal -0.843385 0.53731 0
    outer loop
      vertex 49.5747 39.8256 0
      vertex 49.5747 39.8256 15
      vertex 49.9028 40.3406 0
    endloop
  endfacet
  facet normal -0.843385 0.53731 0
    outer loop
      vertex 49.9028 40.3406 15
      vertex 49.9028 40.3406 0
      vertex 49.5747 39.8256 15
    endloop
  endfacet
  facet normal -0.79333 0.608792 0
    outer loop
      vertex 49.2029 39.3411 0
      vertex 49.2029 39.3411 15
      vertex 49.5747 39.8256 0
    endloop
  endfacet
  facet normal -0.79333 0.608792 0
    outer loop
      vertex 49.5747 39.8256 15
      vertex 49.5747 39.8256 0
      vertex 49.2029 39.3411 15
    endloop
  endfacet
  facet normal -0.737222 0.67565 0
    outer loop
      vertex 48.7903 38.8909 0
      vertex 48.7903 38.8909 15
      vertex 49.2029 39.3411 0
    endloop
  endfacet
  facet normal -0.737222 0.67565 0
    outer loop
      vertex 49.2029 39.3411 15
      vertex 49.2029 39.3411 0
      vertex 48.7903 38.8909 15
    endloop
  endfacet
  facet normal -0.67565 0.737222 0
    outer loop
      vertex 48.3401 38.4783 0
      vertex 48.3401 38.4783 15
      vertex 48.7903 38.8909 0
    endloop
  endfacet
  facet normal -0.67565 0.737222 0
    outer loop
      vertex 48.7903 38.8909 15
      vertex 48.7903 38.8909 0
      vertex 48.3401 38.4783 15
    endloop
  endfacet
  facet normal -0.608792 0.79333 0
    outer loop
      vertex 47.8556 38.1065 0
      vertex 47.8556 38.1065 15
      vertex 48.3401 38.4783 0
    endloop
  endfacet
  facet normal -0.608792 0.79333 0
    outer loop
      vertex 48.3401 38.4783 15
      vertex 48.3401 38.4783 0
      vertex 47.8556 38.1065 15
    endloop
  endfacet
  facet normal -0.53731 0.843385 0
    outer loop
      vertex 47.3406 37.7784 0
      vertex 47.3406 37.7784 15
      vertex 47.8556 38.1065 0
    endloop
  endfacet
  facet normal -0.53731 0.843385 0
    outer loop
      vertex 47.8556 38.1065 15
      vertex 47.8556 38.1065 0
      vertex 47.3406 37.7784 15
    endloop
  endfacet
  facet normal -0.46176 0.887005 0
    outer loop
      vertex 46.7989 37.4964 0
      vertex 46.7989 37.4964 15
      vertex 47.3406 37.7784 0
    endloop
  endfacet
  facet normal -0.46176 0.887005 0
    outer loop
      vertex 47.3406 37.7784 15
      vertex 47.3406 37.7784 0
      vertex 46.7989 37.4964 15
    endloop
  endfacet
  facet normal -0.382545 0.923937 0
    outer loop
      vertex 46.2347 37.2628 0
      vertex 46.2347 37.2628 15
      vertex 46.7989 37.4964 0
    endloop
  endfacet
  facet normal -0.382545 0.923937 0
    outer loop
      vertex 46.7989 37.4964 15
      vertex 46.7989 37.4964 0
      vertex 46.2347 37.2628 15
    endloop
  endfacet
  facet normal -0.30081 0.953684 0
    outer loop
      vertex 45.6523 37.0791 0
      vertex 45.6523 37.0791 15
      vertex 46.2347 37.2628 0
    endloop
  endfacet
  facet normal -0.30081 0.953684 0
    outer loop
      vertex 46.2347 37.2628 15
      vertex 46.2347 37.2628 0
      vertex 45.6523 37.0791 15
    endloop
  endfacet
  facet normal -0.21648 0.976287 0
    outer loop
      vertex 45.0561 36.9469 0
      vertex 45.0561 36.9469 15
      vertex 45.6523 37.0791 0
    endloop
  endfacet
  facet normal -0.21648 0.976287 0
    outer loop
      vertex 45.6523 37.0791 15
      vertex 45.6523 37.0791 0
      vertex 45.0561 36.9469 15
    endloop
  endfacet
  facet normal -0.130522 0.991445 0
    outer loop
      vertex 44.4507 36.8672 0
      vertex 44.4507 36.8672 15
      vertex 45.0561 36.9469 0
    endloop
  endfacet
  facet normal -0.130522 0.991445 0
    outer loop
      vertex 45.0561 36.9469 15
      vertex 45.0561 36.9469 0
      vertex 44.4507 36.8672 15
    endloop
  endfacet
  facet normal -0.043558 0.999051 0
    outer loop
      vertex 43.8406 36.8406 0
      vertex 43.8406 36.8406 15
      vertex 44.4507 36.8672 0
    endloop
  endfacet
  facet normal -0.043558 0.999051 0
    outer loop
      vertex 44.4507 36.8672 15
      vertex 44.4507 36.8672 0
      vertex 43.8406 36.8406 15
    endloop
  endfacet
  facet normal 0.043558 0.999051 -0
    outer loop
      vertex 43.2305 36.8672 0
      vertex 43.2305 36.8672 15
      vertex 43.8406 36.8406 0
    endloop
  endfacet
  facet normal 0.043558 0.999051 0
    outer loop
      vertex 43.8406 36.8406 15
      vertex 43.8406 36.8406 0
      vertex 43.2305 36.8672 15
    endloop
  endfacet
  facet normal 0.130522 0.991445 -0
    outer loop
      vertex -45.0561 36.9469 0
      vertex -45.0561 36.9469 15
      vertex -44.4507 36.8672 0
    endloop
  endfacet
  facet normal 0.130522 0.991445 0
    outer loop
      vertex -44.4507 36.8672 15
      vertex -44.4507 36.8672 0
      vertex -45.0561 36.9469 15
    endloop
  endfacet
  facet normal 0.21648 0.976287 -0
    outer loop
      vertex -45.6523 37.0791 0
      vertex -45.6523 37.0791 15
      vertex -45.0561 36.9469 0
    endloop
  endfacet
  facet normal 0.21648 0.976287 0
    outer loop
      vertex -45.0561 36.9469 15
      vertex -45.0561 36.9469 0
      vertex -45.6523 37.0791 15
    endloop
  endfacet
  facet normal 0.30081 0.953684 -0
    outer loop
      vertex -46.2347 37.2628 0
      vertex -46.2347 37.2628 15
      vertex -45.6523 37.0791 0
    endloop
  endfacet
  facet normal 0.30081 0.953684 0
    outer loop
      vertex -45.6523 37.0791 15
      vertex -45.6523 37.0791 0
      vertex -46.2347 37.2628 15
    endloop
  endfacet
  facet normal 0.382545 0.923937 -0
    outer loop
      vertex -46.7989 37.4964 0
      vertex -46.7989 37.4964 15
      vertex -46.2347 37.2628 0
    endloop
  endfacet
  facet normal 0.382545 0.923937 0
    outer loop
      vertex -46.2347 37.2628 15
      vertex -46.2347 37.2628 0
      vertex -46.7989 37.4964 15
    endloop
  endfacet
  facet normal 0.46176 0.887005 -0
    outer loop
      vertex -47.3406 37.7784 0
      vertex -47.3406 37.7784 15
      vertex -46.7989 37.4964 0
    endloop
  endfacet
  facet normal 0.46176 0.887005 0
    outer loop
      vertex -46.7989 37.4964 15
      vertex -46.7989 37.4964 0
      vertex -47.3406 37.7784 15
    endloop
  endfacet
  facet normal 0.53731 0.843385 -0
    outer loop
      vertex -47.8556 38.1065 0
      vertex -47.8556 38.1065 15
      vertex -47.3406 37.7784 0
    endloop
  endfacet
  facet normal 0.53731 0.843385 0
    outer loop
      vertex -47.3406 37.7784 15
      vertex -47.3406 37.7784 0
      vertex -47.8556 38.1065 15
    endloop
  endfacet
  facet normal 0.608792 0.79333 -0
    outer loop
      vertex -48.3401 38.4783 0
      vertex -48.3401 38.4783 15
      vertex -47.8556 38.1065 0
    endloop
  endfacet
  facet normal 0.608792 0.79333 0
    outer loop
      vertex -47.8556 38.1065 15
      vertex -47.8556 38.1065 0
      vertex -48.3401 38.4783 15
    endloop
  endfacet
  facet normal 0.67565 0.737222 -0
    outer loop
      vertex -48.7903 38.8909 0
      vertex -48.7903 38.8909 15
      vertex -48.3401 38.4783 0
    endloop
  endfacet
  facet normal 0.67565 0.737222 0
    outer loop
      vertex -48.3401 38.4783 15
      vertex -48.3401 38.4783 0
      vertex -48.7903 38.8909 15
    endloop
  endfacet
  facet normal 0.737222 0.67565 -0
    outer loop
      vertex -49.2029 39.3411 0
      vertex -49.2029 39.3411 15
      vertex -48.7903 38.8909 0
    endloop
  endfacet
  facet normal 0.737222 0.67565 0
    outer loop
      vertex -48.7903 38.8909 15
      vertex -48.7903 38.8909 0
      vertex -49.2029 39.3411 15
    endloop
  endfacet
  facet normal 0.79333 0.608792 -0
    outer loop
      vertex -49.5747 39.8256 0
      vertex -49.5747 39.8256 15
      vertex -49.2029 39.3411 0
    endloop
  endfacet
  facet normal 0.79333 0.608792 0
    outer loop
      vertex -49.2029 39.3411 15
      vertex -49.2029 39.3411 0
      vertex -49.5747 39.8256 15
    endloop
  endfacet
  facet normal 0.843385 0.53731 -0
    outer loop
      vertex -49.9028 40.3406 0
      vertex -49.9028 40.3406 15
      vertex -49.5747 39.8256 0
    endloop
  endfacet
  facet normal 0.843385 0.53731 0
    outer loop
      vertex -49.5747 39.8256 15
      vertex -49.5747 39.8256 0
      vertex -49.9028 40.3406 15
    endloop
  endfacet
  facet normal 0.887005 0.46176 -0
    outer loop
      vertex -50.1848 40.8823 0
      vertex -50.1848 40.8823 15
      vertex -49.9028 40.3406 0
    endloop
  endfacet
  facet normal 0.887005 0.46176 0
    outer loop
      vertex -49.9028 40.3406 15
      vertex -49.9028 40.3406 0
      vertex -50.1848 40.8823 15
    endloop
  endfacet
  facet normal 0.923937 0.382545 -0
    outer loop
      vertex -50.4184 41.4465 0
      vertex -50.4184 41.4465 15
      vertex -50.1848 40.8823 0
    endloop
  endfacet
  facet normal 0.923937 0.382545 0
    outer loop
      vertex -50.1848 40.8823 15
      vertex -50.1848 40.8823 0
      vertex -50.4184 41.4465 15
    endloop
  endfacet
  facet normal 0.953684 0.30081 -0
    outer loop
      vertex -50.6021 42.0289 0
      vertex -50.6021 42.0289 15
      vertex -50.4184 41.4465 0
    endloop
  endfacet
  facet normal 0.953684 0.30081 0
    outer loop
      vertex -50.4184 41.4465 15
      vertex -50.4184 41.4465 0
      vertex -50.6021 42.0289 15
    endloop
  endfacet
  facet normal 0.976287 0.21648 -0
    outer loop
      vertex -50.7343 42.6251 0
      vertex -50.7343 42.6251 15
      vertex -50.6021 42.0289 0
    endloop
  endfacet
  facet normal 0.976287 0.21648 0
    outer loop
      vertex -50.6021 42.0289 15
      vertex -50.6021 42.0289 0
      vertex -50.7343 42.6251 15
    endloop
  endfacet
  facet normal 0.991445 0.130522 -0
    outer loop
      vertex -50.814 43.2305 0
      vertex -50.814 43.2305 15
      vertex -50.7343 42.6251 0
    endloop
  endfacet
  facet normal 0.991445 0.130522 0
    outer loop
      vertex -50.7343 42.6251 15
      vertex -50.7343 42.6251 0
      vertex -50.814 43.2305 15
    endloop
  endfacet
  facet normal 0.999051 0.043558 -0
    outer loop
      vertex -50.8406 43.8406 0
      vertex -50.8406 43.8406 15
      vertex -50.814 43.2305 0
    endloop
  endfacet
  facet normal 0.999051 0.043558 0
    outer loop
      vertex -50.814 43.2305 15
      vertex -50.814 43.2305 0
      vertex -50.8406 43.8406 15
    endloop
  endfacet
  facet normal 0.999051 -0.043558 0
    outer loop
      vertex -50.814 44.4507 0
      vertex -50.814 44.4507 15
      vertex -50.8406 43.8406 0
    endloop
  endfacet
  facet normal 0.999051 -0.043558 0
    outer loop
      vertex -50.8406 43.8406 15
      vertex -50.8406 43.8406 0
      vertex -50.814 44.4507 15
    endloop
  endfacet
  facet normal 0.991445 -0.130522 0
    outer loop
      vertex -50.7343 45.0561 0
      vertex -50.7343 45.0561 15
      vertex -50.814 44.4507 0
    endloop
  endfacet
  facet normal 0.991445 -0.130522 0
    outer loop
      vertex -50.814 44.4507 15
      vertex -50.814 44.4507 0
      vertex -50.7343 45.0561 15
    endloop
  endfacet
  facet normal 0.976287 -0.21648 0
    outer loop
      vertex -50.6021 45.6523 0
      vertex -50.6021 45.6523 15
      vertex -50.7343 45.0561 0
    endloop
  endfacet
  facet normal 0.976287 -0.21648 0
    outer loop
      vertex -50.7343 45.0561 15
      vertex -50.7343 45.0561 0
      vertex -50.6021 45.6523 15
    endloop
  endfacet
  facet normal 0.953684 -0.30081 0
    outer loop
      vertex -50.4184 46.2347 0
      vertex -50.4184 46.2347 15
      vertex -50.6021 45.6523 0
    endloop
  endfacet
  facet normal 0.953684 -0.30081 0
    outer loop
      vertex -50.6021 45.6523 15
      vertex -50.6021 45.6523 0
      vertex -50.4184 46.2347 15
    endloop
  endfacet
  facet normal 0.923937 -0.382545 0
    outer loop
      vertex -50.1848 46.7989 0
      vertex -50.1848 46.7989 15
      vertex -50.4184 46.2347 0
    endloop
  endfacet
  facet normal 0.923937 -0.382545 0
    outer loop
      vertex -50.4184 46.2347 15
      vertex -50.4184 46.2347 0
      vertex -50.1848 46.7989 15
    endloop
  endfacet
  facet normal 0.887005 -0.46176 0
    outer loop
      vertex -49.9028 47.3406 0
      vertex -49.9028 47.3406 15
      vertex -50.1848 46.7989 0
    endloop
  endfacet
  facet normal 0.887005 -0.46176 0
    outer loop
      vertex -50.1848 46.7989 15
      vertex -50.1848 46.7989 0
      vertex -49.9028 47.3406 15
    endloop
  endfacet
  facet normal 0.843385 -0.53731 0
    outer loop
      vertex -49.5747 47.8556 0
      vertex -49.5747 47.8556 15
      vertex -49.9028 47.3406 0
    endloop
  endfacet
  facet normal 0.843385 -0.53731 0
    outer loop
      vertex -49.9028 47.3406 15
      vertex -49.9028 47.3406 0
      vertex -49.5747 47.8556 15
    endloop
  endfacet
  facet normal 0.79333 -0.608792 0
    outer loop
      vertex -49.2029 48.3401 0
      vertex -49.2029 48.3401 15
      vertex -49.5747 47.8556 0
    endloop
  endfacet
  facet normal 0.79333 -0.608792 0
    outer loop
      vertex -49.5747 47.8556 15
      vertex -49.5747 47.8556 0
      vertex -49.2029 48.3401 15
    endloop
  endfacet
  facet normal 0.737222 -0.67565 0
    outer loop
      vertex -48.7903 48.7903 0
      vertex -48.7903 48.7903 15
      vertex -49.2029 48.3401 0
    endloop
  endfacet
  facet normal 0.737222 -0.67565 0
    outer loop
      vertex -49.2029 48.3401 15
      vertex -49.2029 48.3401 0
      vertex -48.7903 48.7903 15
    endloop
  endfacet
  facet normal 0.67565 -0.737222 0
    outer loop
      vertex -48.3401 49.2029 0
      vertex -48.3401 49.2029 15
      vertex -48.7903 48.7903 0
    endloop
  endfacet
  facet normal 0.67565 -0.737222 0
    outer loop
      vertex -48.7903 48.7903 15
      vertex -48.7903 48.7903 0
      vertex -48.3401 49.2029 15
    endloop
  endfacet
  facet normal 0.608792 -0.79333 0
    outer loop
      vertex -47.8556 49.5747 0
      vertex -47.8556 49.5747 15
      vertex -48.3401 49.2029 0
    endloop
  endfacet
  facet normal 0.608792 -0.79333 0
    outer loop
      vertex -48.3401 49.2029 15
      vertex -48.3401 49.2029 0
      vertex -47.8556 49.5747 15
    endloop
  endfacet
  facet normal 0.53731 -0.843385 0
    outer loop
      vertex -47.3406 49.9028 0
      vertex -47.3406 49.9028 15
      vertex -47.8556 49.5747 0
    endloop
  endfacet
  facet normal 0.53731 -0.843385 0
    outer loop
      vertex -47.8556 49.5747 15
      vertex -47.8556 49.5747 0
      vertex -47.3406 49.9028 15
    endloop
  endfacet
  facet normal 0.46176 -0.887005 0
    outer loop
      vertex -46.7989 50.1848 0
      vertex -46.7989 50.1848 15
      vertex -47.3406 49.9028 0
    endloop
  endfacet
  facet normal 0.46176 -0.887005 0
    outer loop
      vertex -47.3406 49.9028 15
      vertex -47.3406 49.9028 0
      vertex -46.7989 50.1848 15
    endloop
  endfacet
  facet normal 0.382545 -0.923937 0
    outer loop
      vertex -46.2347 50.4184 0
      vertex -46.2347 50.4184 15
      vertex -46.7989 50.1848 0
    endloop
  endfacet
  facet normal 0.382545 -0.923937 0
    outer loop
      vertex -46.7989 50.1848 15
      vertex -46.7989 50.1848 0
      vertex -46.2347 50.4184 15
    endloop
  endfacet
  facet normal 0.30081 -0.953684 0
    outer loop
      vertex -45.6523 50.6021 0
      vertex -45.6523 50.6021 15
      vertex -46.2347 50.4184 0
    endloop
  endfacet
  facet normal 0.30081 -0.953684 0
    outer loop
      vertex -46.2347 50.4184 15
      vertex -46.2347 50.4184 0
      vertex -45.6523 50.6021 15
    endloop
  endfacet
  facet normal 0.21648 -0.976287 0
    outer loop
      vertex -45.0561 50.7343 0
      vertex -45.0561 50.7343 15
      vertex -45.6523 50.6021 0
    endloop
  endfacet
  facet normal 0.21648 -0.976287 0
    outer loop
      vertex -45.6523 50.6021 15
      vertex -45.6523 50.6021 0
      vertex -45.0561 50.7343 15
    endloop
  endfacet
  facet normal 0.130522 -0.991445 0
    outer loop
      vertex -44.4507 50.814 0
      vertex -44.4507 50.814 15
      vertex -45.0561 50.7343 0
    endloop
  endfacet
  facet normal 0.130522 -0.991445 0
    outer loop
      vertex -45.0561 50.7343 15
      vertex -45.0561 50.7343 0
      vertex -44.4507 50.814 15
    endloop
  endfacet
  facet normal 0.043558 -0.999051 0
    outer loop
      vertex -43.8406 50.8406 0
      vertex -43.8406 50.8406 15
      vertex -44.4507 50.814 0
    endloop
  endfacet
  facet normal 0.043558 -0.999051 0
    outer loop
      vertex -44.4507 50.814 15
      vertex -44.4507 50.814 0
      vertex -43.8406 50.8406 15
    endloop
  endfacet
  facet normal -0.043558 -0.999051 0
    outer loop
      vertex -43.2305 50.814 0
      vertex -43.2305 50.814 15
      vertex -43.8406 50.8406 0
    endloop
  endfacet
  facet normal -0.043558 -0.999051 -0
    outer loop
      vertex -43.8406 50.8406 15
      vertex -43.8406 50.8406 0
      vertex -43.2305 50.814 15
    endloop
  endfacet
  facet normal -0.130522 -0.991445 0
    outer loop
      vertex -42.6251 50.7343 0
      vertex -42.6251 50.7343 15
      vertex -43.2305 50.814 0
    endloop
  endfacet
  facet normal -0.130522 -0.991445 -0
    outer loop
      vertex -43.2305 50.814 15
      vertex -43.2305 50.814 0
      vertex -42.6251 50.7343 15
    endloop
  endfacet
  facet normal -0.21648 -0.976287 0
    outer loop
      vertex -42.0289 50.6021 0
      vertex -42.0289 50.6021 15
      vertex -42.6251 50.7343 0
    endloop
  endfacet
  facet normal -0.21648 -0.976287 -0
    outer loop
      vertex -42.6251 50.7343 15
      vertex -42.6251 50.7343 0
      vertex -42.0289 50.6021 15
    endloop
  endfacet
  facet normal -0.30081 -0.953684 0
    outer loop
      vertex -41.4465 50.4184 0
      vertex -41.4465 50.4184 15
      vertex -42.0289 50.6021 0
    endloop
  endfacet
  facet normal -0.30081 -0.953684 -0
    outer loop
      vertex -42.0289 50.6021 15
      vertex -42.0289 50.6021 0
      vertex -41.4465 50.4184 15
    endloop
  endfacet
  facet normal -0.382545 -0.923937 0
    outer loop
      vertex -40.8823 50.1848 0
      vertex -40.8823 50.1848 15
      vertex -41.4465 50.4184 0
    endloop
  endfacet
  facet normal -0.382545 -0.923937 -0
    outer loop
      vertex -41.4465 50.4184 15
      vertex -41.4465 50.4184 0
      vertex -40.8823 50.1848 15
    endloop
  endfacet
  facet normal -0.46176 -0.887005 0
    outer loop
      vertex -40.3406 49.9028 0
      vertex -40.3406 49.9028 15
      vertex -40.8823 50.1848 0
    endloop
  endfacet
  facet normal -0.46176 -0.887005 -0
    outer loop
      vertex -40.8823 50.1848 15
      vertex -40.8823 50.1848 0
      vertex -40.3406 49.9028 15
    endloop
  endfacet
  facet normal -0.53731 -0.843385 0
    outer loop
      vertex -39.8256 49.5747 0
      vertex -39.8256 49.5747 15
      vertex -40.3406 49.9028 0
    endloop
  endfacet
  facet normal -0.53731 -0.843385 -0
    outer loop
      vertex -40.3406 49.9028 15
      vertex -40.3406 49.9028 0
      vertex -39.8256 49.5747 15
    endloop
  endfacet
  facet normal -0.608792 -0.79333 0
    outer loop
      vertex -39.3411 49.2029 0
      vertex -39.3411 49.2029 15
      vertex -39.8256 49.5747 0
    endloop
  endfacet
  facet normal -0.608792 -0.79333 -0
    outer loop
      vertex -39.8256 49.5747 15
      vertex -39.8256 49.5747 0
      vertex -39.3411 49.2029 15
    endloop
  endfacet
  facet normal -0.67565 -0.737222 0
    outer loop
      vertex -38.8909 48.7903 0
      vertex -38.8909 48.7903 15
      vertex -39.3411 49.2029 0
    endloop
  endfacet
  facet normal -0.67565 -0.737222 -0
    outer loop
      vertex -39.3411 49.2029 15
      vertex -39.3411 49.2029 0
      vertex -38.8909 48.7903 15
    endloop
  endfacet
  facet normal -0.737222 -0.67565 0
    outer loop
      vertex -38.4783 48.3401 0
      vertex -38.4783 48.3401 15
      vertex -38.8909 48.7903 0
    endloop
  endfacet
  facet normal -0.737222 -0.67565 -0
    outer loop
      vertex -38.8909 48.7903 15
      vertex -38.8909 48.7903 0
      vertex -38.4783 48.3401 15
    endloop
  endfacet
  facet normal -0.79333 -0.608792 0
    outer loop
      vertex -38.1065 47.8556 0
      vertex -38.1065 47.8556 15
      vertex -38.4783 48.3401 0
    endloop
  endfacet
  facet normal -0.79333 -0.608792 -0
    outer loop
      vertex -38.4783 48.3401 15
      vertex -38.4783 48.3401 0
      vertex -38.1065 47.8556 15
    endloop
  endfacet
  facet normal -0.843385 -0.53731 0
    outer loop
      vertex -37.7784 47.3406 0
      vertex -37.7784 47.3406 15
      vertex -38.1065 47.8556 0
    endloop
  endfacet
  facet normal -0.843385 -0.53731 -0
    outer loop
      vertex -38.1065 47.8556 15
      vertex -38.1065 47.8556 0
      vertex -37.7784 47.3406 15
    endloop
  endfacet
  facet normal -0.887005 -0.46176 0
    outer loop
      vertex -37.4964 46.7989 0
      vertex -37.4964 46.7989 15
      vertex -37.7784 47.3406 0
    endloop
  endfacet
  facet normal -0.887005 -0.46176 -0
    outer loop
      vertex -37.7784 47.3406 15
      vertex -37.7784 47.3406 0
      vertex -37.4964 46.7989 15
    endloop
  endfacet
  facet normal -0.923937 -0.382545 0
    outer loop
      vertex -37.2628 46.2347 0
      vertex -37.2628 46.2347 15
      vertex -37.4964 46.7989 0
    endloop
  endfacet
  facet normal -0.923937 -0.382545 -0
    outer loop
      vertex -37.4964 46.7989 15
      vertex -37.4964 46.7989 0
      vertex -37.2628 46.2347 15
    endloop
  endfacet
  facet normal -0.953684 -0.30081 0
    outer loop
      vertex -37.0791 45.6523 0
      vertex -37.0791 45.6523 15
      vertex -37.2628 46.2347 0
    endloop
  endfacet
  facet normal -0.953684 -0.30081 -0
    outer loop
      vertex -37.2628 46.2347 15
      vertex -37.2628 46.2347 0
      vertex -37.0791 45.6523 15
    endloop
  endfacet
  facet normal -0.976287 -0.21648 0
    outer loop
      vertex -36.9469 45.0561 0
      vertex -36.9469 45.0561 15
      vertex -37.0791 45.6523 0
    endloop
  endfacet
  facet normal -0.976287 -0.21648 -0
    outer loop
      vertex -37.0791 45.6523 15
      vertex -37.0791 45.6523 0
      vertex -36.9469 45.0561 15
    endloop
  endfacet
  facet normal -0.991445 -0.130522 0
    outer loop
      vertex -36.8672 44.4507 0
      vertex -36.8672 44.4507 15
      vertex -36.9469 45.0561 0
    endloop
  endfacet
  facet normal -0.991445 -0.130522 -0
    outer loop
      vertex -36.9469 45.0561 15
      vertex -36.9469 45.0561 0
      vertex -36.8672 44.4507 15
    endloop
  endfacet
  facet normal -0.999051 -0.043558 0
    outer loop
      vertex -36.8406 43.8406 0
      vertex -36.8406 43.8406 15
      vertex -36.8672 44.4507 0
    endloop
  endfacet
  facet normal -0.999051 -0.043558 -0
    outer loop
      vertex -36.8672 44.4507 15
      vertex -36.8672 44.4507 0
      vertex -36.8406 43.8406 15
    endloop
  endfacet
  facet normal -0.999051 0.043558 0
    outer loop
      vertex -36.8672 43.2305 0
      vertex -36.8672 43.2305 15
      vertex -36.8406 43.8406 0
    endloop
  endfacet
  facet normal -0.999051 0.043558 0
    outer loop
      vertex -36.8406 43.8406 15
      vertex -36.8406 43.8406 0
      vertex -36.8672 43.2305 15
    endloop
  endfacet
  facet normal -0.991445 0.130522 0
    outer loop
      vertex -36.9469 42.6251 0
      vertex -36.9469 42.6251 15
      vertex -36.8672 43.2305 0
    endloop
  endfacet
  facet normal -0.991445 0.130522 0
    outer loop
      vertex -36.8672 43.2305 15
      vertex -36.8672 43.2305 0
      vertex -36.9469 42.6251 15
    endloop
  endfacet
  facet normal -0.976287 0.21648 0
    outer loop
      vertex -37.0791 42.0289 0
      vertex -37.0791 42.0289 15
      vertex -36.9469 42.6251 0
    endloop
  endfacet
  facet normal -0.976287 0.21648 0
    outer loop
      vertex -36.9469 42.6251 15
      vertex -36.9469 42.6251 0
      vertex -37.0791 42.0289 15
    endloop
  endfacet
  facet normal -0.953684 0.30081 0
    outer loop
      vertex -37.2628 41.4465 0
      vertex -37.2628 41.4465 15
      vertex -37.0791 42.0289 0
    endloop
  endfacet
  facet normal -0.953684 0.30081 0
    outer loop
      vertex -37.0791 42.0289 15
      vertex -37.0791 42.0289 0
      vertex -37.2628 41.4465 15
    endloop
  endfacet
  facet normal -0.923937 0.382545 0
    outer loop
      vertex -37.4964 40.8823 0
      vertex -37.4964 40.8823 15
      vertex -37.2628 41.4465 0
    endloop
  endfacet
  facet normal -0.923937 0.382545 0
    outer loop
      vertex -37.2628 41.4465 15
      vertex -37.2628 41.4465 0
      vertex -37.4964 40.8823 15
    endloop
  endfacet
  facet normal -0.887005 0.46176 0
    outer loop
      vertex -37.7784 40.3406 0
      vertex -37.7784 40.3406 15
      vertex -37.4964 40.8823 0
    endloop
  endfacet
  facet normal -0.887005 0.46176 0
    outer loop
      vertex -37.4964 40.8823 15
      vertex -37.4964 40.8823 0
      vertex -37.7784 40.3406 15
    endloop
  endfacet
  facet normal -0.843385 0.53731 0
    outer loop
      vertex -38.1065 39.8256 0
      vertex -38.1065 39.8256 15
      vertex -37.7784 40.3406 0
    endloop
  endfacet
  facet normal -0.843385 0.53731 0
    outer loop
      vertex -37.7784 40.3406 15
      vertex -37.7784 40.3406 0
      vertex -38.1065 39.8256 15
    endloop
  endfacet
  facet normal -0.79333 0.608792 0
    outer loop
      vertex -38.4783 39.3411 0
      vertex -38.4783 39.3411 15
      vertex -38.1065 39.8256 0
    endloop
  endfacet
  facet normal -0.79333 0.608792 0
    outer loop
      vertex -38.1065 39.8256 15
      vertex -38.1065 39.8256 0
      vertex -38.4783 39.3411 15
    endloop
  endfacet
  facet normal -0.737222 0.67565 0
    outer loop
      vertex -38.8909 38.8909 0
      vertex -38.8909 38.8909 15
      vertex -38.4783 39.3411 0
    endloop
  endfacet
  facet normal -0.737222 0.67565 0
    outer loop
      vertex -38.4783 39.3411 15
      vertex -38.4783 39.3411 0
      vertex -38.8909 38.8909 15
    endloop
  endfacet
  facet normal -0.67565 0.737222 0
    outer loop
      vertex -39.3411 38.4783 0
      vertex -39.3411 38.4783 15
      vertex -38.8909 38.8909 0
    endloop
  endfacet
  facet normal -0.67565 0.737222 0
    outer loop
      vertex -38.8909 38.8909 15
      vertex -38.8909 38.8909 0
      vertex -39.3411 38.4783 15
    endloop
  endfacet
  facet normal -0.608792 0.79333 0
    outer loop
      vertex -39.8256 38.1065 0
      vertex -39.8256 38.1065 15
      vertex -39.3411 38.4783 0
    endloop
  endfacet
  facet normal -0.608792 0.79333 0
    outer loop
      vertex -39.3411 38.4783 15
      vertex -39.3411 38.4783 0
      vertex -39.8256 38.1065 15
    endloop
  endfacet
  facet normal -0.53731 0.843385 0
    outer loop
      vertex -40.3406 37.7784 0
      vertex -40.3406 37.7784 15
      vertex -39.8256 38.1065 0
    endloop
  endfacet
  facet normal -0.53731 0.843385 0
    outer loop
      vertex -39.8256 38.1065 15
      vertex -39.8256 38.1065 0
      vertex -40.3406 37.7784 15
    endloop
  endfacet
  facet normal -0.46176 0.887005 0
    outer loop
      vertex -40.8823 37.4964 0
      vertex -40.8823 37.4964 15
      vertex -40.3406 37.7784 0
    endloop
  endfacet
  facet normal -0.46176 0.887005 0
    outer loop
      vertex -40.3406 37.7784 15
      vertex -40.3406 37.7784 0
      vertex -40.8823 37.4964 15
    endloop
  endfacet
  facet normal -0.382545 0.923937 0
    outer loop
      vertex -41.4465 37.2628 0
      vertex -41.4465 37.2628 15
      vertex -40.8823 37.4964 0
    endloop
  endfacet
  facet normal -0.382545 0.923937 0
    outer loop
      vertex -40.8823 37.4964 15
      vertex -40.8823 37.4964 0
      vertex -41.4465 37.2628 15
    endloop
  endfacet
  facet normal -0.30081 0.953684 0
    outer loop
      vertex -42.0289 37.0791 0
      vertex -42.0289 37.0791 15
      vertex -41.4465 37.2628 0
    endloop
  endfacet
  facet normal -0.30081 0.953684 0
    outer loop
      vertex -41.4465 37.2628 15
      vertex -41.4465 37.2628 0
      vertex -42.0289 37.0791 15
    endloop
  endfacet
  facet normal -0.21648 0.976287 0
    outer loop
      vertex -42.6251 36.9469 0
      vertex -42.6251 36.9469 15
      vertex -42.0289 37.0791 0
    endloop
  endfacet
  facet normal -0.21648 0.976287 0
    outer loop
      vertex -42.0289 37.0791 15
      vertex -42.0289 37.0791 0
      vertex -42.6251 36.9469 15
    endloop
  endfacet
  facet normal -0.130522 0.991445 0
    outer loop
      vertex -43.2305 36.8672 0
      vertex -43.2305 36.8672 15
      vertex -42.6251 36.9469 0
    endloop
  endfacet
  facet normal -0.130522 0.991445 0
    outer loop
      vertex -42.6251 36.9469 15
      vertex -42.6251 36.9469 0
      vertex -43.2305 36.8672 15
    endloop
  endfacet
  facet normal -0.043558 0.999051 0
    outer loop
      vertex -43.8406 36.8406 0
      vertex -43.8406 36.8406 15
      vertex -43.2305 36.8672 0
    endloop
  endfacet
  facet normal -0.043558 0.999051 0
    outer loop
      vertex -43.2305 36.8672 15
      vertex -43.2305 36.8672 0
      vertex -43.8406 36.8406 15
    endloop
  endfacet
  facet normal 0.043558 0.999051 -0
    outer loop
      vertex -44.4507 36.8672 0
      vertex -44.4507 36.8672 15
      vertex -43.8406 36.8406 0
    endloop
  endfacet
  facet normal 0.043558 0.999051 0
    outer loop
      vertex -43.8406 36.8406 15
      vertex -43.8406 36.8406 0
      vertex -44.4507 36.8672 15
    endloop
  endfacet
  facet normal 0.130712 0.99142 -0
    outer loop
      vertex -17.7417 38.6202 0
      vertex -17.7417 38.6202 15
      vertex -17.4823 38.586 0
    endloop
  endfacet
  facet normal 0.130712 0.99142 0
    outer loop
      vertex -17.4823 38.586 15
      vertex -17.4823 38.586 0
      vertex -17.7417 38.6202 15
    endloop
  endfacet
  facet normal 0.216202 0.976349 -0
    outer loop
      vertex -17.9973 38.6768 0
      vertex -17.9973 38.6768 15
      vertex -17.7417 38.6202 0
    endloop
  endfacet
  facet normal 0.216202 0.976349 0
    outer loop
      vertex -17.7417 38.6202 15
      vertex -17.7417 38.6202 0
      vertex -17.9973 38.6768 15
    endloop
  endfacet
  facet normal 0.300711 0.953715 -0
    outer loop
      vertex -18.2469 38.7555 0
      vertex -18.2469 38.7555 15
      vertex -17.9973 38.6768 0
    endloop
  endfacet
  facet normal 0.300711 0.953715 0
    outer loop
      vertex -17.9973 38.6768 15
      vertex -17.9973 38.6768 0
      vertex -18.2469 38.7555 15
    endloop
  endfacet
  facet normal 0.382824 0.923821 -0
    outer loop
      vertex -18.4887 38.8557 0
      vertex -18.4887 38.8557 15
      vertex -18.2469 38.7555 0
    endloop
  endfacet
  facet normal 0.382824 0.923821 0
    outer loop
      vertex -18.2469 38.7555 15
      vertex -18.2469 38.7555 0
      vertex -18.4887 38.8557 15
    endloop
  endfacet
  facet normal 0.461678 0.887048 -0
    outer loop
      vertex -18.7208 38.9765 0
      vertex -18.7208 38.9765 15
      vertex -18.4887 38.8557 0
    endloop
  endfacet
  facet normal 0.461678 0.887048 0
    outer loop
      vertex -18.4887 38.8557 15
      vertex -18.4887 38.8557 0
      vertex -18.7208 38.9765 15
    endloop
  endfacet
  facet normal 0.537296 0.843394 -0
    outer loop
      vertex -18.9415 39.1171 0
      vertex -18.9415 39.1171 15
      vertex -18.7208 38.9765 0
    endloop
  endfacet
  facet normal 0.537296 0.843394 0
    outer loop
      vertex -18.7208 38.9765 15
      vertex -18.7208 38.9765 0
      vertex -18.9415 39.1171 15
    endloop
  endfacet
  facet normal 0.608824 0.793305 -0
    outer loop
      vertex -19.1492 39.2765 0
      vertex -19.1492 39.2765 15
      vertex -18.9415 39.1171 0
    endloop
  endfacet
  facet normal 0.608824 0.793305 0
    outer loop
      vertex -18.9415 39.1171 15
      vertex -18.9415 39.1171 0
      vertex -19.1492 39.2765 15
    endloop
  endfacet
  facet normal 0.675673 0.737202 -0
    outer loop
      vertex -19.3421 39.4533 0
      vertex -19.3421 39.4533 15
      vertex -19.1492 39.2765 0
    endloop
  endfacet
  facet normal 0.675673 0.737202 0
    outer loop
      vertex -19.1492 39.2765 15
      vertex -19.1492 39.2765 0
      vertex -19.3421 39.4533 15
    endloop
  endfacet
  facet normal 0.737202 0.675673 -0
    outer loop
      vertex -19.5189 39.6462 0
      vertex -19.5189 39.6462 15
      vertex -19.3421 39.4533 0
    endloop
  endfacet
  facet normal 0.737202 0.675673 0
    outer loop
      vertex -19.3421 39.4533 15
      vertex -19.3421 39.4533 0
      vertex -19.5189 39.6462 15
    endloop
  endfacet
  facet normal 0.793305 0.608824 -0
    outer loop
      vertex -19.6783 39.8539 0
      vertex -19.6783 39.8539 15
      vertex -19.5189 39.6462 0
    endloop
  endfacet
  facet normal 0.793305 0.608824 0
    outer loop
      vertex -19.5189 39.6462 15
      vertex -19.5189 39.6462 0
      vertex -19.6783 39.8539 15
    endloop
  endfacet
  facet normal 0.843394 0.537296 -0
    outer loop
      vertex -19.8189 40.0746 0
      vertex -19.8189 40.0746 15
      vertex -19.6783 39.8539 0
    endloop
  endfacet
  facet normal 0.843394 0.537296 0
    outer loop
      vertex -19.6783 39.8539 15
      vertex -19.6783 39.8539 0
      vertex -19.8189 40.0746 15
    endloop
  endfacet
  facet normal 0.887048 0.461678 -0
    outer loop
      vertex -19.9397 40.3067 0
      vertex -19.9397 40.3067 15
      vertex -19.8189 40.0746 0
    endloop
  endfacet
  facet normal 0.887048 0.461678 0
    outer loop
      vertex -19.8189 40.0746 15
      vertex -19.8189 40.0746 0
      vertex -19.9397 40.3067 15
    endloop
  endfacet
  facet normal 0.923821 0.382824 -0
    outer loop
      vertex -20.0399 40.5485 0
      vertex -20.0399 40.5485 15
      vertex -19.9397 40.3067 0
    endloop
  endfacet
  facet normal 0.923821 0.382824 0
    outer loop
      vertex -19.9397 40.3067 15
      vertex -19.9397 40.3067 0
      vertex -20.0399 40.5485 15
    endloop
  endfacet
  facet normal 0.953715 0.300711 -0
    outer loop
      vertex -20.1186 40.7981 0
      vertex -20.1186 40.7981 15
      vertex -20.0399 40.5485 0
    endloop
  endfacet
  facet normal 0.953715 0.300711 0
    outer loop
      vertex -20.0399 40.5485 15
      vertex -20.0399 40.5485 0
      vertex -20.1186 40.7981 15
    endloop
  endfacet
  facet normal 0.976349 0.216202 -0
    outer loop
      vertex -20.1752 41.0537 0
      vertex -20.1752 41.0537 15
      vertex -20.1186 40.7981 0
    endloop
  endfacet
  facet normal 0.976349 0.216202 0
    outer loop
      vertex -20.1186 40.7981 15
      vertex -20.1186 40.7981 0
      vertex -20.1752 41.0537 15
    endloop
  endfacet
  facet normal 0.99142 0.130712 -0
    outer loop
      vertex -20.2094 41.3131 0
      vertex -20.2094 41.3131 15
      vertex -20.1752 41.0537 0
    endloop
  endfacet
  facet normal 0.99142 0.130712 0
    outer loop
      vertex -20.1752 41.0537 15
      vertex -20.1752 41.0537 0
      vertex -20.2094 41.3131 15
    endloop
  endfacet
  facet normal 0.999051 0.0435533 -0
    outer loop
      vertex -20.2208 41.5746 0
      vertex -20.2208 41.5746 15
      vertex -20.2094 41.3131 0
    endloop
  endfacet
  facet normal 0.999051 0.0435533 0
    outer loop
      vertex -20.2094 41.3131 15
      vertex -20.2094 41.3131 0
      vertex -20.2208 41.5746 15
    endloop
  endfacet
  facet normal 0.999051 -0.0435533 0
    outer loop
      vertex -20.2094 41.8361 0
      vertex -20.2094 41.8361 15
      vertex -20.2208 41.5746 0
    endloop
  endfacet
  facet normal 0.999051 -0.0435533 0
    outer loop
      vertex -20.2208 41.5746 15
      vertex -20.2208 41.5746 0
      vertex -20.2094 41.8361 15
    endloop
  endfacet
  facet normal 0.99142 -0.130712 0
    outer loop
      vertex -20.1752 42.0955 0
      vertex -20.1752 42.0955 15
      vertex -20.2094 41.8361 0
    endloop
  endfacet
  facet normal 0.99142 -0.130712 0
    outer loop
      vertex -20.2094 41.8361 15
      vertex -20.2094 41.8361 0
      vertex -20.1752 42.0955 15
    endloop
  endfacet
  facet normal 0.976349 -0.216202 0
    outer loop
      vertex -20.1186 42.3511 0
      vertex -20.1186 42.3511 15
      vertex -20.1752 42.0955 0
    endloop
  endfacet
  facet normal 0.976349 -0.216202 0
    outer loop
      vertex -20.1752 42.0955 15
      vertex -20.1752 42.0955 0
      vertex -20.1186 42.3511 15
    endloop
  endfacet
  facet normal 0.953715 -0.300711 0
    outer loop
      vertex -20.0399 42.6007 0
      vertex -20.0399 42.6007 15
      vertex -20.1186 42.3511 0
    endloop
  endfacet
  facet normal 0.953715 -0.300711 0
    outer loop
      vertex -20.1186 42.3511 15
      vertex -20.1186 42.3511 0
      vertex -20.0399 42.6007 15
    endloop
  endfacet
  facet normal 0.923821 -0.382824 0
    outer loop
      vertex -19.9397 42.8425 0
      vertex -19.9397 42.8425 15
      vertex -20.0399 42.6007 0
    endloop
  endfacet
  facet normal 0.923821 -0.382824 0
    outer loop
      vertex -20.0399 42.6007 15
      vertex -20.0399 42.6007 0
      vertex -19.9397 42.8425 15
    endloop
  endfacet
  facet normal 0.887048 -0.461678 0
    outer loop
      vertex -19.8189 43.0746 0
      vertex -19.8189 43.0746 15
      vertex -19.9397 42.8425 0
    endloop
  endfacet
  facet normal 0.887048 -0.461678 0
    outer loop
      vertex -19.9397 42.8425 15
      vertex -19.9397 42.8425 0
      vertex -19.8189 43.0746 15
    endloop
  endfacet
  facet normal 0.843394 -0.537296 0
    outer loop
      vertex -19.6783 43.2953 0
      vertex -19.6783 43.2953 15
      vertex -19.8189 43.0746 0
    endloop
  endfacet
  facet normal 0.843394 -0.537296 0
    outer loop
      vertex -19.8189 43.0746 15
      vertex -19.8189 43.0746 0
      vertex -19.6783 43.2953 15
    endloop
  endfacet
  facet normal 0.793305 -0.608824 0
    outer loop
      vertex -19.5189 43.503 0
      vertex -19.5189 43.503 15
      vertex -19.6783 43.2953 0
    endloop
  endfacet
  facet normal 0.793305 -0.608824 0
    outer loop
      vertex -19.6783 43.2953 15
      vertex -19.6783 43.2953 0
      vertex -19.5189 43.503 15
    endloop
  endfacet
  facet normal 0.737202 -0.675673 0
    outer loop
      vertex -19.3421 43.6959 0
      vertex -19.3421 43.6959 15
      vertex -19.5189 43.503 0
    endloop
  endfacet
  facet normal 0.737202 -0.675673 0
    outer loop
      vertex -19.5189 43.503 15
      vertex -19.5189 43.503 0
      vertex -19.3421 43.6959 15
    endloop
  endfacet
  facet normal 0.675673 -0.737202 0
    outer loop
      vertex -19.1492 43.8727 0
      vertex -19.1492 43.8727 15
      vertex -19.3421 43.6959 0
    endloop
  endfacet
  facet normal 0.675673 -0.737202 0
    outer loop
      vertex -19.3421 43.6959 15
      vertex -19.3421 43.6959 0
      vertex -19.1492 43.8727 15
    endloop
  endfacet
  facet normal 0.608824 -0.793305 0
    outer loop
      vertex -18.9415 44.0321 0
      vertex -18.9415 44.0321 15
      vertex -19.1492 43.8727 0
    endloop
  endfacet
  facet normal 0.608824 -0.793305 0
    outer loop
      vertex -19.1492 43.8727 15
      vertex -19.1492 43.8727 0
      vertex -18.9415 44.0321 15
    endloop
  endfacet
  facet normal 0.537296 -0.843394 0
    outer loop
      vertex -18.7208 44.1727 0
      vertex -18.7208 44.1727 15
      vertex -18.9415 44.0321 0
    endloop
  endfacet
  facet normal 0.537296 -0.843394 0
    outer loop
      vertex -18.9415 44.0321 15
      vertex -18.9415 44.0321 0
      vertex -18.7208 44.1727 15
    endloop
  endfacet
  facet normal 0.461678 -0.887048 0
    outer loop
      vertex -18.4887 44.2935 0
      vertex -18.4887 44.2935 15
      vertex -18.7208 44.1727 0
    endloop
  endfacet
  facet normal 0.461678 -0.887048 0
    outer loop
      vertex -18.7208 44.1727 15
      vertex -18.7208 44.1727 0
      vertex -18.4887 44.2935 15
    endloop
  endfacet
  facet normal 0.382824 -0.923821 0
    outer loop
      vertex -18.2469 44.3937 0
      vertex -18.2469 44.3937 15
      vertex -18.4887 44.2935 0
    endloop
  endfacet
  facet normal 0.382824 -0.923821 0
    outer loop
      vertex -18.4887 44.2935 15
      vertex -18.4887 44.2935 0
      vertex -18.2469 44.3937 15
    endloop
  endfacet
  facet normal 0.300711 -0.953715 0
    outer loop
      vertex -17.9973 44.4724 0
      vertex -17.9973 44.4724 15
      vertex -18.2469 44.3937 0
    endloop
  endfacet
  facet normal 0.300711 -0.953715 0
    outer loop
      vertex -18.2469 44.3937 15
      vertex -18.2469 44.3937 0
      vertex -17.9973 44.4724 15
    endloop
  endfacet
  facet normal 0.216202 -0.976349 0
    outer loop
      vertex -17.7417 44.529 0
      vertex -17.7417 44.529 15
      vertex -17.9973 44.4724 0
    endloop
  endfacet
  facet normal 0.216202 -0.976349 0
    outer loop
      vertex -17.9973 44.4724 15
      vertex -17.9973 44.4724 0
      vertex -17.7417 44.529 15
    endloop
  endfacet
  facet normal 0.130712 -0.99142 0
    outer loop
      vertex -17.4823 44.5632 0
      vertex -17.4823 44.5632 15
      vertex -17.7417 44.529 0
    endloop
  endfacet
  facet normal 0.130712 -0.99142 0
    outer loop
      vertex -17.7417 44.529 15
      vertex -17.7417 44.529 0
      vertex -17.4823 44.5632 15
    endloop
  endfacet
  facet normal 0.0435533 -0.999051 0
    outer loop
      vertex -17.2208 44.5746 0
      vertex -17.2208 44.5746 15
      vertex -17.4823 44.5632 0
    endloop
  endfacet
  facet normal 0.0435533 -0.999051 0
    outer loop
      vertex -17.4823 44.5632 15
      vertex -17.4823 44.5632 0
      vertex -17.2208 44.5746 15
    endloop
  endfacet
  facet normal -0.0435533 -0.999051 0
    outer loop
      vertex -16.9593 44.5632 0
      vertex -16.9593 44.5632 15
      vertex -17.2208 44.5746 0
    endloop
  endfacet
  facet normal -0.0435533 -0.999051 -0
    outer loop
      vertex -17.2208 44.5746 15
      vertex -17.2208 44.5746 0
      vertex -16.9593 44.5632 15
    endloop
  endfacet
  facet normal -0.130712 -0.99142 0
    outer loop
      vertex -16.6999 44.529 0
      vertex -16.6999 44.529 15
      vertex -16.9593 44.5632 0
    endloop
  endfacet
  facet normal -0.130712 -0.99142 -0
    outer loop
      vertex -16.9593 44.5632 15
      vertex -16.9593 44.5632 0
      vertex -16.6999 44.529 15
    endloop
  endfacet
  facet normal -0.216202 -0.976349 0
    outer loop
      vertex -16.4443 44.4724 0
      vertex -16.4443 44.4724 15
      vertex -16.6999 44.529 0
    endloop
  endfacet
  facet normal -0.216202 -0.976349 -0
    outer loop
      vertex -16.6999 44.529 15
      vertex -16.6999 44.529 0
      vertex -16.4443 44.4724 15
    endloop
  endfacet
  facet normal -0.300711 -0.953715 0
    outer loop
      vertex -16.1947 44.3937 0
      vertex -16.1947 44.3937 15
      vertex -16.4443 44.4724 0
    endloop
  endfacet
  facet normal -0.300711 -0.953715 -0
    outer loop
      vertex -16.4443 44.4724 15
      vertex -16.4443 44.4724 0
      vertex -16.1947 44.3937 15
    endloop
  endfacet
  facet normal -0.382824 -0.923821 0
    outer loop
      vertex -15.9529 44.2935 0
      vertex -15.9529 44.2935 15
      vertex -16.1947 44.3937 0
    endloop
  endfacet
  facet normal -0.382824 -0.923821 -0
    outer loop
      vertex -16.1947 44.3937 15
      vertex -16.1947 44.3937 0
      vertex -15.9529 44.2935 15
    endloop
  endfacet
  facet normal -0.461678 -0.887048 0
    outer loop
      vertex -15.7208 44.1727 0
      vertex -15.7208 44.1727 15
      vertex -15.9529 44.2935 0
    endloop
  endfacet
  facet normal -0.461678 -0.887048 -0
    outer loop
      vertex -15.9529 44.2935 15
      vertex -15.9529 44.2935 0
      vertex -15.7208 44.1727 15
    endloop
  endfacet
  facet normal -0.537296 -0.843394 0
    outer loop
      vertex -15.5001 44.0321 0
      vertex -15.5001 44.0321 15
      vertex -15.7208 44.1727 0
    endloop
  endfacet
  facet normal -0.537296 -0.843394 -0
    outer loop
      vertex -15.7208 44.1727 15
      vertex -15.7208 44.1727 0
      vertex -15.5001 44.0321 15
    endloop
  endfacet
  facet normal -0.608824 -0.793305 0
    outer loop
      vertex -15.2924 43.8727 0
      vertex -15.2924 43.8727 15
      vertex -15.5001 44.0321 0
    endloop
  endfacet
  facet normal -0.608824 -0.793305 -0
    outer loop
      vertex -15.5001 44.0321 15
      vertex -15.5001 44.0321 0
      vertex -15.2924 43.8727 15
    endloop
  endfacet
  facet normal -0.675673 -0.737202 0
    outer loop
      vertex -15.0995 43.6959 0
      vertex -15.0995 43.6959 15
      vertex -15.2924 43.8727 0
    endloop
  endfacet
  facet normal -0.675673 -0.737202 -0
    outer loop
      vertex -15.2924 43.8727 15
      vertex -15.2924 43.8727 0
      vertex -15.0995 43.6959 15
    endloop
  endfacet
  facet normal -0.737202 -0.675673 0
    outer loop
      vertex -14.9227 43.503 0
      vertex -14.9227 43.503 15
      vertex -15.0995 43.6959 0
    endloop
  endfacet
  facet normal -0.737202 -0.675673 -0
    outer loop
      vertex -15.0995 43.6959 15
      vertex -15.0995 43.6959 0
      vertex -14.9227 43.503 15
    endloop
  endfacet
  facet normal -0.793305 -0.608824 0
    outer loop
      vertex -14.7633 43.2953 0
      vertex -14.7633 43.2953 15
      vertex -14.9227 43.503 0
    endloop
  endfacet
  facet normal -0.793305 -0.608824 -0
    outer loop
      vertex -14.9227 43.503 15
      vertex -14.9227 43.503 0
      vertex -14.7633 43.2953 15
    endloop
  endfacet
  facet normal -0.843394 -0.537296 0
    outer loop
      vertex -14.6227 43.0746 0
      vertex -14.6227 43.0746 15
      vertex -14.7633 43.2953 0
    endloop
  endfacet
  facet normal -0.843394 -0.537296 -0
    outer loop
      vertex -14.7633 43.2953 15
      vertex -14.7633 43.2953 0
      vertex -14.6227 43.0746 15
    endloop
  endfacet
  facet normal -0.887048 -0.461678 0
    outer loop
      vertex -14.5019 42.8425 0
      vertex -14.5019 42.8425 15
      vertex -14.6227 43.0746 0
    endloop
  endfacet
  facet normal -0.887048 -0.461678 -0
    outer loop
      vertex -14.6227 43.0746 15
      vertex -14.6227 43.0746 0
      vertex -14.5019 42.8425 15
    endloop
  endfacet
  facet normal -0.923821 -0.382824 0
    outer loop
      vertex -14.4017 42.6007 0
      vertex -14.4017 42.6007 15
      vertex -14.5019 42.8425 0
    endloop
  endfacet
  facet normal -0.923821 -0.382824 -0
    outer loop
      vertex -14.5019 42.8425 15
      vertex -14.5019 42.8425 0
      vertex -14.4017 42.6007 15
    endloop
  endfacet
  facet normal -0.953715 -0.300711 0
    outer loop
      vertex -14.323 42.3511 0
      vertex -14.323 42.3511 15
      vertex -14.4017 42.6007 0
    endloop
  endfacet
  facet normal -0.953715 -0.300711 -0
    outer loop
      vertex -14.4017 42.6007 15
      vertex -14.4017 42.6007 0
      vertex -14.323 42.3511 15
    endloop
  endfacet
  facet normal -0.976349 -0.216202 0
    outer loop
      vertex -14.2664 42.0955 0
      vertex -14.2664 42.0955 15
      vertex -14.323 42.3511 0
    endloop
  endfacet
  facet normal -0.976349 -0.216202 -0
    outer loop
      vertex -14.323 42.3511 15
      vertex -14.323 42.3511 0
      vertex -14.2664 42.0955 15
    endloop
  endfacet
  facet normal -0.99142 -0.130712 0
    outer loop
      vertex -14.2322 41.8361 0
      vertex -14.2322 41.8361 15
      vertex -14.2664 42.0955 0
    endloop
  endfacet
  facet normal -0.99142 -0.130712 -0
    outer loop
      vertex -14.2664 42.0955 15
      vertex -14.2664 42.0955 0
      vertex -14.2322 41.8361 15
    endloop
  endfacet
  facet normal -0.999051 -0.0435533 0
    outer loop
      vertex -14.2208 41.5746 0
      vertex -14.2208 41.5746 15
      vertex -14.2322 41.8361 0
    endloop
  endfacet
  facet normal -0.999051 -0.0435533 -0
    outer loop
      vertex -14.2322 41.8361 15
      vertex -14.2322 41.8361 0
      vertex -14.2208 41.5746 15
    endloop
  endfacet
  facet normal -0.999051 0.0435533 0
    outer loop
      vertex -14.2322 41.3131 0
      vertex -14.2322 41.3131 15
      vertex -14.2208 41.5746 0
    endloop
  endfacet
  facet normal -0.999051 0.0435533 0
    outer loop
      vertex -14.2208 41.5746 15
      vertex -14.2208 41.5746 0
      vertex -14.2322 41.3131 15
    endloop
  endfacet
  facet normal -0.99142 0.130712 0
    outer loop
      vertex -14.2664 41.0537 0
      vertex -14.2664 41.0537 15
      vertex -14.2322 41.3131 0
    endloop
  endfacet
  facet normal -0.99142 0.130712 0
    outer loop
      vertex -14.2322 41.3131 15
      vertex -14.2322 41.3131 0
      vertex -14.2664 41.0537 15
    endloop
  endfacet
  facet normal -0.976349 0.216202 0
    outer loop
      vertex -14.323 40.7981 0
      vertex -14.323 40.7981 15
      vertex -14.2664 41.0537 0
    endloop
  endfacet
  facet normal -0.976349 0.216202 0
    outer loop
      vertex -14.2664 41.0537 15
      vertex -14.2664 41.0537 0
      vertex -14.323 40.7981 15
    endloop
  endfacet
  facet normal -0.953715 0.300711 0
    outer loop
      vertex -14.4017 40.5485 0
      vertex -14.4017 40.5485 15
      vertex -14.323 40.7981 0
    endloop
  endfacet
  facet normal -0.953715 0.300711 0
    outer loop
      vertex -14.323 40.7981 15
      vertex -14.323 40.7981 0
      vertex -14.4017 40.5485 15
    endloop
  endfacet
  facet normal -0.923821 0.382824 0
    outer loop
      vertex -14.5019 40.3067 0
      vertex -14.5019 40.3067 15
      vertex -14.4017 40.5485 0
    endloop
  endfacet
  facet normal -0.923821 0.382824 0
    outer loop
      vertex -14.4017 40.5485 15
      vertex -14.4017 40.5485 0
      vertex -14.5019 40.3067 15
    endloop
  endfacet
  facet normal -0.887048 0.461678 0
    outer loop
      vertex -14.6227 40.0746 0
      vertex -14.6227 40.0746 15
      vertex -14.5019 40.3067 0
    endloop
  endfacet
  facet normal -0.887048 0.461678 0
    outer loop
      vertex -14.5019 40.3067 15
      vertex -14.5019 40.3067 0
      vertex -14.6227 40.0746 15
    endloop
  endfacet
  facet normal -0.843394 0.537296 0
    outer loop
      vertex -14.7633 39.8539 0
      vertex -14.7633 39.8539 15
      vertex -14.6227 40.0746 0
    endloop
  endfacet
  facet normal -0.843394 0.537296 0
    outer loop
      vertex -14.6227 40.0746 15
      vertex -14.6227 40.0746 0
      vertex -14.7633 39.8539 15
    endloop
  endfacet
  facet normal -0.793305 0.608824 0
    outer loop
      vertex -14.9227 39.6462 0
      vertex -14.9227 39.6462 15
      vertex -14.7633 39.8539 0
    endloop
  endfacet
  facet normal -0.793305 0.608824 0
    outer loop
      vertex -14.7633 39.8539 15
      vertex -14.7633 39.8539 0
      vertex -14.9227 39.6462 15
    endloop
  endfacet
  facet normal -0.737202 0.675673 0
    outer loop
      vertex -15.0995 39.4533 0
      vertex -15.0995 39.4533 15
      vertex -14.9227 39.6462 0
    endloop
  endfacet
  facet normal -0.737202 0.675673 0
    outer loop
      vertex -14.9227 39.6462 15
      vertex -14.9227 39.6462 0
      vertex -15.0995 39.4533 15
    endloop
  endfacet
  facet normal -0.675673 0.737202 0
    outer loop
      vertex -15.2924 39.2765 0
      vertex -15.2924 39.2765 15
      vertex -15.0995 39.4533 0
    endloop
  endfacet
  facet normal -0.675673 0.737202 0
    outer loop
      vertex -15.0995 39.4533 15
      vertex -15.0995 39.4533 0
      vertex -15.2924 39.2765 15
    endloop
  endfacet
  facet normal -0.608824 0.793305 0
    outer loop
      vertex -15.5001 39.1171 0
      vertex -15.5001 39.1171 15
      vertex -15.2924 39.2765 0
    endloop
  endfacet
  facet normal -0.608824 0.793305 0
    outer loop
      vertex -15.2924 39.2765 15
      vertex -15.2924 39.2765 0
      vertex -15.5001 39.1171 15
    endloop
  endfacet
  facet normal -0.537296 0.843394 0
    outer loop
      vertex -15.7208 38.9765 0
      vertex -15.7208 38.9765 15
      vertex -15.5001 39.1171 0
    endloop
  endfacet
  facet normal -0.537296 0.843394 0
    outer loop
      vertex -15.5001 39.1171 15
      vertex -15.5001 39.1171 0
      vertex -15.7208 38.9765 15
    endloop
  endfacet
  facet normal -0.461678 0.887048 0
    outer loop
      vertex -15.9529 38.8557 0
      vertex -15.9529 38.8557 15
      vertex -15.7208 38.9765 0
    endloop
  endfacet
  facet normal -0.461678 0.887048 0
    outer loop
      vertex -15.7208 38.9765 15
      vertex -15.7208 38.9765 0
      vertex -15.9529 38.8557 15
    endloop
  endfacet
  facet normal -0.382824 0.923821 0
    outer loop
      vertex -16.1947 38.7555 0
      vertex -16.1947 38.7555 15
      vertex -15.9529 38.8557 0
    endloop
  endfacet
  facet normal -0.382824 0.923821 0
    outer loop
      vertex -15.9529 38.8557 15
      vertex -15.9529 38.8557 0
      vertex -16.1947 38.7555 15
    endloop
  endfacet
  facet normal -0.300711 0.953715 0
    outer loop
      vertex -16.4443 38.6768 0
      vertex -16.4443 38.6768 15
      vertex -16.1947 38.7555 0
    endloop
  endfacet
  facet normal -0.300711 0.953715 0
    outer loop
      vertex -16.1947 38.7555 15
      vertex -16.1947 38.7555 0
      vertex -16.4443 38.6768 15
    endloop
  endfacet
  facet normal -0.216202 0.976349 0
    outer loop
      vertex -16.6999 38.6202 0
      vertex -16.6999 38.6202 15
      vertex -16.4443 38.6768 0
    endloop
  endfacet
  facet normal -0.216202 0.976349 0
    outer loop
      vertex -16.4443 38.6768 15
      vertex -16.4443 38.6768 0
      vertex -16.6999 38.6202 15
    endloop
  endfacet
  facet normal -0.130712 0.99142 0
    outer loop
      vertex -16.9593 38.586 0
      vertex -16.9593 38.586 15
      vertex -16.6999 38.6202 0
    endloop
  endfacet
  facet normal -0.130712 0.99142 0
    outer loop
      vertex -16.6999 38.6202 15
      vertex -16.6999 38.6202 0
      vertex -16.9593 38.586 15
    endloop
  endfacet
  facet normal -0.0435533 0.999051 0
    outer loop
      vertex -17.2208 38.5746 0
      vertex -17.2208 38.5746 15
      vertex -16.9593 38.586 0
    endloop
  endfacet
  facet normal -0.0435533 0.999051 0
    outer loop
      vertex -16.9593 38.586 15
      vertex -16.9593 38.586 0
      vertex -17.2208 38.5746 15
    endloop
  endfacet
  facet normal 0.0435533 0.999051 -0
    outer loop
      vertex -17.4823 38.586 0
      vertex -17.4823 38.586 15
      vertex -17.2208 38.5746 0
    endloop
  endfacet
  facet normal 0.0435533 0.999051 0
    outer loop
      vertex -17.2208 38.5746 15
      vertex -17.2208 38.5746 0
      vertex -17.4823 38.586 15
    endloop
  endfacet
  facet normal 0.130526 0.991445 -0
    outer loop
      vertex -5.2094 -29.5442 0
      vertex -5.2094 -29.5442 15
      vertex -2.61469 -29.8858 0
    endloop
  endfacet
  facet normal 0.130526 0.991445 0
    outer loop
      vertex -2.61469 -29.8858 15
      vertex -2.61469 -29.8858 0
      vertex -5.2094 -29.5442 15
    endloop
  endfacet
  facet normal 0.216413 0.976302 -0
    outer loop
      vertex -7.76459 -28.9778 0
      vertex -7.76459 -28.9778 15
      vertex -5.2094 -29.5442 0
    endloop
  endfacet
  facet normal 0.216413 0.976302 0
    outer loop
      vertex -5.2094 -29.5442 15
      vertex -5.2094 -29.5442 0
      vertex -7.76459 -28.9778 15
    endloop
  endfacet
  facet normal 0.30071 0.953716 -0
    outer loop
      vertex -10.2606 -28.1908 0
      vertex -10.2606 -28.1908 15
      vertex -7.76459 -28.9778 0
    endloop
  endfacet
  facet normal 0.30071 0.953716 0
    outer loop
      vertex -7.76459 -28.9778 15
      vertex -7.76459 -28.9778 0
      vertex -10.2606 -28.1908 15
    endloop
  endfacet
  facet normal 0.382707 0.92387 -0
    outer loop
      vertex -12.6785 -27.1892 0
      vertex -12.6785 -27.1892 15
      vertex -10.2606 -28.1908 0
    endloop
  endfacet
  facet normal 0.382707 0.92387 0
    outer loop
      vertex -10.2606 -28.1908 15
      vertex -10.2606 -28.1908 0
      vertex -12.6785 -27.1892 15
    endloop
  endfacet
  facet normal 0.46172 0.887026 -0
    outer loop
      vertex -15 -25.9808 0
      vertex -15 -25.9808 15
      vertex -12.6785 -27.1892 0
    endloop
  endfacet
  facet normal 0.46172 0.887026 0
    outer loop
      vertex -12.6785 -27.1892 15
      vertex -12.6785 -27.1892 0
      vertex -15 -25.9808 15
    endloop
  endfacet
  facet normal 0.537298 0.843392 -0
    outer loop
      vertex -17.2073 -24.5746 0
      vertex -17.2073 -24.5746 15
      vertex -15 -25.9808 0
    endloop
  endfacet
  facet normal 0.537298 0.843392 0
    outer loop
      vertex -15 -25.9808 15
      vertex -15 -25.9808 0
      vertex -17.2073 -24.5746 15
    endloop
  endfacet
  facet normal 0.608785 0.793335 -0
    outer loop
      vertex -19.2836 -22.9813 0
      vertex -19.2836 -22.9813 15
      vertex -17.2073 -24.5746 0
    endloop
  endfacet
  facet normal 0.608785 0.793335 0
    outer loop
      vertex -17.2073 -24.5746 15
      vertex -17.2073 -24.5746 0
      vertex -19.2836 -22.9813 15
    endloop
  endfacet
  facet normal 0.675579 0.737287 -0
    outer loop
      vertex -21.2132 -21.2132 0
      vertex -21.2132 -21.2132 15
      vertex -19.2836 -22.9813 0
    endloop
  endfacet
  facet normal 0.675579 0.737287 0
    outer loop
      vertex -19.2836 -22.9813 15
      vertex -19.2836 -22.9813 0
      vertex -21.2132 -21.2132 15
    endloop
  endfacet
  facet normal 0.737287 0.675579 -0
    outer loop
      vertex -22.9813 -19.2836 0
      vertex -22.9813 -19.2836 15
      vertex -21.2132 -21.2132 0
    endloop
  endfacet
  facet normal 0.737287 0.675579 0
    outer loop
      vertex -21.2132 -21.2132 15
      vertex -21.2132 -21.2132 0
      vertex -22.9813 -19.2836 15
    endloop
  endfacet
  facet normal 0.793335 0.608785 -0
    outer loop
      vertex -24.5746 -17.2073 0
      vertex -24.5746 -17.2073 15
      vertex -22.9813 -19.2836 0
    endloop
  endfacet
  facet normal 0.793335 0.608785 0
    outer loop
      vertex -22.9813 -19.2836 15
      vertex -22.9813 -19.2836 0
      vertex -24.5746 -17.2073 15
    endloop
  endfacet
  facet normal 0.843392 0.537298 -0
    outer loop
      vertex -25.9808 -15 0
      vertex -25.9808 -15 15
      vertex -24.5746 -17.2073 0
    endloop
  endfacet
  facet normal 0.843392 0.537298 0
    outer loop
      vertex -24.5746 -17.2073 15
      vertex -24.5746 -17.2073 0
      vertex -25.9808 -15 15
    endloop
  endfacet
  facet normal 0.887026 0.46172 -0
    outer loop
      vertex -27.1892 -12.6785 0
      vertex -27.1892 -12.6785 15
      vertex -25.9808 -15 0
    endloop
  endfacet
  facet normal 0.887026 0.46172 0
    outer loop
      vertex -25.9808 -15 15
      vertex -25.9808 -15 0
      vertex -27.1892 -12.6785 15
    endloop
  endfacet
  facet normal 0.92387 0.382707 -0
    outer loop
      vertex -28.1908 -10.2606 0
      vertex -28.1908 -10.2606 15
      vertex -27.1892 -12.6785 0
    endloop
  endfacet
  facet normal 0.92387 0.382707 0
    outer loop
      vertex -27.1892 -12.6785 15
      vertex -27.1892 -12.6785 0
      vertex -28.1908 -10.2606 15
    endloop
  endfacet
  facet normal 0.953716 0.30071 -0
    outer loop
      vertex -28.9778 -7.76459 0
      vertex -28.9778 -7.76459 15
      vertex -28.1908 -10.2606 0
    endloop
  endfacet
  facet normal 0.953716 0.30071 0
    outer loop
      vertex -28.1908 -10.2606 15
      vertex -28.1908 -10.2606 0
      vertex -28.9778 -7.76459 15
    endloop
  endfacet
  facet normal 0.976302 0.216413 -0
    outer loop
      vertex -29.5442 -5.2094 0
      vertex -29.5442 -5.2094 15
      vertex -28.9778 -7.76459 0
    endloop
  endfacet
  facet normal 0.976302 0.216413 0
    outer loop
      vertex -28.9778 -7.76459 15
      vertex -28.9778 -7.76459 0
      vertex -29.5442 -5.2094 15
    endloop
  endfacet
  facet normal 0.991445 0.130526 -0
    outer loop
      vertex -29.8858 -2.61469 0
      vertex -29.8858 -2.61469 15
      vertex -29.5442 -5.2094 0
    endloop
  endfacet
  facet normal 0.991445 0.130526 0
    outer loop
      vertex -29.5442 -5.2094 15
      vertex -29.5442 -5.2094 0
      vertex -29.8858 -2.61469 15
    endloop
  endfacet
  facet normal 0.999048 0.0436347 -0
    outer loop
      vertex -30 0 0
      vertex -30 0 15
      vertex -29.8858 -2.61469 0
    endloop
  endfacet
  facet normal 0.999048 0.0436347 0
    outer loop
      vertex -29.8858 -2.61469 15
      vertex -29.8858 -2.61469 0
      vertex -30 0 15
    endloop
  endfacet
  facet normal 0.999048 -0.0436347 0
    outer loop
      vertex -29.8858 2.61469 0
      vertex -29.8858 2.61469 15
      vertex -30 0 0
    endloop
  endfacet
  facet normal 0.999048 -0.0436347 0
    outer loop
      vertex -30 0 15
      vertex -30 0 0
      vertex -29.8858 2.61469 15
    endloop
  endfacet
  facet normal 0.991445 -0.130526 0
    outer loop
      vertex -29.5442 5.2094 0
      vertex -29.5442 5.2094 15
      vertex -29.8858 2.61469 0
    endloop
  endfacet
  facet normal 0.991445 -0.130526 0
    outer loop
      vertex -29.8858 2.61469 15
      vertex -29.8858 2.61469 0
      vertex -29.5442 5.2094 15
    endloop
  endfacet
  facet normal 0.976302 -0.216413 0
    outer loop
      vertex -28.9778 7.76459 0
      vertex -28.9778 7.76459 15
      vertex -29.5442 5.2094 0
    endloop
  endfacet
  facet normal 0.976302 -0.216413 0
    outer loop
      vertex -29.5442 5.2094 15
      vertex -29.5442 5.2094 0
      vertex -28.9778 7.76459 15
    endloop
  endfacet
  facet normal 0.953716 -0.30071 0
    outer loop
      vertex -28.1908 10.2606 0
      vertex -28.1908 10.2606 15
      vertex -28.9778 7.76459 0
    endloop
  endfacet
  facet normal 0.953716 -0.30071 0
    outer loop
      vertex -28.9778 7.76459 15
      vertex -28.9778 7.76459 0
      vertex -28.1908 10.2606 15
    endloop
  endfacet
  facet normal 0.92387 -0.382707 0
    outer loop
      vertex -27.1892 12.6785 0
      vertex -27.1892 12.6785 15
      vertex -28.1908 10.2606 0
    endloop
  endfacet
  facet normal 0.92387 -0.382707 0
    outer loop
      vertex -28.1908 10.2606 15
      vertex -28.1908 10.2606 0
      vertex -27.1892 12.6785 15
    endloop
  endfacet
  facet normal 0.887026 -0.46172 0
    outer loop
      vertex -25.9808 15 0
      vertex -25.9808 15 15
      vertex -27.1892 12.6785 0
    endloop
  endfacet
  facet normal 0.887026 -0.46172 0
    outer loop
      vertex -27.1892 12.6785 15
      vertex -27.1892 12.6785 0
      vertex -25.9808 15 15
    endloop
  endfacet
  facet normal 0.843392 -0.537298 0
    outer loop
      vertex -24.5746 17.2073 0
      vertex -24.5746 17.2073 15
      vertex -25.9808 15 0
    endloop
  endfacet
  facet normal 0.843392 -0.537298 0
    outer loop
      vertex -25.9808 15 15
      vertex -25.9808 15 0
      vertex -24.5746 17.2073 15
    endloop
  endfacet
  facet normal 0.793335 -0.608785 0
    outer loop
      vertex -22.9813 19.2836 0
      vertex -22.9813 19.2836 15
      vertex -24.5746 17.2073 0
    endloop
  endfacet
  facet normal 0.793335 -0.608785 0
    outer loop
      vertex -24.5746 17.2073 15
      vertex -24.5746 17.2073 0
      vertex -22.9813 19.2836 15
    endloop
  endfacet
  facet normal 0.737287 -0.675579 0
    outer loop
      vertex -21.2132 21.2132 0
      vertex -21.2132 21.2132 15
      vertex -22.9813 19.2836 0
    endloop
  endfacet
  facet normal 0.737287 -0.675579 0
    outer loop
      vertex -22.9813 19.2836 15
      vertex -22.9813 19.2836 0
      vertex -21.2132 21.2132 15
    endloop
  endfacet
  facet normal 0.675579 -0.737287 0
    outer loop
      vertex -19.2836 22.9813 0
      vertex -19.2836 22.9813 15
      vertex -21.2132 21.2132 0
    endloop
  endfacet
  facet normal 0.675579 -0.737287 0
    outer loop
      vertex -21.2132 21.2132 15
      vertex -21.2132 21.2132 0
      vertex -19.2836 22.9813 15
    endloop
  endfacet
  facet normal 0.608785 -0.793335 0
    outer loop
      vertex -17.2073 24.5746 0
      vertex -17.2073 24.5746 15
      vertex -19.2836 22.9813 0
    endloop
  endfacet
  facet normal 0.608785 -0.793335 0
    outer loop
      vertex -19.2836 22.9813 15
      vertex -19.2836 22.9813 0
      vertex -17.2073 24.5746 15
    endloop
  endfacet
  facet normal 0.537298 -0.843392 0
    outer loop
      vertex -15 25.9808 0
      vertex -15 25.9808 15
      vertex -17.2073 24.5746 0
    endloop
  endfacet
  facet normal 0.537298 -0.843392 0
    outer loop
      vertex -17.2073 24.5746 15
      vertex -17.2073 24.5746 0
      vertex -15 25.9808 15
    endloop
  endfacet
  facet normal 0.46172 -0.887026 0
    outer loop
      vertex -12.6785 27.1892 0
      vertex -12.6785 27.1892 15
      vertex -15 25.9808 0
    endloop
  endfacet
  facet normal 0.46172 -0.887026 0
    outer loop
      vertex -15 25.9808 15
      vertex -15 25.9808 0
      vertex -12.6785 27.1892 15
    endloop
  endfacet
  facet normal 0.382707 -0.92387 0
    outer loop
      vertex -10.2606 28.1908 0
      vertex -10.2606 28.1908 15
      vertex -12.6785 27.1892 0
    endloop
  endfacet
  facet normal 0.382707 -0.92387 0
    outer loop
      vertex -12.6785 27.1892 15
      vertex -12.6785 27.1892 0
      vertex -10.2606 28.1908 15
    endloop
  endfacet
  facet normal 0.30071 -0.953716 0
    outer loop
      vertex -7.76459 28.9778 0
      vertex -7.76459 28.9778 15
      vertex -10.2606 28.1908 0
    endloop
  endfacet
  facet normal 0.30071 -0.953716 0
    outer loop
      vertex -10.2606 28.1908 15
      vertex -10.2606 28.1908 0
      vertex -7.76459 28.9778 15
    endloop
  endfacet
  facet normal 0.216413 -0.976302 0
    outer loop
      vertex -5.2094 29.5442 0
      vertex -5.2094 29.5442 15
      vertex -7.76459 28.9778 0
    endloop
  endfacet
  facet normal 0.216413 -0.976302 0
    outer loop
      vertex -7.76459 28.9778 15
      vertex -7.76459 28.9778 0
      vertex -5.2094 29.5442 15
    endloop
  endfacet
  facet normal 0.130526 -0.991445 0
    outer loop
      vertex -2.61469 29.8858 0
      vertex -2.61469 29.8858 15
      vertex -5.2094 29.5442 0
    endloop
  endfacet
  facet normal 0.130526 -0.991445 0
    outer loop
      vertex -5.2094 29.5442 15
      vertex -5.2094 29.5442 0
      vertex -2.61469 29.8858 15
    endloop
  endfacet
  facet normal 0.0436347 -0.999048 0
    outer loop
      vertex 0 30 0
      vertex 0 30 15
      vertex -2.61469 29.8858 0
    endloop
  endfacet
  facet normal 0.0436347 -0.999048 0
    outer loop
      vertex -2.61469 29.8858 15
      vertex -2.61469 29.8858 0
      vertex 0 30 15
    endloop
  endfacet
  facet normal -0.0436347 -0.999048 0
    outer loop
      vertex 2.61469 29.8858 0
      vertex 2.61469 29.8858 15
      vertex 0 30 0
    endloop
  endfacet
  facet normal -0.0436347 -0.999048 -0
    outer loop
      vertex 0 30 15
      vertex 0 30 0
      vertex 2.61469 29.8858 15
    endloop
  endfacet
  facet normal -0.130526 -0.991445 0
    outer loop
      vertex 5.2094 29.5442 0
      vertex 5.2094 29.5442 15
      vertex 2.61469 29.8858 0
    endloop
  endfacet
  facet normal -0.130526 -0.991445 -0
    outer loop
      vertex 2.61469 29.8858 15
      vertex 2.61469 29.8858 0
      vertex 5.2094 29.5442 15
    endloop
  endfacet
  facet normal -0.216413 -0.976302 0
    outer loop
      vertex 7.76459 28.9778 0
      vertex 7.76459 28.9778 15
      vertex 5.2094 29.5442 0
    endloop
  endfacet
  facet normal -0.216413 -0.976302 -0
    outer loop
      vertex 5.2094 29.5442 15
      vertex 5.2094 29.5442 0
      vertex 7.76459 28.9778 15
    endloop
  endfacet
  facet normal -0.30071 -0.953716 0
    outer loop
      vertex 10.2606 28.1908 0
      vertex 10.2606 28.1908 15
      vertex 7.76459 28.9778 0
    endloop
  endfacet
  facet normal -0.30071 -0.953716 -0
    outer loop
      vertex 7.76459 28.9778 15
      vertex 7.76459 28.9778 0
      vertex 10.2606 28.1908 15
    endloop
  endfacet
  facet normal -0.382707 -0.92387 0
    outer loop
      vertex 12.6785 27.1892 0
      vertex 12.6785 27.1892 15
      vertex 10.2606 28.1908 0
    endloop
  endfacet
  facet normal -0.382707 -0.92387 -0
    outer loop
      vertex 10.2606 28.1908 15
      vertex 10.2606 28.1908 0
      vertex 12.6785 27.1892 15
    endloop
  endfacet
  facet normal -0.46172 -0.887026 0
    outer loop
      vertex 15 25.9808 0
      vertex 15 25.9808 15
      vertex 12.6785 27.1892 0
    endloop
  endfacet
  facet normal -0.46172 -0.887026 -0
    outer loop
      vertex 12.6785 27.1892 15
      vertex 12.6785 27.1892 0
      vertex 15 25.9808 15
    endloop
  endfacet
  facet normal -0.537298 -0.843392 0
    outer loop
      vertex 17.2073 24.5746 0
      vertex 17.2073 24.5746 15
      vertex 15 25.9808 0
    endloop
  endfacet
  facet normal -0.537298 -0.843392 -0
    outer loop
      vertex 15 25.9808 15
      vertex 15 25.9808 0
      vertex 17.2073 24.5746 15
    endloop
  endfacet
  facet normal -0.608785 -0.793335 0
    outer loop
      vertex 19.2836 22.9813 0
      vertex 19.2836 22.9813 15
      vertex 17.2073 24.5746 0
    endloop
  endfacet
  facet normal -0.608785 -0.793335 -0
    outer loop
      vertex 17.2073 24.5746 15
      vertex 17.2073 24.5746 0
      vertex 19.2836 22.9813 15
    endloop
  endfacet
  facet normal -0.675579 -0.737287 0
    outer loop
      vertex 21.2132 21.2132 0
      vertex 21.2132 21.2132 15
      vertex 19.2836 22.9813 0
    endloop
  endfacet
  facet normal -0.675579 -0.737287 -0
    outer loop
      vertex 19.2836 22.9813 15
      vertex 19.2836 22.9813 0
      vertex 21.2132 21.2132 15
    endloop
  endfacet
  facet normal -0.737287 -0.675579 0
    outer loop
      vertex 22.9813 19.2836 0
      vertex 22.9813 19.2836 15
      vertex 21.2132 21.2132 0
    endloop
  endfacet
  facet normal -0.737287 -0.675579 -0
    outer loop
      vertex 21.2132 21.2132 15
      vertex 21.2132 21.2132 0
      vertex 22.9813 19.2836 15
    endloop
  endfacet
  facet normal -0.793335 -0.608785 0
    outer loop
      vertex 24.5746 17.2073 0
      vertex 24.5746 17.2073 15
      vertex 22.9813 19.2836 0
    endloop
  endfacet
  facet normal -0.793335 -0.608785 -0
    outer loop
      vertex 22.9813 19.2836 15
      vertex 22.9813 19.2836 0
      vertex 24.5746 17.2073 15
    endloop
  endfacet
  facet normal -0.843392 -0.537298 0
    outer loop
      vertex 25.9808 15 0
      vertex 25.9808 15 15
      vertex 24.5746 17.2073 0
    endloop
  endfacet
  facet normal -0.843392 -0.537298 -0
    outer loop
      vertex 24.5746 17.2073 15
      vertex 24.5746 17.2073 0
      vertex 25.9808 15 15
    endloop
  endfacet
  facet normal -0.887026 -0.46172 0
    outer loop
      vertex 27.1892 12.6785 0
      vertex 27.1892 12.6785 15
      vertex 25.9808 15 0
    endloop
  endfacet
  facet normal -0.887026 -0.46172 -0
    outer loop
      vertex 25.9808 15 15
      vertex 25.9808 15 0
      vertex 27.1892 12.6785 15
    endloop
  endfacet
  facet normal -0.92387 -0.382707 0
    outer loop
      vertex 28.1908 10.2606 0
      vertex 28.1908 10.2606 15
      vertex 27.1892 12.6785 0
    endloop
  endfacet
  facet normal -0.92387 -0.382707 -0
    outer loop
      vertex 27.1892 12.6785 15
      vertex 27.1892 12.6785 0
      vertex 28.1908 10.2606 15
    endloop
  endfacet
  facet normal -0.953716 -0.30071 0
    outer loop
      vertex 28.9778 7.76459 0
      vertex 28.9778 7.76459 15
      vertex 28.1908 10.2606 0
    endloop
  endfacet
  facet normal -0.953716 -0.30071 -0
    outer loop
      vertex 28.1908 10.2606 15
      vertex 28.1908 10.2606 0
      vertex 28.9778 7.76459 15
    endloop
  endfacet
  facet normal -0.976302 -0.216413 0
    outer loop
      vertex 29.5442 5.2094 0
      vertex 29.5442 5.2094 15
      vertex 28.9778 7.76459 0
    endloop
  endfacet
  facet normal -0.976302 -0.216413 -0
    outer loop
      vertex 28.9778 7.76459 15
      vertex 28.9778 7.76459 0
      vertex 29.5442 5.2094 15
    endloop
  endfacet
  facet normal -0.991445 -0.130526 0
    outer loop
      vertex 29.8858 2.61469 0
      vertex 29.8858 2.61469 15
      vertex 29.5442 5.2094 0
    endloop
  endfacet
  facet normal -0.991445 -0.130526 -0
    outer loop
      vertex 29.5442 5.2094 15
      vertex 29.5442 5.2094 0
      vertex 29.8858 2.61469 15
    endloop
  endfacet
  facet normal -0.999048 -0.0436347 0
    outer loop
      vertex 30 0 0
      vertex 30 0 15
      vertex 29.8858 2.61469 0
    endloop
  endfacet
  facet normal -0.999048 -0.0436347 -0
    outer loop
      vertex 29.8858 2.61469 15
      vertex 29.8858 2.61469 0
      vertex 30 0 15
    endloop
  endfacet
  facet normal -0.999048 0.0436347 0
    outer loop
      vertex 29.8858 -2.61469 0
      vertex 29.8858 -2.61469 15
      vertex 30 0 0
    endloop
  endfacet
  facet normal -0.999048 0.0436347 0
    outer loop
      vertex 30 0 15
      vertex 30 0 0
      vertex 29.8858 -2.61469 15
    endloop
  endfacet
  facet normal -0.991445 0.130526 0
    outer loop
      vertex 29.5442 -5.2094 0
      vertex 29.5442 -5.2094 15
      vertex 29.8858 -2.61469 0
    endloop
  endfacet
  facet normal -0.991445 0.130526 0
    outer loop
      vertex 29.8858 -2.61469 15
      vertex 29.8858 -2.61469 0
      vertex 29.5442 -5.2094 15
    endloop
  endfacet
  facet normal -0.976302 0.216413 0
    outer loop
      vertex 28.9778 -7.76459 0
      vertex 28.9778 -7.76459 15
      vertex 29.5442 -5.2094 0
    endloop
  endfacet
  facet normal -0.976302 0.216413 0
    outer loop
      vertex 29.5442 -5.2094 15
      vertex 29.5442 -5.2094 0
      vertex 28.9778 -7.76459 15
    endloop
  endfacet
  facet normal -0.953716 0.30071 0
    outer loop
      vertex 28.1908 -10.2606 0
      vertex 28.1908 -10.2606 15
      vertex 28.9778 -7.76459 0
    endloop
  endfacet
  facet normal -0.953716 0.30071 0
    outer loop
      vertex 28.9778 -7.76459 15
      vertex 28.9778 -7.76459 0
      vertex 28.1908 -10.2606 15
    endloop
  endfacet
  facet normal -0.92387 0.382707 0
    outer loop
      vertex 27.1892 -12.6785 0
      vertex 27.1892 -12.6785 15
      vertex 28.1908 -10.2606 0
    endloop
  endfacet
  facet normal -0.92387 0.382707 0
    outer loop
      vertex 28.1908 -10.2606 15
      vertex 28.1908 -10.2606 0
      vertex 27.1892 -12.6785 15
    endloop
  endfacet
  facet normal -0.887026 0.46172 0
    outer loop
      vertex 25.9808 -15 0
      vertex 25.9808 -15 15
      vertex 27.1892 -12.6785 0
    endloop
  endfacet
  facet normal -0.887026 0.46172 0
    outer loop
      vertex 27.1892 -12.6785 15
      vertex 27.1892 -12.6785 0
      vertex 25.9808 -15 15
    endloop
  endfacet
  facet normal -0.843392 0.537298 0
    outer loop
      vertex 24.5746 -17.2073 0
      vertex 24.5746 -17.2073 15
      vertex 25.9808 -15 0
    endloop
  endfacet
  facet normal -0.843392 0.537298 0
    outer loop
      vertex 25.9808 -15 15
      vertex 25.9808 -15 0
      vertex 24.5746 -17.2073 15
    endloop
  endfacet
  facet normal -0.793335 0.608785 0
    outer loop
      vertex 22.9813 -19.2836 0
      vertex 22.9813 -19.2836 15
      vertex 24.5746 -17.2073 0
    endloop
  endfacet
  facet normal -0.793335 0.608785 0
    outer loop
      vertex 24.5746 -17.2073 15
      vertex 24.5746 -17.2073 0
      vertex 22.9813 -19.2836 15
    endloop
  endfacet
  facet normal -0.737287 0.675579 0
    outer loop
      vertex 21.2132 -21.2132 0
      vertex 21.2132 -21.2132 15
      vertex 22.9813 -19.2836 0
    endloop
  endfacet
  facet normal -0.737287 0.675579 0
    outer loop
      vertex 22.9813 -19.2836 15
      vertex 22.9813 -19.2836 0
      vertex 21.2132 -21.2132 15
    endloop
  endfacet
  facet normal -0.675579 0.737287 0
    outer loop
      vertex 19.2836 -22.9813 0
      vertex 19.2836 -22.9813 15
      vertex 21.2132 -21.2132 0
    endloop
  endfacet
  facet normal -0.675579 0.737287 0
    outer loop
      vertex 21.2132 -21.2132 15
      vertex 21.2132 -21.2132 0
      vertex 19.2836 -22.9813 15
    endloop
  endfacet
  facet normal -0.608785 0.793335 0
    outer loop
      vertex 17.2073 -24.5746 0
      vertex 17.2073 -24.5746 15
      vertex 19.2836 -22.9813 0
    endloop
  endfacet
  facet normal -0.608785 0.793335 0
    outer loop
      vertex 19.2836 -22.9813 15
      vertex 19.2836 -22.9813 0
      vertex 17.2073 -24.5746 15
    endloop
  endfacet
  facet normal -0.537298 0.843392 0
    outer loop
      vertex 15 -25.9808 0
      vertex 15 -25.9808 15
      vertex 17.2073 -24.5746 0
    endloop
  endfacet
  facet normal -0.537298 0.843392 0
    outer loop
      vertex 17.2073 -24.5746 15
      vertex 17.2073 -24.5746 0
      vertex 15 -25.9808 15
    endloop
  endfacet
  facet normal -0.46172 0.887026 0
    outer loop
      vertex 12.6785 -27.1892 0
      vertex 12.6785 -27.1892 15
      vertex 15 -25.9808 0
    endloop
  endfacet
  facet normal -0.46172 0.887026 0
    outer loop
      vertex 15 -25.9808 15
      vertex 15 -25.9808 0
      vertex 12.6785 -27.1892 15
    endloop
  endfacet
  facet normal -0.382707 0.92387 0
    outer loop
      vertex 10.2606 -28.1908 0
      vertex 10.2606 -28.1908 15
      vertex 12.6785 -27.1892 0
    endloop
  endfacet
  facet normal -0.382707 0.92387 0
    outer loop
      vertex 12.6785 -27.1892 15
      vertex 12.6785 -27.1892 0
      vertex 10.2606 -28.1908 15
    endloop
  endfacet
  facet normal -0.30071 0.953716 0
    outer loop
      vertex 7.76459 -28.9778 0
      vertex 7.76459 -28.9778 15
      vertex 10.2606 -28.1908 0
    endloop
  endfacet
  facet normal -0.30071 0.953716 0
    outer loop
      vertex 10.2606 -28.1908 15
      vertex 10.2606 -28.1908 0
      vertex 7.76459 -28.9778 15
    endloop
  endfacet
  facet normal -0.216413 0.976302 0
    outer loop
      vertex 5.2094 -29.5442 0
      vertex 5.2094 -29.5442 15
      vertex 7.76459 -28.9778 0
    endloop
  endfacet
  facet normal -0.216413 0.976302 0
    outer loop
      vertex 7.76459 -28.9778 15
      vertex 7.76459 -28.9778 0
      vertex 5.2094 -29.5442 15
    endloop
  endfacet
  facet normal -0.130526 0.991445 0
    outer loop
      vertex 2.61469 -29.8858 0
      vertex 2.61469 -29.8858 15
      vertex 5.2094 -29.5442 0
    endloop
  endfacet
  facet normal -0.130526 0.991445 0
    outer loop
      vertex 5.2094 -29.5442 15
      vertex 5.2094 -29.5442 0
      vertex 2.61469 -29.8858 15
    endloop
  endfacet
  facet normal -0.0436347 0.999048 0
    outer loop
      vertex 0 -30 0
      vertex 0 -30 15
      vertex 2.61469 -29.8858 0
    endloop
  endfacet
  facet normal -0.0436347 0.999048 0
    outer loop
      vertex 2.61469 -29.8858 15
      vertex 2.61469 -29.8858 0
      vertex 0 -30 15
    endloop
  endfacet
  facet normal 0.0436347 0.999048 -0
    outer loop
      vertex -2.61469 -29.8858 0
      vertex -2.61469 -29.8858 15
      vertex 0 -30 0
    endloop
  endfacet
  facet normal 0.0436347 0.999048 0
    outer loop
      vertex 0 -30 15
      vertex 0 -30 0
      vertex -2.61469 -29.8858 15
    endloop
  endfacet
  facet normal 0.130712 0.99142 -0
    outer loop
      vertex 41.0537 14.2664 0
      vertex 41.0537 14.2664 15
      vertex 41.3131 14.2322 0
    endloop
  endfacet
  facet normal 0.130712 0.99142 0
    outer loop
      vertex 41.3131 14.2322 15
      vertex 41.3131 14.2322 0
      vertex 41.0537 14.2664 15
    endloop
  endfacet
  facet normal 0.216202 0.976349 -0
    outer loop
      vertex 40.7981 14.323 0
      vertex 40.7981 14.323 15
      vertex 41.0537 14.2664 0
    endloop
  endfacet
  facet normal 0.216202 0.976349 0
    outer loop
      vertex 41.0537 14.2664 15
      vertex 41.0537 14.2664 0
      vertex 40.7981 14.323 15
    endloop
  endfacet
  facet normal 0.300711 0.953715 -0
    outer loop
      vertex 40.5485 14.4017 0
      vertex 40.5485 14.4017 15
      vertex 40.7981 14.323 0
    endloop
  endfacet
  facet normal 0.300711 0.953715 0
    outer loop
      vertex 40.7981 14.323 15
      vertex 40.7981 14.323 0
      vertex 40.5485 14.4017 15
    endloop
  endfacet
  facet normal 0.382824 0.923821 -0
    outer loop
      vertex 40.3067 14.5019 0
      vertex 40.3067 14.5019 15
      vertex 40.5485 14.4017 0
    endloop
  endfacet
  facet normal 0.382824 0.923821 0
    outer loop
      vertex 40.5485 14.4017 15
      vertex 40.5485 14.4017 0
      vertex 40.3067 14.5019 15
    endloop
  endfacet
  facet normal 0.461678 0.887048 -0
    outer loop
      vertex 40.0746 14.6227 0
      vertex 40.0746 14.6227 15
      vertex 40.3067 14.5019 0
    endloop
  endfacet
  facet normal 0.461678 0.887048 0
    outer loop
      vertex 40.3067 14.5019 15
      vertex 40.3067 14.5019 0
      vertex 40.0746 14.6227 15
    endloop
  endfacet
  facet normal 0.537296 0.843394 -0
    outer loop
      vertex 39.8539 14.7633 0
      vertex 39.8539 14.7633 15
      vertex 40.0746 14.6227 0
    endloop
  endfacet
  facet normal 0.537296 0.843394 0
    outer loop
      vertex 40.0746 14.6227 15
      vertex 40.0746 14.6227 0
      vertex 39.8539 14.7633 15
    endloop
  endfacet
  facet normal 0.608824 0.793305 -0
    outer loop
      vertex 39.6462 14.9227 0
      vertex 39.6462 14.9227 15
      vertex 39.8539 14.7633 0
    endloop
  endfacet
  facet normal 0.608824 0.793305 0
    outer loop
      vertex 39.8539 14.7633 15
      vertex 39.8539 14.7633 0
      vertex 39.6462 14.9227 15
    endloop
  endfacet
  facet normal 0.675673 0.737202 -0
    outer loop
      vertex 39.4533 15.0995 0
      vertex 39.4533 15.0995 15
      vertex 39.6462 14.9227 0
    endloop
  endfacet
  facet normal 0.675673 0.737202 0
    outer loop
      vertex 39.6462 14.9227 15
      vertex 39.6462 14.9227 0
      vertex 39.4533 15.0995 15
    endloop
  endfacet
  facet normal 0.737202 0.675673 -0
    outer loop
      vertex 39.2765 15.2924 0
      vertex 39.2765 15.2924 15
      vertex 39.4533 15.0995 0
    endloop
  endfacet
  facet normal 0.737202 0.675673 0
    outer loop
      vertex 39.4533 15.0995 15
      vertex 39.4533 15.0995 0
      vertex 39.2765 15.2924 15
    endloop
  endfacet
  facet normal 0.793305 0.608824 -0
    outer loop
      vertex 39.1171 15.5001 0
      vertex 39.1171 15.5001 15
      vertex 39.2765 15.2924 0
    endloop
  endfacet
  facet normal 0.793305 0.608824 0
    outer loop
      vertex 39.2765 15.2924 15
      vertex 39.2765 15.2924 0
      vertex 39.1171 15.5001 15
    endloop
  endfacet
  facet normal 0.843394 0.537296 -0
    outer loop
      vertex 38.9765 15.7208 0
      vertex 38.9765 15.7208 15
      vertex 39.1171 15.5001 0
    endloop
  endfacet
  facet normal 0.843394 0.537296 0
    outer loop
      vertex 39.1171 15.5001 15
      vertex 39.1171 15.5001 0
      vertex 38.9765 15.7208 15
    endloop
  endfacet
  facet normal 0.887048 0.461678 -0
    outer loop
      vertex 38.8557 15.9529 0
      vertex 38.8557 15.9529 15
      vertex 38.9765 15.7208 0
    endloop
  endfacet
  facet normal 0.887048 0.461678 0
    outer loop
      vertex 38.9765 15.7208 15
      vertex 38.9765 15.7208 0
      vertex 38.8557 15.9529 15
    endloop
  endfacet
  facet normal 0.923821 0.382824 -0
    outer loop
      vertex 38.7555 16.1947 0
      vertex 38.7555 16.1947 15
      vertex 38.8557 15.9529 0
    endloop
  endfacet
  facet normal 0.923821 0.382824 0
    outer loop
      vertex 38.8557 15.9529 15
      vertex 38.8557 15.9529 0
      vertex 38.7555 16.1947 15
    endloop
  endfacet
  facet normal 0.953715 0.300711 -0
    outer loop
      vertex 38.6768 16.4443 0
      vertex 38.6768 16.4443 15
      vertex 38.7555 16.1947 0
    endloop
  endfacet
  facet normal 0.953715 0.300711 0
    outer loop
      vertex 38.7555 16.1947 15
      vertex 38.7555 16.1947 0
      vertex 38.6768 16.4443 15
    endloop
  endfacet
  facet normal 0.976349 0.216202 -0
    outer loop
      vertex 38.6202 16.6999 0
      vertex 38.6202 16.6999 15
      vertex 38.6768 16.4443 0
    endloop
  endfacet
  facet normal 0.976349 0.216202 0
    outer loop
      vertex 38.6768 16.4443 15
      vertex 38.6768 16.4443 0
      vertex 38.6202 16.6999 15
    endloop
  endfacet
  facet normal 0.99142 0.130712 -0
    outer loop
      vertex 38.586 16.9593 0
      vertex 38.586 16.9593 15
      vertex 38.6202 16.6999 0
    endloop
  endfacet
  facet normal 0.99142 0.130712 0
    outer loop
      vertex 38.6202 16.6999 15
      vertex 38.6202 16.6999 0
      vertex 38.586 16.9593 15
    endloop
  endfacet
  facet normal 0.999051 0.0435533 -0
    outer loop
      vertex 38.5746 17.2208 0
      vertex 38.5746 17.2208 15
      vertex 38.586 16.9593 0
    endloop
  endfacet
  facet normal 0.999051 0.0435533 0
    outer loop
      vertex 38.586 16.9593 15
      vertex 38.586 16.9593 0
      vertex 38.5746 17.2208 15
    endloop
  endfacet
  facet normal 0.999051 -0.0435533 0
    outer loop
      vertex 38.586 17.4823 0
      vertex 38.586 17.4823 15
      vertex 38.5746 17.2208 0
    endloop
  endfacet
  facet normal 0.999051 -0.0435533 0
    outer loop
      vertex 38.5746 17.2208 15
      vertex 38.5746 17.2208 0
      vertex 38.586 17.4823 15
    endloop
  endfacet
  facet normal 0.99142 -0.130712 0
    outer loop
      vertex 38.6202 17.7417 0
      vertex 38.6202 17.7417 15
      vertex 38.586 17.4823 0
    endloop
  endfacet
  facet normal 0.99142 -0.130712 0
    outer loop
      vertex 38.586 17.4823 15
      vertex 38.586 17.4823 0
      vertex 38.6202 17.7417 15
    endloop
  endfacet
  facet normal 0.976349 -0.216202 0
    outer loop
      vertex 38.6768 17.9973 0
      vertex 38.6768 17.9973 15
      vertex 38.6202 17.7417 0
    endloop
  endfacet
  facet normal 0.976349 -0.216202 0
    outer loop
      vertex 38.6202 17.7417 15
      vertex 38.6202 17.7417 0
      vertex 38.6768 17.9973 15
    endloop
  endfacet
  facet normal 0.953715 -0.300711 0
    outer loop
      vertex 38.7555 18.2469 0
      vertex 38.7555 18.2469 15
      vertex 38.6768 17.9973 0
    endloop
  endfacet
  facet normal 0.953715 -0.300711 0
    outer loop
      vertex 38.6768 17.9973 15
      vertex 38.6768 17.9973 0
      vertex 38.7555 18.2469 15
    endloop
  endfacet
  facet normal 0.923821 -0.382824 0
    outer loop
      vertex 38.8557 18.4887 0
      vertex 38.8557 18.4887 15
      vertex 38.7555 18.2469 0
    endloop
  endfacet
  facet normal 0.923821 -0.382824 0
    outer loop
      vertex 38.7555 18.2469 15
      vertex 38.7555 18.2469 0
      vertex 38.8557 18.4887 15
    endloop
  endfacet
  facet normal 0.887048 -0.461678 0
    outer loop
      vertex 38.9765 18.7208 0
      vertex 38.9765 18.7208 15
      vertex 38.8557 18.4887 0
    endloop
  endfacet
  facet normal 0.887048 -0.461678 0
    outer loop
      vertex 38.8557 18.4887 15
      vertex 38.8557 18.4887 0
      vertex 38.9765 18.7208 15
    endloop
  endfacet
  facet normal 0.843394 -0.537296 0
    outer loop
      vertex 39.1171 18.9415 0
      vertex 39.1171 18.9415 15
      vertex 38.9765 18.7208 0
    endloop
  endfacet
  facet normal 0.843394 -0.537296 0
    outer loop
      vertex 38.9765 18.7208 15
      vertex 38.9765 18.7208 0
      vertex 39.1171 18.9415 15
    endloop
  endfacet
  facet normal 0.793305 -0.608824 0
    outer loop
      vertex 39.2765 19.1492 0
      vertex 39.2765 19.1492 15
      vertex 39.1171 18.9415 0
    endloop
  endfacet
  facet normal 0.793305 -0.608824 0
    outer loop
      vertex 39.1171 18.9415 15
      vertex 39.1171 18.9415 0
      vertex 39.2765 19.1492 15
    endloop
  endfacet
  facet normal 0.737202 -0.675673 0
    outer loop
      vertex 39.4533 19.3421 0
      vertex 39.4533 19.3421 15
      vertex 39.2765 19.1492 0
    endloop
  endfacet
  facet normal 0.737202 -0.675673 0
    outer loop
      vertex 39.2765 19.1492 15
      vertex 39.2765 19.1492 0
      vertex 39.4533 19.3421 15
    endloop
  endfacet
  facet normal 0.675673 -0.737202 0
    outer loop
      vertex 39.6462 19.5189 0
      vertex 39.6462 19.5189 15
      vertex 39.4533 19.3421 0
    endloop
  endfacet
  facet normal 0.675673 -0.737202 0
    outer loop
      vertex 39.4533 19.3421 15
      vertex 39.4533 19.3421 0
      vertex 39.6462 19.5189 15
    endloop
  endfacet
  facet normal 0.608824 -0.793305 0
    outer loop
      vertex 39.8539 19.6783 0
      vertex 39.8539 19.6783 15
      vertex 39.6462 19.5189 0
    endloop
  endfacet
  facet normal 0.608824 -0.793305 0
    outer loop
      vertex 39.6462 19.5189 15
      vertex 39.6462 19.5189 0
      vertex 39.8539 19.6783 15
    endloop
  endfacet
  facet normal 0.537296 -0.843394 0
    outer loop
      vertex 40.0746 19.8189 0
      vertex 40.0746 19.8189 15
      vertex 39.8539 19.6783 0
    endloop
  endfacet
  facet normal 0.537296 -0.843394 0
    outer loop
      vertex 39.8539 19.6783 15
      vertex 39.8539 19.6783 0
      vertex 40.0746 19.8189 15
    endloop
  endfacet
  facet normal 0.461678 -0.887048 0
    outer loop
      vertex 40.3067 19.9397 0
      vertex 40.3067 19.9397 15
      vertex 40.0746 19.8189 0
    endloop
  endfacet
  facet normal 0.461678 -0.887048 0
    outer loop
      vertex 40.0746 19.8189 15
      vertex 40.0746 19.8189 0
      vertex 40.3067 19.9397 15
    endloop
  endfacet
  facet normal 0.382824 -0.923821 0
    outer loop
      vertex 40.5485 20.0399 0
      vertex 40.5485 20.0399 15
      vertex 40.3067 19.9397 0
    endloop
  endfacet
  facet normal 0.382824 -0.923821 0
    outer loop
      vertex 40.3067 19.9397 15
      vertex 40.3067 19.9397 0
      vertex 40.5485 20.0399 15
    endloop
  endfacet
  facet normal 0.300711 -0.953715 0
    outer loop
      vertex 40.7981 20.1186 0
      vertex 40.7981 20.1186 15
      vertex 40.5485 20.0399 0
    endloop
  endfacet
  facet normal 0.300711 -0.953715 0
    outer loop
      vertex 40.5485 20.0399 15
      vertex 40.5485 20.0399 0
      vertex 40.7981 20.1186 15
    endloop
  endfacet
  facet normal 0.216202 -0.976349 0
    outer loop
      vertex 41.0537 20.1752 0
      vertex 41.0537 20.1752 15
      vertex 40.7981 20.1186 0
    endloop
  endfacet
  facet normal 0.216202 -0.976349 0
    outer loop
      vertex 40.7981 20.1186 15
      vertex 40.7981 20.1186 0
      vertex 41.0537 20.1752 15
    endloop
  endfacet
  facet normal 0.130712 -0.99142 0
    outer loop
      vertex 41.3131 20.2094 0
      vertex 41.3131 20.2094 15
      vertex 41.0537 20.1752 0
    endloop
  endfacet
  facet normal 0.130712 -0.99142 0
    outer loop
      vertex 41.0537 20.1752 15
      vertex 41.0537 20.1752 0
      vertex 41.3131 20.2094 15
    endloop
  endfacet
  facet normal 0.0435533 -0.999051 0
    outer loop
      vertex 41.5746 20.2208 0
      vertex 41.5746 20.2208 15
      vertex 41.3131 20.2094 0
    endloop
  endfacet
  facet normal 0.0435533 -0.999051 0
    outer loop
      vertex 41.3131 20.2094 15
      vertex 41.3131 20.2094 0
      vertex 41.5746 20.2208 15
    endloop
  endfacet
  facet normal -0.0435533 -0.999051 0
    outer loop
      vertex 41.8361 20.2094 0
      vertex 41.8361 20.2094 15
      vertex 41.5746 20.2208 0
    endloop
  endfacet
  facet normal -0.0435533 -0.999051 -0
    outer loop
      vertex 41.5746 20.2208 15
      vertex 41.5746 20.2208 0
      vertex 41.8361 20.2094 15
    endloop
  endfacet
  facet normal -0.130712 -0.99142 0
    outer loop
      vertex 42.0955 20.1752 0
      vertex 42.0955 20.1752 15
      vertex 41.8361 20.2094 0
    endloop
  endfacet
  facet normal -0.130712 -0.99142 -0
    outer loop
      vertex 41.8361 20.2094 15
      vertex 41.8361 20.2094 0
      vertex 42.0955 20.1752 15
    endloop
  endfacet
  facet normal -0.216202 -0.976349 0
    outer loop
      vertex 42.3511 20.1186 0
      vertex 42.3511 20.1186 15
      vertex 42.0955 20.1752 0
    endloop
  endfacet
  facet normal -0.216202 -0.976349 -0
    outer loop
      vertex 42.0955 20.1752 15
      vertex 42.0955 20.1752 0
      vertex 42.3511 20.1186 15
    endloop
  endfacet
  facet normal -0.300711 -0.953715 0
    outer loop
      vertex 42.6007 20.0399 0
      vertex 42.6007 20.0399 15
      vertex 42.3511 20.1186 0
    endloop
  endfacet
  facet normal -0.300711 -0.953715 -0
    outer loop
      vertex 42.3511 20.1186 15
      vertex 42.3511 20.1186 0
      vertex 42.6007 20.0399 15
    endloop
  endfacet
  facet normal -0.382824 -0.923821 0
    outer loop
      vertex 42.8425 19.9397 0
      vertex 42.8425 19.9397 15
      vertex 42.6007 20.0399 0
    endloop
  endfacet
  facet normal -0.382824 -0.923821 -0
    outer loop
      vertex 42.6007 20.0399 15
      vertex 42.6007 20.0399 0
      vertex 42.8425 19.9397 15
    endloop
  endfacet
  facet normal -0.461678 -0.887048 0
    outer loop
      vertex 43.0746 19.8189 0
      vertex 43.0746 19.8189 15
      vertex 42.8425 19.9397 0
    endloop
  endfacet
  facet normal -0.461678 -0.887048 -0
    outer loop
      vertex 42.8425 19.9397 15
      vertex 42.8425 19.9397 0
      vertex 43.0746 19.8189 15
    endloop
  endfacet
  facet normal -0.537296 -0.843394 0
    outer loop
      vertex 43.2953 19.6783 0
      vertex 43.2953 19.6783 15
      vertex 43.0746 19.8189 0
    endloop
  endfacet
  facet normal -0.537296 -0.843394 -0
    outer loop
      vertex 43.0746 19.8189 15
      vertex 43.0746 19.8189 0
      vertex 43.2953 19.6783 15
    endloop
  endfacet
  facet normal -0.608824 -0.793305 0
    outer loop
      vertex 43.503 19.5189 0
      vertex 43.503 19.5189 15
      vertex 43.2953 19.6783 0
    endloop
  endfacet
  facet normal -0.608824 -0.793305 -0
    outer loop
      vertex 43.2953 19.6783 15
      vertex 43.2953 19.6783 0
      vertex 43.503 19.5189 15
    endloop
  endfacet
  facet normal -0.675673 -0.737202 0
    outer loop
      vertex 43.6959 19.3421 0
      vertex 43.6959 19.3421 15
      vertex 43.503 19.5189 0
    endloop
  endfacet
  facet normal -0.675673 -0.737202 -0
    outer loop
      vertex 43.503 19.5189 15
      vertex 43.503 19.5189 0
      vertex 43.6959 19.3421 15
    endloop
  endfacet
  facet normal -0.737202 -0.675673 0
    outer loop
      vertex 43.8727 19.1492 0
      vertex 43.8727 19.1492 15
      vertex 43.6959 19.3421 0
    endloop
  endfacet
  facet normal -0.737202 -0.675673 -0
    outer loop
      vertex 43.6959 19.3421 15
      vertex 43.6959 19.3421 0
      vertex 43.8727 19.1492 15
    endloop
  endfacet
  facet normal -0.793305 -0.608824 0
    outer loop
      vertex 44.0321 18.9415 0
      vertex 44.0321 18.9415 15
      vertex 43.8727 19.1492 0
    endloop
  endfacet
  facet normal -0.793305 -0.608824 -0
    outer loop
      vertex 43.8727 19.1492 15
      vertex 43.8727 19.1492 0
      vertex 44.0321 18.9415 15
    endloop
  endfacet
  facet normal -0.843394 -0.537296 0
    outer loop
      vertex 44.1727 18.7208 0
      vertex 44.1727 18.7208 15
      vertex 44.0321 18.9415 0
    endloop
  endfacet
  facet normal -0.843394 -0.537296 -0
    outer loop
      vertex 44.0321 18.9415 15
      vertex 44.0321 18.9415 0
      vertex 44.1727 18.7208 15
    endloop
  endfacet
  facet normal -0.887048 -0.461678 0
    outer loop
      vertex 44.2935 18.4887 0
      vertex 44.2935 18.4887 15
      vertex 44.1727 18.7208 0
    endloop
  endfacet
  facet normal -0.887048 -0.461678 -0
    outer loop
      vertex 44.1727 18.7208 15
      vertex 44.1727 18.7208 0
      vertex 44.2935 18.4887 15
    endloop
  endfacet
  facet normal -0.923821 -0.382824 0
    outer loop
      vertex 44.3937 18.2469 0
      vertex 44.3937 18.2469 15
      vertex 44.2935 18.4887 0
    endloop
  endfacet
  facet normal -0.923821 -0.382824 -0
    outer loop
      vertex 44.2935 18.4887 15
      vertex 44.2935 18.4887 0
      vertex 44.3937 18.2469 15
    endloop
  endfacet
  facet normal -0.953715 -0.300711 0
    outer loop
      vertex 44.4724 17.9973 0
      vertex 44.4724 17.9973 15
      vertex 44.3937 18.2469 0
    endloop
  endfacet
  facet normal -0.953715 -0.300711 -0
    outer loop
      vertex 44.3937 18.2469 15
      vertex 44.3937 18.2469 0
      vertex 44.4724 17.9973 15
    endloop
  endfacet
  facet normal -0.976349 -0.216202 0
    outer loop
      vertex 44.529 17.7417 0
      vertex 44.529 17.7417 15
      vertex 44.4724 17.9973 0
    endloop
  endfacet
  facet normal -0.976349 -0.216202 -0
    outer loop
      vertex 44.4724 17.9973 15
      vertex 44.4724 17.9973 0
      vertex 44.529 17.7417 15
    endloop
  endfacet
  facet normal -0.99142 -0.130712 0
    outer loop
      vertex 44.5632 17.4823 0
      vertex 44.5632 17.4823 15
      vertex 44.529 17.7417 0
    endloop
  endfacet
  facet normal -0.99142 -0.130712 -0
    outer loop
      vertex 44.529 17.7417 15
      vertex 44.529 17.7417 0
      vertex 44.5632 17.4823 15
    endloop
  endfacet
  facet normal -0.999051 -0.0435533 0
    outer loop
      vertex 44.5746 17.2208 0
      vertex 44.5746 17.2208 15
      vertex 44.5632 17.4823 0
    endloop
  endfacet
  facet normal -0.999051 -0.0435533 -0
    outer loop
      vertex 44.5632 17.4823 15
      vertex 44.5632 17.4823 0
      vertex 44.5746 17.2208 15
    endloop
  endfacet
  facet normal -0.999051 0.0435533 0
    outer loop
      vertex 44.5632 16.9593 0
      vertex 44.5632 16.9593 15
      vertex 44.5746 17.2208 0
    endloop
  endfacet
  facet normal -0.999051 0.0435533 0
    outer loop
      vertex 44.5746 17.2208 15
      vertex 44.5746 17.2208 0
      vertex 44.5632 16.9593 15
    endloop
  endfacet
  facet normal -0.99142 0.130712 0
    outer loop
      vertex 44.529 16.6999 0
      vertex 44.529 16.6999 15
      vertex 44.5632 16.9593 0
    endloop
  endfacet
  facet normal -0.99142 0.130712 0
    outer loop
      vertex 44.5632 16.9593 15
      vertex 44.5632 16.9593 0
      vertex 44.529 16.6999 15
    endloop
  endfacet
  facet normal -0.976349 0.216202 0
    outer loop
      vertex 44.4724 16.4443 0
      vertex 44.4724 16.4443 15
      vertex 44.529 16.6999 0
    endloop
  endfacet
  facet normal -0.976349 0.216202 0
    outer loop
      vertex 44.529 16.6999 15
      vertex 44.529 16.6999 0
      vertex 44.4724 16.4443 15
    endloop
  endfacet
  facet normal -0.953715 0.300711 0
    outer loop
      vertex 44.3937 16.1947 0
      vertex 44.3937 16.1947 15
      vertex 44.4724 16.4443 0
    endloop
  endfacet
  facet normal -0.953715 0.300711 0
    outer loop
      vertex 44.4724 16.4443 15
      vertex 44.4724 16.4443 0
      vertex 44.3937 16.1947 15
    endloop
  endfacet
  facet normal -0.923821 0.382824 0
    outer loop
      vertex 44.2935 15.9529 0
      vertex 44.2935 15.9529 15
      vertex 44.3937 16.1947 0
    endloop
  endfacet
  facet normal -0.923821 0.382824 0
    outer loop
      vertex 44.3937 16.1947 15
      vertex 44.3937 16.1947 0
      vertex 44.2935 15.9529 15
    endloop
  endfacet
  facet normal -0.887048 0.461678 0
    outer loop
      vertex 44.1727 15.7208 0
      vertex 44.1727 15.7208 15
      vertex 44.2935 15.9529 0
    endloop
  endfacet
  facet normal -0.887048 0.461678 0
    outer loop
      vertex 44.2935 15.9529 15
      vertex 44.2935 15.9529 0
      vertex 44.1727 15.7208 15
    endloop
  endfacet
  facet normal -0.843394 0.537296 0
    outer loop
      vertex 44.0321 15.5001 0
      vertex 44.0321 15.5001 15
      vertex 44.1727 15.7208 0
    endloop
  endfacet
  facet normal -0.843394 0.537296 0
    outer loop
      vertex 44.1727 15.7208 15
      vertex 44.1727 15.7208 0
      vertex 44.0321 15.5001 15
    endloop
  endfacet
  facet normal -0.793305 0.608824 0
    outer loop
      vertex 43.8727 15.2924 0
      vertex 43.8727 15.2924 15
      vertex 44.0321 15.5001 0
    endloop
  endfacet
  facet normal -0.793305 0.608824 0
    outer loop
      vertex 44.0321 15.5001 15
      vertex 44.0321 15.5001 0
      vertex 43.8727 15.2924 15
    endloop
  endfacet
  facet normal -0.737202 0.675673 0
    outer loop
      vertex 43.6959 15.0995 0
      vertex 43.6959 15.0995 15
      vertex 43.8727 15.2924 0
    endloop
  endfacet
  facet normal -0.737202 0.675673 0
    outer loop
      vertex 43.8727 15.2924 15
      vertex 43.8727 15.2924 0
      vertex 43.6959 15.0995 15
    endloop
  endfacet
  facet normal -0.675673 0.737202 0
    outer loop
      vertex 43.503 14.9227 0
      vertex 43.503 14.9227 15
      vertex 43.6959 15.0995 0
    endloop
  endfacet
  facet normal -0.675673 0.737202 0
    outer loop
      vertex 43.6959 15.0995 15
      vertex 43.6959 15.0995 0
      vertex 43.503 14.9227 15
    endloop
  endfacet
  facet normal -0.608824 0.793305 0
    outer loop
      vertex 43.2953 14.7633 0
      vertex 43.2953 14.7633 15
      vertex 43.503 14.9227 0
    endloop
  endfacet
  facet normal -0.608824 0.793305 0
    outer loop
      vertex 43.503 14.9227 15
      vertex 43.503 14.9227 0
      vertex 43.2953 14.7633 15
    endloop
  endfacet
  facet normal -0.537296 0.843394 0
    outer loop
      vertex 43.0746 14.6227 0
      vertex 43.0746 14.6227 15
      vertex 43.2953 14.7633 0
    endloop
  endfacet
  facet normal -0.537296 0.843394 0
    outer loop
      vertex 43.2953 14.7633 15
      vertex 43.2953 14.7633 0
      vertex 43.0746 14.6227 15
    endloop
  endfacet
  facet normal -0.461678 0.887048 0
    outer loop
      vertex 42.8425 14.5019 0
      vertex 42.8425 14.5019 15
      vertex 43.0746 14.6227 0
    endloop
  endfacet
  facet normal -0.461678 0.887048 0
    outer loop
      vertex 43.0746 14.6227 15
      vertex 43.0746 14.6227 0
      vertex 42.8425 14.5019 15
    endloop
  endfacet
  facet normal -0.382824 0.923821 0
    outer loop
      vertex 42.6007 14.4017 0
      vertex 42.6007 14.4017 15
      vertex 42.8425 14.5019 0
    endloop
  endfacet
  facet normal -0.382824 0.923821 0
    outer loop
      vertex 42.8425 14.5019 15
      vertex 42.8425 14.5019 0
      vertex 42.6007 14.4017 15
    endloop
  endfacet
  facet normal -0.300711 0.953715 0
    outer loop
      vertex 42.3511 14.323 0
      vertex 42.3511 14.323 15
      vertex 42.6007 14.4017 0
    endloop
  endfacet
  facet normal -0.300711 0.953715 0
    outer loop
      vertex 42.6007 14.4017 15
      vertex 42.6007 14.4017 0
      vertex 42.3511 14.323 15
    endloop
  endfacet
  facet normal -0.216202 0.976349 0
    outer loop
      vertex 42.0955 14.2664 0
      vertex 42.0955 14.2664 15
      vertex 42.3511 14.323 0
    endloop
  endfacet
  facet normal -0.216202 0.976349 0
    outer loop
      vertex 42.3511 14.323 15
      vertex 42.3511 14.323 0
      vertex 42.0955 14.2664 15
    endloop
  endfacet
  facet normal -0.130712 0.99142 0
    outer loop
      vertex 41.8361 14.2322 0
      vertex 41.8361 14.2322 15
      vertex 42.0955 14.2664 0
    endloop
  endfacet
  facet normal -0.130712 0.99142 0
    outer loop
      vertex 42.0955 14.2664 15
      vertex 42.0955 14.2664 0
      vertex 41.8361 14.2322 15
    endloop
  endfacet
  facet normal -0.0435533 0.999051 0
    outer loop
      vertex 41.5746 14.2208 0
      vertex 41.5746 14.2208 15
      vertex 41.8361 14.2322 0
    endloop
  endfacet
  facet normal -0.0435533 0.999051 0
    outer loop
      vertex 41.8361 14.2322 15
      vertex 41.8361 14.2322 0
      vertex 41.5746 14.2208 15
    endloop
  endfacet
  facet normal 0.0435533 0.999051 -0
    outer loop
      vertex 41.3131 14.2322 0
      vertex 41.3131 14.2322 15
      vertex 41.5746 14.2208 0
    endloop
  endfacet
  facet normal 0.0435533 0.999051 0
    outer loop
      vertex 41.5746 14.2208 15
      vertex 41.5746 14.2208 0
      vertex 41.3131 14.2322 15
    endloop
  endfacet
  facet normal 0.130522 0.991445 -0
    outer loop
      vertex 60.7845 -6.89369 0
      vertex 60.7845 -6.89369 15
      vertex 61.3899 -6.97339 0
    endloop
  endfacet
  facet normal 0.130522 0.991445 0
    outer loop
      vertex 61.3899 -6.97339 15
      vertex 61.3899 -6.97339 0
      vertex 60.7845 -6.89369 15
    endloop
  endfacet
  facet normal 0.21648 0.976287 -0
    outer loop
      vertex 60.1883 -6.76149 0
      vertex 60.1883 -6.76149 15
      vertex 60.7845 -6.89369 0
    endloop
  endfacet
  facet normal 0.21648 0.976287 0
    outer loop
      vertex 60.7845 -6.89369 15
      vertex 60.7845 -6.89369 0
      vertex 60.1883 -6.76149 15
    endloop
  endfacet
  facet normal 0.30081 0.953684 -0
    outer loop
      vertex 59.6059 -6.57779 0
      vertex 59.6059 -6.57779 15
      vertex 60.1883 -6.76149 0
    endloop
  endfacet
  facet normal 0.30081 0.953684 0
    outer loop
      vertex 60.1883 -6.76149 15
      vertex 60.1883 -6.76149 0
      vertex 59.6059 -6.57779 15
    endloop
  endfacet
  facet normal 0.382545 0.923937 -0
    outer loop
      vertex 59.0417 -6.34419 0
      vertex 59.0417 -6.34419 15
      vertex 59.6059 -6.57779 0
    endloop
  endfacet
  facet normal 0.382545 0.923937 0
    outer loop
      vertex 59.6059 -6.57779 15
      vertex 59.6059 -6.57779 0
      vertex 59.0417 -6.34419 15
    endloop
  endfacet
  facet normal 0.46176 0.887005 -0
    outer loop
      vertex 58.5 -6.06219 0
      vertex 58.5 -6.06219 15
      vertex 59.0417 -6.34419 0
    endloop
  endfacet
  facet normal 0.46176 0.887005 0
    outer loop
      vertex 59.0417 -6.34419 15
      vertex 59.0417 -6.34419 0
      vertex 58.5 -6.06219 15
    endloop
  endfacet
  facet normal 0.53731 0.843385 -0
    outer loop
      vertex 57.985 -5.73409 0
      vertex 57.985 -5.73409 15
      vertex 58.5 -6.06219 0
    endloop
  endfacet
  facet normal 0.53731 0.843385 0
    outer loop
      vertex 58.5 -6.06219 15
      vertex 58.5 -6.06219 0
      vertex 57.985 -5.73409 15
    endloop
  endfacet
  facet normal 0.608792 0.79333 -0
    outer loop
      vertex 57.5005 -5.36229 0
      vertex 57.5005 -5.36229 15
      vertex 57.985 -5.73409 0
    endloop
  endfacet
  facet normal 0.608792 0.79333 0
    outer loop
      vertex 57.985 -5.73409 15
      vertex 57.985 -5.73409 0
      vertex 57.5005 -5.36229 15
    endloop
  endfacet
  facet normal 0.67565 0.737222 -0
    outer loop
      vertex 57.0503 -4.94969 0
      vertex 57.0503 -4.94969 15
      vertex 57.5005 -5.36229 0
    endloop
  endfacet
  facet normal 0.67565 0.737222 0
    outer loop
      vertex 57.5005 -5.36229 15
      vertex 57.5005 -5.36229 0
      vertex 57.0503 -4.94969 15
    endloop
  endfacet
  facet normal 0.737215 0.675659 -0
    outer loop
      vertex 56.6377 -4.4995 0
      vertex 56.6377 -4.4995 15
      vertex 57.0503 -4.94969 0
    endloop
  endfacet
  facet normal 0.737215 0.675659 0
    outer loop
      vertex 57.0503 -4.94969 15
      vertex 57.0503 -4.94969 0
      vertex 56.6377 -4.4995 15
    endloop
  endfacet
  facet normal 0.79333 0.608792 -0
    outer loop
      vertex 56.2659 -4.015 0
      vertex 56.2659 -4.015 15
      vertex 56.6377 -4.4995 0
    endloop
  endfacet
  facet normal 0.79333 0.608792 0
    outer loop
      vertex 56.6377 -4.4995 15
      vertex 56.6377 -4.4995 0
      vertex 56.2659 -4.015 15
    endloop
  endfacet
  facet normal 0.843385 0.53731 -0
    outer loop
      vertex 55.9378 -3.5 0
      vertex 55.9378 -3.5 15
      vertex 56.2659 -4.015 0
    endloop
  endfacet
  facet normal 0.843385 0.53731 0
    outer loop
      vertex 56.2659 -4.015 15
      vertex 56.2659 -4.015 0
      vertex 55.9378 -3.5 15
    endloop
  endfacet
  facet normal 0.887005 0.46176 -0
    outer loop
      vertex 55.6558 -2.9583 0
      vertex 55.6558 -2.9583 15
      vertex 55.9378 -3.5 0
    endloop
  endfacet
  facet normal 0.887005 0.46176 0
    outer loop
      vertex 55.9378 -3.5 15
      vertex 55.9378 -3.5 0
      vertex 55.6558 -2.9583 15
    endloop
  endfacet
  facet normal 0.923939 0.382539 -0
    outer loop
      vertex 55.4222 -2.39409 0
      vertex 55.4222 -2.39409 15
      vertex 55.6558 -2.9583 0
    endloop
  endfacet
  facet normal 0.923939 0.382539 0
    outer loop
      vertex 55.6558 -2.9583 15
      vertex 55.6558 -2.9583 0
      vertex 55.4222 -2.39409 15
    endloop
  endfacet
  facet normal 0.953684 0.30081 -0
    outer loop
      vertex 55.2385 -1.81169 0
      vertex 55.2385 -1.81169 15
      vertex 55.4222 -2.39409 0
    endloop
  endfacet
  facet normal 0.953684 0.30081 0
    outer loop
      vertex 55.4222 -2.39409 15
      vertex 55.4222 -2.39409 0
      vertex 55.2385 -1.81169 15
    endloop
  endfacet
  facet normal 0.976286 0.216483 -0
    outer loop
      vertex 55.1063 -1.2155 0
      vertex 55.1063 -1.2155 15
      vertex 55.2385 -1.81169 0
    endloop
  endfacet
  facet normal 0.976286 0.216483 0
    outer loop
      vertex 55.2385 -1.81169 15
      vertex 55.2385 -1.81169 0
      vertex 55.1063 -1.2155 15
    endloop
  endfacet
  facet normal 0.991446 0.130521 -0
    outer loop
      vertex 55.0266 -0.610092 0
      vertex 55.0266 -0.610092 15
      vertex 55.1063 -1.2155 0
    endloop
  endfacet
  facet normal 0.991446 0.130521 0
    outer loop
      vertex 55.1063 -1.2155 15
      vertex 55.1063 -1.2155 0
      vertex 55.0266 -0.610092 15
    endloop
  endfacet
  facet normal 0.999051 0.0435586 -0
    outer loop
      vertex 55 0 0
      vertex 55 0 15
      vertex 55.0266 -0.610092 0
    endloop
  endfacet
  facet normal 0.999051 0.0435586 0
    outer loop
      vertex 55.0266 -0.610092 15
      vertex 55.0266 -0.610092 0
      vertex 55 0 15
    endloop
  endfacet
  facet normal 0.999051 -0.0435586 0
    outer loop
      vertex 55.0266 0.610092 0
      vertex 55.0266 0.610092 15
      vertex 55 0 0
    endloop
  endfacet
  facet normal 0.999051 -0.0435586 0
    outer loop
      vertex 55 0 15
      vertex 55 0 0
      vertex 55.0266 0.610092 15
    endloop
  endfacet
  facet normal 0.991446 -0.130521 0
    outer loop
      vertex 55.1063 1.2155 0
      vertex 55.1063 1.2155 15
      vertex 55.0266 0.610092 0
    endloop
  endfacet
  facet normal 0.991446 -0.130521 0
    outer loop
      vertex 55.0266 0.610092 15
      vertex 55.0266 0.610092 0
      vertex 55.1063 1.2155 15
    endloop
  endfacet
  facet normal 0.976286 -0.216483 0
    outer loop
      vertex 55.2385 1.81169 0
      vertex 55.2385 1.81169 15
      vertex 55.1063 1.2155 0
    endloop
  endfacet
  facet normal 0.976286 -0.216483 0
    outer loop
      vertex 55.1063 1.2155 15
      vertex 55.1063 1.2155 0
      vertex 55.2385 1.81169 15
    endloop
  endfacet
  facet normal 0.953684 -0.30081 0
    outer loop
      vertex 55.4222 2.39409 0
      vertex 55.4222 2.39409 15
      vertex 55.2385 1.81169 0
    endloop
  endfacet
  facet normal 0.953684 -0.30081 0
    outer loop
      vertex 55.2385 1.81169 15
      vertex 55.2385 1.81169 0
      vertex 55.4222 2.39409 15
    endloop
  endfacet
  facet normal 0.923939 -0.382539 0
    outer loop
      vertex 55.6558 2.9583 0
      vertex 55.6558 2.9583 15
      vertex 55.4222 2.39409 0
    endloop
  endfacet
  facet normal 0.923939 -0.382539 0
    outer loop
      vertex 55.4222 2.39409 15
      vertex 55.4222 2.39409 0
      vertex 55.6558 2.9583 15
    endloop
  endfacet
  facet normal 0.887005 -0.46176 0
    outer loop
      vertex 55.9378 3.5 0
      vertex 55.9378 3.5 15
      vertex 55.6558 2.9583 0
    endloop
  endfacet
  facet normal 0.887005 -0.46176 0
    outer loop
      vertex 55.6558 2.9583 15
      vertex 55.6558 2.9583 0
      vertex 55.9378 3.5 15
    endloop
  endfacet
  facet normal 0.843385 -0.53731 0
    outer loop
      vertex 56.2659 4.015 0
      vertex 56.2659 4.015 15
      vertex 55.9378 3.5 0
    endloop
  endfacet
  facet normal 0.843385 -0.53731 0
    outer loop
      vertex 55.9378 3.5 15
      vertex 55.9378 3.5 0
      vertex 56.2659 4.015 15
    endloop
  endfacet
  facet normal 0.79333 -0.608792 0
    outer loop
      vertex 56.6377 4.4995 0
      vertex 56.6377 4.4995 15
      vertex 56.2659 4.015 0
    endloop
  endfacet
  facet normal 0.79333 -0.608792 0
    outer loop
      vertex 56.2659 4.015 15
      vertex 56.2659 4.015 0
      vertex 56.6377 4.4995 15
    endloop
  endfacet
  facet normal 0.737215 -0.675659 0
    outer loop
      vertex 57.0503 4.94969 0
      vertex 57.0503 4.94969 15
      vertex 56.6377 4.4995 0
    endloop
  endfacet
  facet normal 0.737215 -0.675659 0
    outer loop
      vertex 56.6377 4.4995 15
      vertex 56.6377 4.4995 0
      vertex 57.0503 4.94969 15
    endloop
  endfacet
  facet normal 0.67565 -0.737222 0
    outer loop
      vertex 57.5005 5.36229 0
      vertex 57.5005 5.36229 15
      vertex 57.0503 4.94969 0
    endloop
  endfacet
  facet normal 0.67565 -0.737222 0
    outer loop
      vertex 57.0503 4.94969 15
      vertex 57.0503 4.94969 0
      vertex 57.5005 5.36229 15
    endloop
  endfacet
  facet normal 0.608792 -0.79333 0
    outer loop
      vertex 57.985 5.73409 0
      vertex 57.985 5.73409 15
      vertex 57.5005 5.36229 0
    endloop
  endfacet
  facet normal 0.608792 -0.79333 0
    outer loop
      vertex 57.5005 5.36229 15
      vertex 57.5005 5.36229 0
      vertex 57.985 5.73409 15
    endloop
  endfacet
  facet normal 0.53731 -0.843385 0
    outer loop
      vertex 58.5 6.06219 0
      vertex 58.5 6.06219 15
      vertex 57.985 5.73409 0
    endloop
  endfacet
  facet normal 0.53731 -0.843385 0
    outer loop
      vertex 57.985 5.73409 15
      vertex 57.985 5.73409 0
      vertex 58.5 6.06219 15
    endloop
  endfacet
  facet normal 0.46176 -0.887005 0
    outer loop
      vertex 59.0417 6.34419 0
      vertex 59.0417 6.34419 15
      vertex 58.5 6.06219 0
    endloop
  endfacet
  facet normal 0.46176 -0.887005 0
    outer loop
      vertex 58.5 6.06219 15
      vertex 58.5 6.06219 0
      vertex 59.0417 6.34419 15
    endloop
  endfacet
  facet normal 0.382545 -0.923937 0
    outer loop
      vertex 59.6059 6.57779 0
      vertex 59.6059 6.57779 15
      vertex 59.0417 6.34419 0
    endloop
  endfacet
  facet normal 0.382545 -0.923937 0
    outer loop
      vertex 59.0417 6.34419 15
      vertex 59.0417 6.34419 0
      vertex 59.6059 6.57779 15
    endloop
  endfacet
  facet normal 0.30081 -0.953684 0
    outer loop
      vertex 60.1883 6.76149 0
      vertex 60.1883 6.76149 15
      vertex 59.6059 6.57779 0
    endloop
  endfacet
  facet normal 0.30081 -0.953684 0
    outer loop
      vertex 59.6059 6.57779 15
      vertex 59.6059 6.57779 0
      vertex 60.1883 6.76149 15
    endloop
  endfacet
  facet normal 0.21648 -0.976287 0
    outer loop
      vertex 60.7845 6.89369 0
      vertex 60.7845 6.89369 15
      vertex 60.1883 6.76149 0
    endloop
  endfacet
  facet normal 0.21648 -0.976287 0
    outer loop
      vertex 60.1883 6.76149 15
      vertex 60.1883 6.76149 0
      vertex 60.7845 6.89369 15
    endloop
  endfacet
  facet normal 0.130522 -0.991445 0
    outer loop
      vertex 61.3899 6.97339 0
      vertex 61.3899 6.97339 15
      vertex 60.7845 6.89369 0
    endloop
  endfacet
  facet normal 0.130522 -0.991445 0
    outer loop
      vertex 60.7845 6.89369 15
      vertex 60.7845 6.89369 0
      vertex 61.3899 6.97339 15
    endloop
  endfacet
  facet normal 0.0435744 -0.99905 0
    outer loop
      vertex 62 7 0
      vertex 62 7 15
      vertex 61.3899 6.97339 0
    endloop
  endfacet
  facet normal 0.0435744 -0.99905 0
    outer loop
      vertex 61.3899 6.97339 15
      vertex 61.3899 6.97339 0
      vertex 62 7 15
    endloop
  endfacet
  facet normal -0.0435744 -0.99905 0
    outer loop
      vertex 62.6101 6.97339 0
      vertex 62.6101 6.97339 15
      vertex 62 7 0
    endloop
  endfacet
  facet normal -0.0435744 -0.99905 -0
    outer loop
      vertex 62 7 15
      vertex 62 7 0
      vertex 62.6101 6.97339 15
    endloop
  endfacet
  facet normal -0.130522 -0.991445 0
    outer loop
      vertex 63.2155 6.89369 0
      vertex 63.2155 6.89369 15
      vertex 62.6101 6.97339 0
    endloop
  endfacet
  facet normal -0.130522 -0.991445 -0
    outer loop
      vertex 62.6101 6.97339 15
      vertex 62.6101 6.97339 0
      vertex 63.2155 6.89369 15
    endloop
  endfacet
  facet normal -0.21648 -0.976287 0
    outer loop
      vertex 63.8117 6.76149 0
      vertex 63.8117 6.76149 15
      vertex 63.2155 6.89369 0
    endloop
  endfacet
  facet normal -0.21648 -0.976287 -0
    outer loop
      vertex 63.2155 6.89369 15
      vertex 63.2155 6.89369 0
      vertex 63.8117 6.76149 15
    endloop
  endfacet
  facet normal -0.30081 -0.953684 0
    outer loop
      vertex 64.3941 6.57779 0
      vertex 64.3941 6.57779 15
      vertex 63.8117 6.76149 0
    endloop
  endfacet
  facet normal -0.30081 -0.953684 -0
    outer loop
      vertex 63.8117 6.76149 15
      vertex 63.8117 6.76149 0
      vertex 64.3941 6.57779 15
    endloop
  endfacet
  facet normal -0.382545 -0.923937 0
    outer loop
      vertex 64.9583 6.34419 0
      vertex 64.9583 6.34419 15
      vertex 64.3941 6.57779 0
    endloop
  endfacet
  facet normal -0.382545 -0.923937 -0
    outer loop
      vertex 64.3941 6.57779 15
      vertex 64.3941 6.57779 0
      vertex 64.9583 6.34419 15
    endloop
  endfacet
  facet normal -0.46176 -0.887005 0
    outer loop
      vertex 65.5 6.06219 0
      vertex 65.5 6.06219 15
      vertex 64.9583 6.34419 0
    endloop
  endfacet
  facet normal -0.46176 -0.887005 -0
    outer loop
      vertex 64.9583 6.34419 15
      vertex 64.9583 6.34419 0
      vertex 65.5 6.06219 15
    endloop
  endfacet
  facet normal -0.53731 -0.843385 0
    outer loop
      vertex 66.015 5.73409 0
      vertex 66.015 5.73409 15
      vertex 65.5 6.06219 0
    endloop
  endfacet
  facet normal -0.53731 -0.843385 -0
    outer loop
      vertex 65.5 6.06219 15
      vertex 65.5 6.06219 0
      vertex 66.015 5.73409 15
    endloop
  endfacet
  facet normal -0.608792 -0.79333 0
    outer loop
      vertex 66.4995 5.36229 0
      vertex 66.4995 5.36229 15
      vertex 66.015 5.73409 0
    endloop
  endfacet
  facet normal -0.608792 -0.79333 -0
    outer loop
      vertex 66.015 5.73409 15
      vertex 66.015 5.73409 0
      vertex 66.4995 5.36229 15
    endloop
  endfacet
  facet normal -0.67565 -0.737222 0
    outer loop
      vertex 66.9497 4.94969 0
      vertex 66.9497 4.94969 15
      vertex 66.4995 5.36229 0
    endloop
  endfacet
  facet normal -0.67565 -0.737222 -0
    outer loop
      vertex 66.4995 5.36229 15
      vertex 66.4995 5.36229 0
      vertex 66.9497 4.94969 15
    endloop
  endfacet
  facet normal -0.737215 -0.675659 0
    outer loop
      vertex 67.3623 4.4995 0
      vertex 67.3623 4.4995 15
      vertex 66.9497 4.94969 0
    endloop
  endfacet
  facet normal -0.737215 -0.675659 -0
    outer loop
      vertex 66.9497 4.94969 15
      vertex 66.9497 4.94969 0
      vertex 67.3623 4.4995 15
    endloop
  endfacet
  facet normal -0.79333 -0.608792 0
    outer loop
      vertex 67.7341 4.015 0
      vertex 67.7341 4.015 15
      vertex 67.3623 4.4995 0
    endloop
  endfacet
  facet normal -0.79333 -0.608792 -0
    outer loop
      vertex 67.3623 4.4995 15
      vertex 67.3623 4.4995 0
      vertex 67.7341 4.015 15
    endloop
  endfacet
  facet normal -0.843385 -0.53731 0
    outer loop
      vertex 68.0622 3.5 0
      vertex 68.0622 3.5 15
      vertex 67.7341 4.015 0
    endloop
  endfacet
  facet normal -0.843385 -0.53731 -0
    outer loop
      vertex 67.7341 4.015 15
      vertex 67.7341 4.015 0
      vertex 68.0622 3.5 15
    endloop
  endfacet
  facet normal -0.887005 -0.46176 0
    outer loop
      vertex 68.3442 2.9583 0
      vertex 68.3442 2.9583 15
      vertex 68.0622 3.5 0
    endloop
  endfacet
  facet normal -0.887005 -0.46176 -0
    outer loop
      vertex 68.0622 3.5 15
      vertex 68.0622 3.5 0
      vertex 68.3442 2.9583 15
    endloop
  endfacet
  facet normal -0.923939 -0.382539 0
    outer loop
      vertex 68.5778 2.39409 0
      vertex 68.5778 2.39409 15
      vertex 68.3442 2.9583 0
    endloop
  endfacet
  facet normal -0.923939 -0.382539 -0
    outer loop
      vertex 68.3442 2.9583 15
      vertex 68.3442 2.9583 0
      vertex 68.5778 2.39409 15
    endloop
  endfacet
  facet normal -0.953684 -0.30081 0
    outer loop
      vertex 68.7615 1.81169 0
      vertex 68.7615 1.81169 15
      vertex 68.5778 2.39409 0
    endloop
  endfacet
  facet normal -0.953684 -0.30081 -0
    outer loop
      vertex 68.5778 2.39409 15
      vertex 68.5778 2.39409 0
      vertex 68.7615 1.81169 15
    endloop
  endfacet
  facet normal -0.976286 -0.216483 0
    outer loop
      vertex 68.8937 1.2155 0
      vertex 68.8937 1.2155 15
      vertex 68.7615 1.81169 0
    endloop
  endfacet
  facet normal -0.976286 -0.216483 -0
    outer loop
      vertex 68.7615 1.81169 15
      vertex 68.7615 1.81169 0
      vertex 68.8937 1.2155 15
    endloop
  endfacet
  facet normal -0.991446 -0.130521 0
    outer loop
      vertex 68.9734 0.610092 0
      vertex 68.9734 0.610092 15
      vertex 68.8937 1.2155 0
    endloop
  endfacet
  facet normal -0.991446 -0.130521 -0
    outer loop
      vertex 68.8937 1.2155 15
      vertex 68.8937 1.2155 0
      vertex 68.9734 0.610092 15
    endloop
  endfacet
  facet normal -0.999051 -0.0435586 0
    outer loop
      vertex 69 0 0
      vertex 69 0 15
      vertex 68.9734 0.610092 0
    endloop
  endfacet
  facet normal -0.999051 -0.0435586 -0
    outer loop
      vertex 68.9734 0.610092 15
      vertex 68.9734 0.610092 0
      vertex 69 0 15
    endloop
  endfacet
  facet normal -0.999051 0.0435586 0
    outer loop
      vertex 68.9734 -0.610092 0
      vertex 68.9734 -0.610092 15
      vertex 69 0 0
    endloop
  endfacet
  facet normal -0.999051 0.0435586 0
    outer loop
      vertex 69 0 15
      vertex 69 0 0
      vertex 68.9734 -0.610092 15
    endloop
  endfacet
  facet normal -0.991446 0.130521 0
    outer loop
      vertex 68.8937 -1.2155 0
      vertex 68.8937 -1.2155 15
      vertex 68.9734 -0.610092 0
    endloop
  endfacet
  facet normal -0.991446 0.130521 0
    outer loop
      vertex 68.9734 -0.610092 15
      vertex 68.9734 -0.610092 0
      vertex 68.8937 -1.2155 15
    endloop
  endfacet
  facet normal -0.976286 0.216483 0
    outer loop
      vertex 68.7615 -1.81169 0
      vertex 68.7615 -1.81169 15
      vertex 68.8937 -1.2155 0
    endloop
  endfacet
  facet normal -0.976286 0.216483 0
    outer loop
      vertex 68.8937 -1.2155 15
      vertex 68.8937 -1.2155 0
      vertex 68.7615 -1.81169 15
    endloop
  endfacet
  facet normal -0.953684 0.30081 0
    outer loop
      vertex 68.5778 -2.39409 0
      vertex 68.5778 -2.39409 15
      vertex 68.7615 -1.81169 0
    endloop
  endfacet
  facet normal -0.953684 0.30081 0
    outer loop
      vertex 68.7615 -1.81169 15
      vertex 68.7615 -1.81169 0
      vertex 68.5778 -2.39409 15
    endloop
  endfacet
  facet normal -0.923939 0.382539 0
    outer loop
      vertex 68.3442 -2.9583 0
      vertex 68.3442 -2.9583 15
      vertex 68.5778 -2.39409 0
    endloop
  endfacet
  facet normal -0.923939 0.382539 0
    outer loop
      vertex 68.5778 -2.39409 15
      vertex 68.5778 -2.39409 0
      vertex 68.3442 -2.9583 15
    endloop
  endfacet
  facet normal -0.887005 0.46176 0
    outer loop
      vertex 68.0622 -3.5 0
      vertex 68.0622 -3.5 15
      vertex 68.3442 -2.9583 0
    endloop
  endfacet
  facet normal -0.887005 0.46176 0
    outer loop
      vertex 68.3442 -2.9583 15
      vertex 68.3442 -2.9583 0
      vertex 68.0622 -3.5 15
    endloop
  endfacet
  facet normal -0.843385 0.53731 0
    outer loop
      vertex 67.7341 -4.015 0
      vertex 67.7341 -4.015 15
      vertex 68.0622 -3.5 0
    endloop
  endfacet
  facet normal -0.843385 0.53731 0
    outer loop
      vertex 68.0622 -3.5 15
      vertex 68.0622 -3.5 0
      vertex 67.7341 -4.015 15
    endloop
  endfacet
  facet normal -0.79333 0.608792 0
    outer loop
      vertex 67.3623 -4.4995 0
      vertex 67.3623 -4.4995 15
      vertex 67.7341 -4.015 0
    endloop
  endfacet
  facet normal -0.79333 0.608792 0
    outer loop
      vertex 67.7341 -4.015 15
      vertex 67.7341 -4.015 0
      vertex 67.3623 -4.4995 15
    endloop
  endfacet
  facet normal -0.737215 0.675659 0
    outer loop
      vertex 66.9497 -4.94969 0
      vertex 66.9497 -4.94969 15
      vertex 67.3623 -4.4995 0
    endloop
  endfacet
  facet normal -0.737215 0.675659 0
    outer loop
      vertex 67.3623 -4.4995 15
      vertex 67.3623 -4.4995 0
      vertex 66.9497 -4.94969 15
    endloop
  endfacet
  facet normal -0.67565 0.737222 0
    outer loop
      vertex 66.4995 -5.36229 0
      vertex 66.4995 -5.36229 15
      vertex 66.9497 -4.94969 0
    endloop
  endfacet
  facet normal -0.67565 0.737222 0
    outer loop
      vertex 66.9497 -4.94969 15
      vertex 66.9497 -4.94969 0
      vertex 66.4995 -5.36229 15
    endloop
  endfacet
  facet normal -0.608792 0.79333 0
    outer loop
      vertex 66.015 -5.73409 0
      vertex 66.015 -5.73409 15
      vertex 66.4995 -5.36229 0
    endloop
  endfacet
  facet normal -0.608792 0.79333 0
    outer loop
      vertex 66.4995 -5.36229 15
      vertex 66.4995 -5.36229 0
      vertex 66.015 -5.73409 15
    endloop
  endfacet
  facet normal -0.53731 0.843385 0
    outer loop
      vertex 65.5 -6.06219 0
      vertex 65.5 -6.06219 15
      vertex 66.015 -5.73409 0
    endloop
  endfacet
  facet normal -0.53731 0.843385 0
    outer loop
      vertex 66.015 -5.73409 15
      vertex 66.015 -5.73409 0
      vertex 65.5 -6.06219 15
    endloop
  endfacet
  facet normal -0.46176 0.887005 0
    outer loop
      vertex 64.9583 -6.34419 0
      vertex 64.9583 -6.34419 15
      vertex 65.5 -6.06219 0
    endloop
  endfacet
  facet normal -0.46176 0.887005 0
    outer loop
      vertex 65.5 -6.06219 15
      vertex 65.5 -6.06219 0
      vertex 64.9583 -6.34419 15
    endloop
  endfacet
  facet normal -0.382545 0.923937 0
    outer loop
      vertex 64.3941 -6.57779 0
      vertex 64.3941 -6.57779 15
      vertex 64.9583 -6.34419 0
    endloop
  endfacet
  facet normal -0.382545 0.923937 0
    outer loop
      vertex 64.9583 -6.34419 15
      vertex 64.9583 -6.34419 0
      vertex 64.3941 -6.57779 15
    endloop
  endfacet
  facet normal -0.30081 0.953684 0
    outer loop
      vertex 63.8117 -6.76149 0
      vertex 63.8117 -6.76149 15
      vertex 64.3941 -6.57779 0
    endloop
  endfacet
  facet normal -0.30081 0.953684 0
    outer loop
      vertex 64.3941 -6.57779 15
      vertex 64.3941 -6.57779 0
      vertex 63.8117 -6.76149 15
    endloop
  endfacet
  facet normal -0.21648 0.976287 0
    outer loop
      vertex 63.2155 -6.89369 0
      vertex 63.2155 -6.89369 15
      vertex 63.8117 -6.76149 0
    endloop
  endfacet
  facet normal -0.21648 0.976287 0
    outer loop
      vertex 63.8117 -6.76149 15
      vertex 63.8117 -6.76149 0
      vertex 63.2155 -6.89369 15
    endloop
  endfacet
  facet normal -0.130522 0.991445 0
    outer loop
      vertex 62.6101 -6.97339 0
      vertex 62.6101 -6.97339 15
      vertex 63.2155 -6.89369 0
    endloop
  endfacet
  facet normal -0.130522 0.991445 0
    outer loop
      vertex 63.2155 -6.89369 15
      vertex 63.2155 -6.89369 0
      vertex 62.6101 -6.97339 15
    endloop
  endfacet
  facet normal -0.0435744 0.99905 0
    outer loop
      vertex 62 -7 0
      vertex 62 -7 15
      vertex 62.6101 -6.97339 0
    endloop
  endfacet
  facet normal -0.0435744 0.99905 0
    outer loop
      vertex 62.6101 -6.97339 15
      vertex 62.6101 -6.97339 0
      vertex 62 -7 15
    endloop
  endfacet
  facet normal 0.0435744 0.99905 -0
    outer loop
      vertex 61.3899 -6.97339 0
      vertex 61.3899 -6.97339 15
      vertex 62 -7 0
    endloop
  endfacet
  facet normal 0.0435744 0.99905 0
    outer loop
      vertex 62 -7 15
      vertex 62 -7 0
      vertex 61.3899 -6.97339 15
    endloop
  endfacet
  facet normal 0.130522 0.991445 -0
    outer loop
      vertex -63.2155 -6.89369 0
      vertex -63.2155 -6.89369 15
      vertex -62.6101 -6.97339 0
    endloop
  endfacet
  facet normal 0.130522 0.991445 0
    outer loop
      vertex -62.6101 -6.97339 15
      vertex -62.6101 -6.97339 0
      vertex -63.2155 -6.89369 15
    endloop
  endfacet
  facet normal 0.21648 0.976287 -0
    outer loop
      vertex -63.8117 -6.76149 0
      vertex -63.8117 -6.76149 15
      vertex -63.2155 -6.89369 0
    endloop
  endfacet
  facet normal 0.21648 0.976287 0
    outer loop
      vertex -63.2155 -6.89369 15
      vertex -63.2155 -6.89369 0
      vertex -63.8117 -6.76149 15
    endloop
  endfacet
  facet normal 0.30081 0.953684 -0
    outer loop
      vertex -64.3941 -6.57779 0
      vertex -64.3941 -6.57779 15
      vertex -63.8117 -6.76149 0
    endloop
  endfacet
  facet normal 0.30081 0.953684 0
    outer loop
      vertex -63.8117 -6.76149 15
      vertex -63.8117 -6.76149 0
      vertex -64.3941 -6.57779 15
    endloop
  endfacet
  facet normal 0.382545 0.923937 -0
    outer loop
      vertex -64.9583 -6.34419 0
      vertex -64.9583 -6.34419 15
      vertex -64.3941 -6.57779 0
    endloop
  endfacet
  facet normal 0.382545 0.923937 0
    outer loop
      vertex -64.3941 -6.57779 15
      vertex -64.3941 -6.57779 0
      vertex -64.9583 -6.34419 15
    endloop
  endfacet
  facet normal 0.46176 0.887005 -0
    outer loop
      vertex -65.5 -6.06219 0
      vertex -65.5 -6.06219 15
      vertex -64.9583 -6.34419 0
    endloop
  endfacet
  facet normal 0.46176 0.887005 0
    outer loop
      vertex -64.9583 -6.34419 15
      vertex -64.9583 -6.34419 0
      vertex -65.5 -6.06219 15
    endloop
  endfacet
  facet normal 0.53731 0.843385 -0
    outer loop
      vertex -66.015 -5.73409 0
      vertex -66.015 -5.73409 15
      vertex -65.5 -6.06219 0
    endloop
  endfacet
  facet normal 0.53731 0.843385 0
    outer loop
      vertex -65.5 -6.06219 15
      vertex -65.5 -6.06219 0
      vertex -66.015 -5.73409 15
    endloop
  endfacet
  facet normal 0.608792 0.79333 -0
    outer loop
      vertex -66.4995 -5.36229 0
      vertex -66.4995 -5.36229 15
      vertex -66.015 -5.73409 0
    endloop
  endfacet
  facet normal 0.608792 0.79333 0
    outer loop
      vertex -66.015 -5.73409 15
      vertex -66.015 -5.73409 0
      vertex -66.4995 -5.36229 15
    endloop
  endfacet
  facet normal 0.67565 0.737222 -0
    outer loop
      vertex -66.9497 -4.94969 0
      vertex -66.9497 -4.94969 15
      vertex -66.4995 -5.36229 0
    endloop
  endfacet
  facet normal 0.67565 0.737222 0
    outer loop
      vertex -66.4995 -5.36229 15
      vertex -66.4995 -5.36229 0
      vertex -66.9497 -4.94969 15
    endloop
  endfacet
  facet normal 0.737215 0.675659 -0
    outer loop
      vertex -67.3623 -4.4995 0
      vertex -67.3623 -4.4995 15
      vertex -66.9497 -4.94969 0
    endloop
  endfacet
  facet normal 0.737215 0.675659 0
    outer loop
      vertex -66.9497 -4.94969 15
      vertex -66.9497 -4.94969 0
      vertex -67.3623 -4.4995 15
    endloop
  endfacet
  facet normal 0.79333 0.608792 -0
    outer loop
      vertex -67.7341 -4.015 0
      vertex -67.7341 -4.015 15
      vertex -67.3623 -4.4995 0
    endloop
  endfacet
  facet normal 0.79333 0.608792 0
    outer loop
      vertex -67.3623 -4.4995 15
      vertex -67.3623 -4.4995 0
      vertex -67.7341 -4.015 15
    endloop
  endfacet
  facet normal 0.843385 0.53731 -0
    outer loop
      vertex -68.0622 -3.5 0
      vertex -68.0622 -3.5 15
      vertex -67.7341 -4.015 0
    endloop
  endfacet
  facet normal 0.843385 0.53731 0
    outer loop
      vertex -67.7341 -4.015 15
      vertex -67.7341 -4.015 0
      vertex -68.0622 -3.5 15
    endloop
  endfacet
  facet normal 0.887005 0.46176 -0
    outer loop
      vertex -68.3442 -2.9583 0
      vertex -68.3442 -2.9583 15
      vertex -68.0622 -3.5 0
    endloop
  endfacet
  facet normal 0.887005 0.46176 0
    outer loop
      vertex -68.0622 -3.5 15
      vertex -68.0622 -3.5 0
      vertex -68.3442 -2.9583 15
    endloop
  endfacet
  facet normal 0.923939 0.382539 -0
    outer loop
      vertex -68.5778 -2.39409 0
      vertex -68.5778 -2.39409 15
      vertex -68.3442 -2.9583 0
    endloop
  endfacet
  facet normal 0.923939 0.382539 0
    outer loop
      vertex -68.3442 -2.9583 15
      vertex -68.3442 -2.9583 0
      vertex -68.5778 -2.39409 15
    endloop
  endfacet
  facet normal 0.953684 0.30081 -0
    outer loop
      vertex -68.7615 -1.81169 0
      vertex -68.7615 -1.81169 15
      vertex -68.5778 -2.39409 0
    endloop
  endfacet
  facet normal 0.953684 0.30081 0
    outer loop
      vertex -68.5778 -2.39409 15
      vertex -68.5778 -2.39409 0
      vertex -68.7615 -1.81169 15
    endloop
  endfacet
  facet normal 0.976286 0.216483 -0
    outer loop
      vertex -68.8937 -1.2155 0
      vertex -68.8937 -1.2155 15
      vertex -68.7615 -1.81169 0
    endloop
  endfacet
  facet normal 0.976286 0.216483 0
    outer loop
      vertex -68.7615 -1.81169 15
      vertex -68.7615 -1.81169 0
      vertex -68.8937 -1.2155 15
    endloop
  endfacet
  facet normal 0.991446 0.130521 -0
    outer loop
      vertex -68.9734 -0.610092 0
      vertex -68.9734 -0.610092 15
      vertex -68.8937 -1.2155 0
    endloop
  endfacet
  facet normal 0.991446 0.130521 0
    outer loop
      vertex -68.8937 -1.2155 15
      vertex -68.8937 -1.2155 0
      vertex -68.9734 -0.610092 15
    endloop
  endfacet
  facet normal 0.999051 0.0435586 -0
    outer loop
      vertex -69 0 0
      vertex -69 0 15
      vertex -68.9734 -0.610092 0
    endloop
  endfacet
  facet normal 0.999051 0.0435586 0
    outer loop
      vertex -68.9734 -0.610092 15
      vertex -68.9734 -0.610092 0
      vertex -69 0 15
    endloop
  endfacet
  facet normal 0.999051 -0.0435586 0
    outer loop
      vertex -68.9734 0.610092 0
      vertex -68.9734 0.610092 15
      vertex -69 0 0
    endloop
  endfacet
  facet normal 0.999051 -0.0435586 0
    outer loop
      vertex -69 0 15
      vertex -69 0 0
      vertex -68.9734 0.610092 15
    endloop
  endfacet
  facet normal 0.991446 -0.130521 0
    outer loop
      vertex -68.8937 1.2155 0
      vertex -68.8937 1.2155 15
      vertex -68.9734 0.610092 0
    endloop
  endfacet
  facet normal 0.991446 -0.130521 0
    outer loop
      vertex -68.9734 0.610092 15
      vertex -68.9734 0.610092 0
      vertex -68.8937 1.2155 15
    endloop
  endfacet
  facet normal 0.976286 -0.216483 0
    outer loop
      vertex -68.7615 1.81169 0
      vertex -68.7615 1.81169 15
      vertex -68.8937 1.2155 0
    endloop
  endfacet
  facet normal 0.976286 -0.216483 0
    outer loop
      vertex -68.8937 1.2155 15
      vertex -68.8937 1.2155 0
      vertex -68.7615 1.81169 15
    endloop
  endfacet
  facet normal 0.953684 -0.30081 0
    outer loop
      vertex -68.5778 2.39409 0
      vertex -68.5778 2.39409 15
      vertex -68.7615 1.81169 0
    endloop
  endfacet
  facet normal 0.953684 -0.30081 0
    outer loop
      vertex -68.7615 1.81169 15
      vertex -68.7615 1.81169 0
      vertex -68.5778 2.39409 15
    endloop
  endfacet
  facet normal 0.923939 -0.382539 0
    outer loop
      vertex -68.3442 2.9583 0
      vertex -68.3442 2.9583 15
      vertex -68.5778 2.39409 0
    endloop
  endfacet
  facet normal 0.923939 -0.382539 0
    outer loop
      vertex -68.5778 2.39409 15
      vertex -68.5778 2.39409 0
      vertex -68.3442 2.9583 15
    endloop
  endfacet
  facet normal 0.887005 -0.46176 0
    outer loop
      vertex -68.0622 3.5 0
      vertex -68.0622 3.5 15
      vertex -68.3442 2.9583 0
    endloop
  endfacet
  facet normal 0.887005 -0.46176 0
    outer loop
      vertex -68.3442 2.9583 15
      vertex -68.3442 2.9583 0
      vertex -68.0622 3.5 15
    endloop
  endfacet
  facet normal 0.843385 -0.53731 0
    outer loop
      vertex -67.7341 4.015 0
      vertex -67.7341 4.015 15
      vertex -68.0622 3.5 0
    endloop
  endfacet
  facet normal 0.843385 -0.53731 0
    outer loop
      vertex -68.0622 3.5 15
      vertex -68.0622 3.5 0
      vertex -67.7341 4.015 15
    endloop
  endfacet
  facet normal 0.79333 -0.608792 0
    outer loop
      vertex -67.3623 4.4995 0
      vertex -67.3623 4.4995 15
      vertex -67.7341 4.015 0
    endloop
  endfacet
  facet normal 0.79333 -0.608792 0
    outer loop
      vertex -67.7341 4.015 15
      vertex -67.7341 4.015 0
      vertex -67.3623 4.4995 15
    endloop
  endfacet
  facet normal 0.737215 -0.675659 0
    outer loop
      vertex -66.9497 4.94969 0
      vertex -66.9497 4.94969 15
      vertex -67.3623 4.4995 0
    endloop
  endfacet
  facet normal 0.737215 -0.675659 0
    outer loop
      vertex -67.3623 4.4995 15
      vertex -67.3623 4.4995 0
      vertex -66.9497 4.94969 15
    endloop
  endfacet
  facet normal 0.67565 -0.737222 0
    outer loop
      vertex -66.4995 5.36229 0
      vertex -66.4995 5.36229 15
      vertex -66.9497 4.94969 0
    endloop
  endfacet
  facet normal 0.67565 -0.737222 0
    outer loop
      vertex -66.9497 4.94969 15
      vertex -66.9497 4.94969 0
      vertex -66.4995 5.36229 15
    endloop
  endfacet
  facet normal 0.608792 -0.79333 0
    outer loop
      vertex -66.015 5.73409 0
      vertex -66.015 5.73409 15
      vertex -66.4995 5.36229 0
    endloop
  endfacet
  facet normal 0.608792 -0.79333 0
    outer loop
      vertex -66.4995 5.36229 15
      vertex -66.4995 5.36229 0
      vertex -66.015 5.73409 15
    endloop
  endfacet
  facet normal 0.53731 -0.843385 0
    outer loop
      vertex -65.5 6.06219 0
      vertex -65.5 6.06219 15
      vertex -66.015 5.73409 0
    endloop
  endfacet
  facet normal 0.53731 -0.843385 0
    outer loop
      vertex -66.015 5.73409 15
      vertex -66.015 5.73409 0
      vertex -65.5 6.06219 15
    endloop
  endfacet
  facet normal 0.46176 -0.887005 0
    outer loop
      vertex -64.9583 6.34419 0
      vertex -64.9583 6.34419 15
      vertex -65.5 6.06219 0
    endloop
  endfacet
  facet normal 0.46176 -0.887005 0
    outer loop
      vertex -65.5 6.06219 15
      vertex -65.5 6.06219 0
      vertex -64.9583 6.34419 15
    endloop
  endfacet
  facet normal 0.382545 -0.923937 0
    outer loop
      vertex -64.3941 6.57779 0
      vertex -64.3941 6.57779 15
      vertex -64.9583 6.34419 0
    endloop
  endfacet
  facet normal 0.382545 -0.923937 0
    outer loop
      vertex -64.9583 6.34419 15
      vertex -64.9583 6.34419 0
      vertex -64.3941 6.57779 15
    endloop
  endfacet
  facet normal 0.30081 -0.953684 0
    outer loop
      vertex -63.8117 6.76149 0
      vertex -63.8117 6.76149 15
      vertex -64.3941 6.57779 0
    endloop
  endfacet
  facet normal 0.30081 -0.953684 0
    outer loop
      vertex -64.3941 6.57779 15
      vertex -64.3941 6.57779 0
      vertex -63.8117 6.76149 15
    endloop
  endfacet
  facet normal 0.21648 -0.976287 0
    outer loop
      vertex -63.2155 6.89369 0
      vertex -63.2155 6.89369 15
      vertex -63.8117 6.76149 0
    endloop
  endfacet
  facet normal 0.21648 -0.976287 0
    outer loop
      vertex -63.8117 6.76149 15
      vertex -63.8117 6.76149 0
      vertex -63.2155 6.89369 15
    endloop
  endfacet
  facet normal 0.130522 -0.991445 0
    outer loop
      vertex -62.6101 6.97339 0
      vertex -62.6101 6.97339 15
      vertex -63.2155 6.89369 0
    endloop
  endfacet
  facet normal 0.130522 -0.991445 0
    outer loop
      vertex -63.2155 6.89369 15
      vertex -63.2155 6.89369 0
      vertex -62.6101 6.97339 15
    endloop
  endfacet
  facet normal 0.0435744 -0.99905 0
    outer loop
      vertex -62 7 0
      vertex -62 7 15
      vertex -62.6101 6.97339 0
    endloop
  endfacet
  facet normal 0.0435744 -0.99905 0
    outer loop
      vertex -62.6101 6.97339 15
      vertex -62.6101 6.97339 0
      vertex -62 7 15
    endloop
  endfacet
  facet normal -0.0435744 -0.99905 0
    outer loop
      vertex -61.3899 6.97339 0
      vertex -61.3899 6.97339 15
      vertex -62 7 0
    endloop
  endfacet
  facet normal -0.0435744 -0.99905 -0
    outer loop
      vertex -62 7 15
      vertex -62 7 0
      vertex -61.3899 6.97339 15
    endloop
  endfacet
  facet normal -0.130522 -0.991445 0
    outer loop
      vertex -60.7845 6.89369 0
      vertex -60.7845 6.89369 15
      vertex -61.3899 6.97339 0
    endloop
  endfacet
  facet normal -0.130522 -0.991445 -0
    outer loop
      vertex -61.3899 6.97339 15
      vertex -61.3899 6.97339 0
      vertex -60.7845 6.89369 15
    endloop
  endfacet
  facet normal -0.21648 -0.976287 0
    outer loop
      vertex -60.1883 6.76149 0
      vertex -60.1883 6.76149 15
      vertex -60.7845 6.89369 0
    endloop
  endfacet
  facet normal -0.21648 -0.976287 -0
    outer loop
      vertex -60.7845 6.89369 15
      vertex -60.7845 6.89369 0
      vertex -60.1883 6.76149 15
    endloop
  endfacet
  facet normal -0.30081 -0.953684 0
    outer loop
      vertex -59.6059 6.57779 0
      vertex -59.6059 6.57779 15
      vertex -60.1883 6.76149 0
    endloop
  endfacet
  facet normal -0.30081 -0.953684 -0
    outer loop
      vertex -60.1883 6.76149 15
      vertex -60.1883 6.76149 0
      vertex -59.6059 6.57779 15
    endloop
  endfacet
  facet normal -0.382545 -0.923937 0
    outer loop
      vertex -59.0417 6.34419 0
      vertex -59.0417 6.34419 15
      vertex -59.6059 6.57779 0
    endloop
  endfacet
  facet normal -0.382545 -0.923937 -0
    outer loop
      vertex -59.6059 6.57779 15
      vertex -59.6059 6.57779 0
      vertex -59.0417 6.34419 15
    endloop
  endfacet
  facet normal -0.46176 -0.887005 0
    outer loop
      vertex -58.5 6.06219 0
      vertex -58.5 6.06219 15
      vertex -59.0417 6.34419 0
    endloop
  endfacet
  facet normal -0.46176 -0.887005 -0
    outer loop
      vertex -59.0417 6.34419 15
      vertex -59.0417 6.34419 0
      vertex -58.5 6.06219 15
    endloop
  endfacet
  facet normal -0.53731 -0.843385 0
    outer loop
      vertex -57.985 5.73409 0
      vertex -57.985 5.73409 15
      vertex -58.5 6.06219 0
    endloop
  endfacet
  facet normal -0.53731 -0.843385 -0
    outer loop
      vertex -58.5 6.06219 15
      vertex -58.5 6.06219 0
      vertex -57.985 5.73409 15
    endloop
  endfacet
  facet normal -0.608792 -0.79333 0
    outer loop
      vertex -57.5005 5.36229 0
      vertex -57.5005 5.36229 15
      vertex -57.985 5.73409 0
    endloop
  endfacet
  facet normal -0.608792 -0.79333 -0
    outer loop
      vertex -57.985 5.73409 15
      vertex -57.985 5.73409 0
      vertex -57.5005 5.36229 15
    endloop
  endfacet
  facet normal -0.67565 -0.737222 0
    outer loop
      vertex -57.0503 4.94969 0
      vertex -57.0503 4.94969 15
      vertex -57.5005 5.36229 0
    endloop
  endfacet
  facet normal -0.67565 -0.737222 -0
    outer loop
      vertex -57.5005 5.36229 15
      vertex -57.5005 5.36229 0
      vertex -57.0503 4.94969 15
    endloop
  endfacet
  facet normal -0.737215 -0.675659 0
    outer loop
      vertex -56.6377 4.4995 0
      vertex -56.6377 4.4995 15
      vertex -57.0503 4.94969 0
    endloop
  endfacet
  facet normal -0.737215 -0.675659 -0
    outer loop
      vertex -57.0503 4.94969 15
      vertex -57.0503 4.94969 0
      vertex -56.6377 4.4995 15
    endloop
  endfacet
  facet normal -0.79333 -0.608792 0
    outer loop
      vertex -56.2659 4.015 0
      vertex -56.2659 4.015 15
      vertex -56.6377 4.4995 0
    endloop
  endfacet
  facet normal -0.79333 -0.608792 -0
    outer loop
      vertex -56.6377 4.4995 15
      vertex -56.6377 4.4995 0
      vertex -56.2659 4.015 15
    endloop
  endfacet
  facet normal -0.843385 -0.53731 0
    outer loop
      vertex -55.9378 3.5 0
      vertex -55.9378 3.5 15
      vertex -56.2659 4.015 0
    endloop
  endfacet
  facet normal -0.843385 -0.53731 -0
    outer loop
      vertex -56.2659 4.015 15
      vertex -56.2659 4.015 0
      vertex -55.9378 3.5 15
    endloop
  endfacet
  facet normal -0.887005 -0.46176 0
    outer loop
      vertex -55.6558 2.9583 0
      vertex -55.6558 2.9583 15
      vertex -55.9378 3.5 0
    endloop
  endfacet
  facet normal -0.887005 -0.46176 -0
    outer loop
      vertex -55.9378 3.5 15
      vertex -55.9378 3.5 0
      vertex -55.6558 2.9583 15
    endloop
  endfacet
  facet normal -0.923939 -0.382539 0
    outer loop
      vertex -55.4222 2.39409 0
      vertex -55.4222 2.39409 15
      vertex -55.6558 2.9583 0
    endloop
  endfacet
  facet normal -0.923939 -0.382539 -0
    outer loop
      vertex -55.6558 2.9583 15
      vertex -55.6558 2.9583 0
      vertex -55.4222 2.39409 15
    endloop
  endfacet
  facet normal -0.953684 -0.30081 0
    outer loop
      vertex -55.2385 1.81169 0
      vertex -55.2385 1.81169 15
      vertex -55.4222 2.39409 0
    endloop
  endfacet
  facet normal -0.953684 -0.30081 -0
    outer loop
      vertex -55.4222 2.39409 15
      vertex -55.4222 2.39409 0
      vertex -55.2385 1.81169 15
    endloop
  endfacet
  facet normal -0.976286 -0.216483 0
    outer loop
      vertex -55.1063 1.2155 0
      vertex -55.1063 1.2155 15
      vertex -55.2385 1.81169 0
    endloop
  endfacet
  facet normal -0.976286 -0.216483 -0
    outer loop
      vertex -55.2385 1.81169 15
      vertex -55.2385 1.81169 0
      vertex -55.1063 1.2155 15
    endloop
  endfacet
  facet normal -0.991446 -0.130521 0
    outer loop
      vertex -55.0266 0.610092 0
      vertex -55.0266 0.610092 15
      vertex -55.1063 1.2155 0
    endloop
  endfacet
  facet normal -0.991446 -0.130521 -0
    outer loop
      vertex -55.1063 1.2155 15
      vertex -55.1063 1.2155 0
      vertex -55.0266 0.610092 15
    endloop
  endfacet
  facet normal -0.999051 -0.0435586 0
    outer loop
      vertex -55 0 0
      vertex -55 0 15
      vertex -55.0266 0.610092 0
    endloop
  endfacet
  facet normal -0.999051 -0.0435586 -0
    outer loop
      vertex -55.0266 0.610092 15
      vertex -55.0266 0.610092 0
      vertex -55 0 15
    endloop
  endfacet
  facet normal -0.999051 0.0435586 0
    outer loop
      vertex -55.0266 -0.610092 0
      vertex -55.0266 -0.610092 15
      vertex -55 0 0
    endloop
  endfacet
  facet normal -0.999051 0.0435586 0
    outer loop
      vertex -55 0 15
      vertex -55 0 0
      vertex -55.0266 -0.610092 15
    endloop
  endfacet
  facet normal -0.991446 0.130521 0
    outer loop
      vertex -55.1063 -1.2155 0
      vertex -55.1063 -1.2155 15
      vertex -55.0266 -0.610092 0
    endloop
  endfacet
  facet normal -0.991446 0.130521 0
    outer loop
      vertex -55.0266 -0.610092 15
      vertex -55.0266 -0.610092 0
      vertex -55.1063 -1.2155 15
    endloop
  endfacet
  facet normal -0.976286 0.216483 0
    outer loop
      vertex -55.2385 -1.81169 0
      vertex -55.2385 -1.81169 15
      vertex -55.1063 -1.2155 0
    endloop
  endfacet
  facet normal -0.976286 0.216483 0
    outer loop
      vertex -55.1063 -1.2155 15
      vertex -55.1063 -1.2155 0
      vertex -55.2385 -1.81169 15
    endloop
  endfacet
  facet normal -0.953684 0.30081 0
    outer loop
      vertex -55.4222 -2.39409 0
      vertex -55.4222 -2.39409 15
      vertex -55.2385 -1.81169 0
    endloop
  endfacet
  facet normal -0.953684 0.30081 0
    outer loop
      vertex -55.2385 -1.81169 15
      vertex -55.2385 -1.81169 0
      vertex -55.4222 -2.39409 15
    endloop
  endfacet
  facet normal -0.923939 0.382539 0
    outer loop
      vertex -55.6558 -2.9583 0
      vertex -55.6558 -2.9583 15
      vertex -55.4222 -2.39409 0
    endloop
  endfacet
  facet normal -0.923939 0.382539 0
    outer loop
      vertex -55.4222 -2.39409 15
      vertex -55.4222 -2.39409 0
      vertex -55.6558 -2.9583 15
    endloop
  endfacet
  facet normal -0.887005 0.46176 0
    outer loop
      vertex -55.9378 -3.5 0
      vertex -55.9378 -3.5 15
      vertex -55.6558 -2.9583 0
    endloop
  endfacet
  facet normal -0.887005 0.46176 0
    outer loop
      vertex -55.6558 -2.9583 15
      vertex -55.6558 -2.9583 0
      vertex -55.9378 -3.5 15
    endloop
  endfacet
  facet normal -0.843385 0.53731 0
    outer loop
      vertex -56.2659 -4.015 0
      vertex -56.2659 -4.015 15
      vertex -55.9378 -3.5 0
    endloop
  endfacet
  facet normal -0.843385 0.53731 0
    outer loop
      vertex -55.9378 -3.5 15
      vertex -55.9378 -3.5 0
      vertex -56.2659 -4.015 15
    endloop
  endfacet
  facet normal -0.79333 0.608792 0
    outer loop
      vertex -56.6377 -4.4995 0
      vertex -56.6377 -4.4995 15
      vertex -56.2659 -4.015 0
    endloop
  endfacet
  facet normal -0.79333 0.608792 0
    outer loop
      vertex -56.2659 -4.015 15
      vertex -56.2659 -4.015 0
      vertex -56.6377 -4.4995 15
    endloop
  endfacet
  facet normal -0.737215 0.675659 0
    outer loop
      vertex -57.0503 -4.94969 0
      vertex -57.0503 -4.94969 15
      vertex -56.6377 -4.4995 0
    endloop
  endfacet
  facet normal -0.737215 0.675659 0
    outer loop
      vertex -56.6377 -4.4995 15
      vertex -56.6377 -4.4995 0
      vertex -57.0503 -4.94969 15
    endloop
  endfacet
  facet normal -0.67565 0.737222 0
    outer loop
      vertex -57.5005 -5.36229 0
      vertex -57.5005 -5.36229 15
      vertex -57.0503 -4.94969 0
    endloop
  endfacet
  facet normal -0.67565 0.737222 0
    outer loop
      vertex -57.0503 -4.94969 15
      vertex -57.0503 -4.94969 0
      vertex -57.5005 -5.36229 15
    endloop
  endfacet
  facet normal -0.608792 0.79333 0
    outer loop
      vertex -57.985 -5.73409 0
      vertex -57.985 -5.73409 15
      vertex -57.5005 -5.36229 0
    endloop
  endfacet
  facet normal -0.608792 0.79333 0
    outer loop
      vertex -57.5005 -5.36229 15
      vertex -57.5005 -5.36229 0
      vertex -57.985 -5.73409 15
    endloop
  endfacet
  facet normal -0.53731 0.843385 0
    outer loop
      vertex -58.5 -6.06219 0
      vertex -58.5 -6.06219 15
      vertex -57.985 -5.73409 0
    endloop
  endfacet
  facet normal -0.53731 0.843385 0
    outer loop
      vertex -57.985 -5.73409 15
      vertex -57.985 -5.73409 0
      vertex -58.5 -6.06219 15
    endloop
  endfacet
  facet normal -0.46176 0.887005 0
    outer loop
      vertex -59.0417 -6.34419 0
      vertex -59.0417 -6.34419 15
      vertex -58.5 -6.06219 0
    endloop
  endfacet
  facet normal -0.46176 0.887005 0
    outer loop
      vertex -58.5 -6.06219 15
      vertex -58.5 -6.06219 0
      vertex -59.0417 -6.34419 15
    endloop
  endfacet
  facet normal -0.382545 0.923937 0
    outer loop
      vertex -59.6059 -6.57779 0
      vertex -59.6059 -6.57779 15
      vertex -59.0417 -6.34419 0
    endloop
  endfacet
  facet normal -0.382545 0.923937 0
    outer loop
      vertex -59.0417 -6.34419 15
      vertex -59.0417 -6.34419 0
      vertex -59.6059 -6.57779 15
    endloop
  endfacet
  facet normal -0.30081 0.953684 0
    outer loop
      vertex -60.1883 -6.76149 0
      vertex -60.1883 -6.76149 15
      vertex -59.6059 -6.57779 0
    endloop
  endfacet
  facet normal -0.30081 0.953684 0
    outer loop
      vertex -59.6059 -6.57779 15
      vertex -59.6059 -6.57779 0
      vertex -60.1883 -6.76149 15
    endloop
  endfacet
  facet normal -0.21648 0.976287 0
    outer loop
      vertex -60.7845 -6.89369 0
      vertex -60.7845 -6.89369 15
      vertex -60.1883 -6.76149 0
    endloop
  endfacet
  facet normal -0.21648 0.976287 0
    outer loop
      vertex -60.1883 -6.76149 15
      vertex -60.1883 -6.76149 0
      vertex -60.7845 -6.89369 15
    endloop
  endfacet
  facet normal -0.130522 0.991445 0
    outer loop
      vertex -61.3899 -6.97339 0
      vertex -61.3899 -6.97339 15
      vertex -60.7845 -6.89369 0
    endloop
  endfacet
  facet normal -0.130522 0.991445 0
    outer loop
      vertex -60.7845 -6.89369 15
      vertex -60.7845 -6.89369 0
      vertex -61.3899 -6.97339 15
    endloop
  endfacet
  facet normal -0.0435744 0.99905 0
    outer loop
      vertex -62 -7 0
      vertex -62 -7 15
      vertex -61.3899 -6.97339 0
    endloop
  endfacet
  facet normal -0.0435744 0.99905 0
    outer loop
      vertex -61.3899 -6.97339 15
      vertex -61.3899 -6.97339 0
      vertex -62 -7 15
    endloop
  endfacet
  facet normal 0.0435744 0.99905 -0
    outer loop
      vertex -62.6101 -6.97339 0
      vertex -62.6101 -6.97339 15
      vertex -62 -7 0
    endloop
  endfacet
  facet normal 0.0435744 0.99905 0
    outer loop
      vertex -62 -7 15
      vertex -62 -7 0
      vertex -62.6101 -6.97339 15
    endloop
  endfacet
  facet normal 0.130712 0.99142 -0
    outer loop
      vertex -42.0955 -20.1752 0
      vertex -42.0955 -20.1752 15
      vertex -41.8361 -20.2094 0
    endloop
  endfacet
  facet normal 0.130712 0.99142 0
    outer loop
      vertex -41.8361 -20.2094 15
      vertex -41.8361 -20.2094 0
      vertex -42.0955 -20.1752 15
    endloop
  endfacet
  facet normal 0.216202 0.976349 -0
    outer loop
      vertex -42.3511 -20.1186 0
      vertex -42.3511 -20.1186 15
      vertex -42.0955 -20.1752 0
    endloop
  endfacet
  facet normal 0.216202 0.976349 0
    outer loop
      vertex -42.0955 -20.1752 15
      vertex -42.0955 -20.1752 0
      vertex -42.3511 -20.1186 15
    endloop
  endfacet
  facet normal 0.300711 0.953715 -0
    outer loop
      vertex -42.6007 -20.0399 0
      vertex -42.6007 -20.0399 15
      vertex -42.3511 -20.1186 0
    endloop
  endfacet
  facet normal 0.300711 0.953715 0
    outer loop
      vertex -42.3511 -20.1186 15
      vertex -42.3511 -20.1186 0
      vertex -42.6007 -20.0399 15
    endloop
  endfacet
  facet normal 0.382824 0.923821 -0
    outer loop
      vertex -42.8425 -19.9397 0
      vertex -42.8425 -19.9397 15
      vertex -42.6007 -20.0399 0
    endloop
  endfacet
  facet normal 0.382824 0.923821 0
    outer loop
      vertex -42.6007 -20.0399 15
      vertex -42.6007 -20.0399 0
      vertex -42.8425 -19.9397 15
    endloop
  endfacet
  facet normal 0.461678 0.887048 -0
    outer loop
      vertex -43.0746 -19.8189 0
      vertex -43.0746 -19.8189 15
      vertex -42.8425 -19.9397 0
    endloop
  endfacet
  facet normal 0.461678 0.887048 0
    outer loop
      vertex -42.8425 -19.9397 15
      vertex -42.8425 -19.9397 0
      vertex -43.0746 -19.8189 15
    endloop
  endfacet
  facet normal 0.537296 0.843394 -0
    outer loop
      vertex -43.2953 -19.6783 0
      vertex -43.2953 -19.6783 15
      vertex -43.0746 -19.8189 0
    endloop
  endfacet
  facet normal 0.537296 0.843394 0
    outer loop
      vertex -43.0746 -19.8189 15
      vertex -43.0746 -19.8189 0
      vertex -43.2953 -19.6783 15
    endloop
  endfacet
  facet normal 0.608824 0.793305 -0
    outer loop
      vertex -43.503 -19.5189 0
      vertex -43.503 -19.5189 15
      vertex -43.2953 -19.6783 0
    endloop
  endfacet
  facet normal 0.608824 0.793305 0
    outer loop
      vertex -43.2953 -19.6783 15
      vertex -43.2953 -19.6783 0
      vertex -43.503 -19.5189 15
    endloop
  endfacet
  facet normal 0.675673 0.737202 -0
    outer loop
      vertex -43.6959 -19.3421 0
      vertex -43.6959 -19.3421 15
      vertex -43.503 -19.5189 0
    endloop
  endfacet
  facet normal 0.675673 0.737202 0
    outer loop
      vertex -43.503 -19.5189 15
      vertex -43.503 -19.5189 0
      vertex -43.6959 -19.3421 15
    endloop
  endfacet
  facet normal 0.737202 0.675673 -0
    outer loop
      vertex -43.8727 -19.1492 0
      vertex -43.8727 -19.1492 15
      vertex -43.6959 -19.3421 0
    endloop
  endfacet
  facet normal 0.737202 0.675673 0
    outer loop
      vertex -43.6959 -19.3421 15
      vertex -43.6959 -19.3421 0
      vertex -43.8727 -19.1492 15
    endloop
  endfacet
  facet normal 0.793305 0.608824 -0
    outer loop
      vertex -44.0321 -18.9415 0
      vertex -44.0321 -18.9415 15
      vertex -43.8727 -19.1492 0
    endloop
  endfacet
  facet normal 0.793305 0.608824 0
    outer loop
      vertex -43.8727 -19.1492 15
      vertex -43.8727 -19.1492 0
      vertex -44.0321 -18.9415 15
    endloop
  endfacet
  facet normal 0.843394 0.537296 -0
    outer loop
      vertex -44.1727 -18.7208 0
      vertex -44.1727 -18.7208 15
      vertex -44.0321 -18.9415 0
    endloop
  endfacet
  facet normal 0.843394 0.537296 0
    outer loop
      vertex -44.0321 -18.9415 15
      vertex -44.0321 -18.9415 0
      vertex -44.1727 -18.7208 15
    endloop
  endfacet
  facet normal 0.887048 0.461678 -0
    outer loop
      vertex -44.2935 -18.4887 0
      vertex -44.2935 -18.4887 15
      vertex -44.1727 -18.7208 0
    endloop
  endfacet
  facet normal 0.887048 0.461678 0
    outer loop
      vertex -44.1727 -18.7208 15
      vertex -44.1727 -18.7208 0
      vertex -44.2935 -18.4887 15
    endloop
  endfacet
  facet normal 0.923821 0.382824 -0
    outer loop
      vertex -44.3937 -18.2469 0
      vertex -44.3937 -18.2469 15
      vertex -44.2935 -18.4887 0
    endloop
  endfacet
  facet normal 0.923821 0.382824 0
    outer loop
      vertex -44.2935 -18.4887 15
      vertex -44.2935 -18.4887 0
      vertex -44.3937 -18.2469 15
    endloop
  endfacet
  facet normal 0.953715 0.300711 -0
    outer loop
      vertex -44.4724 -17.9973 0
      vertex -44.4724 -17.9973 15
      vertex -44.3937 -18.2469 0
    endloop
  endfacet
  facet normal 0.953715 0.300711 0
    outer loop
      vertex -44.3937 -18.2469 15
      vertex -44.3937 -18.2469 0
      vertex -44.4724 -17.9973 15
    endloop
  endfacet
  facet normal 0.976349 0.216202 -0
    outer loop
      vertex -44.529 -17.7417 0
      vertex -44.529 -17.7417 15
      vertex -44.4724 -17.9973 0
    endloop
  endfacet
  facet normal 0.976349 0.216202 0
    outer loop
      vertex -44.4724 -17.9973 15
      vertex -44.4724 -17.9973 0
      vertex -44.529 -17.7417 15
    endloop
  endfacet
  facet normal 0.99142 0.130712 -0
    outer loop
      vertex -44.5632 -17.4823 0
      vertex -44.5632 -17.4823 15
      vertex -44.529 -17.7417 0
    endloop
  endfacet
  facet normal 0.99142 0.130712 0
    outer loop
      vertex -44.529 -17.7417 15
      vertex -44.529 -17.7417 0
      vertex -44.5632 -17.4823 15
    endloop
  endfacet
  facet normal 0.999051 0.0435533 -0
    outer loop
      vertex -44.5746 -17.2208 0
      vertex -44.5746 -17.2208 15
      vertex -44.5632 -17.4823 0
    endloop
  endfacet
  facet normal 0.999051 0.0435533 0
    outer loop
      vertex -44.5632 -17.4823 15
      vertex -44.5632 -17.4823 0
      vertex -44.5746 -17.2208 15
    endloop
  endfacet
  facet normal 0.999051 -0.0435533 0
    outer loop
      vertex -44.5632 -16.9593 0
      vertex -44.5632 -16.9593 15
      vertex -44.5746 -17.2208 0
    endloop
  endfacet
  facet normal 0.999051 -0.0435533 0
    outer loop
      vertex -44.5746 -17.2208 15
      vertex -44.5746 -17.2208 0
      vertex -44.5632 -16.9593 15
    endloop
  endfacet
  facet normal 0.99142 -0.130712 0
    outer loop
      vertex -44.529 -16.6999 0
      vertex -44.529 -16.6999 15
      vertex -44.5632 -16.9593 0
    endloop
  endfacet
  facet normal 0.99142 -0.130712 0
    outer loop
      vertex -44.5632 -16.9593 15
      vertex -44.5632 -16.9593 0
      vertex -44.529 -16.6999 15
    endloop
  endfacet
  facet normal 0.976349 -0.216202 0
    outer loop
      vertex -44.4724 -16.4443 0
      vertex -44.4724 -16.4443 15
      vertex -44.529 -16.6999 0
    endloop
  endfacet
  facet normal 0.976349 -0.216202 0
    outer loop
      vertex -44.529 -16.6999 15
      vertex -44.529 -16.6999 0
      vertex -44.4724 -16.4443 15
    endloop
  endfacet
  facet normal 0.953715 -0.300711 0
    outer loop
      vertex -44.3937 -16.1947 0
      vertex -44.3937 -16.1947 15
      vertex -44.4724 -16.4443 0
    endloop
  endfacet
  facet normal 0.953715 -0.300711 0
    outer loop
      vertex -44.4724 -16.4443 15
      vertex -44.4724 -16.4443 0
      vertex -44.3937 -16.1947 15
    endloop
  endfacet
  facet normal 0.923821 -0.382824 0
    outer loop
      vertex -44.2935 -15.9529 0
      vertex -44.2935 -15.9529 15
      vertex -44.3937 -16.1947 0
    endloop
  endfacet
  facet normal 0.923821 -0.382824 0
    outer loop
      vertex -44.3937 -16.1947 15
      vertex -44.3937 -16.1947 0
      vertex -44.2935 -15.9529 15
    endloop
  endfacet
  facet normal 0.887048 -0.461678 0
    outer loop
      vertex -44.1727 -15.7208 0
      vertex -44.1727 -15.7208 15
      vertex -44.2935 -15.9529 0
    endloop
  endfacet
  facet normal 0.887048 -0.461678 0
    outer loop
      vertex -44.2935 -15.9529 15
      vertex -44.2935 -15.9529 0
      vertex -44.1727 -15.7208 15
    endloop
  endfacet
  facet normal 0.843394 -0.537296 0
    outer loop
      vertex -44.0321 -15.5001 0
      vertex -44.0321 -15.5001 15
      vertex -44.1727 -15.7208 0
    endloop
  endfacet
  facet normal 0.843394 -0.537296 0
    outer loop
      vertex -44.1727 -15.7208 15
      vertex -44.1727 -15.7208 0
      vertex -44.0321 -15.5001 15
    endloop
  endfacet
  facet normal 0.793305 -0.608824 0
    outer loop
      vertex -43.8727 -15.2924 0
      vertex -43.8727 -15.2924 15
      vertex -44.0321 -15.5001 0
    endloop
  endfacet
  facet normal 0.793305 -0.608824 0
    outer loop
      vertex -44.0321 -15.5001 15
      vertex -44.0321 -15.5001 0
      vertex -43.8727 -15.2924 15
    endloop
  endfacet
  facet normal 0.737202 -0.675673 0
    outer loop
      vertex -43.6959 -15.0995 0
      vertex -43.6959 -15.0995 15
      vertex -43.8727 -15.2924 0
    endloop
  endfacet
  facet normal 0.737202 -0.675673 0
    outer loop
      vertex -43.8727 -15.2924 15
      vertex -43.8727 -15.2924 0
      vertex -43.6959 -15.0995 15
    endloop
  endfacet
  facet normal 0.675673 -0.737202 0
    outer loop
      vertex -43.503 -14.9227 0
      vertex -43.503 -14.9227 15
      vertex -43.6959 -15.0995 0
    endloop
  endfacet
  facet normal 0.675673 -0.737202 0
    outer loop
      vertex -43.6959 -15.0995 15
      vertex -43.6959 -15.0995 0
      vertex -43.503 -14.9227 15
    endloop
  endfacet
  facet normal 0.608824 -0.793305 0
    outer loop
      vertex -43.2953 -14.7633 0
      vertex -43.2953 -14.7633 15
      vertex -43.503 -14.9227 0
    endloop
  endfacet
  facet normal 0.608824 -0.793305 0
    outer loop
      vertex -43.503 -14.9227 15
      vertex -43.503 -14.9227 0
      vertex -43.2953 -14.7633 15
    endloop
  endfacet
  facet normal 0.537296 -0.843394 0
    outer loop
      vertex -43.0746 -14.6227 0
      vertex -43.0746 -14.6227 15
      vertex -43.2953 -14.7633 0
    endloop
  endfacet
  facet normal 0.537296 -0.843394 0
    outer loop
      vertex -43.2953 -14.7633 15
      vertex -43.2953 -14.7633 0
      vertex -43.0746 -14.6227 15
    endloop
  endfacet
  facet normal 0.461678 -0.887048 0
    outer loop
      vertex -42.8425 -14.5019 0
      vertex -42.8425 -14.5019 15
      vertex -43.0746 -14.6227 0
    endloop
  endfacet
  facet normal 0.461678 -0.887048 0
    outer loop
      vertex -43.0746 -14.6227 15
      vertex -43.0746 -14.6227 0
      vertex -42.8425 -14.5019 15
    endloop
  endfacet
  facet normal 0.382824 -0.923821 0
    outer loop
      vertex -42.6007 -14.4017 0
      vertex -42.6007 -14.4017 15
      vertex -42.8425 -14.5019 0
    endloop
  endfacet
  facet normal 0.382824 -0.923821 0
    outer loop
      vertex -42.8425 -14.5019 15
      vertex -42.8425 -14.5019 0
      vertex -42.6007 -14.4017 15
    endloop
  endfacet
  facet normal 0.300711 -0.953715 0
    outer loop
      vertex -42.3511 -14.323 0
      vertex -42.3511 -14.323 15
      vertex -42.6007 -14.4017 0
    endloop
  endfacet
  facet normal 0.300711 -0.953715 0
    outer loop
      vertex -42.6007 -14.4017 15
      vertex -42.6007 -14.4017 0
      vertex -42.3511 -14.323 15
    endloop
  endfacet
  facet normal 0.216202 -0.976349 0
    outer loop
      vertex -42.0955 -14.2664 0
      vertex -42.0955 -14.2664 15
      vertex -42.3511 -14.323 0
    endloop
  endfacet
  facet normal 0.216202 -0.976349 0
    outer loop
      vertex -42.3511 -14.323 15
      vertex -42.3511 -14.323 0
      vertex -42.0955 -14.2664 15
    endloop
  endfacet
  facet normal 0.130712 -0.99142 0
    outer loop
      vertex -41.8361 -14.2322 0
      vertex -41.8361 -14.2322 15
      vertex -42.0955 -14.2664 0
    endloop
  endfacet
  facet normal 0.130712 -0.99142 0
    outer loop
      vertex -42.0955 -14.2664 15
      vertex -42.0955 -14.2664 0
      vertex -41.8361 -14.2322 15
    endloop
  endfacet
  facet normal 0.0435533 -0.999051 0
    outer loop
      vertex -41.5746 -14.2208 0
      vertex -41.5746 -14.2208 15
      vertex -41.8361 -14.2322 0
    endloop
  endfacet
  facet normal 0.0435533 -0.999051 0
    outer loop
      vertex -41.8361 -14.2322 15
      vertex -41.8361 -14.2322 0
      vertex -41.5746 -14.2208 15
    endloop
  endfacet
  facet normal -0.0435533 -0.999051 0
    outer loop
      vertex -41.3131 -14.2322 0
      vertex -41.3131 -14.2322 15
      vertex -41.5746 -14.2208 0
    endloop
  endfacet
  facet normal -0.0435533 -0.999051 -0
    outer loop
      vertex -41.5746 -14.2208 15
      vertex -41.5746 -14.2208 0
      vertex -41.3131 -14.2322 15
    endloop
  endfacet
  facet normal -0.130712 -0.99142 0
    outer loop
      vertex -41.0537 -14.2664 0
      vertex -41.0537 -14.2664 15
      vertex -41.3131 -14.2322 0
    endloop
  endfacet
  facet normal -0.130712 -0.99142 -0
    outer loop
      vertex -41.3131 -14.2322 15
      vertex -41.3131 -14.2322 0
      vertex -41.0537 -14.2664 15
    endloop
  endfacet
  facet normal -0.216202 -0.976349 0
    outer loop
      vertex -40.7981 -14.323 0
      vertex -40.7981 -14.323 15
      vertex -41.0537 -14.2664 0
    endloop
  endfacet
  facet normal -0.216202 -0.976349 -0
    outer loop
      vertex -41.0537 -14.2664 15
      vertex -41.0537 -14.2664 0
      vertex -40.7981 -14.323 15
    endloop
  endfacet
  facet normal -0.300711 -0.953715 0
    outer loop
      vertex -40.5485 -14.4017 0
      vertex -40.5485 -14.4017 15
      vertex -40.7981 -14.323 0
    endloop
  endfacet
  facet normal -0.300711 -0.953715 -0
    outer loop
      vertex -40.7981 -14.323 15
      vertex -40.7981 -14.323 0
      vertex -40.5485 -14.4017 15
    endloop
  endfacet
  facet normal -0.382824 -0.923821 0
    outer loop
      vertex -40.3067 -14.5019 0
      vertex -40.3067 -14.5019 15
      vertex -40.5485 -14.4017 0
    endloop
  endfacet
  facet normal -0.382824 -0.923821 -0
    outer loop
      vertex -40.5485 -14.4017 15
      vertex -40.5485 -14.4017 0
      vertex -40.3067 -14.5019 15
    endloop
  endfacet
  facet normal -0.461678 -0.887048 0
    outer loop
      vertex -40.0746 -14.6227 0
      vertex -40.0746 -14.6227 15
      vertex -40.3067 -14.5019 0
    endloop
  endfacet
  facet normal -0.461678 -0.887048 -0
    outer loop
      vertex -40.3067 -14.5019 15
      vertex -40.3067 -14.5019 0
      vertex -40.0746 -14.6227 15
    endloop
  endfacet
  facet normal -0.537296 -0.843394 0
    outer loop
      vertex -39.8539 -14.7633 0
      vertex -39.8539 -14.7633 15
      vertex -40.0746 -14.6227 0
    endloop
  endfacet
  facet normal -0.537296 -0.843394 -0
    outer loop
      vertex -40.0746 -14.6227 15
      vertex -40.0746 -14.6227 0
      vertex -39.8539 -14.7633 15
    endloop
  endfacet
  facet normal -0.608824 -0.793305 0
    outer loop
      vertex -39.6462 -14.9227 0
      vertex -39.6462 -14.9227 15
      vertex -39.8539 -14.7633 0
    endloop
  endfacet
  facet normal -0.608824 -0.793305 -0
    outer loop
      vertex -39.8539 -14.7633 15
      vertex -39.8539 -14.7633 0
      vertex -39.6462 -14.9227 15
    endloop
  endfacet
  facet normal -0.675673 -0.737202 0
    outer loop
      vertex -39.4533 -15.0995 0
      vertex -39.4533 -15.0995 15
      vertex -39.6462 -14.9227 0
    endloop
  endfacet
  facet normal -0.675673 -0.737202 -0
    outer loop
      vertex -39.6462 -14.9227 15
      vertex -39.6462 -14.9227 0
      vertex -39.4533 -15.0995 15
    endloop
  endfacet
  facet normal -0.737202 -0.675673 0
    outer loop
      vertex -39.2765 -15.2924 0
      vertex -39.2765 -15.2924 15
      vertex -39.4533 -15.0995 0
    endloop
  endfacet
  facet normal -0.737202 -0.675673 -0
    outer loop
      vertex -39.4533 -15.0995 15
      vertex -39.4533 -15.0995 0
      vertex -39.2765 -15.2924 15
    endloop
  endfacet
  facet normal -0.793305 -0.608824 0
    outer loop
      vertex -39.1171 -15.5001 0
      vertex -39.1171 -15.5001 15
      vertex -39.2765 -15.2924 0
    endloop
  endfacet
  facet normal -0.793305 -0.608824 -0
    outer loop
      vertex -39.2765 -15.2924 15
      vertex -39.2765 -15.2924 0
      vertex -39.1171 -15.5001 15
    endloop
  endfacet
  facet normal -0.843394 -0.537296 0
    outer loop
      vertex -38.9765 -15.7208 0
      vertex -38.9765 -15.7208 15
      vertex -39.1171 -15.5001 0
    endloop
  endfacet
  facet normal -0.843394 -0.537296 -0
    outer loop
      vertex -39.1171 -15.5001 15
      vertex -39.1171 -15.5001 0
      vertex -38.9765 -15.7208 15
    endloop
  endfacet
  facet normal -0.887048 -0.461678 0
    outer loop
      vertex -38.8557 -15.9529 0
      vertex -38.8557 -15.9529 15
      vertex -38.9765 -15.7208 0
    endloop
  endfacet
  facet normal -0.887048 -0.461678 -0
    outer loop
      vertex -38.9765 -15.7208 15
      vertex -38.9765 -15.7208 0
      vertex -38.8557 -15.9529 15
    endloop
  endfacet
  facet normal -0.923821 -0.382824 0
    outer loop
      vertex -38.7555 -16.1947 0
      vertex -38.7555 -16.1947 15
      vertex -38.8557 -15.9529 0
    endloop
  endfacet
  facet normal -0.923821 -0.382824 -0
    outer loop
      vertex -38.8557 -15.9529 15
      vertex -38.8557 -15.9529 0
      vertex -38.7555 -16.1947 15
    endloop
  endfacet
  facet normal -0.953715 -0.300711 0
    outer loop
      vertex -38.6768 -16.4443 0
      vertex -38.6768 -16.4443 15
      vertex -38.7555 -16.1947 0
    endloop
  endfacet
  facet normal -0.953715 -0.300711 -0
    outer loop
      vertex -38.7555 -16.1947 15
      vertex -38.7555 -16.1947 0
      vertex -38.6768 -16.4443 15
    endloop
  endfacet
  facet normal -0.976349 -0.216202 0
    outer loop
      vertex -38.6202 -16.6999 0
      vertex -38.6202 -16.6999 15
      vertex -38.6768 -16.4443 0
    endloop
  endfacet
  facet normal -0.976349 -0.216202 -0
    outer loop
      vertex -38.6768 -16.4443 15
      vertex -38.6768 -16.4443 0
      vertex -38.6202 -16.6999 15
    endloop
  endfacet
  facet normal -0.99142 -0.130712 0
    outer loop
      vertex -38.586 -16.9593 0
      vertex -38.586 -16.9593 15
      vertex -38.6202 -16.6999 0
    endloop
  endfacet
  facet normal -0.99142 -0.130712 -0
    outer loop
      vertex -38.6202 -16.6999 15
      vertex -38.6202 -16.6999 0
      vertex -38.586 -16.9593 15
    endloop
  endfacet
  facet normal -0.999051 -0.0435533 0
    outer loop
      vertex -38.5746 -17.2208 0
      vertex -38.5746 -17.2208 15
      vertex -38.586 -16.9593 0
    endloop
  endfacet
  facet normal -0.999051 -0.0435533 -0
    outer loop
      vertex -38.586 -16.9593 15
      vertex -38.586 -16.9593 0
      vertex -38.5746 -17.2208 15
    endloop
  endfacet
  facet normal -0.999051 0.0435533 0
    outer loop
      vertex -38.586 -17.4823 0
      vertex -38.586 -17.4823 15
      vertex -38.5746 -17.2208 0
    endloop
  endfacet
  facet normal -0.999051 0.0435533 0
    outer loop
      vertex -38.5746 -17.2208 15
      vertex -38.5746 -17.2208 0
      vertex -38.586 -17.4823 15
    endloop
  endfacet
  facet normal -0.99142 0.130712 0
    outer loop
      vertex -38.6202 -17.7417 0
      vertex -38.6202 -17.7417 15
      vertex -38.586 -17.4823 0
    endloop
  endfacet
  facet normal -0.99142 0.130712 0
    outer loop
      vertex -38.586 -17.4823 15
      vertex -38.586 -17.4823 0
      vertex -38.6202 -17.7417 15
    endloop
  endfacet
  facet normal -0.976349 0.216202 0
    outer loop
      vertex -38.6768 -17.9973 0
      vertex -38.6768 -17.9973 15
      vertex -38.6202 -17.7417 0
    endloop
  endfacet
  facet normal -0.976349 0.216202 0
    outer loop
      vertex -38.6202 -17.7417 15
      vertex -38.6202 -17.7417 0
      vertex -38.6768 -17.9973 15
    endloop
  endfacet
  facet normal -0.953715 0.300711 0
    outer loop
      vertex -38.7555 -18.2469 0
      vertex -38.7555 -18.2469 15
      vertex -38.6768 -17.9973 0
    endloop
  endfacet
  facet normal -0.953715 0.300711 0
    outer loop
      vertex -38.6768 -17.9973 15
      vertex -38.6768 -17.9973 0
      vertex -38.7555 -18.2469 15
    endloop
  endfacet
  facet normal -0.923821 0.382824 0
    outer loop
      vertex -38.8557 -18.4887 0
      vertex -38.8557 -18.4887 15
      vertex -38.7555 -18.2469 0
    endloop
  endfacet
  facet normal -0.923821 0.382824 0
    outer loop
      vertex -38.7555 -18.2469 15
      vertex -38.7555 -18.2469 0
      vertex -38.8557 -18.4887 15
    endloop
  endfacet
  facet normal -0.887048 0.461678 0
    outer loop
      vertex -38.9765 -18.7208 0
      vertex -38.9765 -18.7208 15
      vertex -38.8557 -18.4887 0
    endloop
  endfacet
  facet normal -0.887048 0.461678 0
    outer loop
      vertex -38.8557 -18.4887 15
      vertex -38.8557 -18.4887 0
      vertex -38.9765 -18.7208 15
    endloop
  endfacet
  facet normal -0.843394 0.537296 0
    outer loop
      vertex -39.1171 -18.9415 0
      vertex -39.1171 -18.9415 15
      vertex -38.9765 -18.7208 0
    endloop
  endfacet
  facet normal -0.843394 0.537296 0
    outer loop
      vertex -38.9765 -18.7208 15
      vertex -38.9765 -18.7208 0
      vertex -39.1171 -18.9415 15
    endloop
  endfacet
  facet normal -0.793305 0.608824 0
    outer loop
      vertex -39.2765 -19.1492 0
      vertex -39.2765 -19.1492 15
      vertex -39.1171 -18.9415 0
    endloop
  endfacet
  facet normal -0.793305 0.608824 0
    outer loop
      vertex -39.1171 -18.9415 15
      vertex -39.1171 -18.9415 0
      vertex -39.2765 -19.1492 15
    endloop
  endfacet
  facet normal -0.737202 0.675673 0
    outer loop
      vertex -39.4533 -19.3421 0
      vertex -39.4533 -19.3421 15
      vertex -39.2765 -19.1492 0
    endloop
  endfacet
  facet normal -0.737202 0.675673 0
    outer loop
      vertex -39.2765 -19.1492 15
      vertex -39.2765 -19.1492 0
      vertex -39.4533 -19.3421 15
    endloop
  endfacet
  facet normal -0.675673 0.737202 0
    outer loop
      vertex -39.6462 -19.5189 0
      vertex -39.6462 -19.5189 15
      vertex -39.4533 -19.3421 0
    endloop
  endfacet
  facet normal -0.675673 0.737202 0
    outer loop
      vertex -39.4533 -19.3421 15
      vertex -39.4533 -19.3421 0
      vertex -39.6462 -19.5189 15
    endloop
  endfacet
  facet normal -0.608824 0.793305 0
    outer loop
      vertex -39.8539 -19.6783 0
      vertex -39.8539 -19.6783 15
      vertex -39.6462 -19.5189 0
    endloop
  endfacet
  facet normal -0.608824 0.793305 0
    outer loop
      vertex -39.6462 -19.5189 15
      vertex -39.6462 -19.5189 0
      vertex -39.8539 -19.6783 15
    endloop
  endfacet
  facet normal -0.537296 0.843394 0
    outer loop
      vertex -40.0746 -19.8189 0
      vertex -40.0746 -19.8189 15
      vertex -39.8539 -19.6783 0
    endloop
  endfacet
  facet normal -0.537296 0.843394 0
    outer loop
      vertex -39.8539 -19.6783 15
      vertex -39.8539 -19.6783 0
      vertex -40.0746 -19.8189 15
    endloop
  endfacet
  facet normal -0.461678 0.887048 0
    outer loop
      vertex -40.3067 -19.9397 0
      vertex -40.3067 -19.9397 15
      vertex -40.0746 -19.8189 0
    endloop
  endfacet
  facet normal -0.461678 0.887048 0
    outer loop
      vertex -40.0746 -19.8189 15
      vertex -40.0746 -19.8189 0
      vertex -40.3067 -19.9397 15
    endloop
  endfacet
  facet normal -0.382824 0.923821 0
    outer loop
      vertex -40.5485 -20.0399 0
      vertex -40.5485 -20.0399 15
      vertex -40.3067 -19.9397 0
    endloop
  endfacet
  facet normal -0.382824 0.923821 0
    outer loop
      vertex -40.3067 -19.9397 15
      vertex -40.3067 -19.9397 0
      vertex -40.5485 -20.0399 15
    endloop
  endfacet
  facet normal -0.300711 0.953715 0
    outer loop
      vertex -40.7981 -20.1186 0
      vertex -40.7981 -20.1186 15
      vertex -40.5485 -20.0399 0
    endloop
  endfacet
  facet normal -0.300711 0.953715 0
    outer loop
      vertex -40.5485 -20.0399 15
      vertex -40.5485 -20.0399 0
      vertex -40.7981 -20.1186 15
    endloop
  endfacet
  facet normal -0.216202 0.976349 0
    outer loop
      vertex -41.0537 -20.1752 0
      vertex -41.0537 -20.1752 15
      vertex -40.7981 -20.1186 0
    endloop
  endfacet
  facet normal -0.216202 0.976349 0
    outer loop
      vertex -40.7981 -20.1186 15
      vertex -40.7981 -20.1186 0
      vertex -41.0537 -20.1752 15
    endloop
  endfacet
  facet normal -0.130712 0.99142 0
    outer loop
      vertex -41.3131 -20.2094 0
      vertex -41.3131 -20.2094 15
      vertex -41.0537 -20.1752 0
    endloop
  endfacet
  facet normal -0.130712 0.99142 0
    outer loop
      vertex -41.0537 -20.1752 15
      vertex -41.0537 -20.1752 0
      vertex -41.3131 -20.2094 15
    endloop
  endfacet
  facet normal -0.0435533 0.999051 0
    outer loop
      vertex -41.5746 -20.2208 0
      vertex -41.5746 -20.2208 15
      vertex -41.3131 -20.2094 0
    endloop
  endfacet
  facet normal -0.0435533 0.999051 0
    outer loop
      vertex -41.3131 -20.2094 15
      vertex -41.3131 -20.2094 0
      vertex -41.5746 -20.2208 15
    endloop
  endfacet
  facet normal 0.0435533 0.999051 -0
    outer loop
      vertex -41.8361 -20.2094 0
      vertex -41.8361 -20.2094 15
      vertex -41.5746 -20.2208 0
    endloop
  endfacet
  facet normal 0.0435533 0.999051 0
    outer loop
      vertex -41.5746 -20.2208 15
      vertex -41.5746 -20.2208 0
      vertex -41.8361 -20.2094 15
    endloop
  endfacet
  facet normal 0.130522 0.991445 -0
    outer loop
      vertex -45.0561 -50.7343 0
      vertex -45.0561 -50.7343 15
      vertex -44.4507 -50.814 0
    endloop
  endfacet
  facet normal 0.130522 0.991445 0
    outer loop
      vertex -44.4507 -50.814 15
      vertex -44.4507 -50.814 0
      vertex -45.0561 -50.7343 15
    endloop
  endfacet
  facet normal 0.21648 0.976287 -0
    outer loop
      vertex -45.6523 -50.6021 0
      vertex -45.6523 -50.6021 15
      vertex -45.0561 -50.7343 0
    endloop
  endfacet
  facet normal 0.21648 0.976287 0
    outer loop
      vertex -45.0561 -50.7343 15
      vertex -45.0561 -50.7343 0
      vertex -45.6523 -50.6021 15
    endloop
  endfacet
  facet normal 0.30081 0.953684 -0
    outer loop
      vertex -46.2347 -50.4184 0
      vertex -46.2347 -50.4184 15
      vertex -45.6523 -50.6021 0
    endloop
  endfacet
  facet normal 0.30081 0.953684 0
    outer loop
      vertex -45.6523 -50.6021 15
      vertex -45.6523 -50.6021 0
      vertex -46.2347 -50.4184 15
    endloop
  endfacet
  facet normal 0.382545 0.923937 -0
    outer loop
      vertex -46.7989 -50.1848 0
      vertex -46.7989 -50.1848 15
      vertex -46.2347 -50.4184 0
    endloop
  endfacet
  facet normal 0.382545 0.923937 0
    outer loop
      vertex -46.2347 -50.4184 15
      vertex -46.2347 -50.4184 0
      vertex -46.7989 -50.1848 15
    endloop
  endfacet
  facet normal 0.46176 0.887005 -0
    outer loop
      vertex -47.3406 -49.9028 0
      vertex -47.3406 -49.9028 15
      vertex -46.7989 -50.1848 0
    endloop
  endfacet
  facet normal 0.46176 0.887005 0
    outer loop
      vertex -46.7989 -50.1848 15
      vertex -46.7989 -50.1848 0
      vertex -47.3406 -49.9028 15
    endloop
  endfacet
  facet normal 0.53731 0.843385 -0
    outer loop
      vertex -47.8556 -49.5747 0
      vertex -47.8556 -49.5747 15
      vertex -47.3406 -49.9028 0
    endloop
  endfacet
  facet normal 0.53731 0.843385 0
    outer loop
      vertex -47.3406 -49.9028 15
      vertex -47.3406 -49.9028 0
      vertex -47.8556 -49.5747 15
    endloop
  endfacet
  facet normal 0.608792 0.79333 -0
    outer loop
      vertex -48.3401 -49.2029 0
      vertex -48.3401 -49.2029 15
      vertex -47.8556 -49.5747 0
    endloop
  endfacet
  facet normal 0.608792 0.79333 0
    outer loop
      vertex -47.8556 -49.5747 15
      vertex -47.8556 -49.5747 0
      vertex -48.3401 -49.2029 15
    endloop
  endfacet
  facet normal 0.67565 0.737222 -0
    outer loop
      vertex -48.7903 -48.7903 0
      vertex -48.7903 -48.7903 15
      vertex -48.3401 -49.2029 0
    endloop
  endfacet
  facet normal 0.67565 0.737222 0
    outer loop
      vertex -48.3401 -49.2029 15
      vertex -48.3401 -49.2029 0
      vertex -48.7903 -48.7903 15
    endloop
  endfacet
  facet normal 0.737222 0.67565 -0
    outer loop
      vertex -49.2029 -48.3401 0
      vertex -49.2029 -48.3401 15
      vertex -48.7903 -48.7903 0
    endloop
  endfacet
  facet normal 0.737222 0.67565 0
    outer loop
      vertex -48.7903 -48.7903 15
      vertex -48.7903 -48.7903 0
      vertex -49.2029 -48.3401 15
    endloop
  endfacet
  facet normal 0.79333 0.608792 -0
    outer loop
      vertex -49.5747 -47.8556 0
      vertex -49.5747 -47.8556 15
      vertex -49.2029 -48.3401 0
    endloop
  endfacet
  facet normal 0.79333 0.608792 0
    outer loop
      vertex -49.2029 -48.3401 15
      vertex -49.2029 -48.3401 0
      vertex -49.5747 -47.8556 15
    endloop
  endfacet
  facet normal 0.843385 0.53731 -0
    outer loop
      vertex -49.9028 -47.3406 0
      vertex -49.9028 -47.3406 15
      vertex -49.5747 -47.8556 0
    endloop
  endfacet
  facet normal 0.843385 0.53731 0
    outer loop
      vertex -49.5747 -47.8556 15
      vertex -49.5747 -47.8556 0
      vertex -49.9028 -47.3406 15
    endloop
  endfacet
  facet normal 0.887005 0.46176 -0
    outer loop
      vertex -50.1848 -46.7989 0
      vertex -50.1848 -46.7989 15
      vertex -49.9028 -47.3406 0
    endloop
  endfacet
  facet normal 0.887005 0.46176 0
    outer loop
      vertex -49.9028 -47.3406 15
      vertex -49.9028 -47.3406 0
      vertex -50.1848 -46.7989 15
    endloop
  endfacet
  facet normal 0.923937 0.382545 -0
    outer loop
      vertex -50.4184 -46.2347 0
      vertex -50.4184 -46.2347 15
      vertex -50.1848 -46.7989 0
    endloop
  endfacet
  facet normal 0.923937 0.382545 0
    outer loop
      vertex -50.1848 -46.7989 15
      vertex -50.1848 -46.7989 0
      vertex -50.4184 -46.2347 15
    endloop
  endfacet
  facet normal 0.953684 0.30081 -0
    outer loop
      vertex -50.6021 -45.6523 0
      vertex -50.6021 -45.6523 15
      vertex -50.4184 -46.2347 0
    endloop
  endfacet
  facet normal 0.953684 0.30081 0
    outer loop
      vertex -50.4184 -46.2347 15
      vertex -50.4184 -46.2347 0
      vertex -50.6021 -45.6523 15
    endloop
  endfacet
  facet normal 0.976287 0.21648 -0
    outer loop
      vertex -50.7343 -45.0561 0
      vertex -50.7343 -45.0561 15
      vertex -50.6021 -45.6523 0
    endloop
  endfacet
  facet normal 0.976287 0.21648 0
    outer loop
      vertex -50.6021 -45.6523 15
      vertex -50.6021 -45.6523 0
      vertex -50.7343 -45.0561 15
    endloop
  endfacet
  facet normal 0.991445 0.130522 -0
    outer loop
      vertex -50.814 -44.4507 0
      vertex -50.814 -44.4507 15
      vertex -50.7343 -45.0561 0
    endloop
  endfacet
  facet normal 0.991445 0.130522 0
    outer loop
      vertex -50.7343 -45.0561 15
      vertex -50.7343 -45.0561 0
      vertex -50.814 -44.4507 15
    endloop
  endfacet
  facet normal 0.999051 0.043558 -0
    outer loop
      vertex -50.8406 -43.8406 0
      vertex -50.8406 -43.8406 15
      vertex -50.814 -44.4507 0
    endloop
  endfacet
  facet normal 0.999051 0.043558 0
    outer loop
      vertex -50.814 -44.4507 15
      vertex -50.814 -44.4507 0
      vertex -50.8406 -43.8406 15
    endloop
  endfacet
  facet normal 0.999051 -0.043558 0
    outer loop
      vertex -50.814 -43.2305 0
      vertex -50.814 -43.2305 15
      vertex -50.8406 -43.8406 0
    endloop
  endfacet
  facet normal 0.999051 -0.043558 0
    outer loop
      vertex -50.8406 -43.8406 15
      vertex -50.8406 -43.8406 0
      vertex -50.814 -43.2305 15
    endloop
  endfacet
  facet normal 0.991445 -0.130522 0
    outer loop
      vertex -50.7343 -42.6251 0
      vertex -50.7343 -42.6251 15
      vertex -50.814 -43.2305 0
    endloop
  endfacet
  facet normal 0.991445 -0.130522 0
    outer loop
      vertex -50.814 -43.2305 15
      vertex -50.814 -43.2305 0
      vertex -50.7343 -42.6251 15
    endloop
  endfacet
  facet normal 0.976287 -0.21648 0
    outer loop
      vertex -50.6021 -42.0289 0
      vertex -50.6021 -42.0289 15
      vertex -50.7343 -42.6251 0
    endloop
  endfacet
  facet normal 0.976287 -0.21648 0
    outer loop
      vertex -50.7343 -42.6251 15
      vertex -50.7343 -42.6251 0
      vertex -50.6021 -42.0289 15
    endloop
  endfacet
  facet normal 0.953684 -0.30081 0
    outer loop
      vertex -50.4184 -41.4465 0
      vertex -50.4184 -41.4465 15
      vertex -50.6021 -42.0289 0
    endloop
  endfacet
  facet normal 0.953684 -0.30081 0
    outer loop
      vertex -50.6021 -42.0289 15
      vertex -50.6021 -42.0289 0
      vertex -50.4184 -41.4465 15
    endloop
  endfacet
  facet normal 0.923937 -0.382545 0
    outer loop
      vertex -50.1848 -40.8823 0
      vertex -50.1848 -40.8823 15
      vertex -50.4184 -41.4465 0
    endloop
  endfacet
  facet normal 0.923937 -0.382545 0
    outer loop
      vertex -50.4184 -41.4465 15
      vertex -50.4184 -41.4465 0
      vertex -50.1848 -40.8823 15
    endloop
  endfacet
  facet normal 0.887005 -0.46176 0
    outer loop
      vertex -49.9028 -40.3406 0
      vertex -49.9028 -40.3406 15
      vertex -50.1848 -40.8823 0
    endloop
  endfacet
  facet normal 0.887005 -0.46176 0
    outer loop
      vertex -50.1848 -40.8823 15
      vertex -50.1848 -40.8823 0
      vertex -49.9028 -40.3406 15
    endloop
  endfacet
  facet normal 0.843385 -0.53731 0
    outer loop
      vertex -49.5747 -39.8256 0
      vertex -49.5747 -39.8256 15
      vertex -49.9028 -40.3406 0
    endloop
  endfacet
  facet normal 0.843385 -0.53731 0
    outer loop
      vertex -49.9028 -40.3406 15
      vertex -49.9028 -40.3406 0
      vertex -49.5747 -39.8256 15
    endloop
  endfacet
  facet normal 0.79333 -0.608792 0
    outer loop
      vertex -49.2029 -39.3411 0
      vertex -49.2029 -39.3411 15
      vertex -49.5747 -39.8256 0
    endloop
  endfacet
  facet normal 0.79333 -0.608792 0
    outer loop
      vertex -49.5747 -39.8256 15
      vertex -49.5747 -39.8256 0
      vertex -49.2029 -39.3411 15
    endloop
  endfacet
  facet normal 0.737222 -0.67565 0
    outer loop
      vertex -48.7903 -38.8909 0
      vertex -48.7903 -38.8909 15
      vertex -49.2029 -39.3411 0
    endloop
  endfacet
  facet normal 0.737222 -0.67565 0
    outer loop
      vertex -49.2029 -39.3411 15
      vertex -49.2029 -39.3411 0
      vertex -48.7903 -38.8909 15
    endloop
  endfacet
  facet normal 0.67565 -0.737222 0
    outer loop
      vertex -48.3401 -38.4783 0
      vertex -48.3401 -38.4783 15
      vertex -48.7903 -38.8909 0
    endloop
  endfacet
  facet normal 0.67565 -0.737222 0
    outer loop
      vertex -48.7903 -38.8909 15
      vertex -48.7903 -38.8909 0
      vertex -48.3401 -38.4783 15
    endloop
  endfacet
  facet normal 0.608792 -0.79333 0
    outer loop
      vertex -47.8556 -38.1065 0
      vertex -47.8556 -38.1065 15
      vertex -48.3401 -38.4783 0
    endloop
  endfacet
  facet normal 0.608792 -0.79333 0
    outer loop
      vertex -48.3401 -38.4783 15
      vertex -48.3401 -38.4783 0
      vertex -47.8556 -38.1065 15
    endloop
  endfacet
  facet normal 0.53731 -0.843385 0
    outer loop
      vertex -47.3406 -37.7784 0
      vertex -47.3406 -37.7784 15
      vertex -47.8556 -38.1065 0
    endloop
  endfacet
  facet normal 0.53731 -0.843385 0
    outer loop
      vertex -47.8556 -38.1065 15
      vertex -47.8556 -38.1065 0
      vertex -47.3406 -37.7784 15
    endloop
  endfacet
  facet normal 0.46176 -0.887005 0
    outer loop
      vertex -46.7989 -37.4964 0
      vertex -46.7989 -37.4964 15
      vertex -47.3406 -37.7784 0
    endloop
  endfacet
  facet normal 0.46176 -0.887005 0
    outer loop
      vertex -47.3406 -37.7784 15
      vertex -47.3406 -37.7784 0
      vertex -46.7989 -37.4964 15
    endloop
  endfacet
  facet normal 0.382545 -0.923937 0
    outer loop
      vertex -46.2347 -37.2628 0
      vertex -46.2347 -37.2628 15
      vertex -46.7989 -37.4964 0
    endloop
  endfacet
  facet normal 0.382545 -0.923937 0
    outer loop
      vertex -46.7989 -37.4964 15
      vertex -46.7989 -37.4964 0
      vertex -46.2347 -37.2628 15
    endloop
  endfacet
  facet normal 0.30081 -0.953684 0
    outer loop
      vertex -45.6523 -37.0791 0
      vertex -45.6523 -37.0791 15
      vertex -46.2347 -37.2628 0
    endloop
  endfacet
  facet normal 0.30081 -0.953684 0
    outer loop
      vertex -46.2347 -37.2628 15
      vertex -46.2347 -37.2628 0
      vertex -45.6523 -37.0791 15
    endloop
  endfacet
  facet normal 0.21648 -0.976287 0
    outer loop
      vertex -45.0561 -36.9469 0
      vertex -45.0561 -36.9469 15
      vertex -45.6523 -37.0791 0
    endloop
  endfacet
  facet normal 0.21648 -0.976287 0
    outer loop
      vertex -45.6523 -37.0791 15
      vertex -45.6523 -37.0791 0
      vertex -45.0561 -36.9469 15
    endloop
  endfacet
  facet normal 0.130522 -0.991445 0
    outer loop
      vertex -44.4507 -36.8672 0
      vertex -44.4507 -36.8672 15
      vertex -45.0561 -36.9469 0
    endloop
  endfacet
  facet normal 0.130522 -0.991445 0
    outer loop
      vertex -45.0561 -36.9469 15
      vertex -45.0561 -36.9469 0
      vertex -44.4507 -36.8672 15
    endloop
  endfacet
  facet normal 0.043558 -0.999051 0
    outer loop
      vertex -43.8406 -36.8406 0
      vertex -43.8406 -36.8406 15
      vertex -44.4507 -36.8672 0
    endloop
  endfacet
  facet normal 0.043558 -0.999051 0
    outer loop
      vertex -44.4507 -36.8672 15
      vertex -44.4507 -36.8672 0
      vertex -43.8406 -36.8406 15
    endloop
  endfacet
  facet normal -0.043558 -0.999051 0
    outer loop
      vertex -43.2305 -36.8672 0
      vertex -43.2305 -36.8672 15
      vertex -43.8406 -36.8406 0
    endloop
  endfacet
  facet normal -0.043558 -0.999051 -0
    outer loop
      vertex -43.8406 -36.8406 15
      vertex -43.8406 -36.8406 0
      vertex -43.2305 -36.8672 15
    endloop
  endfacet
  facet normal -0.130522 -0.991445 0
    outer loop
      vertex -42.6251 -36.9469 0
      vertex -42.6251 -36.9469 15
      vertex -43.2305 -36.8672 0
    endloop
  endfacet
  facet normal -0.130522 -0.991445 -0
    outer loop
      vertex -43.2305 -36.8672 15
      vertex -43.2305 -36.8672 0
      vertex -42.6251 -36.9469 15
    endloop
  endfacet
  facet normal -0.21648 -0.976287 0
    outer loop
      vertex -42.0289 -37.0791 0
      vertex -42.0289 -37.0791 15
      vertex -42.6251 -36.9469 0
    endloop
  endfacet
  facet normal -0.21648 -0.976287 -0
    outer loop
      vertex -42.6251 -36.9469 15
      vertex -42.6251 -36.9469 0
      vertex -42.0289 -37.0791 15
    endloop
  endfacet
  facet normal -0.30081 -0.953684 0
    outer loop
      vertex -41.4465 -37.2628 0
      vertex -41.4465 -37.2628 15
      vertex -42.0289 -37.0791 0
    endloop
  endfacet
  facet normal -0.30081 -0.953684 -0
    outer loop
      vertex -42.0289 -37.0791 15
      vertex -42.0289 -37.0791 0
      vertex -41.4465 -37.2628 15
    endloop
  endfacet
  facet normal -0.382545 -0.923937 0
    outer loop
      vertex -40.8823 -37.4964 0
      vertex -40.8823 -37.4964 15
      vertex -41.4465 -37.2628 0
    endloop
  endfacet
  facet normal -0.382545 -0.923937 -0
    outer loop
      vertex -41.4465 -37.2628 15
      vertex -41.4465 -37.2628 0
      vertex -40.8823 -37.4964 15
    endloop
  endfacet
  facet normal -0.46176 -0.887005 0
    outer loop
      vertex -40.3406 -37.7784 0
      vertex -40.3406 -37.7784 15
      vertex -40.8823 -37.4964 0
    endloop
  endfacet
  facet normal -0.46176 -0.887005 -0
    outer loop
      vertex -40.8823 -37.4964 15
      vertex -40.8823 -37.4964 0
      vertex -40.3406 -37.7784 15
    endloop
  endfacet
  facet normal -0.53731 -0.843385 0
    outer loop
      vertex -39.8256 -38.1065 0
      vertex -39.8256 -38.1065 15
      vertex -40.3406 -37.7784 0
    endloop
  endfacet
  facet normal -0.53731 -0.843385 -0
    outer loop
      vertex -40.3406 -37.7784 15
      vertex -40.3406 -37.7784 0
      vertex -39.8256 -38.1065 15
    endloop
  endfacet
  facet normal -0.608792 -0.79333 0
    outer loop
      vertex -39.3411 -38.4783 0
      vertex -39.3411 -38.4783 15
      vertex -39.8256 -38.1065 0
    endloop
  endfacet
  facet normal -0.608792 -0.79333 -0
    outer loop
      vertex -39.8256 -38.1065 15
      vertex -39.8256 -38.1065 0
      vertex -39.3411 -38.4783 15
    endloop
  endfacet
  facet normal -0.67565 -0.737222 0
    outer loop
      vertex -38.8909 -38.8909 0
      vertex -38.8909 -38.8909 15
      vertex -39.3411 -38.4783 0
    endloop
  endfacet
  facet normal -0.67565 -0.737222 -0
    outer loop
      vertex -39.3411 -38.4783 15
      vertex -39.3411 -38.4783 0
      vertex -38.8909 -38.8909 15
    endloop
  endfacet
  facet normal -0.737222 -0.67565 0
    outer loop
      vertex -38.4783 -39.3411 0
      vertex -38.4783 -39.3411 15
      vertex -38.8909 -38.8909 0
    endloop
  endfacet
  facet normal -0.737222 -0.67565 -0
    outer loop
      vertex -38.8909 -38.8909 15
      vertex -38.8909 -38.8909 0
      vertex -38.4783 -39.3411 15
    endloop
  endfacet
  facet normal -0.79333 -0.608792 0
    outer loop
      vertex -38.1065 -39.8256 0
      vertex -38.1065 -39.8256 15
      vertex -38.4783 -39.3411 0
    endloop
  endfacet
  facet normal -0.79333 -0.608792 -0
    outer loop
      vertex -38.4783 -39.3411 15
      vertex -38.4783 -39.3411 0
      vertex -38.1065 -39.8256 15
    endloop
  endfacet
  facet normal -0.843385 -0.53731 0
    outer loop
      vertex -37.7784 -40.3406 0
      vertex -37.7784 -40.3406 15
      vertex -38.1065 -39.8256 0
    endloop
  endfacet
  facet normal -0.843385 -0.53731 -0
    outer loop
      vertex -38.1065 -39.8256 15
      vertex -38.1065 -39.8256 0
      vertex -37.7784 -40.3406 15
    endloop
  endfacet
  facet normal -0.887005 -0.46176 0
    outer loop
      vertex -37.4964 -40.8823 0
      vertex -37.4964 -40.8823 15
      vertex -37.7784 -40.3406 0
    endloop
  endfacet
  facet normal -0.887005 -0.46176 -0
    outer loop
      vertex -37.7784 -40.3406 15
      vertex -37.7784 -40.3406 0
      vertex -37.4964 -40.8823 15
    endloop
  endfacet
  facet normal -0.923937 -0.382545 0
    outer loop
      vertex -37.2628 -41.4465 0
      vertex -37.2628 -41.4465 15
      vertex -37.4964 -40.8823 0
    endloop
  endfacet
  facet normal -0.923937 -0.382545 -0
    outer loop
      vertex -37.4964 -40.8823 15
      vertex -37.4964 -40.8823 0
      vertex -37.2628 -41.4465 15
    endloop
  endfacet
  facet normal -0.953684 -0.30081 0
    outer loop
      vertex -37.0791 -42.0289 0
      vertex -37.0791 -42.0289 15
      vertex -37.2628 -41.4465 0
    endloop
  endfacet
  facet normal -0.953684 -0.30081 -0
    outer loop
      vertex -37.2628 -41.4465 15
      vertex -37.2628 -41.4465 0
      vertex -37.0791 -42.0289 15
    endloop
  endfacet
  facet normal -0.976287 -0.21648 0
    outer loop
      vertex -36.9469 -42.6251 0
      vertex -36.9469 -42.6251 15
      vertex -37.0791 -42.0289 0
    endloop
  endfacet
  facet normal -0.976287 -0.21648 -0
    outer loop
      vertex -37.0791 -42.0289 15
      vertex -37.0791 -42.0289 0
      vertex -36.9469 -42.6251 15
    endloop
  endfacet
  facet normal -0.991445 -0.130522 0
    outer loop
      vertex -36.8672 -43.2305 0
      vertex -36.8672 -43.2305 15
      vertex -36.9469 -42.6251 0
    endloop
  endfacet
  facet normal -0.991445 -0.130522 -0
    outer loop
      vertex -36.9469 -42.6251 15
      vertex -36.9469 -42.6251 0
      vertex -36.8672 -43.2305 15
    endloop
  endfacet
  facet normal -0.999051 -0.043558 0
    outer loop
      vertex -36.8406 -43.8406 0
      vertex -36.8406 -43.8406 15
      vertex -36.8672 -43.2305 0
    endloop
  endfacet
  facet normal -0.999051 -0.043558 -0
    outer loop
      vertex -36.8672 -43.2305 15
      vertex -36.8672 -43.2305 0
      vertex -36.8406 -43.8406 15
    endloop
  endfacet
  facet normal -0.999051 0.043558 0
    outer loop
      vertex -36.8672 -44.4507 0
      vertex -36.8672 -44.4507 15
      vertex -36.8406 -43.8406 0
    endloop
  endfacet
  facet normal -0.999051 0.043558 0
    outer loop
      vertex -36.8406 -43.8406 15
      vertex -36.8406 -43.8406 0
      vertex -36.8672 -44.4507 15
    endloop
  endfacet
  facet normal -0.991445 0.130522 0
    outer loop
      vertex -36.9469 -45.0561 0
      vertex -36.9469 -45.0561 15
      vertex -36.8672 -44.4507 0
    endloop
  endfacet
  facet normal -0.991445 0.130522 0
    outer loop
      vertex -36.8672 -44.4507 15
      vertex -36.8672 -44.4507 0
      vertex -36.9469 -45.0561 15
    endloop
  endfacet
  facet normal -0.976287 0.21648 0
    outer loop
      vertex -37.0791 -45.6523 0
      vertex -37.0791 -45.6523 15
      vertex -36.9469 -45.0561 0
    endloop
  endfacet
  facet normal -0.976287 0.21648 0
    outer loop
      vertex -36.9469 -45.0561 15
      vertex -36.9469 -45.0561 0
      vertex -37.0791 -45.6523 15
    endloop
  endfacet
  facet normal -0.953684 0.30081 0
    outer loop
      vertex -37.2628 -46.2347 0
      vertex -37.2628 -46.2347 15
      vertex -37.0791 -45.6523 0
    endloop
  endfacet
  facet normal -0.953684 0.30081 0
    outer loop
      vertex -37.0791 -45.6523 15
      vertex -37.0791 -45.6523 0
      vertex -37.2628 -46.2347 15
    endloop
  endfacet
  facet normal -0.923937 0.382545 0
    outer loop
      vertex -37.4964 -46.7989 0
      vertex -37.4964 -46.7989 15
      vertex -37.2628 -46.2347 0
    endloop
  endfacet
  facet normal -0.923937 0.382545 0
    outer loop
      vertex -37.2628 -46.2347 15
      vertex -37.2628 -46.2347 0
      vertex -37.4964 -46.7989 15
    endloop
  endfacet
  facet normal -0.887005 0.46176 0
    outer loop
      vertex -37.7784 -47.3406 0
      vertex -37.7784 -47.3406 15
      vertex -37.4964 -46.7989 0
    endloop
  endfacet
  facet normal -0.887005 0.46176 0
    outer loop
      vertex -37.4964 -46.7989 15
      vertex -37.4964 -46.7989 0
      vertex -37.7784 -47.3406 15
    endloop
  endfacet
  facet normal -0.843385 0.53731 0
    outer loop
      vertex -38.1065 -47.8556 0
      vertex -38.1065 -47.8556 15
      vertex -37.7784 -47.3406 0
    endloop
  endfacet
  facet normal -0.843385 0.53731 0
    outer loop
      vertex -37.7784 -47.3406 15
      vertex -37.7784 -47.3406 0
      vertex -38.1065 -47.8556 15
    endloop
  endfacet
  facet normal -0.79333 0.608792 0
    outer loop
      vertex -38.4783 -48.3401 0
      vertex -38.4783 -48.3401 15
      vertex -38.1065 -47.8556 0
    endloop
  endfacet
  facet normal -0.79333 0.608792 0
    outer loop
      vertex -38.1065 -47.8556 15
      vertex -38.1065 -47.8556 0
      vertex -38.4783 -48.3401 15
    endloop
  endfacet
  facet normal -0.737222 0.67565 0
    outer loop
      vertex -38.8909 -48.7903 0
      vertex -38.8909 -48.7903 15
      vertex -38.4783 -48.3401 0
    endloop
  endfacet
  facet normal -0.737222 0.67565 0
    outer loop
      vertex -38.4783 -48.3401 15
      vertex -38.4783 -48.3401 0
      vertex -38.8909 -48.7903 15
    endloop
  endfacet
  facet normal -0.67565 0.737222 0
    outer loop
      vertex -39.3411 -49.2029 0
      vertex -39.3411 -49.2029 15
      vertex -38.8909 -48.7903 0
    endloop
  endfacet
  facet normal -0.67565 0.737222 0
    outer loop
      vertex -38.8909 -48.7903 15
      vertex -38.8909 -48.7903 0
      vertex -39.3411 -49.2029 15
    endloop
  endfacet
  facet normal -0.608792 0.79333 0
    outer loop
      vertex -39.8256 -49.5747 0
      vertex -39.8256 -49.5747 15
      vertex -39.3411 -49.2029 0
    endloop
  endfacet
  facet normal -0.608792 0.79333 0
    outer loop
      vertex -39.3411 -49.2029 15
      vertex -39.3411 -49.2029 0
      vertex -39.8256 -49.5747 15
    endloop
  endfacet
  facet normal -0.53731 0.843385 0
    outer loop
      vertex -40.3406 -49.9028 0
      vertex -40.3406 -49.9028 15
      vertex -39.8256 -49.5747 0
    endloop
  endfacet
  facet normal -0.53731 0.843385 0
    outer loop
      vertex -39.8256 -49.5747 15
      vertex -39.8256 -49.5747 0
      vertex -40.3406 -49.9028 15
    endloop
  endfacet
  facet normal -0.46176 0.887005 0
    outer loop
      vertex -40.8823 -50.1848 0
      vertex -40.8823 -50.1848 15
      vertex -40.3406 -49.9028 0
    endloop
  endfacet
  facet normal -0.46176 0.887005 0
    outer loop
      vertex -40.3406 -49.9028 15
      vertex -40.3406 -49.9028 0
      vertex -40.8823 -50.1848 15
    endloop
  endfacet
  facet normal -0.382545 0.923937 0
    outer loop
      vertex -41.4465 -50.4184 0
      vertex -41.4465 -50.4184 15
      vertex -40.8823 -50.1848 0
    endloop
  endfacet
  facet normal -0.382545 0.923937 0
    outer loop
      vertex -40.8823 -50.1848 15
      vertex -40.8823 -50.1848 0
      vertex -41.4465 -50.4184 15
    endloop
  endfacet
  facet normal -0.30081 0.953684 0
    outer loop
      vertex -42.0289 -50.6021 0
      vertex -42.0289 -50.6021 15
      vertex -41.4465 -50.4184 0
    endloop
  endfacet
  facet normal -0.30081 0.953684 0
    outer loop
      vertex -41.4465 -50.4184 15
      vertex -41.4465 -50.4184 0
      vertex -42.0289 -50.6021 15
    endloop
  endfacet
  facet normal -0.21648 0.976287 0
    outer loop
      vertex -42.6251 -50.7343 0
      vertex -42.6251 -50.7343 15
      vertex -42.0289 -50.6021 0
    endloop
  endfacet
  facet normal -0.21648 0.976287 0
    outer loop
      vertex -42.0289 -50.6021 15
      vertex -42.0289 -50.6021 0
      vertex -42.6251 -50.7343 15
    endloop
  endfacet
  facet normal -0.130522 0.991445 0
    outer loop
      vertex -43.2305 -50.814 0
      vertex -43.2305 -50.814 15
      vertex -42.6251 -50.7343 0
    endloop
  endfacet
  facet normal -0.130522 0.991445 0
    outer loop
      vertex -42.6251 -50.7343 15
      vertex -42.6251 -50.7343 0
      vertex -43.2305 -50.814 15
    endloop
  endfacet
  facet normal -0.043558 0.999051 0
    outer loop
      vertex -43.8406 -50.8406 0
      vertex -43.8406 -50.8406 15
      vertex -43.2305 -50.814 0
    endloop
  endfacet
  facet normal -0.043558 0.999051 0
    outer loop
      vertex -43.2305 -50.814 15
      vertex -43.2305 -50.814 0
      vertex -43.8406 -50.8406 15
    endloop
  endfacet
  facet normal 0.043558 0.999051 -0
    outer loop
      vertex -44.4507 -50.814 0
      vertex -44.4507 -50.814 15
      vertex -43.8406 -50.8406 0
    endloop
  endfacet
  facet normal 0.043558 0.999051 0
    outer loop
      vertex -43.8406 -50.8406 15
      vertex -43.8406 -50.8406 0
      vertex -44.4507 -50.814 15
    endloop
  endfacet
  facet normal 0.130522 0.991445 -0
    outer loop
      vertex 42.6251 -50.7343 0
      vertex 42.6251 -50.7343 15
      vertex 43.2305 -50.814 0
    endloop
  endfacet
  facet normal 0.130522 0.991445 0
    outer loop
      vertex 43.2305 -50.814 15
      vertex 43.2305 -50.814 0
      vertex 42.6251 -50.7343 15
    endloop
  endfacet
  facet normal 0.21648 0.976287 -0
    outer loop
      vertex 42.0289 -50.6021 0
      vertex 42.0289 -50.6021 15
      vertex 42.6251 -50.7343 0
    endloop
  endfacet
  facet normal 0.21648 0.976287 0
    outer loop
      vertex 42.6251 -50.7343 15
      vertex 42.6251 -50.7343 0
      vertex 42.0289 -50.6021 15
    endloop
  endfacet
  facet normal 0.30081 0.953684 -0
    outer loop
      vertex 41.4465 -50.4184 0
      vertex 41.4465 -50.4184 15
      vertex 42.0289 -50.6021 0
    endloop
  endfacet
  facet normal 0.30081 0.953684 0
    outer loop
      vertex 42.0289 -50.6021 15
      vertex 42.0289 -50.6021 0
      vertex 41.4465 -50.4184 15
    endloop
  endfacet
  facet normal 0.382545 0.923937 -0
    outer loop
      vertex 40.8823 -50.1848 0
      vertex 40.8823 -50.1848 15
      vertex 41.4465 -50.4184 0
    endloop
  endfacet
  facet normal 0.382545 0.923937 0
    outer loop
      vertex 41.4465 -50.4184 15
      vertex 41.4465 -50.4184 0
      vertex 40.8823 -50.1848 15
    endloop
  endfacet
  facet normal 0.46176 0.887005 -0
    outer loop
      vertex 40.3406 -49.9028 0
      vertex 40.3406 -49.9028 15
      vertex 40.8823 -50.1848 0
    endloop
  endfacet
  facet normal 0.46176 0.887005 0
    outer loop
      vertex 40.8823 -50.1848 15
      vertex 40.8823 -50.1848 0
      vertex 40.3406 -49.9028 15
    endloop
  endfacet
  facet normal 0.53731 0.843385 -0
    outer loop
      vertex 39.8256 -49.5747 0
      vertex 39.8256 -49.5747 15
      vertex 40.3406 -49.9028 0
    endloop
  endfacet
  facet normal 0.53731 0.843385 0
    outer loop
      vertex 40.3406 -49.9028 15
      vertex 40.3406 -49.9028 0
      vertex 39.8256 -49.5747 15
    endloop
  endfacet
  facet normal 0.608792 0.79333 -0
    outer loop
      vertex 39.3411 -49.2029 0
      vertex 39.3411 -49.2029 15
      vertex 39.8256 -49.5747 0
    endloop
  endfacet
  facet normal 0.608792 0.79333 0
    outer loop
      vertex 39.8256 -49.5747 15
      vertex 39.8256 -49.5747 0
      vertex 39.3411 -49.2029 15
    endloop
  endfacet
  facet normal 0.67565 0.737222 -0
    outer loop
      vertex 38.8909 -48.7903 0
      vertex 38.8909 -48.7903 15
      vertex 39.3411 -49.2029 0
    endloop
  endfacet
  facet normal 0.67565 0.737222 0
    outer loop
      vertex 39.3411 -49.2029 15
      vertex 39.3411 -49.2029 0
      vertex 38.8909 -48.7903 15
    endloop
  endfacet
  facet normal 0.737222 0.67565 -0
    outer loop
      vertex 38.4783 -48.3401 0
      vertex 38.4783 -48.3401 15
      vertex 38.8909 -48.7903 0
    endloop
  endfacet
  facet normal 0.737222 0.67565 0
    outer loop
      vertex 38.8909 -48.7903 15
      vertex 38.8909 -48.7903 0
      vertex 38.4783 -48.3401 15
    endloop
  endfacet
  facet normal 0.79333 0.608792 -0
    outer loop
      vertex 38.1065 -47.8556 0
      vertex 38.1065 -47.8556 15
      vertex 38.4783 -48.3401 0
    endloop
  endfacet
  facet normal 0.79333 0.608792 0
    outer loop
      vertex 38.4783 -48.3401 15
      vertex 38.4783 -48.3401 0
      vertex 38.1065 -47.8556 15
    endloop
  endfacet
  facet normal 0.843385 0.53731 -0
    outer loop
      vertex 37.7784 -47.3406 0
      vertex 37.7784 -47.3406 15
      vertex 38.1065 -47.8556 0
    endloop
  endfacet
  facet normal 0.843385 0.53731 0
    outer loop
      vertex 38.1065 -47.8556 15
      vertex 38.1065 -47.8556 0
      vertex 37.7784 -47.3406 15
    endloop
  endfacet
  facet normal 0.887005 0.46176 -0
    outer loop
      vertex 37.4964 -46.7989 0
      vertex 37.4964 -46.7989 15
      vertex 37.7784 -47.3406 0
    endloop
  endfacet
  facet normal 0.887005 0.46176 0
    outer loop
      vertex 37.7784 -47.3406 15
      vertex 37.7784 -47.3406 0
      vertex 37.4964 -46.7989 15
    endloop
  endfacet
  facet normal 0.923937 0.382545 -0
    outer loop
      vertex 37.2628 -46.2347 0
      vertex 37.2628 -46.2347 15
      vertex 37.4964 -46.7989 0
    endloop
  endfacet
  facet normal 0.923937 0.382545 0
    outer loop
      vertex 37.4964 -46.7989 15
      vertex 37.4964 -46.7989 0
      vertex 37.2628 -46.2347 15
    endloop
  endfacet
  facet normal 0.953684 0.30081 -0
    outer loop
      vertex 37.0791 -45.6523 0
      vertex 37.0791 -45.6523 15
      vertex 37.2628 -46.2347 0
    endloop
  endfacet
  facet normal 0.953684 0.30081 0
    outer loop
      vertex 37.2628 -46.2347 15
      vertex 37.2628 -46.2347 0
      vertex 37.0791 -45.6523 15
    endloop
  endfacet
  facet normal 0.976287 0.21648 -0
    outer loop
      vertex 36.9469 -45.0561 0
      vertex 36.9469 -45.0561 15
      vertex 37.0791 -45.6523 0
    endloop
  endfacet
  facet normal 0.976287 0.21648 0
    outer loop
      vertex 37.0791 -45.6523 15
      vertex 37.0791 -45.6523 0
      vertex 36.9469 -45.0561 15
    endloop
  endfacet
  facet normal 0.991445 0.130522 -0
    outer loop
      vertex 36.8672 -44.4507 0
      vertex 36.8672 -44.4507 15
      vertex 36.9469 -45.0561 0
    endloop
  endfacet
  facet normal 0.991445 0.130522 0
    outer loop
      vertex 36.9469 -45.0561 15
      vertex 36.9469 -45.0561 0
      vertex 36.8672 -44.4507 15
    endloop
  endfacet
  facet normal 0.999051 0.043558 -0
    outer loop
      vertex 36.8406 -43.8406 0
      vertex 36.8406 -43.8406 15
      vertex 36.8672 -44.4507 0
    endloop
  endfacet
  facet normal 0.999051 0.043558 0
    outer loop
      vertex 36.8672 -44.4507 15
      vertex 36.8672 -44.4507 0
      vertex 36.8406 -43.8406 15
    endloop
  endfacet
  facet normal 0.999051 -0.043558 0
    outer loop
      vertex 36.8672 -43.2305 0
      vertex 36.8672 -43.2305 15
      vertex 36.8406 -43.8406 0
    endloop
  endfacet
  facet normal 0.999051 -0.043558 0
    outer loop
      vertex 36.8406 -43.8406 15
      vertex 36.8406 -43.8406 0
      vertex 36.8672 -43.2305 15
    endloop
  endfacet
  facet normal 0.991445 -0.130522 0
    outer loop
      vertex 36.9469 -42.6251 0
      vertex 36.9469 -42.6251 15
      vertex 36.8672 -43.2305 0
    endloop
  endfacet
  facet normal 0.991445 -0.130522 0
    outer loop
      vertex 36.8672 -43.2305 15
      vertex 36.8672 -43.2305 0
      vertex 36.9469 -42.6251 15
    endloop
  endfacet
  facet normal 0.976287 -0.21648 0
    outer loop
      vertex 37.0791 -42.0289 0
      vertex 37.0791 -42.0289 15
      vertex 36.9469 -42.6251 0
    endloop
  endfacet
  facet normal 0.976287 -0.21648 0
    outer loop
      vertex 36.9469 -42.6251 15
      vertex 36.9469 -42.6251 0
      vertex 37.0791 -42.0289 15
    endloop
  endfacet
  facet normal 0.953684 -0.30081 0
    outer loop
      vertex 37.2628 -41.4465 0
      vertex 37.2628 -41.4465 15
      vertex 37.0791 -42.0289 0
    endloop
  endfacet
  facet normal 0.953684 -0.30081 0
    outer loop
      vertex 37.0791 -42.0289 15
      vertex 37.0791 -42.0289 0
      vertex 37.2628 -41.4465 15
    endloop
  endfacet
  facet normal 0.923937 -0.382545 0
    outer loop
      vertex 37.4964 -40.8823 0
      vertex 37.4964 -40.8823 15
      vertex 37.2628 -41.4465 0
    endloop
  endfacet
  facet normal 0.923937 -0.382545 0
    outer loop
      vertex 37.2628 -41.4465 15
      vertex 37.2628 -41.4465 0
      vertex 37.4964 -40.8823 15
    endloop
  endfacet
  facet normal 0.887005 -0.46176 0
    outer loop
      vertex 37.7784 -40.3406 0
      vertex 37.7784 -40.3406 15
      vertex 37.4964 -40.8823 0
    endloop
  endfacet
  facet normal 0.887005 -0.46176 0
    outer loop
      vertex 37.4964 -40.8823 15
      vertex 37.4964 -40.8823 0
      vertex 37.7784 -40.3406 15
    endloop
  endfacet
  facet normal 0.843385 -0.53731 0
    outer loop
      vertex 38.1065 -39.8256 0
      vertex 38.1065 -39.8256 15
      vertex 37.7784 -40.3406 0
    endloop
  endfacet
  facet normal 0.843385 -0.53731 0
    outer loop
      vertex 37.7784 -40.3406 15
      vertex 37.7784 -40.3406 0
      vertex 38.1065 -39.8256 15
    endloop
  endfacet
  facet normal 0.79333 -0.608792 0
    outer loop
      vertex 38.4783 -39.3411 0
      vertex 38.4783 -39.3411 15
      vertex 38.1065 -39.8256 0
    endloop
  endfacet
  facet normal 0.79333 -0.608792 0
    outer loop
      vertex 38.1065 -39.8256 15
      vertex 38.1065 -39.8256 0
      vertex 38.4783 -39.3411 15
    endloop
  endfacet
  facet normal 0.737222 -0.67565 0
    outer loop
      vertex 38.8909 -38.8909 0
      vertex 38.8909 -38.8909 15
      vertex 38.4783 -39.3411 0
    endloop
  endfacet
  facet normal 0.737222 -0.67565 0
    outer loop
      vertex 38.4783 -39.3411 15
      vertex 38.4783 -39.3411 0
      vertex 38.8909 -38.8909 15
    endloop
  endfacet
  facet normal 0.67565 -0.737222 0
    outer loop
      vertex 39.3411 -38.4783 0
      vertex 39.3411 -38.4783 15
      vertex 38.8909 -38.8909 0
    endloop
  endfacet
  facet normal 0.67565 -0.737222 0
    outer loop
      vertex 38.8909 -38.8909 15
      vertex 38.8909 -38.8909 0
      vertex 39.3411 -38.4783 15
    endloop
  endfacet
  facet normal 0.608792 -0.79333 0
    outer loop
      vertex 39.8256 -38.1065 0
      vertex 39.8256 -38.1065 15
      vertex 39.3411 -38.4783 0
    endloop
  endfacet
  facet normal 0.608792 -0.79333 0
    outer loop
      vertex 39.3411 -38.4783 15
      vertex 39.3411 -38.4783 0
      vertex 39.8256 -38.1065 15
    endloop
  endfacet
  facet normal 0.53731 -0.843385 0
    outer loop
      vertex 40.3406 -37.7784 0
      vertex 40.3406 -37.7784 15
      vertex 39.8256 -38.1065 0
    endloop
  endfacet
  facet normal 0.53731 -0.843385 0
    outer loop
      vertex 39.8256 -38.1065 15
      vertex 39.8256 -38.1065 0
      vertex 40.3406 -37.7784 15
    endloop
  endfacet
  facet normal 0.46176 -0.887005 0
    outer loop
      vertex 40.8823 -37.4964 0
      vertex 40.8823 -37.4964 15
      vertex 40.3406 -37.7784 0
    endloop
  endfacet
  facet normal 0.46176 -0.887005 0
    outer loop
      vertex 40.3406 -37.7784 15
      vertex 40.3406 -37.7784 0
      vertex 40.8823 -37.4964 15
    endloop
  endfacet
  facet normal 0.382545 -0.923937 0
    outer loop
      vertex 41.4465 -37.2628 0
      vertex 41.4465 -37.2628 15
      vertex 40.8823 -37.4964 0
    endloop
  endfacet
  facet normal 0.382545 -0.923937 0
    outer loop
      vertex 40.8823 -37.4964 15
      vertex 40.8823 -37.4964 0
      vertex 41.4465 -37.2628 15
    endloop
  endfacet
  facet normal 0.30081 -0.953684 0
    outer loop
      vertex 42.0289 -37.0791 0
      vertex 42.0289 -37.0791 15
      vertex 41.4465 -37.2628 0
    endloop
  endfacet
  facet normal 0.30081 -0.953684 0
    outer loop
      vertex 41.4465 -37.2628 15
      vertex 41.4465 -37.2628 0
      vertex 42.0289 -37.0791 15
    endloop
  endfacet
  facet normal 0.21648 -0.976287 0
    outer loop
      vertex 42.6251 -36.9469 0
      vertex 42.6251 -36.9469 15
      vertex 42.0289 -37.0791 0
    endloop
  endfacet
  facet normal 0.21648 -0.976287 0
    outer loop
      vertex 42.0289 -37.0791 15
      vertex 42.0289 -37.0791 0
      vertex 42.6251 -36.9469 15
    endloop
  endfacet
  facet normal 0.130522 -0.991445 0
    outer loop
      vertex 43.2305 -36.8672 0
      vertex 43.2305 -36.8672 15
      vertex 42.6251 -36.9469 0
    endloop
  endfacet
  facet normal 0.130522 -0.991445 0
    outer loop
      vertex 42.6251 -36.9469 15
      vertex 42.6251 -36.9469 0
      vertex 43.2305 -36.8672 15
    endloop
  endfacet
  facet normal 0.043558 -0.999051 0
    outer loop
      vertex 43.8406 -36.8406 0
      vertex 43.8406 -36.8406 15
      vertex 43.2305 -36.8672 0
    endloop
  endfacet
  facet normal 0.043558 -0.999051 0
    outer loop
      vertex 43.2305 -36.8672 15
      vertex 43.2305 -36.8672 0
      vertex 43.8406 -36.8406 15
    endloop
  endfacet
  facet normal -0.043558 -0.999051 0
    outer loop
      vertex 44.4507 -36.8672 0
      vertex 44.4507 -36.8672 15
      vertex 43.8406 -36.8406 0
    endloop
  endfacet
  facet normal -0.043558 -0.999051 -0
    outer loop
      vertex 43.8406 -36.8406 15
      vertex 43.8406 -36.8406 0
      vertex 44.4507 -36.8672 15
    endloop
  endfacet
  facet normal -0.130522 -0.991445 0
    outer loop
      vertex 45.0561 -36.9469 0
      vertex 45.0561 -36.9469 15
      vertex 44.4507 -36.8672 0
    endloop
  endfacet
  facet normal -0.130522 -0.991445 -0
    outer loop
      vertex 44.4507 -36.8672 15
      vertex 44.4507 -36.8672 0
      vertex 45.0561 -36.9469 15
    endloop
  endfacet
  facet normal -0.21648 -0.976287 0
    outer loop
      vertex 45.6523 -37.0791 0
      vertex 45.6523 -37.0791 15
      vertex 45.0561 -36.9469 0
    endloop
  endfacet
  facet normal -0.21648 -0.976287 -0
    outer loop
      vertex 45.0561 -36.9469 15
      vertex 45.0561 -36.9469 0
      vertex 45.6523 -37.0791 15
    endloop
  endfacet
  facet normal -0.30081 -0.953684 0
    outer loop
      vertex 46.2347 -37.2628 0
      vertex 46.2347 -37.2628 15
      vertex 45.6523 -37.0791 0
    endloop
  endfacet
  facet normal -0.30081 -0.953684 -0
    outer loop
      vertex 45.6523 -37.0791 15
      vertex 45.6523 -37.0791 0
      vertex 46.2347 -37.2628 15
    endloop
  endfacet
  facet normal -0.382545 -0.923937 0
    outer loop
      vertex 46.7989 -37.4964 0
      vertex 46.7989 -37.4964 15
      vertex 46.2347 -37.2628 0
    endloop
  endfacet
  facet normal -0.382545 -0.923937 -0
    outer loop
      vertex 46.2347 -37.2628 15
      vertex 46.2347 -37.2628 0
      vertex 46.7989 -37.4964 15
    endloop
  endfacet
  facet normal -0.46176 -0.887005 0
    outer loop
      vertex 47.3406 -37.7784 0
      vertex 47.3406 -37.7784 15
      vertex 46.7989 -37.4964 0
    endloop
  endfacet
  facet normal -0.46176 -0.887005 -0
    outer loop
      vertex 46.7989 -37.4964 15
      vertex 46.7989 -37.4964 0
      vertex 47.3406 -37.7784 15
    endloop
  endfacet
  facet normal -0.53731 -0.843385 0
    outer loop
      vertex 47.8556 -38.1065 0
      vertex 47.8556 -38.1065 15
      vertex 47.3406 -37.7784 0
    endloop
  endfacet
  facet normal -0.53731 -0.843385 -0
    outer loop
      vertex 47.3406 -37.7784 15
      vertex 47.3406 -37.7784 0
      vertex 47.8556 -38.1065 15
    endloop
  endfacet
  facet normal -0.608792 -0.79333 0
    outer loop
      vertex 48.3401 -38.4783 0
      vertex 48.3401 -38.4783 15
      vertex 47.8556 -38.1065 0
    endloop
  endfacet
  facet normal -0.608792 -0.79333 -0
    outer loop
      vertex 47.8556 -38.1065 15
      vertex 47.8556 -38.1065 0
      vertex 48.3401 -38.4783 15
    endloop
  endfacet
  facet normal -0.67565 -0.737222 0
    outer loop
      vertex 48.7903 -38.8909 0
      vertex 48.7903 -38.8909 15
      vertex 48.3401 -38.4783 0
    endloop
  endfacet
  facet normal -0.67565 -0.737222 -0
    outer loop
      vertex 48.3401 -38.4783 15
      vertex 48.3401 -38.4783 0
      vertex 48.7903 -38.8909 15
    endloop
  endfacet
  facet normal -0.737222 -0.67565 0
    outer loop
      vertex 49.2029 -39.3411 0
      vertex 49.2029 -39.3411 15
      vertex 48.7903 -38.8909 0
    endloop
  endfacet
  facet normal -0.737222 -0.67565 -0
    outer loop
      vertex 48.7903 -38.8909 15
      vertex 48.7903 -38.8909 0
      vertex 49.2029 -39.3411 15
    endloop
  endfacet
  facet normal -0.79333 -0.608792 0
    outer loop
      vertex 49.5747 -39.8256 0
      vertex 49.5747 -39.8256 15
      vertex 49.2029 -39.3411 0
    endloop
  endfacet
  facet normal -0.79333 -0.608792 -0
    outer loop
      vertex 49.2029 -39.3411 15
      vertex 49.2029 -39.3411 0
      vertex 49.5747 -39.8256 15
    endloop
  endfacet
  facet normal -0.843385 -0.53731 0
    outer loop
      vertex 49.9028 -40.3406 0
      vertex 49.9028 -40.3406 15
      vertex 49.5747 -39.8256 0
    endloop
  endfacet
  facet normal -0.843385 -0.53731 -0
    outer loop
      vertex 49.5747 -39.8256 15
      vertex 49.5747 -39.8256 0
      vertex 49.9028 -40.3406 15
    endloop
  endfacet
  facet normal -0.887005 -0.46176 0
    outer loop
      vertex 50.1848 -40.8823 0
      vertex 50.1848 -40.8823 15
      vertex 49.9028 -40.3406 0
    endloop
  endfacet
  facet normal -0.887005 -0.46176 -0
    outer loop
      vertex 49.9028 -40.3406 15
      vertex 49.9028 -40.3406 0
      vertex 50.1848 -40.8823 15
    endloop
  endfacet
  facet normal -0.923937 -0.382545 0
    outer loop
      vertex 50.4184 -41.4465 0
      vertex 50.4184 -41.4465 15
      vertex 50.1848 -40.8823 0
    endloop
  endfacet
  facet normal -0.923937 -0.382545 -0
    outer loop
      vertex 50.1848 -40.8823 15
      vertex 50.1848 -40.8823 0
      vertex 50.4184 -41.4465 15
    endloop
  endfacet
  facet normal -0.953684 -0.30081 0
    outer loop
      vertex 50.6021 -42.0289 0
      vertex 50.6021 -42.0289 15
      vertex 50.4184 -41.4465 0
    endloop
  endfacet
  facet normal -0.953684 -0.30081 -0
    outer loop
      vertex 50.4184 -41.4465 15
      vertex 50.4184 -41.4465 0
      vertex 50.6021 -42.0289 15
    endloop
  endfacet
  facet normal -0.976287 -0.21648 0
    outer loop
      vertex 50.7343 -42.6251 0
      vertex 50.7343 -42.6251 15
      vertex 50.6021 -42.0289 0
    endloop
  endfacet
  facet normal -0.976287 -0.21648 -0
    outer loop
      vertex 50.6021 -42.0289 15
      vertex 50.6021 -42.0289 0
      vertex 50.7343 -42.6251 15
    endloop
  endfacet
  facet normal -0.991445 -0.130522 0
    outer loop
      vertex 50.814 -43.2305 0
      vertex 50.814 -43.2305 15
      vertex 50.7343 -42.6251 0
    endloop
  endfacet
  facet normal -0.991445 -0.130522 -0
    outer loop
      vertex 50.7343 -42.6251 15
      vertex 50.7343 -42.6251 0
      vertex 50.814 -43.2305 15
    endloop
  endfacet
  facet normal -0.999051 -0.043558 0
    outer loop
      vertex 50.8406 -43.8406 0
      vertex 50.8406 -43.8406 15
      vertex 50.814 -43.2305 0
    endloop
  endfacet
  facet normal -0.999051 -0.043558 -0
    outer loop
      vertex 50.814 -43.2305 15
      vertex 50.814 -43.2305 0
      vertex 50.8406 -43.8406 15
    endloop
  endfacet
  facet normal -0.999051 0.043558 0
    outer loop
      vertex 50.814 -44.4507 0
      vertex 50.814 -44.4507 15
      vertex 50.8406 -43.8406 0
    endloop
  endfacet
  facet normal -0.999051 0.043558 0
    outer loop
      vertex 50.8406 -43.8406 15
      vertex 50.8406 -43.8406 0
      vertex 50.814 -44.4507 15
    endloop
  endfacet
  facet normal -0.991445 0.130522 0
    outer loop
      vertex 50.7343 -45.0561 0
      vertex 50.7343 -45.0561 15
      vertex 50.814 -44.4507 0
    endloop
  endfacet
  facet normal -0.991445 0.130522 0
    outer loop
      vertex 50.814 -44.4507 15
      vertex 50.814 -44.4507 0
      vertex 50.7343 -45.0561 15
    endloop
  endfacet
  facet normal -0.976287 0.21648 0
    outer loop
      vertex 50.6021 -45.6523 0
      vertex 50.6021 -45.6523 15
      vertex 50.7343 -45.0561 0
    endloop
  endfacet
  facet normal -0.976287 0.21648 0
    outer loop
      vertex 50.7343 -45.0561 15
      vertex 50.7343 -45.0561 0
      vertex 50.6021 -45.6523 15
    endloop
  endfacet
  facet normal -0.953684 0.30081 0
    outer loop
      vertex 50.4184 -46.2347 0
      vertex 50.4184 -46.2347 15
      vertex 50.6021 -45.6523 0
    endloop
  endfacet
  facet normal -0.953684 0.30081 0
    outer loop
      vertex 50.6021 -45.6523 15
      vertex 50.6021 -45.6523 0
      vertex 50.4184 -46.2347 15
    endloop
  endfacet
  facet normal -0.923937 0.382545 0
    outer loop
      vertex 50.1848 -46.7989 0
      vertex 50.1848 -46.7989 15
      vertex 50.4184 -46.2347 0
    endloop
  endfacet
  facet normal -0.923937 0.382545 0
    outer loop
      vertex 50.4184 -46.2347 15
      vertex 50.4184 -46.2347 0
      vertex 50.1848 -46.7989 15
    endloop
  endfacet
  facet normal -0.887005 0.46176 0
    outer loop
      vertex 49.9028 -47.3406 0
      vertex 49.9028 -47.3406 15
      vertex 50.1848 -46.7989 0
    endloop
  endfacet
  facet normal -0.887005 0.46176 0
    outer loop
      vertex 50.1848 -46.7989 15
      vertex 50.1848 -46.7989 0
      vertex 49.9028 -47.3406 15
    endloop
  endfacet
  facet normal -0.843385 0.53731 0
    outer loop
      vertex 49.5747 -47.8556 0
      vertex 49.5747 -47.8556 15
      vertex 49.9028 -47.3406 0
    endloop
  endfacet
  facet normal -0.843385 0.53731 0
    outer loop
      vertex 49.9028 -47.3406 15
      vertex 49.9028 -47.3406 0
      vertex 49.5747 -47.8556 15
    endloop
  endfacet
  facet normal -0.79333 0.608792 0
    outer loop
      vertex 49.2029 -48.3401 0
      vertex 49.2029 -48.3401 15
      vertex 49.5747 -47.8556 0
    endloop
  endfacet
  facet normal -0.79333 0.608792 0
    outer loop
      vertex 49.5747 -47.8556 15
      vertex 49.5747 -47.8556 0
      vertex 49.2029 -48.3401 15
    endloop
  endfacet
  facet normal -0.737222 0.67565 0
    outer loop
      vertex 48.7903 -48.7903 0
      vertex 48.7903 -48.7903 15
      vertex 49.2029 -48.3401 0
    endloop
  endfacet
  facet normal -0.737222 0.67565 0
    outer loop
      vertex 49.2029 -48.3401 15
      vertex 49.2029 -48.3401 0
      vertex 48.7903 -48.7903 15
    endloop
  endfacet
  facet normal -0.67565 0.737222 0
    outer loop
      vertex 48.3401 -49.2029 0
      vertex 48.3401 -49.2029 15
      vertex 48.7903 -48.7903 0
    endloop
  endfacet
  facet normal -0.67565 0.737222 0
    outer loop
      vertex 48.7903 -48.7903 15
      vertex 48.7903 -48.7903 0
      vertex 48.3401 -49.2029 15
    endloop
  endfacet
  facet normal -0.608792 0.79333 0
    outer loop
      vertex 47.8556 -49.5747 0
      vertex 47.8556 -49.5747 15
      vertex 48.3401 -49.2029 0
    endloop
  endfacet
  facet normal -0.608792 0.79333 0
    outer loop
      vertex 48.3401 -49.2029 15
      vertex 48.3401 -49.2029 0
      vertex 47.8556 -49.5747 15
    endloop
  endfacet
  facet normal -0.53731 0.843385 0
    outer loop
      vertex 47.3406 -49.9028 0
      vertex 47.3406 -49.9028 15
      vertex 47.8556 -49.5747 0
    endloop
  endfacet
  facet normal -0.53731 0.843385 0
    outer loop
      vertex 47.8556 -49.5747 15
      vertex 47.8556 -49.5747 0
      vertex 47.3406 -49.9028 15
    endloop
  endfacet
  facet normal -0.46176 0.887005 0
    outer loop
      vertex 46.7989 -50.1848 0
      vertex 46.7989 -50.1848 15
      vertex 47.3406 -49.9028 0
    endloop
  endfacet
  facet normal -0.46176 0.887005 0
    outer loop
      vertex 47.3406 -49.9028 15
      vertex 47.3406 -49.9028 0
      vertex 46.7989 -50.1848 15
    endloop
  endfacet
  facet normal -0.382545 0.923937 0
    outer loop
      vertex 46.2347 -50.4184 0
      vertex 46.2347 -50.4184 15
      vertex 46.7989 -50.1848 0
    endloop
  endfacet
  facet normal -0.382545 0.923937 0
    outer loop
      vertex 46.7989 -50.1848 15
      vertex 46.7989 -50.1848 0
      vertex 46.2347 -50.4184 15
    endloop
  endfacet
  facet normal -0.30081 0.953684 0
    outer loop
      vertex 45.6523 -50.6021 0
      vertex 45.6523 -50.6021 15
      vertex 46.2347 -50.4184 0
    endloop
  endfacet
  facet normal -0.30081 0.953684 0
    outer loop
      vertex 46.2347 -50.4184 15
      vertex 46.2347 -50.4184 0
      vertex 45.6523 -50.6021 15
    endloop
  endfacet
  facet normal -0.21648 0.976287 0
    outer loop
      vertex 45.0561 -50.7343 0
      vertex 45.0561 -50.7343 15
      vertex 45.6523 -50.6021 0
    endloop
  endfacet
  facet normal -0.21648 0.976287 0
    outer loop
      vertex 45.6523 -50.6021 15
      vertex 45.6523 -50.6021 0
      vertex 45.0561 -50.7343 15
    endloop
  endfacet
  facet normal -0.130522 0.991445 0
    outer loop
      vertex 44.4507 -50.814 0
      vertex 44.4507 -50.814 15
      vertex 45.0561 -50.7343 0
    endloop
  endfacet
  facet normal -0.130522 0.991445 0
    outer loop
      vertex 45.0561 -50.7343 15
      vertex 45.0561 -50.7343 0
      vertex 44.4507 -50.814 15
    endloop
  endfacet
  facet normal -0.043558 0.999051 0
    outer loop
      vertex 43.8406 -50.8406 0
      vertex 43.8406 -50.8406 15
      vertex 44.4507 -50.814 0
    endloop
  endfacet
  facet normal -0.043558 0.999051 0
    outer loop
      vertex 44.4507 -50.814 15
      vertex 44.4507 -50.814 0
      vertex 43.8406 -50.8406 15
    endloop
  endfacet
  facet normal 0.043558 0.999051 -0
    outer loop
      vertex 43.2305 -50.814 0
      vertex 43.2305 -50.814 15
      vertex 43.8406 -50.8406 0
    endloop
  endfacet
  facet normal 0.043558 0.999051 0
    outer loop
      vertex 43.8406 -50.8406 15
      vertex 43.8406 -50.8406 0
      vertex 43.2305 -50.814 15
    endloop
  endfacet
  facet normal 0.130712 0.99142 -0
    outer loop
      vertex 16.6999 -44.529 0
      vertex 16.6999 -44.529 15
      vertex 16.9593 -44.5632 0
    endloop
  endfacet
  facet normal 0.130712 0.99142 0
    outer loop
      vertex 16.9593 -44.5632 15
      vertex 16.9593 -44.5632 0
      vertex 16.6999 -44.529 15
    endloop
  endfacet
  facet normal 0.216202 0.976349 -0
    outer loop
      vertex 16.4443 -44.4724 0
      vertex 16.4443 -44.4724 15
      vertex 16.6999 -44.529 0
    endloop
  endfacet
  facet normal 0.216202 0.976349 0
    outer loop
      vertex 16.6999 -44.529 15
      vertex 16.6999 -44.529 0
      vertex 16.4443 -44.4724 15
    endloop
  endfacet
  facet normal 0.300711 0.953715 -0
    outer loop
      vertex 16.1947 -44.3937 0
      vertex 16.1947 -44.3937 15
      vertex 16.4443 -44.4724 0
    endloop
  endfacet
  facet normal 0.300711 0.953715 0
    outer loop
      vertex 16.4443 -44.4724 15
      vertex 16.4443 -44.4724 0
      vertex 16.1947 -44.3937 15
    endloop
  endfacet
  facet normal 0.382824 0.923821 -0
    outer loop
      vertex 15.9529 -44.2935 0
      vertex 15.9529 -44.2935 15
      vertex 16.1947 -44.3937 0
    endloop
  endfacet
  facet normal 0.382824 0.923821 0
    outer loop
      vertex 16.1947 -44.3937 15
      vertex 16.1947 -44.3937 0
      vertex 15.9529 -44.2935 15
    endloop
  endfacet
  facet normal 0.461678 0.887048 -0
    outer loop
      vertex 15.7208 -44.1727 0
      vertex 15.7208 -44.1727 15
      vertex 15.9529 -44.2935 0
    endloop
  endfacet
  facet normal 0.461678 0.887048 0
    outer loop
      vertex 15.9529 -44.2935 15
      vertex 15.9529 -44.2935 0
      vertex 15.7208 -44.1727 15
    endloop
  endfacet
  facet normal 0.537296 0.843394 -0
    outer loop
      vertex 15.5001 -44.0321 0
      vertex 15.5001 -44.0321 15
      vertex 15.7208 -44.1727 0
    endloop
  endfacet
  facet normal 0.537296 0.843394 0
    outer loop
      vertex 15.7208 -44.1727 15
      vertex 15.7208 -44.1727 0
      vertex 15.5001 -44.0321 15
    endloop
  endfacet
  facet normal 0.608824 0.793305 -0
    outer loop
      vertex 15.2924 -43.8727 0
      vertex 15.2924 -43.8727 15
      vertex 15.5001 -44.0321 0
    endloop
  endfacet
  facet normal 0.608824 0.793305 0
    outer loop
      vertex 15.5001 -44.0321 15
      vertex 15.5001 -44.0321 0
      vertex 15.2924 -43.8727 15
    endloop
  endfacet
  facet normal 0.675673 0.737202 -0
    outer loop
      vertex 15.0995 -43.6959 0
      vertex 15.0995 -43.6959 15
      vertex 15.2924 -43.8727 0
    endloop
  endfacet
  facet normal 0.675673 0.737202 0
    outer loop
      vertex 15.2924 -43.8727 15
      vertex 15.2924 -43.8727 0
      vertex 15.0995 -43.6959 15
    endloop
  endfacet
  facet normal 0.737202 0.675673 -0
    outer loop
      vertex 14.9227 -43.503 0
      vertex 14.9227 -43.503 15
      vertex 15.0995 -43.6959 0
    endloop
  endfacet
  facet normal 0.737202 0.675673 0
    outer loop
      vertex 15.0995 -43.6959 15
      vertex 15.0995 -43.6959 0
      vertex 14.9227 -43.503 15
    endloop
  endfacet
  facet normal 0.793305 0.608824 -0
    outer loop
      vertex 14.7633 -43.2953 0
      vertex 14.7633 -43.2953 15
      vertex 14.9227 -43.503 0
    endloop
  endfacet
  facet normal 0.793305 0.608824 0
    outer loop
      vertex 14.9227 -43.503 15
      vertex 14.9227 -43.503 0
      vertex 14.7633 -43.2953 15
    endloop
  endfacet
  facet normal 0.843394 0.537296 -0
    outer loop
      vertex 14.6227 -43.0746 0
      vertex 14.6227 -43.0746 15
      vertex 14.7633 -43.2953 0
    endloop
  endfacet
  facet normal 0.843394 0.537296 0
    outer loop
      vertex 14.7633 -43.2953 15
      vertex 14.7633 -43.2953 0
      vertex 14.6227 -43.0746 15
    endloop
  endfacet
  facet normal 0.887048 0.461678 -0
    outer loop
      vertex 14.5019 -42.8425 0
      vertex 14.5019 -42.8425 15
      vertex 14.6227 -43.0746 0
    endloop
  endfacet
  facet normal 0.887048 0.461678 0
    outer loop
      vertex 14.6227 -43.0746 15
      vertex 14.6227 -43.0746 0
      vertex 14.5019 -42.8425 15
    endloop
  endfacet
  facet normal 0.923821 0.382824 -0
    outer loop
      vertex 14.4017 -42.6007 0
      vertex 14.4017 -42.6007 15
      vertex 14.5019 -42.8425 0
    endloop
  endfacet
  facet normal 0.923821 0.382824 0
    outer loop
      vertex 14.5019 -42.8425 15
      vertex 14.5019 -42.8425 0
      vertex 14.4017 -42.6007 15
    endloop
  endfacet
  facet normal 0.953715 0.300711 -0
    outer loop
      vertex 14.323 -42.3511 0
      vertex 14.323 -42.3511 15
      vertex 14.4017 -42.6007 0
    endloop
  endfacet
  facet normal 0.953715 0.300711 0
    outer loop
      vertex 14.4017 -42.6007 15
      vertex 14.4017 -42.6007 0
      vertex 14.323 -42.3511 15
    endloop
  endfacet
  facet normal 0.976349 0.216202 -0
    outer loop
      vertex 14.2664 -42.0955 0
      vertex 14.2664 -42.0955 15
      vertex 14.323 -42.3511 0
    endloop
  endfacet
  facet normal 0.976349 0.216202 0
    outer loop
      vertex 14.323 -42.3511 15
      vertex 14.323 -42.3511 0
      vertex 14.2664 -42.0955 15
    endloop
  endfacet
  facet normal 0.99142 0.130712 -0
    outer loop
      vertex 14.2322 -41.8361 0
      vertex 14.2322 -41.8361 15
      vertex 14.2664 -42.0955 0
    endloop
  endfacet
  facet normal 0.99142 0.130712 0
    outer loop
      vertex 14.2664 -42.0955 15
      vertex 14.2664 -42.0955 0
      vertex 14.2322 -41.8361 15
    endloop
  endfacet
  facet normal 0.999051 0.0435533 -0
    outer loop
      vertex 14.2208 -41.5746 0
      vertex 14.2208 -41.5746 15
      vertex 14.2322 -41.8361 0
    endloop
  endfacet
  facet normal 0.999051 0.0435533 0
    outer loop
      vertex 14.2322 -41.8361 15
      vertex 14.2322 -41.8361 0
      vertex 14.2208 -41.5746 15
    endloop
  endfacet
  facet normal 0.999051 -0.0435533 0
    outer loop
      vertex 14.2322 -41.3131 0
      vertex 14.2322 -41.3131 15
      vertex 14.2208 -41.5746 0
    endloop
  endfacet
  facet normal 0.999051 -0.0435533 0
    outer loop
      vertex 14.2208 -41.5746 15
      vertex 14.2208 -41.5746 0
      vertex 14.2322 -41.3131 15
    endloop
  endfacet
  facet normal 0.99142 -0.130712 0
    outer loop
      vertex 14.2664 -41.0537 0
      vertex 14.2664 -41.0537 15
      vertex 14.2322 -41.3131 0
    endloop
  endfacet
  facet normal 0.99142 -0.130712 0
    outer loop
      vertex 14.2322 -41.3131 15
      vertex 14.2322 -41.3131 0
      vertex 14.2664 -41.0537 15
    endloop
  endfacet
  facet normal 0.976349 -0.216202 0
    outer loop
      vertex 14.323 -40.7981 0
      vertex 14.323 -40.7981 15
      vertex 14.2664 -41.0537 0
    endloop
  endfacet
  facet normal 0.976349 -0.216202 0
    outer loop
      vertex 14.2664 -41.0537 15
      vertex 14.2664 -41.0537 0
      vertex 14.323 -40.7981 15
    endloop
  endfacet
  facet normal 0.953715 -0.300711 0
    outer loop
      vertex 14.4017 -40.5485 0
      vertex 14.4017 -40.5485 15
      vertex 14.323 -40.7981 0
    endloop
  endfacet
  facet normal 0.953715 -0.300711 0
    outer loop
      vertex 14.323 -40.7981 15
      vertex 14.323 -40.7981 0
      vertex 14.4017 -40.5485 15
    endloop
  endfacet
  facet normal 0.923821 -0.382824 0
    outer loop
      vertex 14.5019 -40.3067 0
      vertex 14.5019 -40.3067 15
      vertex 14.4017 -40.5485 0
    endloop
  endfacet
  facet normal 0.923821 -0.382824 0
    outer loop
      vertex 14.4017 -40.5485 15
      vertex 14.4017 -40.5485 0
      vertex 14.5019 -40.3067 15
    endloop
  endfacet
  facet normal 0.887048 -0.461678 0
    outer loop
      vertex 14.6227 -40.0746 0
      vertex 14.6227 -40.0746 15
      vertex 14.5019 -40.3067 0
    endloop
  endfacet
  facet normal 0.887048 -0.461678 0
    outer loop
      vertex 14.5019 -40.3067 15
      vertex 14.5019 -40.3067 0
      vertex 14.6227 -40.0746 15
    endloop
  endfacet
  facet normal 0.843394 -0.537296 0
    outer loop
      vertex 14.7633 -39.8539 0
      vertex 14.7633 -39.8539 15
      vertex 14.6227 -40.0746 0
    endloop
  endfacet
  facet normal 0.843394 -0.537296 0
    outer loop
      vertex 14.6227 -40.0746 15
      vertex 14.6227 -40.0746 0
      vertex 14.7633 -39.8539 15
    endloop
  endfacet
  facet normal 0.793305 -0.608824 0
    outer loop
      vertex 14.9227 -39.6462 0
      vertex 14.9227 -39.6462 15
      vertex 14.7633 -39.8539 0
    endloop
  endfacet
  facet normal 0.793305 -0.608824 0
    outer loop
      vertex 14.7633 -39.8539 15
      vertex 14.7633 -39.8539 0
      vertex 14.9227 -39.6462 15
    endloop
  endfacet
  facet normal 0.737202 -0.675673 0
    outer loop
      vertex 15.0995 -39.4533 0
      vertex 15.0995 -39.4533 15
      vertex 14.9227 -39.6462 0
    endloop
  endfacet
  facet normal 0.737202 -0.675673 0
    outer loop
      vertex 14.9227 -39.6462 15
      vertex 14.9227 -39.6462 0
      vertex 15.0995 -39.4533 15
    endloop
  endfacet
  facet normal 0.675673 -0.737202 0
    outer loop
      vertex 15.2924 -39.2765 0
      vertex 15.2924 -39.2765 15
      vertex 15.0995 -39.4533 0
    endloop
  endfacet
  facet normal 0.675673 -0.737202 0
    outer loop
      vertex 15.0995 -39.4533 15
      vertex 15.0995 -39.4533 0
      vertex 15.2924 -39.2765 15
    endloop
  endfacet
  facet normal 0.608824 -0.793305 0
    outer loop
      vertex 15.5001 -39.1171 0
      vertex 15.5001 -39.1171 15
      vertex 15.2924 -39.2765 0
    endloop
  endfacet
  facet normal 0.608824 -0.793305 0
    outer loop
      vertex 15.2924 -39.2765 15
      vertex 15.2924 -39.2765 0
      vertex 15.5001 -39.1171 15
    endloop
  endfacet
  facet normal 0.537296 -0.843394 0
    outer loop
      vertex 15.7208 -38.9765 0
      vertex 15.7208 -38.9765 15
      vertex 15.5001 -39.1171 0
    endloop
  endfacet
  facet normal 0.537296 -0.843394 0
    outer loop
      vertex 15.5001 -39.1171 15
      vertex 15.5001 -39.1171 0
      vertex 15.7208 -38.9765 15
    endloop
  endfacet
  facet normal 0.461678 -0.887048 0
    outer loop
      vertex 15.9529 -38.8557 0
      vertex 15.9529 -38.8557 15
      vertex 15.7208 -38.9765 0
    endloop
  endfacet
  facet normal 0.461678 -0.887048 0
    outer loop
      vertex 15.7208 -38.9765 15
      vertex 15.7208 -38.9765 0
      vertex 15.9529 -38.8557 15
    endloop
  endfacet
  facet normal 0.382824 -0.923821 0
    outer loop
      vertex 16.1947 -38.7555 0
      vertex 16.1947 -38.7555 15
      vertex 15.9529 -38.8557 0
    endloop
  endfacet
  facet normal 0.382824 -0.923821 0
    outer loop
      vertex 15.9529 -38.8557 15
      vertex 15.9529 -38.8557 0
      vertex 16.1947 -38.7555 15
    endloop
  endfacet
  facet normal 0.300711 -0.953715 0
    outer loop
      vertex 16.4443 -38.6768 0
      vertex 16.4443 -38.6768 15
      vertex 16.1947 -38.7555 0
    endloop
  endfacet
  facet normal 0.300711 -0.953715 0
    outer loop
      vertex 16.1947 -38.7555 15
      vertex 16.1947 -38.7555 0
      vertex 16.4443 -38.6768 15
    endloop
  endfacet
  facet normal 0.216202 -0.976349 0
    outer loop
      vertex 16.6999 -38.6202 0
      vertex 16.6999 -38.6202 15
      vertex 16.4443 -38.6768 0
    endloop
  endfacet
  facet normal 0.216202 -0.976349 0
    outer loop
      vertex 16.4443 -38.6768 15
      vertex 16.4443 -38.6768 0
      vertex 16.6999 -38.6202 15
    endloop
  endfacet
  facet normal 0.130712 -0.99142 0
    outer loop
      vertex 16.9593 -38.586 0
      vertex 16.9593 -38.586 15
      vertex 16.6999 -38.6202 0
    endloop
  endfacet
  facet normal 0.130712 -0.99142 0
    outer loop
      vertex 16.6999 -38.6202 15
      vertex 16.6999 -38.6202 0
      vertex 16.9593 -38.586 15
    endloop
  endfacet
  facet normal 0.0435533 -0.999051 0
    outer loop
      vertex 17.2208 -38.5746 0
      vertex 17.2208 -38.5746 15
      vertex 16.9593 -38.586 0
    endloop
  endfacet
  facet normal 0.0435533 -0.999051 0
    outer loop
      vertex 16.9593 -38.586 15
      vertex 16.9593 -38.586 0
      vertex 17.2208 -38.5746 15
    endloop
  endfacet
  facet normal -0.0435533 -0.999051 0
    outer loop
      vertex 17.4823 -38.586 0
      vertex 17.4823 -38.586 15
      vertex 17.2208 -38.5746 0
    endloop
  endfacet
  facet normal -0.0435533 -0.999051 -0
    outer loop
      vertex 17.2208 -38.5746 15
      vertex 17.2208 -38.5746 0
      vertex 17.4823 -38.586 15
    endloop
  endfacet
  facet normal -0.130712 -0.99142 0
    outer loop
      vertex 17.7417 -38.6202 0
      vertex 17.7417 -38.6202 15
      vertex 17.4823 -38.586 0
    endloop
  endfacet
  facet normal -0.130712 -0.99142 -0
    outer loop
      vertex 17.4823 -38.586 15
      vertex 17.4823 -38.586 0
      vertex 17.7417 -38.6202 15
    endloop
  endfacet
  facet normal -0.216202 -0.976349 0
    outer loop
      vertex 17.9973 -38.6768 0
      vertex 17.9973 -38.6768 15
      vertex 17.7417 -38.6202 0
    endloop
  endfacet
  facet normal -0.216202 -0.976349 -0
    outer loop
      vertex 17.7417 -38.6202 15
      vertex 17.7417 -38.6202 0
      vertex 17.9973 -38.6768 15
    endloop
  endfacet
  facet normal -0.300711 -0.953715 0
    outer loop
      vertex 18.2469 -38.7555 0
      vertex 18.2469 -38.7555 15
      vertex 17.9973 -38.6768 0
    endloop
  endfacet
  facet normal -0.300711 -0.953715 -0
    outer loop
      vertex 17.9973 -38.6768 15
      vertex 17.9973 -38.6768 0
      vertex 18.2469 -38.7555 15
    endloop
  endfacet
  facet normal -0.382824 -0.923821 0
    outer loop
      vertex 18.4887 -38.8557 0
      vertex 18.4887 -38.8557 15
      vertex 18.2469 -38.7555 0
    endloop
  endfacet
  facet normal -0.382824 -0.923821 -0
    outer loop
      vertex 18.2469 -38.7555 15
      vertex 18.2469 -38.7555 0
      vertex 18.4887 -38.8557 15
    endloop
  endfacet
  facet normal -0.461678 -0.887048 0
    outer loop
      vertex 18.7208 -38.9765 0
      vertex 18.7208 -38.9765 15
      vertex 18.4887 -38.8557 0
    endloop
  endfacet
  facet normal -0.461678 -0.887048 -0
    outer loop
      vertex 18.4887 -38.8557 15
      vertex 18.4887 -38.8557 0
      vertex 18.7208 -38.9765 15
    endloop
  endfacet
  facet normal -0.537296 -0.843394 0
    outer loop
      vertex 18.9415 -39.1171 0
      vertex 18.9415 -39.1171 15
      vertex 18.7208 -38.9765 0
    endloop
  endfacet
  facet normal -0.537296 -0.843394 -0
    outer loop
      vertex 18.7208 -38.9765 15
      vertex 18.7208 -38.9765 0
      vertex 18.9415 -39.1171 15
    endloop
  endfacet
  facet normal -0.608824 -0.793305 0
    outer loop
      vertex 19.1492 -39.2765 0
      vertex 19.1492 -39.2765 15
      vertex 18.9415 -39.1171 0
    endloop
  endfacet
  facet normal -0.608824 -0.793305 -0
    outer loop
      vertex 18.9415 -39.1171 15
      vertex 18.9415 -39.1171 0
      vertex 19.1492 -39.2765 15
    endloop
  endfacet
  facet normal -0.675673 -0.737202 0
    outer loop
      vertex 19.3421 -39.4533 0
      vertex 19.3421 -39.4533 15
      vertex 19.1492 -39.2765 0
    endloop
  endfacet
  facet normal -0.675673 -0.737202 -0
    outer loop
      vertex 19.1492 -39.2765 15
      vertex 19.1492 -39.2765 0
      vertex 19.3421 -39.4533 15
    endloop
  endfacet
  facet normal -0.737202 -0.675673 0
    outer loop
      vertex 19.5189 -39.6462 0
      vertex 19.5189 -39.6462 15
      vertex 19.3421 -39.4533 0
    endloop
  endfacet
  facet normal -0.737202 -0.675673 -0
    outer loop
      vertex 19.3421 -39.4533 15
      vertex 19.3421 -39.4533 0
      vertex 19.5189 -39.6462 15
    endloop
  endfacet
  facet normal -0.793305 -0.608824 0
    outer loop
      vertex 19.6783 -39.8539 0
      vertex 19.6783 -39.8539 15
      vertex 19.5189 -39.6462 0
    endloop
  endfacet
  facet normal -0.793305 -0.608824 -0
    outer loop
      vertex 19.5189 -39.6462 15
      vertex 19.5189 -39.6462 0
      vertex 19.6783 -39.8539 15
    endloop
  endfacet
  facet normal -0.843394 -0.537296 0
    outer loop
      vertex 19.8189 -40.0746 0
      vertex 19.8189 -40.0746 15
      vertex 19.6783 -39.8539 0
    endloop
  endfacet
  facet normal -0.843394 -0.537296 -0
    outer loop
      vertex 19.6783 -39.8539 15
      vertex 19.6783 -39.8539 0
      vertex 19.8189 -40.0746 15
    endloop
  endfacet
  facet normal -0.887048 -0.461678 0
    outer loop
      vertex 19.9397 -40.3067 0
      vertex 19.9397 -40.3067 15
      vertex 19.8189 -40.0746 0
    endloop
  endfacet
  facet normal -0.887048 -0.461678 -0
    outer loop
      vertex 19.8189 -40.0746 15
      vertex 19.8189 -40.0746 0
      vertex 19.9397 -40.3067 15
    endloop
  endfacet
  facet normal -0.923821 -0.382824 0
    outer loop
      vertex 20.0399 -40.5485 0
      vertex 20.0399 -40.5485 15
      vertex 19.9397 -40.3067 0
    endloop
  endfacet
  facet normal -0.923821 -0.382824 -0
    outer loop
      vertex 19.9397 -40.3067 15
      vertex 19.9397 -40.3067 0
      vertex 20.0399 -40.5485 15
    endloop
  endfacet
  facet normal -0.953715 -0.300711 0
    outer loop
      vertex 20.1186 -40.7981 0
      vertex 20.1186 -40.7981 15
      vertex 20.0399 -40.5485 0
    endloop
  endfacet
  facet normal -0.953715 -0.300711 -0
    outer loop
      vertex 20.0399 -40.5485 15
      vertex 20.0399 -40.5485 0
      vertex 20.1186 -40.7981 15
    endloop
  endfacet
  facet normal -0.976349 -0.216202 0
    outer loop
      vertex 20.1752 -41.0537 0
      vertex 20.1752 -41.0537 15
      vertex 20.1186 -40.7981 0
    endloop
  endfacet
  facet normal -0.976349 -0.216202 -0
    outer loop
      vertex 20.1186 -40.7981 15
      vertex 20.1186 -40.7981 0
      vertex 20.1752 -41.0537 15
    endloop
  endfacet
  facet normal -0.99142 -0.130712 0
    outer loop
      vertex 20.2094 -41.3131 0
      vertex 20.2094 -41.3131 15
      vertex 20.1752 -41.0537 0
    endloop
  endfacet
  facet normal -0.99142 -0.130712 -0
    outer loop
      vertex 20.1752 -41.0537 15
      vertex 20.1752 -41.0537 0
      vertex 20.2094 -41.3131 15
    endloop
  endfacet
  facet normal -0.999051 -0.0435533 0
    outer loop
      vertex 20.2208 -41.5746 0
      vertex 20.2208 -41.5746 15
      vertex 20.2094 -41.3131 0
    endloop
  endfacet
  facet normal -0.999051 -0.0435533 -0
    outer loop
      vertex 20.2094 -41.3131 15
      vertex 20.2094 -41.3131 0
      vertex 20.2208 -41.5746 15
    endloop
  endfacet
  facet normal -0.999051 0.0435533 0
    outer loop
      vertex 20.2094 -41.8361 0
      vertex 20.2094 -41.8361 15
      vertex 20.2208 -41.5746 0
    endloop
  endfacet
  facet normal -0.999051 0.0435533 0
    outer loop
      vertex 20.2208 -41.5746 15
      vertex 20.2208 -41.5746 0
      vertex 20.2094 -41.8361 15
    endloop
  endfacet
  facet normal -0.99142 0.130712 0
    outer loop
      vertex 20.1752 -42.0955 0
      vertex 20.1752 -42.0955 15
      vertex 20.2094 -41.8361 0
    endloop
  endfacet
  facet normal -0.99142 0.130712 0
    outer loop
      vertex 20.2094 -41.8361 15
      vertex 20.2094 -41.8361 0
      vertex 20.1752 -42.0955 15
    endloop
  endfacet
  facet normal -0.976349 0.216202 0
    outer loop
      vertex 20.1186 -42.3511 0
      vertex 20.1186 -42.3511 15
      vertex 20.1752 -42.0955 0
    endloop
  endfacet
  facet normal -0.976349 0.216202 0
    outer loop
      vertex 20.1752 -42.0955 15
      vertex 20.1752 -42.0955 0
      vertex 20.1186 -42.3511 15
    endloop
  endfacet
  facet normal -0.953715 0.300711 0
    outer loop
      vertex 20.0399 -42.6007 0
      vertex 20.0399 -42.6007 15
      vertex 20.1186 -42.3511 0
    endloop
  endfacet
  facet normal -0.953715 0.300711 0
    outer loop
      vertex 20.1186 -42.3511 15
      vertex 20.1186 -42.3511 0
      vertex 20.0399 -42.6007 15
    endloop
  endfacet
  facet normal -0.923821 0.382824 0
    outer loop
      vertex 19.9397 -42.8425 0
      vertex 19.9397 -42.8425 15
      vertex 20.0399 -42.6007 0
    endloop
  endfacet
  facet normal -0.923821 0.382824 0
    outer loop
      vertex 20.0399 -42.6007 15
      vertex 20.0399 -42.6007 0
      vertex 19.9397 -42.8425 15
    endloop
  endfacet
  facet normal -0.887048 0.461678 0
    outer loop
      vertex 19.8189 -43.0746 0
      vertex 19.8189 -43.0746 15
      vertex 19.9397 -42.8425 0
    endloop
  endfacet
  facet normal -0.887048 0.461678 0
    outer loop
      vertex 19.9397 -42.8425 15
      vertex 19.9397 -42.8425 0
      vertex 19.8189 -43.0746 15
    endloop
  endfacet
  facet normal -0.843394 0.537296 0
    outer loop
      vertex 19.6783 -43.2953 0
      vertex 19.6783 -43.2953 15
      vertex 19.8189 -43.0746 0
    endloop
  endfacet
  facet normal -0.843394 0.537296 0
    outer loop
      vertex 19.8189 -43.0746 15
      vertex 19.8189 -43.0746 0
      vertex 19.6783 -43.2953 15
    endloop
  endfacet
  facet normal -0.793305 0.608824 0
    outer loop
      vertex 19.5189 -43.503 0
      vertex 19.5189 -43.503 15
      vertex 19.6783 -43.2953 0
    endloop
  endfacet
  facet normal -0.793305 0.608824 0
    outer loop
      vertex 19.6783 -43.2953 15
      vertex 19.6783 -43.2953 0
      vertex 19.5189 -43.503 15
    endloop
  endfacet
  facet normal -0.737202 0.675673 0
    outer loop
      vertex 19.3421 -43.6959 0
      vertex 19.3421 -43.6959 15
      vertex 19.5189 -43.503 0
    endloop
  endfacet
  facet normal -0.737202 0.675673 0
    outer loop
      vertex 19.5189 -43.503 15
      vertex 19.5189 -43.503 0
      vertex 19.3421 -43.6959 15
    endloop
  endfacet
  facet normal -0.675673 0.737202 0
    outer loop
      vertex 19.1492 -43.8727 0
      vertex 19.1492 -43.8727 15
      vertex 19.3421 -43.6959 0
    endloop
  endfacet
  facet normal -0.675673 0.737202 0
    outer loop
      vertex 19.3421 -43.6959 15
      vertex 19.3421 -43.6959 0
      vertex 19.1492 -43.8727 15
    endloop
  endfacet
  facet normal -0.608824 0.793305 0
    outer loop
      vertex 18.9415 -44.0321 0
      vertex 18.9415 -44.0321 15
      vertex 19.1492 -43.8727 0
    endloop
  endfacet
  facet normal -0.608824 0.793305 0
    outer loop
      vertex 19.1492 -43.8727 15
      vertex 19.1492 -43.8727 0
      vertex 18.9415 -44.0321 15
    endloop
  endfacet
  facet normal -0.537296 0.843394 0
    outer loop
      vertex 18.7208 -44.1727 0
      vertex 18.7208 -44.1727 15
      vertex 18.9415 -44.0321 0
    endloop
  endfacet
  facet normal -0.537296 0.843394 0
    outer loop
      vertex 18.9415 -44.0321 15
      vertex 18.9415 -44.0321 0
      vertex 18.7208 -44.1727 15
    endloop
  endfacet
  facet normal -0.461678 0.887048 0
    outer loop
      vertex 18.4887 -44.2935 0
      vertex 18.4887 -44.2935 15
      vertex 18.7208 -44.1727 0
    endloop
  endfacet
  facet normal -0.461678 0.887048 0
    outer loop
      vertex 18.7208 -44.1727 15
      vertex 18.7208 -44.1727 0
      vertex 18.4887 -44.2935 15
    endloop
  endfacet
  facet normal -0.382824 0.923821 0
    outer loop
      vertex 18.2469 -44.3937 0
      vertex 18.2469 -44.3937 15
      vertex 18.4887 -44.2935 0
    endloop
  endfacet
  facet normal -0.382824 0.923821 0
    outer loop
      vertex 18.4887 -44.2935 15
      vertex 18.4887 -44.2935 0
      vertex 18.2469 -44.3937 15
    endloop
  endfacet
  facet normal -0.300711 0.953715 0
    outer loop
      vertex 17.9973 -44.4724 0
      vertex 17.9973 -44.4724 15
      vertex 18.2469 -44.3937 0
    endloop
  endfacet
  facet normal -0.300711 0.953715 0
    outer loop
      vertex 18.2469 -44.3937 15
      vertex 18.2469 -44.3937 0
      vertex 17.9973 -44.4724 15
    endloop
  endfacet
  facet normal -0.216202 0.976349 0
    outer loop
      vertex 17.7417 -44.529 0
      vertex 17.7417 -44.529 15
      vertex 17.9973 -44.4724 0
    endloop
  endfacet
  facet normal -0.216202 0.976349 0
    outer loop
      vertex 17.9973 -44.4724 15
      vertex 17.9973 -44.4724 0
      vertex 17.7417 -44.529 15
    endloop
  endfacet
  facet normal -0.130712 0.99142 0
    outer loop
      vertex 17.4823 -44.5632 0
      vertex 17.4823 -44.5632 15
      vertex 17.7417 -44.529 0
    endloop
  endfacet
  facet normal -0.130712 0.99142 0
    outer loop
      vertex 17.7417 -44.529 15
      vertex 17.7417 -44.529 0
      vertex 17.4823 -44.5632 15
    endloop
  endfacet
  facet normal -0.0435533 0.999051 0
    outer loop
      vertex 17.2208 -44.5746 0
      vertex 17.2208 -44.5746 15
      vertex 17.4823 -44.5632 0
    endloop
  endfacet
  facet normal -0.0435533 0.999051 0
    outer loop
      vertex 17.4823 -44.5632 15
      vertex 17.4823 -44.5632 0
      vertex 17.2208 -44.5746 15
    endloop
  endfacet
  facet normal 0.0435533 0.999051 -0
    outer loop
      vertex 16.9593 -44.5632 0
      vertex 16.9593 -44.5632 15
      vertex 17.2208 -44.5746 0
    endloop
  endfacet
  facet normal 0.0435533 0.999051 0
    outer loop
      vertex 17.2208 -44.5746 15
      vertex 17.2208 -44.5746 0
      vertex 16.9593 -44.5632 15
    endloop
  endfacet
  facet normal 0.130521 0.991446 -0
    outer loop
      vertex -1.2155 -68.8937 0
      vertex -1.2155 -68.8937 15
      vertex -0.610092 -68.9734 0
    endloop
  endfacet
  facet normal 0.130521 0.991446 0
    outer loop
      vertex -0.610092 -68.9734 15
      vertex -0.610092 -68.9734 0
      vertex -1.2155 -68.8937 15
    endloop
  endfacet
  facet normal 0.216483 0.976286 -0
    outer loop
      vertex -1.81169 -68.7615 0
      vertex -1.81169 -68.7615 15
      vertex -1.2155 -68.8937 0
    endloop
  endfacet
  facet normal 0.216483 0.976286 0
    outer loop
      vertex -1.2155 -68.8937 15
      vertex -1.2155 -68.8937 0
      vertex -1.81169 -68.7615 15
    endloop
  endfacet
  facet normal 0.30081 0.953684 -0
    outer loop
      vertex -2.39409 -68.5778 0
      vertex -2.39409 -68.5778 15
      vertex -1.81169 -68.7615 0
    endloop
  endfacet
  facet normal 0.30081 0.953684 0
    outer loop
      vertex -1.81169 -68.7615 15
      vertex -1.81169 -68.7615 0
      vertex -2.39409 -68.5778 15
    endloop
  endfacet
  facet normal 0.382539 0.923939 -0
    outer loop
      vertex -2.9583 -68.3442 0
      vertex -2.9583 -68.3442 15
      vertex -2.39409 -68.5778 0
    endloop
  endfacet
  facet normal 0.382539 0.923939 0
    outer loop
      vertex -2.39409 -68.5778 15
      vertex -2.39409 -68.5778 0
      vertex -2.9583 -68.3442 15
    endloop
  endfacet
  facet normal 0.46176 0.887005 -0
    outer loop
      vertex -3.5 -68.0622 0
      vertex -3.5 -68.0622 15
      vertex -2.9583 -68.3442 0
    endloop
  endfacet
  facet normal 0.46176 0.887005 0
    outer loop
      vertex -2.9583 -68.3442 15
      vertex -2.9583 -68.3442 0
      vertex -3.5 -68.0622 15
    endloop
  endfacet
  facet normal 0.53731 0.843385 -0
    outer loop
      vertex -4.015 -67.7341 0
      vertex -4.015 -67.7341 15
      vertex -3.5 -68.0622 0
    endloop
  endfacet
  facet normal 0.53731 0.843385 0
    outer loop
      vertex -3.5 -68.0622 15
      vertex -3.5 -68.0622 0
      vertex -4.015 -67.7341 15
    endloop
  endfacet
  facet normal 0.608792 0.79333 -0
    outer loop
      vertex -4.4995 -67.3623 0
      vertex -4.4995 -67.3623 15
      vertex -4.015 -67.7341 0
    endloop
  endfacet
  facet normal 0.608792 0.79333 0
    outer loop
      vertex -4.015 -67.7341 15
      vertex -4.015 -67.7341 0
      vertex -4.4995 -67.3623 15
    endloop
  endfacet
  facet normal 0.675659 0.737215 -0
    outer loop
      vertex -4.94969 -66.9497 0
      vertex -4.94969 -66.9497 15
      vertex -4.4995 -67.3623 0
    endloop
  endfacet
  facet normal 0.675659 0.737215 0
    outer loop
      vertex -4.4995 -67.3623 15
      vertex -4.4995 -67.3623 0
      vertex -4.94969 -66.9497 15
    endloop
  endfacet
  facet normal 0.737222 0.67565 -0
    outer loop
      vertex -5.36229 -66.4995 0
      vertex -5.36229 -66.4995 15
      vertex -4.94969 -66.9497 0
    endloop
  endfacet
  facet normal 0.737222 0.67565 0
    outer loop
      vertex -4.94969 -66.9497 15
      vertex -4.94969 -66.9497 0
      vertex -5.36229 -66.4995 15
    endloop
  endfacet
  facet normal 0.79333 0.608792 -0
    outer loop
      vertex -5.73409 -66.015 0
      vertex -5.73409 -66.015 15
      vertex -5.36229 -66.4995 0
    endloop
  endfacet
  facet normal 0.79333 0.608792 0
    outer loop
      vertex -5.36229 -66.4995 15
      vertex -5.36229 -66.4995 0
      vertex -5.73409 -66.015 15
    endloop
  endfacet
  facet normal 0.843385 0.53731 -0
    outer loop
      vertex -6.06219 -65.5 0
      vertex -6.06219 -65.5 15
      vertex -5.73409 -66.015 0
    endloop
  endfacet
  facet normal 0.843385 0.53731 0
    outer loop
      vertex -5.73409 -66.015 15
      vertex -5.73409 -66.015 0
      vertex -6.06219 -65.5 15
    endloop
  endfacet
  facet normal 0.887005 0.46176 -0
    outer loop
      vertex -6.34419 -64.9583 0
      vertex -6.34419 -64.9583 15
      vertex -6.06219 -65.5 0
    endloop
  endfacet
  facet normal 0.887005 0.46176 0
    outer loop
      vertex -6.06219 -65.5 15
      vertex -6.06219 -65.5 0
      vertex -6.34419 -64.9583 15
    endloop
  endfacet
  facet normal 0.923937 0.382545 -0
    outer loop
      vertex -6.57779 -64.3941 0
      vertex -6.57779 -64.3941 15
      vertex -6.34419 -64.9583 0
    endloop
  endfacet
  facet normal 0.923937 0.382545 0
    outer loop
      vertex -6.34419 -64.9583 15
      vertex -6.34419 -64.9583 0
      vertex -6.57779 -64.3941 15
    endloop
  endfacet
  facet normal 0.953684 0.30081 -0
    outer loop
      vertex -6.76149 -63.8117 0
      vertex -6.76149 -63.8117 15
      vertex -6.57779 -64.3941 0
    endloop
  endfacet
  facet normal 0.953684 0.30081 0
    outer loop
      vertex -6.57779 -64.3941 15
      vertex -6.57779 -64.3941 0
      vertex -6.76149 -63.8117 15
    endloop
  endfacet
  facet normal 0.976287 0.21648 -0
    outer loop
      vertex -6.89369 -63.2155 0
      vertex -6.89369 -63.2155 15
      vertex -6.76149 -63.8117 0
    endloop
  endfacet
  facet normal 0.976287 0.21648 0
    outer loop
      vertex -6.76149 -63.8117 15
      vertex -6.76149 -63.8117 0
      vertex -6.89369 -63.2155 15
    endloop
  endfacet
  facet normal 0.991445 0.130522 -0
    outer loop
      vertex -6.97339 -62.6101 0
      vertex -6.97339 -62.6101 15
      vertex -6.89369 -63.2155 0
    endloop
  endfacet
  facet normal 0.991445 0.130522 0
    outer loop
      vertex -6.89369 -63.2155 15
      vertex -6.89369 -63.2155 0
      vertex -6.97339 -62.6101 15
    endloop
  endfacet
  facet normal 0.99905 0.0435744 -0
    outer loop
      vertex -7 -62 0
      vertex -7 -62 15
      vertex -6.97339 -62.6101 0
    endloop
  endfacet
  facet normal 0.99905 0.0435744 0
    outer loop
      vertex -6.97339 -62.6101 15
      vertex -6.97339 -62.6101 0
      vertex -7 -62 15
    endloop
  endfacet
  facet normal 0.99905 -0.0435744 0
    outer loop
      vertex -6.97339 -61.3899 0
      vertex -6.97339 -61.3899 15
      vertex -7 -62 0
    endloop
  endfacet
  facet normal 0.99905 -0.0435744 0
    outer loop
      vertex -7 -62 15
      vertex -7 -62 0
      vertex -6.97339 -61.3899 15
    endloop
  endfacet
  facet normal 0.991445 -0.130522 0
    outer loop
      vertex -6.89369 -60.7845 0
      vertex -6.89369 -60.7845 15
      vertex -6.97339 -61.3899 0
    endloop
  endfacet
  facet normal 0.991445 -0.130522 0
    outer loop
      vertex -6.97339 -61.3899 15
      vertex -6.97339 -61.3899 0
      vertex -6.89369 -60.7845 15
    endloop
  endfacet
  facet normal 0.976287 -0.21648 0
    outer loop
      vertex -6.76149 -60.1883 0
      vertex -6.76149 -60.1883 15
      vertex -6.89369 -60.7845 0
    endloop
  endfacet
  facet normal 0.976287 -0.21648 0
    outer loop
      vertex -6.89369 -60.7845 15
      vertex -6.89369 -60.7845 0
      vertex -6.76149 -60.1883 15
    endloop
  endfacet
  facet normal 0.953684 -0.30081 0
    outer loop
      vertex -6.57779 -59.6059 0
      vertex -6.57779 -59.6059 15
      vertex -6.76149 -60.1883 0
    endloop
  endfacet
  facet normal 0.953684 -0.30081 0
    outer loop
      vertex -6.76149 -60.1883 15
      vertex -6.76149 -60.1883 0
      vertex -6.57779 -59.6059 15
    endloop
  endfacet
  facet normal 0.923937 -0.382545 0
    outer loop
      vertex -6.34419 -59.0417 0
      vertex -6.34419 -59.0417 15
      vertex -6.57779 -59.6059 0
    endloop
  endfacet
  facet normal 0.923937 -0.382545 0
    outer loop
      vertex -6.57779 -59.6059 15
      vertex -6.57779 -59.6059 0
      vertex -6.34419 -59.0417 15
    endloop
  endfacet
  facet normal 0.887005 -0.46176 0
    outer loop
      vertex -6.06219 -58.5 0
      vertex -6.06219 -58.5 15
      vertex -6.34419 -59.0417 0
    endloop
  endfacet
  facet normal 0.887005 -0.46176 0
    outer loop
      vertex -6.34419 -59.0417 15
      vertex -6.34419 -59.0417 0
      vertex -6.06219 -58.5 15
    endloop
  endfacet
  facet normal 0.843385 -0.53731 0
    outer loop
      vertex -5.73409 -57.985 0
      vertex -5.73409 -57.985 15
      vertex -6.06219 -58.5 0
    endloop
  endfacet
  facet normal 0.843385 -0.53731 0
    outer loop
      vertex -6.06219 -58.5 15
      vertex -6.06219 -58.5 0
      vertex -5.73409 -57.985 15
    endloop
  endfacet
  facet normal 0.79333 -0.608792 0
    outer loop
      vertex -5.36229 -57.5005 0
      vertex -5.36229 -57.5005 15
      vertex -5.73409 -57.985 0
    endloop
  endfacet
  facet normal 0.79333 -0.608792 0
    outer loop
      vertex -5.73409 -57.985 15
      vertex -5.73409 -57.985 0
      vertex -5.36229 -57.5005 15
    endloop
  endfacet
  facet normal 0.737222 -0.67565 0
    outer loop
      vertex -4.94969 -57.0503 0
      vertex -4.94969 -57.0503 15
      vertex -5.36229 -57.5005 0
    endloop
  endfacet
  facet normal 0.737222 -0.67565 0
    outer loop
      vertex -5.36229 -57.5005 15
      vertex -5.36229 -57.5005 0
      vertex -4.94969 -57.0503 15
    endloop
  endfacet
  facet normal 0.675659 -0.737215 0
    outer loop
      vertex -4.4995 -56.6377 0
      vertex -4.4995 -56.6377 15
      vertex -4.94969 -57.0503 0
    endloop
  endfacet
  facet normal 0.675659 -0.737215 0
    outer loop
      vertex -4.94969 -57.0503 15
      vertex -4.94969 -57.0503 0
      vertex -4.4995 -56.6377 15
    endloop
  endfacet
  facet normal 0.608792 -0.79333 0
    outer loop
      vertex -4.015 -56.2659 0
      vertex -4.015 -56.2659 15
      vertex -4.4995 -56.6377 0
    endloop
  endfacet
  facet normal 0.608792 -0.79333 0
    outer loop
      vertex -4.4995 -56.6377 15
      vertex -4.4995 -56.6377 0
      vertex -4.015 -56.2659 15
    endloop
  endfacet
  facet normal 0.53731 -0.843385 0
    outer loop
      vertex -3.5 -55.9378 0
      vertex -3.5 -55.9378 15
      vertex -4.015 -56.2659 0
    endloop
  endfacet
  facet normal 0.53731 -0.843385 0
    outer loop
      vertex -4.015 -56.2659 15
      vertex -4.015 -56.2659 0
      vertex -3.5 -55.9378 15
    endloop
  endfacet
  facet normal 0.46176 -0.887005 0
    outer loop
      vertex -2.9583 -55.6558 0
      vertex -2.9583 -55.6558 15
      vertex -3.5 -55.9378 0
    endloop
  endfacet
  facet normal 0.46176 -0.887005 0
    outer loop
      vertex -3.5 -55.9378 15
      vertex -3.5 -55.9378 0
      vertex -2.9583 -55.6558 15
    endloop
  endfacet
  facet normal 0.382539 -0.923939 0
    outer loop
      vertex -2.39409 -55.4222 0
      vertex -2.39409 -55.4222 15
      vertex -2.9583 -55.6558 0
    endloop
  endfacet
  facet normal 0.382539 -0.923939 0
    outer loop
      vertex -2.9583 -55.6558 15
      vertex -2.9583 -55.6558 0
      vertex -2.39409 -55.4222 15
    endloop
  endfacet
  facet normal 0.30081 -0.953684 0
    outer loop
      vertex -1.81169 -55.2385 0
      vertex -1.81169 -55.2385 15
      vertex -2.39409 -55.4222 0
    endloop
  endfacet
  facet normal 0.30081 -0.953684 0
    outer loop
      vertex -2.39409 -55.4222 15
      vertex -2.39409 -55.4222 0
      vertex -1.81169 -55.2385 15
    endloop
  endfacet
  facet normal 0.216483 -0.976286 0
    outer loop
      vertex -1.2155 -55.1063 0
      vertex -1.2155 -55.1063 15
      vertex -1.81169 -55.2385 0
    endloop
  endfacet
  facet normal 0.216483 -0.976286 0
    outer loop
      vertex -1.81169 -55.2385 15
      vertex -1.81169 -55.2385 0
      vertex -1.2155 -55.1063 15
    endloop
  endfacet
  facet normal 0.130521 -0.991446 0
    outer loop
      vertex -0.610092 -55.0266 0
      vertex -0.610092 -55.0266 15
      vertex -1.2155 -55.1063 0
    endloop
  endfacet
  facet normal 0.130521 -0.991446 0
    outer loop
      vertex -1.2155 -55.1063 15
      vertex -1.2155 -55.1063 0
      vertex -0.610092 -55.0266 15
    endloop
  endfacet
  facet normal 0.0435586 -0.999051 0
    outer loop
      vertex 0 -55 0
      vertex 0 -55 15
      vertex -0.610092 -55.0266 0
    endloop
  endfacet
  facet normal 0.0435586 -0.999051 0
    outer loop
      vertex -0.610092 -55.0266 15
      vertex -0.610092 -55.0266 0
      vertex 0 -55 15
    endloop
  endfacet
  facet normal -0.0435586 -0.999051 0
    outer loop
      vertex 0.610092 -55.0266 0
      vertex 0.610092 -55.0266 15
      vertex 0 -55 0
    endloop
  endfacet
  facet normal -0.0435586 -0.999051 -0
    outer loop
      vertex 0 -55 15
      vertex 0 -55 0
      vertex 0.610092 -55.0266 15
    endloop
  endfacet
  facet normal -0.130521 -0.991446 0
    outer loop
      vertex 1.2155 -55.1063 0
      vertex 1.2155 -55.1063 15
      vertex 0.610092 -55.0266 0
    endloop
  endfacet
  facet normal -0.130521 -0.991446 -0
    outer loop
      vertex 0.610092 -55.0266 15
      vertex 0.610092 -55.0266 0
      vertex 1.2155 -55.1063 15
    endloop
  endfacet
  facet normal -0.216483 -0.976286 0
    outer loop
      vertex 1.81169 -55.2385 0
      vertex 1.81169 -55.2385 15
      vertex 1.2155 -55.1063 0
    endloop
  endfacet
  facet normal -0.216483 -0.976286 -0
    outer loop
      vertex 1.2155 -55.1063 15
      vertex 1.2155 -55.1063 0
      vertex 1.81169 -55.2385 15
    endloop
  endfacet
  facet normal -0.30081 -0.953684 0
    outer loop
      vertex 2.39409 -55.4222 0
      vertex 2.39409 -55.4222 15
      vertex 1.81169 -55.2385 0
    endloop
  endfacet
  facet normal -0.30081 -0.953684 -0
    outer loop
      vertex 1.81169 -55.2385 15
      vertex 1.81169 -55.2385 0
      vertex 2.39409 -55.4222 15
    endloop
  endfacet
  facet normal -0.382539 -0.923939 0
    outer loop
      vertex 2.9583 -55.6558 0
      vertex 2.9583 -55.6558 15
      vertex 2.39409 -55.4222 0
    endloop
  endfacet
  facet normal -0.382539 -0.923939 -0
    outer loop
      vertex 2.39409 -55.4222 15
      vertex 2.39409 -55.4222 0
      vertex 2.9583 -55.6558 15
    endloop
  endfacet
  facet normal -0.46176 -0.887005 0
    outer loop
      vertex 3.5 -55.9378 0
      vertex 3.5 -55.9378 15
      vertex 2.9583 -55.6558 0
    endloop
  endfacet
  facet normal -0.46176 -0.887005 -0
    outer loop
      vertex 2.9583 -55.6558 15
      vertex 2.9583 -55.6558 0
      vertex 3.5 -55.9378 15
    endloop
  endfacet
  facet normal -0.53731 -0.843385 0
    outer loop
      vertex 4.015 -56.2659 0
      vertex 4.015 -56.2659 15
      vertex 3.5 -55.9378 0
    endloop
  endfacet
  facet normal -0.53731 -0.843385 -0
    outer loop
      vertex 3.5 -55.9378 15
      vertex 3.5 -55.9378 0
      vertex 4.015 -56.2659 15
    endloop
  endfacet
  facet normal -0.608792 -0.79333 0
    outer loop
      vertex 4.4995 -56.6377 0
      vertex 4.4995 -56.6377 15
      vertex 4.015 -56.2659 0
    endloop
  endfacet
  facet normal -0.608792 -0.79333 -0
    outer loop
      vertex 4.015 -56.2659 15
      vertex 4.015 -56.2659 0
      vertex 4.4995 -56.6377 15
    endloop
  endfacet
  facet normal -0.675659 -0.737215 0
    outer loop
      vertex 4.94969 -57.0503 0
      vertex 4.94969 -57.0503 15
      vertex 4.4995 -56.6377 0
    endloop
  endfacet
  facet normal -0.675659 -0.737215 -0
    outer loop
      vertex 4.4995 -56.6377 15
      vertex 4.4995 -56.6377 0
      vertex 4.94969 -57.0503 15
    endloop
  endfacet
  facet normal -0.737222 -0.67565 0
    outer loop
      vertex 5.36229 -57.5005 0
      vertex 5.36229 -57.5005 15
      vertex 4.94969 -57.0503 0
    endloop
  endfacet
  facet normal -0.737222 -0.67565 -0
    outer loop
      vertex 4.94969 -57.0503 15
      vertex 4.94969 -57.0503 0
      vertex 5.36229 -57.5005 15
    endloop
  endfacet
  facet normal -0.79333 -0.608792 0
    outer loop
      vertex 5.73409 -57.985 0
      vertex 5.73409 -57.985 15
      vertex 5.36229 -57.5005 0
    endloop
  endfacet
  facet normal -0.79333 -0.608792 -0
    outer loop
      vertex 5.36229 -57.5005 15
      vertex 5.36229 -57.5005 0
      vertex 5.73409 -57.985 15
    endloop
  endfacet
  facet normal -0.843385 -0.53731 0
    outer loop
      vertex 6.06219 -58.5 0
      vertex 6.06219 -58.5 15
      vertex 5.73409 -57.985 0
    endloop
  endfacet
  facet normal -0.843385 -0.53731 -0
    outer loop
      vertex 5.73409 -57.985 15
      vertex 5.73409 -57.985 0
      vertex 6.06219 -58.5 15
    endloop
  endfacet
  facet normal -0.887005 -0.46176 0
    outer loop
      vertex 6.34419 -59.0417 0
      vertex 6.34419 -59.0417 15
      vertex 6.06219 -58.5 0
    endloop
  endfacet
  facet normal -0.887005 -0.46176 -0
    outer loop
      vertex 6.06219 -58.5 15
      vertex 6.06219 -58.5 0
      vertex 6.34419 -59.0417 15
    endloop
  endfacet
  facet normal -0.923937 -0.382545 0
    outer loop
      vertex 6.57779 -59.6059 0
      vertex 6.57779 -59.6059 15
      vertex 6.34419 -59.0417 0
    endloop
  endfacet
  facet normal -0.923937 -0.382545 -0
    outer loop
      vertex 6.34419 -59.0417 15
      vertex 6.34419 -59.0417 0
      vertex 6.57779 -59.6059 15
    endloop
  endfacet
  facet normal -0.953684 -0.30081 0
    outer loop
      vertex 6.76149 -60.1883 0
      vertex 6.76149 -60.1883 15
      vertex 6.57779 -59.6059 0
    endloop
  endfacet
  facet normal -0.953684 -0.30081 -0
    outer loop
      vertex 6.57779 -59.6059 15
      vertex 6.57779 -59.6059 0
      vertex 6.76149 -60.1883 15
    endloop
  endfacet
  facet normal -0.976287 -0.21648 0
    outer loop
      vertex 6.89369 -60.7845 0
      vertex 6.89369 -60.7845 15
      vertex 6.76149 -60.1883 0
    endloop
  endfacet
  facet normal -0.976287 -0.21648 -0
    outer loop
      vertex 6.76149 -60.1883 15
      vertex 6.76149 -60.1883 0
      vertex 6.89369 -60.7845 15
    endloop
  endfacet
  facet normal -0.991445 -0.130522 0
    outer loop
      vertex 6.97339 -61.3899 0
      vertex 6.97339 -61.3899 15
      vertex 6.89369 -60.7845 0
    endloop
  endfacet
  facet normal -0.991445 -0.130522 -0
    outer loop
      vertex 6.89369 -60.7845 15
      vertex 6.89369 -60.7845 0
      vertex 6.97339 -61.3899 15
    endloop
  endfacet
  facet normal -0.99905 -0.0435744 0
    outer loop
      vertex 7 -62 0
      vertex 7 -62 15
      vertex 6.97339 -61.3899 0
    endloop
  endfacet
  facet normal -0.99905 -0.0435744 -0
    outer loop
      vertex 6.97339 -61.3899 15
      vertex 6.97339 -61.3899 0
      vertex 7 -62 15
    endloop
  endfacet
  facet normal -0.99905 0.0435744 0
    outer loop
      vertex 6.97339 -62.6101 0
      vertex 6.97339 -62.6101 15
      vertex 7 -62 0
    endloop
  endfacet
  facet normal -0.99905 0.0435744 0
    outer loop
      vertex 7 -62 15
      vertex 7 -62 0
      vertex 6.97339 -62.6101 15
    endloop
  endfacet
  facet normal -0.991445 0.130522 0
    outer loop
      vertex 6.89369 -63.2155 0
      vertex 6.89369 -63.2155 15
      vertex 6.97339 -62.6101 0
    endloop
  endfacet
  facet normal -0.991445 0.130522 0
    outer loop
      vertex 6.97339 -62.6101 15
      vertex 6.97339 -62.6101 0
      vertex 6.89369 -63.2155 15
    endloop
  endfacet
  facet normal -0.976287 0.21648 0
    outer loop
      vertex 6.76149 -63.8117 0
      vertex 6.76149 -63.8117 15
      vertex 6.89369 -63.2155 0
    endloop
  endfacet
  facet normal -0.976287 0.21648 0
    outer loop
      vertex 6.89369 -63.2155 15
      vertex 6.89369 -63.2155 0
      vertex 6.76149 -63.8117 15
    endloop
  endfacet
  facet normal -0.953684 0.30081 0
    outer loop
      vertex 6.57779 -64.3941 0
      vertex 6.57779 -64.3941 15
      vertex 6.76149 -63.8117 0
    endloop
  endfacet
  facet normal -0.953684 0.30081 0
    outer loop
      vertex 6.76149 -63.8117 15
      vertex 6.76149 -63.8117 0
      vertex 6.57779 -64.3941 15
    endloop
  endfacet
  facet normal -0.923937 0.382545 0
    outer loop
      vertex 6.34419 -64.9583 0
      vertex 6.34419 -64.9583 15
      vertex 6.57779 -64.3941 0
    endloop
  endfacet
  facet normal -0.923937 0.382545 0
    outer loop
      vertex 6.57779 -64.3941 15
      vertex 6.57779 -64.3941 0
      vertex 6.34419 -64.9583 15
    endloop
  endfacet
  facet normal -0.887005 0.46176 0
    outer loop
      vertex 6.06219 -65.5 0
      vertex 6.06219 -65.5 15
      vertex 6.34419 -64.9583 0
    endloop
  endfacet
  facet normal -0.887005 0.46176 0
    outer loop
      vertex 6.34419 -64.9583 15
      vertex 6.34419 -64.9583 0
      vertex 6.06219 -65.5 15
    endloop
  endfacet
  facet normal -0.843385 0.53731 0
    outer loop
      vertex 5.73409 -66.015 0
      vertex 5.73409 -66.015 15
      vertex 6.06219 -65.5 0
    endloop
  endfacet
  facet normal -0.843385 0.53731 0
    outer loop
      vertex 6.06219 -65.5 15
      vertex 6.06219 -65.5 0
      vertex 5.73409 -66.015 15
    endloop
  endfacet
  facet normal -0.79333 0.608792 0
    outer loop
      vertex 5.36229 -66.4995 0
      vertex 5.36229 -66.4995 15
      vertex 5.73409 -66.015 0
    endloop
  endfacet
  facet normal -0.79333 0.608792 0
    outer loop
      vertex 5.73409 -66.015 15
      vertex 5.73409 -66.015 0
      vertex 5.36229 -66.4995 15
    endloop
  endfacet
  facet normal -0.737222 0.67565 0
    outer loop
      vertex 4.94969 -66.9497 0
      vertex 4.94969 -66.9497 15
      vertex 5.36229 -66.4995 0
    endloop
  endfacet
  facet normal -0.737222 0.67565 0
    outer loop
      vertex 5.36229 -66.4995 15
      vertex 5.36229 -66.4995 0
      vertex 4.94969 -66.9497 15
    endloop
  endfacet
  facet normal -0.675659 0.737215 0
    outer loop
      vertex 4.4995 -67.3623 0
      vertex 4.4995 -67.3623 15
      vertex 4.94969 -66.9497 0
    endloop
  endfacet
  facet normal -0.675659 0.737215 0
    outer loop
      vertex 4.94969 -66.9497 15
      vertex 4.94969 -66.9497 0
      vertex 4.4995 -67.3623 15
    endloop
  endfacet
  facet normal -0.608792 0.79333 0
    outer loop
      vertex 4.015 -67.7341 0
      vertex 4.015 -67.7341 15
      vertex 4.4995 -67.3623 0
    endloop
  endfacet
  facet normal -0.608792 0.79333 0
    outer loop
      vertex 4.4995 -67.3623 15
      vertex 4.4995 -67.3623 0
      vertex 4.015 -67.7341 15
    endloop
  endfacet
  facet normal -0.53731 0.843385 0
    outer loop
      vertex 3.5 -68.0622 0
      vertex 3.5 -68.0622 15
      vertex 4.015 -67.7341 0
    endloop
  endfacet
  facet normal -0.53731 0.843385 0
    outer loop
      vertex 4.015 -67.7341 15
      vertex 4.015 -67.7341 0
      vertex 3.5 -68.0622 15
    endloop
  endfacet
  facet normal -0.46176 0.887005 0
    outer loop
      vertex 2.9583 -68.3442 0
      vertex 2.9583 -68.3442 15
      vertex 3.5 -68.0622 0
    endloop
  endfacet
  facet normal -0.46176 0.887005 0
    outer loop
      vertex 3.5 -68.0622 15
      vertex 3.5 -68.0622 0
      vertex 2.9583 -68.3442 15
    endloop
  endfacet
  facet normal -0.382539 0.923939 0
    outer loop
      vertex 2.39409 -68.5778 0
      vertex 2.39409 -68.5778 15
      vertex 2.9583 -68.3442 0
    endloop
  endfacet
  facet normal -0.382539 0.923939 0
    outer loop
      vertex 2.9583 -68.3442 15
      vertex 2.9583 -68.3442 0
      vertex 2.39409 -68.5778 15
    endloop
  endfacet
  facet normal -0.30081 0.953684 0
    outer loop
      vertex 1.81169 -68.7615 0
      vertex 1.81169 -68.7615 15
      vertex 2.39409 -68.5778 0
    endloop
  endfacet
  facet normal -0.30081 0.953684 0
    outer loop
      vertex 2.39409 -68.5778 15
      vertex 2.39409 -68.5778 0
      vertex 1.81169 -68.7615 15
    endloop
  endfacet
  facet normal -0.216483 0.976286 0
    outer loop
      vertex 1.2155 -68.8937 0
      vertex 1.2155 -68.8937 15
      vertex 1.81169 -68.7615 0
    endloop
  endfacet
  facet normal -0.216483 0.976286 0
    outer loop
      vertex 1.81169 -68.7615 15
      vertex 1.81169 -68.7615 0
      vertex 1.2155 -68.8937 15
    endloop
  endfacet
  facet normal -0.130521 0.991446 0
    outer loop
      vertex 0.610092 -68.9734 0
      vertex 0.610092 -68.9734 15
      vertex 1.2155 -68.8937 0
    endloop
  endfacet
  facet normal -0.130521 0.991446 0
    outer loop
      vertex 1.2155 -68.8937 15
      vertex 1.2155 -68.8937 0
      vertex 0.610092 -68.9734 15
    endloop
  endfacet
  facet normal -0.0435586 0.999051 0
    outer loop
      vertex 0 -69 0
      vertex 0 -69 15
      vertex 0.610092 -68.9734 0
    endloop
  endfacet
  facet normal -0.0435586 0.999051 0
    outer loop
      vertex 0.610092 -68.9734 15
      vertex 0.610092 -68.9734 0
      vertex 0 -69 15
    endloop
  endfacet
  facet normal 0.0435586 0.999051 -0
    outer loop
      vertex -0.610092 -68.9734 0
      vertex -0.610092 -68.9734 15
      vertex 0 -69 0
    endloop
  endfacet
  facet normal 0.0435586 0.999051 0
    outer loop
      vertex 0 -69 15
      vertex 0 -69 0
      vertex -0.610092 -68.9734 15
    endloop
  endfacet
endsolid OpenSCAD_Model
