solid OpenSCAD_Model
  facet normal 0 0 -1
    outer loop
      vertex 271.975 0.163696 0
      vertex 270.991 0.0409851 0
      vertex 270 0 0
    endloop
  endfacet
  facet normal 0 0 -1
    outer loop
      vertex 271.975 0.163696 0
      vertex 274.82 1.0107 0
      vertex 273.896 0.650192 0
    endloop
  endfacet
  facet normal 0 0 -1
    outer loop
      vertex 271.975 0.163696 0
      vertex 273.896 0.650192 0
      vertex 272.946 0.367188 0
    endloop
  endfacet
  facet normal 0 0 -1
    outer loop
      vertex 276.563 1.95399 0
      vertex 275.711 1.44629 0
      vertex 274.82 1.0107 0
    endloop
  endfacet
  facet normal 0 0 -1
    outer loop
      vertex 271.975 0.163696 0
      vertex 276.563 1.95399 0
      vertex 274.82 1.0107 0
    endloop
  endfacet
  facet normal 0 0 -1
    outer loop
      vertex 278.127 3.1713 0
      vertex 277.371 2.53029 0
      vertex 276.563 1.95399 0
    endloop
  endfacet
  facet normal 0 0 -1
    outer loop
      vertex 278.829 3.87259 0
      vertex 278.127 3.1713 0
      vertex 276.563 1.95399 0
    endloop
  endfacet
  facet normal 0 0 -1
    outer loop
      vertex 280.046 5.4366 0
      vertex 278.829 3.87259 0
      vertex 276.563 1.95399 0
    endloop
  endfacet
  facet normal 0 0 -1
    outer loop
      vertex 280.046 5.4366 0
      vertex 279.47 4.62939 0
      vertex 278.829 3.87259 0
    endloop
  endfacet
  facet normal 0 0 -1
    outer loop
      vertex 271.975 0.163696 0
      vertex 280.046 5.4366 0
      vertex 276.563 1.95399 0
    endloop
  endfacet
  facet normal 0 0 -1
    outer loop
      vertex 280.989 7.17969 0
      vertex 280.554 6.28859 0
      vertex 280.046 5.4366 0
    endloop
  endfacet
  facet normal 0 0 -1
    outer loop
      vertex 281.836 10.0249 0
      vertex 280.989 7.17969 0
      vertex 280.046 5.4366 0
    endloop
  endfacet
  facet normal 0 0 -1
    outer loop
      vertex 281.836 10.0249 0
      vertex 281.35 8.10359 0
      vertex 280.989 7.17969 0
    endloop
  endfacet
  facet normal 0 0 -1
    outer loop
      vertex 281.836 10.0249 0
      vertex 281.633 9.0542 0
      vertex 281.35 8.10359 0
    endloop
  endfacet
  facet normal 0 0 -1
    outer loop
      vertex 271.975 0.163696 0
      vertex 281.836 10.0249 0
      vertex 280.046 5.4366 0
    endloop
  endfacet
  facet normal -0 0 -1
    outer loop
      vertex 271.975 0.163696 0
      vertex 270 0 0
      vertex 281.836 10.0249 0
    endloop
  endfacet
  facet normal 0 0 -1
    outer loop
      vertex 281.836 10.0249 0
      vertex 282 12 0
      vertex 281.959 11.009 0
    endloop
  endfacet
  facet normal -0 0 -1
    outer loop
      vertex 281.836 10.0249 0
      vertex 270 0 0
      vertex 282 12 0
    endloop
  endfacet
  facet normal 0 0 -1
    outer loop
      vertex 104.213 153.465 0
      vertex 104.505 153.845 0
      vertex 109.305 142.487 0
    endloop
  endfacet
  facet normal 0 0 -1
    outer loop
      vertex 282 178 0
      vertex 281.836 179.975 0
      vertex 281.959 178.991 0
    endloop
  endfacet
  facet normal 0 0 -1
    outer loop
      vertex 281.35 181.896 0
      vertex 281.633 180.946 0
      vertex 281.836 179.975 0
    endloop
  endfacet
  facet normal 0 0 -1
    outer loop
      vertex 280.989 182.82 0
      vertex 281.35 181.896 0
      vertex 281.836 179.975 0
    endloop
  endfacet
  facet normal -0 -0 -1
    outer loop
      vertex 280.554 183.711 0
      vertex 280.989 182.82 0
      vertex 280.046 184.563 0
    endloop
  endfacet
  facet normal 0 0 -1
    outer loop
      vertex 280.046 184.563 0
      vertex 280.989 182.82 0
      vertex 281.836 179.975 0
    endloop
  endfacet
  facet normal -0 -0 -1
    outer loop
      vertex 279.47 185.371 0
      vertex 280.046 184.563 0
      vertex 278.829 186.127 0
    endloop
  endfacet
  facet normal 0 0 -1
    outer loop
      vertex 278.829 186.127 0
      vertex 276.563 188.046 0
      vertex 278.127 186.829 0
    endloop
  endfacet
  facet normal -0 -0 -1
    outer loop
      vertex 278.829 186.127 0
      vertex 280.046 184.563 0
      vertex 276.563 188.046 0
    endloop
  endfacet
  facet normal -0 -0 -1
    outer loop
      vertex 277.371 187.47 0
      vertex 278.127 186.829 0
      vertex 276.563 188.046 0
    endloop
  endfacet
  facet normal -0 -0 -1
    outer loop
      vertex 276.563 188.046 0
      vertex 280.046 184.563 0
      vertex 271.975 189.836 0
    endloop
  endfacet
  facet normal -0 -0 -1
    outer loop
      vertex 275.711 188.554 0
      vertex 276.563 188.046 0
      vertex 274.82 188.989 0
    endloop
  endfacet
  facet normal -0 -0 -1
    outer loop
      vertex 274.82 188.989 0
      vertex 276.563 188.046 0
      vertex 271.975 189.836 0
    endloop
  endfacet
  facet normal -0 -0 -1
    outer loop
      vertex 273.896 189.35 0
      vertex 274.82 188.989 0
      vertex 271.975 189.836 0
    endloop
  endfacet
  facet normal -0 -0 -1
    outer loop
      vertex 272.946 189.633 0
      vertex 273.896 189.35 0
      vertex 271.975 189.836 0
    endloop
  endfacet
  facet normal 0 0 -1
    outer loop
      vertex 271.975 189.836 0
      vertex 280.046 184.563 0
      vertex 281.836 179.975 0
    endloop
  endfacet
  facet normal 0 0 -1
    outer loop
      vertex 270 190 0
      vertex 271.975 189.836 0
      vertex 281.836 179.975 0
    endloop
  endfacet
  facet normal 0 0 -1
    outer loop
      vertex 270 190 0
      vertex 270.991 189.959 0
      vertex 271.975 189.836 0
    endloop
  endfacet
  facet normal 0 0 -1
    outer loop
      vertex 282 178 0
      vertex 270 190 0
      vertex 281.836 179.975 0
    endloop
  endfacet
  facet normal 0 0 -1
    outer loop
      vertex 111.681 141.25 0
      vertex 111.475 141.475 0
      vertex 105.5 157 0
    endloop
  endfacet
  facet normal 0 0 -1
    outer loop
      vertex 12 190 0
      vertex 10.0249 189.836 0
      vertex 11.009 189.959 0
    endloop
  endfacet
  facet normal 0 0 -1
    outer loop
      vertex 8.10359 189.35 0
      vertex 9.0542 189.633 0
      vertex 10.0249 189.836 0
    endloop
  endfacet
  facet normal 0 0 -1
    outer loop
      vertex 7.17969 188.989 0
      vertex 8.10359 189.35 0
      vertex 10.0249 189.836 0
    endloop
  endfacet
  facet normal 0 -0 -1
    outer loop
      vertex 6.28859 188.554 0
      vertex 7.17969 188.989 0
      vertex 5.4366 188.046 0
    endloop
  endfacet
  facet normal 0 0 -1
    outer loop
      vertex 5.4366 188.046 0
      vertex 7.17969 188.989 0
      vertex 10.0249 189.836 0
    endloop
  endfacet
  facet normal 0 -0 -1
    outer loop
      vertex 4.62939 187.47 0
      vertex 5.4366 188.046 0
      vertex 3.87259 186.829 0
    endloop
  endfacet
  facet normal 0 0 -1
    outer loop
      vertex 3.87259 186.829 0
      vertex 1.95399 184.563 0
      vertex 3.1713 186.127 0
    endloop
  endfacet
  facet normal 0 -0 -1
    outer loop
      vertex 3.87259 186.829 0
      vertex 5.4366 188.046 0
      vertex 1.95399 184.563 0
    endloop
  endfacet
  facet normal 0 -0 -1
    outer loop
      vertex 2.53029 185.371 0
      vertex 3.1713 186.127 0
      vertex 1.95399 184.563 0
    endloop
  endfacet
  facet normal 0 -0 -1
    outer loop
      vertex 1.95399 184.563 0
      vertex 5.4366 188.046 0
      vertex 0.163696 179.975 0
    endloop
  endfacet
  facet normal 0 -0 -1
    outer loop
      vertex 1.44629 183.711 0
      vertex 1.95399 184.563 0
      vertex 1.0107 182.82 0
    endloop
  endfacet
  facet normal 0 -0 -1
    outer loop
      vertex 1.0107 182.82 0
      vertex 1.95399 184.563 0
      vertex 0.163696 179.975 0
    endloop
  endfacet
  facet normal 0 -0 -1
    outer loop
      vertex 0.650192 181.896 0
      vertex 1.0107 182.82 0
      vertex 0.163696 179.975 0
    endloop
  endfacet
  facet normal 0 -0 -1
    outer loop
      vertex 0.367188 180.946 0
      vertex 0.650192 181.896 0
      vertex 0.163696 179.975 0
    endloop
  endfacet
  facet normal 0 0 -1
    outer loop
      vertex 0.163696 179.975 0
      vertex 5.4366 188.046 0
      vertex 10.0249 189.836 0
    endloop
  endfacet
  facet normal 0 0 -1
    outer loop
      vertex 0 178 0
      vertex 0.163696 179.975 0
      vertex 10.0249 189.836 0
    endloop
  endfacet
  facet normal 0 0 -1
    outer loop
      vertex 0 178 0
      vertex 0.0409851 178.991 0
      vertex 0.163696 179.975 0
    endloop
  endfacet
  facet normal 0 0 -1
    outer loop
      vertex 12 190 0
      vertex 0 178 0
      vertex 10.0249 189.836 0
    endloop
  endfacet
  facet normal 0 0 -1
    outer loop
      vertex 26.0152 144.651 0
      vertex 18 151.5 0
      vertex 18.4794 151.521 0
    endloop
  endfacet
  facet normal 0 0 -1
    outer loop
      vertex 8.10359 0.650192 0
      vertex 10.0249 0.163696 0
      vertex 9.0542 0.367188 0
    endloop
  endfacet
  facet normal 0 0 -1
    outer loop
      vertex 0 12 0
      vertex 0.163696 10.0249 0
      vertex 0.0409851 11.009 0
    endloop
  endfacet
  facet normal 0 0 -1
    outer loop
      vertex 0.650192 8.10359 0
      vertex 0.367188 9.0542 0
      vertex 0.163696 10.0249 0
    endloop
  endfacet
  facet normal 0 0 -1
    outer loop
      vertex 1.0107 7.17969 0
      vertex 0.650192 8.10359 0
      vertex 0.163696 10.0249 0
    endloop
  endfacet
  facet normal 0 0 -1
    outer loop
      vertex 1.44629 6.28859 0
      vertex 1.0107 7.17969 0
      vertex 1.95399 5.4366 0
    endloop
  endfacet
  facet normal 0 0 -1
    outer loop
      vertex 1.95399 5.4366 0
      vertex 1.0107 7.17969 0
      vertex 0.163696 10.0249 0
    endloop
  endfacet
  facet normal 0 0 -1
    outer loop
      vertex 2.53029 4.62939 0
      vertex 1.95399 5.4366 0
      vertex 3.1713 3.87259 0
    endloop
  endfacet
  facet normal 0 0 -1
    outer loop
      vertex 3.1713 3.87259 0
      vertex 1.95399 5.4366 0
      vertex 3.87259 3.1713 0
    endloop
  endfacet
  facet normal 0 0 -1
    outer loop
      vertex 3.87259 3.1713 0
      vertex 1.95399 5.4366 0
      vertex 5.4366 1.95399 0
    endloop
  endfacet
  facet normal 0 0 -1
    outer loop
      vertex 4.62939 2.53029 0
      vertex 3.87259 3.1713 0
      vertex 5.4366 1.95399 0
    endloop
  endfacet
  facet normal 0 0 -1
    outer loop
      vertex 5.4366 1.95399 0
      vertex 1.95399 5.4366 0
      vertex 0.163696 10.0249 0
    endloop
  endfacet
  facet normal 0 0 -1
    outer loop
      vertex 6.28859 1.44629 0
      vertex 5.4366 1.95399 0
      vertex 7.17969 1.0107 0
    endloop
  endfacet
  facet normal 0 0 -1
    outer loop
      vertex 7.17969 1.0107 0
      vertex 5.4366 1.95399 0
      vertex 10.0249 0.163696 0
    endloop
  endfacet
  facet normal 0 0 -1
    outer loop
      vertex 8.10359 0.650192 0
      vertex 7.17969 1.0107 0
      vertex 10.0249 0.163696 0
    endloop
  endfacet
  facet normal 0 0 -1
    outer loop
      vertex 5.4366 1.95399 0
      vertex 0.163696 10.0249 0
      vertex 10.0249 0.163696 0
    endloop
  endfacet
  facet normal 0 0 -1
    outer loop
      vertex 10.0249 0.163696 0
      vertex 0.163696 10.0249 0
      vertex 0 12 0
    endloop
  endfacet
  facet normal 0 0 -1
    outer loop
      vertex 11.009 0.0409851 0
      vertex 10.0249 0.163696 0
      vertex 12 0 0
    endloop
  endfacet
  facet normal 0 0 -1
    outer loop
      vertex 12 0 0
      vertex 10.0249 0.163696 0
      vertex 0 12 0
    endloop
  endfacet
  facet normal 0 0 -1
    outer loop
      vertex 26.5359 143 0
      vertex 15.6756 152.015 0
      vertex 16.1189 151.832 0
    endloop
  endfacet
  facet normal -0 0 -1
    outer loop
      vertex 26.3748 146.69 0
      vertex 26.2412 146.368 0
      vertex 20.3244 152.015 0
    endloop
  endfacet
  facet normal 0 0 -1
    outer loop
      vertex 24.2314 107.655 0
      vertex 14.1109 153.111 0
      vertex 14.4647 152.787 0
    endloop
  endfacet
  facet normal -0 0 -1
    outer loop
      vertex 25.4666 110.637 0
      vertex 24.2314 107.655 0
      vertex 14.4647 152.787 0
    endloop
  endfacet
  facet normal -0 -0 -1
    outer loop
      vertex 14.8453 152.495 0
      vertex 25.4666 110.637 0
      vertex 14.4647 152.787 0
    endloop
  endfacet
  facet normal -0 -0 -1
    outer loop
      vertex 13.7868 153.465 0
      vertex 23.2607 104.576 0
      vertex 13.4947 153.845 0
    endloop
  endfacet
  facet normal 0 0 -1
    outer loop
      vertex 30.6564 118.783 0
      vertex 27.4288 141.936 0
      vertex 27.7057 141.723 0
    endloop
  endfacet
  facet normal -0 -0 -1
    outer loop
      vertex 26.9358 142.429 0
      vertex 28.6914 116.222 0
      vertex 26.7234 142.706 0
    endloop
  endfacet
  facet normal -0 0 -1
    outer loop
      vertex 26.9571 76.5 0
      vertex 15.25 37.7631 0
      vertex 25.4666 79.3631 0
    endloop
  endfacet
  facet normal 0 0 -1
    outer loop
      vertex 25.4666 79.3631 0
      vertex 14.8453 37.5053 0
      vertex 14.4647 37.2132 0
    endloop
  endfacet
  facet normal 0 0 -1
    outer loop
      vertex 24.2314 82.3453 0
      vertex 14.4647 37.2132 0
      vertex 14.1109 36.8891 0
    endloop
  endfacet
  facet normal 0 -0 -1
    outer loop
      vertex 23.2607 85.4237 0
      vertex 24.2314 82.3453 0
      vertex 13.7868 36.5353 0
    endloop
  endfacet
  facet normal 0 0 -1
    outer loop
      vertex 13.2369 35.75 0
      vertex 22.5621 88.575 0
      vertex 13.4947 36.1547 0
    endloop
  endfacet
  facet normal -0 0 -1
    outer loop
      vertex 13.2369 35.75 0
      vertex 13.0153 35.3244 0
      vertex 22.5621 88.575 0
    endloop
  endfacet
  facet normal -0 0 -1
    outer loop
      vertex 15.25 28.2369 0
      vertex 0 12 0
      vertex 14.8453 28.4947 0
    endloop
  endfacet
  facet normal -0 -0 -1
    outer loop
      vertex 12.8317 155.119 0
      vertex 13.0153 154.676 0
      vertex 0 178 0
    endloop
  endfacet
  facet normal -0 -0 -1
    outer loop
      vertex 12.6874 155.576 0
      vertex 12.8317 155.119 0
      vertex 0 178 0
    endloop
  endfacet
  facet normal -0 -0 -1
    outer loop
      vertex 12.5836 156.045 0
      vertex 12.6874 155.576 0
      vertex 0 178 0
    endloop
  endfacet
  facet normal -0 -0 -1
    outer loop
      vertex 12.5209 156.521 0
      vertex 12.5836 156.045 0
      vertex 0 178 0
    endloop
  endfacet
  facet normal -0 0 -1
    outer loop
      vertex 12.5209 157.479 0
      vertex 12.5 157 0
      vertex 0 178 0
    endloop
  endfacet
  facet normal -0 -0 -1
    outer loop
      vertex 12.5 157 0
      vertex 12.5209 156.521 0
      vertex 0 178 0
    endloop
  endfacet
  facet normal 0 0 -1
    outer loop
      vertex 12.5209 157.479 0
      vertex 0 178 0
      vertex 12.5836 157.955 0
    endloop
  endfacet
  facet normal 0 0 -1
    outer loop
      vertex 12.5836 157.955 0
      vertex 0 178 0
      vertex 12.6874 158.423 0
    endloop
  endfacet
  facet normal 0 0 -1
    outer loop
      vertex 12.6874 158.423 0
      vertex 0 178 0
      vertex 12.8317 158.881 0
    endloop
  endfacet
  facet normal 0 0 -1
    outer loop
      vertex 12.8317 158.881 0
      vertex 0 178 0
      vertex 13.0153 159.324 0
    endloop
  endfacet
  facet normal 0 0 -1
    outer loop
      vertex 13.0153 159.324 0
      vertex 0 178 0
      vertex 13.2369 159.75 0
    endloop
  endfacet
  facet normal 0 0 -1
    outer loop
      vertex 13.2369 159.75 0
      vertex 0 178 0
      vertex 13.4947 160.155 0
    endloop
  endfacet
  facet normal 0 0 -1
    outer loop
      vertex 13.4947 160.155 0
      vertex 0 178 0
      vertex 13.7868 160.535 0
    endloop
  endfacet
  facet normal 0 0 -1
    outer loop
      vertex 13.7868 160.535 0
      vertex 0 178 0
      vertex 14.1109 160.889 0
    endloop
  endfacet
  facet normal 0 0 -1
    outer loop
      vertex 14.1109 160.889 0
      vertex 0 178 0
      vertex 14.4647 161.213 0
    endloop
  endfacet
  facet normal 0 0 -1
    outer loop
      vertex 14.4647 161.213 0
      vertex 0 178 0
      vertex 14.8453 161.505 0
    endloop
  endfacet
  facet normal 0 0 -1
    outer loop
      vertex 14.8453 161.505 0
      vertex 0 178 0
      vertex 15.25 161.763 0
    endloop
  endfacet
  facet normal 0 0 -1
    outer loop
      vertex 15.25 161.763 0
      vertex 0 178 0
      vertex 15.6756 161.985 0
    endloop
  endfacet
  facet normal 0 0 -1
    outer loop
      vertex 15.6756 161.985 0
      vertex 0 178 0
      vertex 16.1189 162.168 0
    endloop
  endfacet
  facet normal 0 0 -1
    outer loop
      vertex 16.1189 162.168 0
      vertex 0 178 0
      vertex 16.5765 162.313 0
    endloop
  endfacet
  facet normal 0 0 -1
    outer loop
      vertex 16.5765 162.313 0
      vertex 0 178 0
      vertex 17.0449 162.416 0
    endloop
  endfacet
  facet normal 0 0 -1
    outer loop
      vertex 17.0449 162.416 0
      vertex 0 178 0
      vertex 12 190 0
    endloop
  endfacet
  facet normal -0 0 -1
    outer loop
      vertex 18 162.5 0
      vertex 17.5206 162.479 0
      vertex 12 190 0
    endloop
  endfacet
  facet normal -0 0 -1
    outer loop
      vertex 17.5206 162.479 0
      vertex 17.0449 162.416 0
      vertex 12 190 0
    endloop
  endfacet
  facet normal 0 0 -1
    outer loop
      vertex 18 162.5 0
      vertex 12 190 0
      vertex 18.4794 162.479 0
    endloop
  endfacet
  facet normal 0 0 -1
    outer loop
      vertex 18.4794 162.479 0
      vertex 12 190 0
      vertex 18.9551 162.416 0
    endloop
  endfacet
  facet normal 0 0 -1
    outer loop
      vertex 18.9551 162.416 0
      vertex 12 190 0
      vertex 19.4235 162.313 0
    endloop
  endfacet
  facet normal 0 0 -1
    outer loop
      vertex 19.4235 162.313 0
      vertex 12 190 0
      vertex 19.8811 162.168 0
    endloop
  endfacet
  facet normal 0 0 -1
    outer loop
      vertex 19.8811 162.168 0
      vertex 12 190 0
      vertex 20.3244 161.985 0
    endloop
  endfacet
  facet normal 0 0 -1
    outer loop
      vertex 20.3244 161.985 0
      vertex 12 190 0
      vertex 20.75 161.763 0
    endloop
  endfacet
  facet normal 0 0 -1
    outer loop
      vertex 20.75 161.763 0
      vertex 12 190 0
      vertex 21.1547 161.505 0
    endloop
  endfacet
  facet normal 0 0 -1
    outer loop
      vertex 21.1547 161.505 0
      vertex 12 190 0
      vertex 21.5353 161.213 0
    endloop
  endfacet
  facet normal 0 0 -1
    outer loop
      vertex 21.5353 161.213 0
      vertex 12 190 0
      vertex 21.8891 160.889 0
    endloop
  endfacet
  facet normal 0 0 -1
    outer loop
      vertex 21.8891 160.889 0
      vertex 12 190 0
      vertex 22.2132 160.535 0
    endloop
  endfacet
  facet normal 0 0 -1
    outer loop
      vertex 22.7631 154.25 0
      vertex 22.9847 154.676 0
      vertex 28.3095 148.625 0
    endloop
  endfacet
  facet normal 0 0 -1
    outer loop
      vertex 33.0642 147.571 0
      vertex 94.6874 158.423 0
      vertex 33.2766 147.294 0
    endloop
  endfacet
  facet normal -0 0 -1
    outer loop
      vertex 26.2412 146.368 0
      vertex 26.1363 146.035 0
      vertex 19.8811 151.832 0
    endloop
  endfacet
  facet normal 0 0 -1
    outer loop
      vertex 55.7752 131.859 0
      vertex 33.6252 146.69 0
      vertex 59 132 0
    endloop
  endfacet
  facet normal 0 0 -1
    outer loop
      vertex 26.0608 145.695 0
      vertex 19.8811 151.832 0
      vertex 26.1363 146.035 0
    endloop
  endfacet
  facet normal 0 0 -1
    outer loop
      vertex 26.0152 145.349 0
      vertex 19.4235 151.687 0
      vertex 26.0608 145.695 0
    endloop
  endfacet
  facet normal 0 -0 -1
    outer loop
      vertex 32.5712 141.936 0
      vertex 40.5 127.043 0
      vertex 32.2943 141.723 0
    endloop
  endfacet
  facet normal 0 -0 -1
    outer loop
      vertex 19.4235 151.687 0
      vertex 26.0152 145.349 0
      vertex 18.9551 151.584 0
    endloop
  endfacet
  facet normal 0 0 -1
    outer loop
      vertex 26 145 0
      vertex 18.9551 151.584 0
      vertex 26.0152 145.349 0
    endloop
  endfacet
  facet normal 0 0 -1
    outer loop
      vertex 26.0152 144.651 0
      vertex 18.4794 151.521 0
      vertex 26 145 0
    endloop
  endfacet
  facet normal 0 0 -1
    outer loop
      vertex 109 142.5 0
      vertex 103.535 152.787 0
      vertex 103.889 153.111 0
    endloop
  endfacet
  facet normal 0 -0 -1
    outer loop
      vertex 87.5 139 0
      vertex 87.5133 138.695 0
      vertex 74.6369 128.533 0
    endloop
  endfacet
  facet normal 0 0 -1
    outer loop
      vertex 94.7393 104.576 0
      vertex 93.7686 107.655 0
      vertex 105.261 104.576 0
    endloop
  endfacet
  facet normal -0 0 -1
    outer loop
      vertex 94.6874 155.576 0
      vertex 88.9925 141.867 0
      vertex 94.5836 156.045 0
    endloop
  endfacet
  facet normal 0 0 -1
    outer loop
      vertex 74.6369 128.533 0
      vertex 87.5532 138.392 0
      vertex 87.6193 138.094 0
    endloop
  endfacet
  facet normal 0 -0 -1
    outer loop
      vertex 94.8317 155.119 0
      vertex 95.0153 154.676 0
      vertex 89.8029 142.289 0
    endloop
  endfacet
  facet normal 0 0 -1
    outer loop
      vertex 89.5208 142.172 0
      vertex 94.8317 155.119 0
      vertex 89.8029 142.289 0
    endloop
  endfacet
  facet normal -0 0 -1
    outer loop
      vertex 91 142.5 0
      vertex 90.695 142.487 0
      vertex 95.7868 153.465 0
    endloop
  endfacet
  facet normal -0 0 -1
    outer loop
      vertex 90.695 142.487 0
      vertex 90.3922 142.447 0
      vertex 95.4947 153.845 0
    endloop
  endfacet
  facet normal -0 0 -1
    outer loop
      vertex 95.7868 153.465 0
      vertex 90.695 142.487 0
      vertex 95.4947 153.845 0
    endloop
  endfacet
  facet normal 0 0 -1
    outer loop
      vertex 26.2412 143.632 0
      vertex 17.0449 151.584 0
      vertex 26.1363 143.965 0
    endloop
  endfacet
  facet normal -0 -0 -1
    outer loop
      vertex 26.3748 143.309 0
      vertex 26.5359 143 0
      vertex 16.1189 151.832 0
    endloop
  endfacet
  facet normal 0 0 -1
    outer loop
      vertex 26.3748 143.309 0
      vertex 16.1189 151.832 0
      vertex 16.5765 151.687 0
    endloop
  endfacet
  facet normal 0 -0 -1
    outer loop
      vertex 94.5 157 0
      vertex 94.5209 156.521 0
      vertex 88.5251 141.475 0
    endloop
  endfacet
  facet normal -0 0 -1
    outer loop
      vertex 37.7777 125.309 0
      vertex 35.2169 123.344 0
      vertex 30.3486 141.015 0
    endloop
  endfacet
  facet normal 0 0 -1
    outer loop
      vertex 95.0153 159.324 0
      vertex 32.8284 147.828 0
      vertex 32.5712 148.064 0
    endloop
  endfacet
  facet normal 0 0 -1
    outer loop
      vertex 20.3244 152.015 0
      vertex 20.75 152.237 0
      vertex 26.3748 146.69 0
    endloop
  endfacet
  facet normal 0 0 -1
    outer loop
      vertex 22.7631 159.75 0
      vertex 95.2369 159.75 0
      vertex 32.5712 148.064 0
    endloop
  endfacet
  facet normal 0 0 -1
    outer loop
      vertex 32.5712 148.064 0
      vertex 32.2943 148.277 0
      vertex 22.7631 159.75 0
    endloop
  endfacet
  facet normal 0 0 -1
    outer loop
      vertex 26.3748 146.69 0
      vertex 20.75 152.237 0
      vertex 26.5359 147 0
    endloop
  endfacet
  facet normal 0 0 -1
    outer loop
      vertex 26.7234 147.294 0
      vertex 21.1547 152.495 0
      vertex 21.5353 152.787 0
    endloop
  endfacet
  facet normal 0 0 -1
    outer loop
      vertex 22.7631 159.75 0
      vertex 32.2943 148.277 0
      vertex 22.9847 159.324 0
    endloop
  endfacet
  facet normal 0 0 -1
    outer loop
      vertex 21.8891 153.111 0
      vertex 27.1716 147.828 0
      vertex 26.9358 147.571 0
    endloop
  endfacet
  facet normal 0 0 -1
    outer loop
      vertex 27.4288 148.064 0
      vertex 22.2132 153.465 0
      vertex 27.7057 148.277 0
    endloop
  endfacet
  facet normal 0 0 -1
    outer loop
      vertex 32.2943 148.277 0
      vertex 32 148.464 0
      vertex 22.9847 159.324 0
    endloop
  endfacet
  facet normal 0 0 -1
    outer loop
      vertex 28 148.464 0
      vertex 22.5053 153.845 0
      vertex 22.7631 154.25 0
    endloop
  endfacet
  facet normal 0 0 -1
    outer loop
      vertex 22.9847 154.676 0
      vertex 28.6319 148.759 0
      vertex 28.3095 148.625 0
    endloop
  endfacet
  facet normal 0 0 -1
    outer loop
      vertex 22.9847 154.676 0
      vertex 23.1683 155.119 0
      vertex 28.6319 148.759 0
    endloop
  endfacet
  facet normal 0 0 -1
    outer loop
      vertex 29.3054 148.939 0
      vertex 23.1683 155.119 0
      vertex 23.3126 155.576 0
    endloop
  endfacet
  facet normal 0 0 -1
    outer loop
      vertex 23.4164 156.045 0
      vertex 23.4791 156.521 0
      vertex 30 149 0
    endloop
  endfacet
  facet normal 0 0 -1
    outer loop
      vertex 31.0353 148.864 0
      vertex 23.4791 157.479 0
      vertex 23.4164 157.955 0
    endloop
  endfacet
  facet normal 0 0 -1
    outer loop
      vertex 23.4791 157.479 0
      vertex 30.6946 148.939 0
      vertex 23.5 157 0
    endloop
  endfacet
  facet normal 0 0 -1
    outer loop
      vertex 23.4791 157.479 0
      vertex 31.0353 148.864 0
      vertex 30.6946 148.939 0
    endloop
  endfacet
  facet normal 0 0 -1
    outer loop
      vertex 23.1683 158.881 0
      vertex 31.6905 148.625 0
      vertex 23.3126 158.423 0
    endloop
  endfacet
  facet normal 0 0 -1
    outer loop
      vertex 23.1683 158.881 0
      vertex 32 148.464 0
      vertex 31.6905 148.625 0
    endloop
  endfacet
  facet normal 0 0 -1
    outer loop
      vertex 22.5053 160.155 0
      vertex 95.2369 159.75 0
      vertex 22.7631 159.75 0
    endloop
  endfacet
  facet normal 0 0 -1
    outer loop
      vertex 22.5053 160.155 0
      vertex 95.4947 160.155 0
      vertex 95.2369 159.75 0
    endloop
  endfacet
  facet normal 0 0 -1
    outer loop
      vertex 22.5053 160.155 0
      vertex 22.2132 160.535 0
      vertex 95.4947 160.155 0
    endloop
  endfacet
  facet normal 0 0 -1
    outer loop
      vertex 95.4947 160.155 0
      vertex 22.2132 160.535 0
      vertex 95.7868 160.535 0
    endloop
  endfacet
  facet normal 0 0 -1
    outer loop
      vertex 95.7868 160.535 0
      vertex 22.2132 160.535 0
      vertex 12 190 0
    endloop
  endfacet
  facet normal -0 0 -1
    outer loop
      vertex 96.1109 160.889 0
      vertex 95.7868 160.535 0
      vertex 12 190 0
    endloop
  endfacet
  facet normal -0 0 -1
    outer loop
      vertex 96.4647 161.213 0
      vertex 96.1109 160.889 0
      vertex 12 190 0
    endloop
  endfacet
  facet normal -0 0 -1
    outer loop
      vertex 96.8453 161.505 0
      vertex 96.4647 161.213 0
      vertex 12 190 0
    endloop
  endfacet
  facet normal -0 0 -1
    outer loop
      vertex 97.25 161.763 0
      vertex 96.8453 161.505 0
      vertex 12 190 0
    endloop
  endfacet
  facet normal -0 0 -1
    outer loop
      vertex 97.6756 161.985 0
      vertex 97.25 161.763 0
      vertex 12 190 0
    endloop
  endfacet
  facet normal -0 0 -1
    outer loop
      vertex 98.1189 162.168 0
      vertex 97.6756 161.985 0
      vertex 12 190 0
    endloop
  endfacet
  facet normal -0 0 -1
    outer loop
      vertex 98.5765 162.313 0
      vertex 98.1189 162.168 0
      vertex 12 190 0
    endloop
  endfacet
  facet normal -0 0 -1
    outer loop
      vertex 99.5206 162.479 0
      vertex 99.0449 162.416 0
      vertex 12 190 0
    endloop
  endfacet
  facet normal -0 0 -1
    outer loop
      vertex 99.0449 162.416 0
      vertex 98.5765 162.313 0
      vertex 12 190 0
    endloop
  endfacet
  facet normal 0 0 -1
    outer loop
      vertex 99.5206 162.479 0
      vertex 12 190 0
      vertex 100 162.5 0
    endloop
  endfacet
  facet normal 0 0 -1
    outer loop
      vertex 100 162.5 0
      vertex 12 190 0
      vertex 100.479 162.479 0
    endloop
  endfacet
  facet normal 0 0 -1
    outer loop
      vertex 100.479 162.479 0
      vertex 12 190 0
      vertex 100.955 162.416 0
    endloop
  endfacet
  facet normal 0 0 -1
    outer loop
      vertex 100.955 162.416 0
      vertex 12 190 0
      vertex 181.045 162.416 0
    endloop
  endfacet
  facet normal 0 0 -1
    outer loop
      vertex 103.889 160.889 0
      vertex 103.535 161.213 0
      vertex 178.111 160.889 0
    endloop
  endfacet
  facet normal 0 0 -1
    outer loop
      vertex 104.985 159.324 0
      vertex 177.015 159.324 0
      vertex 176.832 158.881 0
    endloop
  endfacet
  facet normal 0 -0 -1
    outer loop
      vertex 104.985 154.676 0
      vertex 109.906 142.381 0
      vertex 104.763 154.25 0
    endloop
  endfacet
  facet normal 0 0 -1
    outer loop
      vertex 104.985 154.676 0
      vertex 110.197 142.289 0
      vertex 109.906 142.381 0
    endloop
  endfacet
  facet normal 0 0 -1
    outer loop
      vertex 105.313 155.576 0
      vertex 105.416 156.045 0
      vertex 111.007 141.867 0
    endloop
  endfacet
  facet normal 0 0 -1
    outer loop
      vertex 109.608 142.447 0
      vertex 104.505 153.845 0
      vertex 104.763 154.25 0
    endloop
  endfacet
  facet normal 0 0 -1
    outer loop
      vertex 111.007 141.867 0
      vertex 105.416 156.045 0
      vertex 111.25 141.681 0
    endloop
  endfacet
  facet normal 0 0 -1
    outer loop
      vertex 104.505 153.845 0
      vertex 109.608 142.447 0
      vertex 109.305 142.487 0
    endloop
  endfacet
  facet normal 0 0 -1
    outer loop
      vertex 111.25 141.681 0
      vertex 105.416 156.045 0
      vertex 105.479 156.521 0
    endloop
  endfacet
  facet normal 0 0 -1
    outer loop
      vertex 111.25 141.681 0
      vertex 105.479 156.521 0
      vertex 111.475 141.475 0
    endloop
  endfacet
  facet normal 0 0 -1
    outer loop
      vertex 109.305 142.487 0
      vertex 109 142.5 0
      vertex 104.213 153.465 0
    endloop
  endfacet
  facet normal 0 -0 -1
    outer loop
      vertex 104.213 153.465 0
      vertex 109 142.5 0
      vertex 103.889 153.111 0
    endloop
  endfacet
  facet normal 0 0 -1
    outer loop
      vertex 170.319 141.25 0
      vertex 147.425 131.438 0
      vertex 144.225 131.859 0
    endloop
  endfacet
  facet normal 0 0 -1
    outer loop
      vertex 103.155 152.495 0
      vertex 103.535 152.787 0
      vertex 109 142.5 0
    endloop
  endfacet
  facet normal 0 0 -1
    outer loop
      vertex 109 142.5 0
      vertex 102.75 152.237 0
      vertex 103.155 152.495 0
    endloop
  endfacet
  facet normal -0 0 -1
    outer loop
      vertex 176.5 157 0
      vertex 170.319 141.25 0
      vertex 176.521 157.479 0
    endloop
  endfacet
  facet normal 0 0 -1
    outer loop
      vertex 104.985 154.676 0
      vertex 105.168 155.119 0
      vertex 110.197 142.289 0
    endloop
  endfacet
  facet normal 0 0 -1
    outer loop
      vertex 109 135.5 0
      vertex 104.596 128.857 0
      vertex 104.243 129.243 0
    endloop
  endfacet
  facet normal 0 0 -1
    outer loop
      vertex 219.775 131.859 0
      vertex 193.681 141.25 0
      vertex 187.479 157.479 0
    endloop
  endfacet
  facet normal 0 0 -1
    outer loop
      vertex 109 142.5 0
      vertex 101.881 151.832 0
      vertex 102.324 152.015 0
    endloop
  endfacet
  facet normal -0 0 -1
    outer loop
      vertex 260.111 153.111 0
      vertex 241.5 127.043 0
      vertex 259.787 153.465 0
    endloop
  endfacet
  facet normal 0 -0 -1
    outer loop
      vertex 101.881 151.832 0
      vertex 109 142.5 0
      vertex 101.423 151.687 0
    endloop
  endfacet
  facet normal 0 0 -1
    outer loop
      vertex 100.955 151.584 0
      vertex 101.423 151.687 0
      vertex 109 142.5 0
    endloop
  endfacet
  facet normal 0 0 -1
    outer loop
      vertex 171.25 142.031 0
      vertex 176.687 155.576 0
      vertex 176.832 155.119 0
    endloop
  endfacet
  facet normal 0 0 -1
    outer loop
      vertex 105.196 122 0
      vertex 105.438 122.464 0
      vertex 112.656 118.783 0
    endloop
  endfacet
  facet normal 0 0 -1
    outer loop
      vertex 186 95 0
      vertex 178 95 0
      vertex 186.141 98.2248 0
    endloop
  endfacet
  facet normal 0 -0 -1
    outer loop
      vertex 176.832 155.119 0
      vertex 177.015 154.676 0
      vertex 171.803 142.289 0
    endloop
  endfacet
  facet normal 0 0 -1
    outer loop
      vertex 109 142.5 0
      vertex 100 151.5 0
      vertex 100.479 151.521 0
    endloop
  endfacet
  facet normal -0 0 -1
    outer loop
      vertex 97.25 152.237 0
      vertex 91 142.5 0
      vertex 96.8453 152.495 0
    endloop
  endfacet
  facet normal 0 0 -1
    outer loop
      vertex 91 142.5 0
      vertex 99.5206 151.521 0
      vertex 100 151.5 0
    endloop
  endfacet
  facet normal 0 0 -1
    outer loop
      vertex 184.75 161.763 0
      vertex 184.324 161.985 0
      vertex 270 190 0
    endloop
  endfacet
  facet normal 0 0 -1
    outer loop
      vertex 109 142.5 0
      vertex 102.324 152.015 0
      vertex 102.75 152.237 0
    endloop
  endfacet
  facet normal 0 0 -1
    outer loop
      vertex 12 190 0
      vertex 270 190 0
      vertex 181.045 162.416 0
    endloop
  endfacet
  facet normal 0 0 -1
    outer loop
      vertex 104.763 154.25 0
      vertex 109.906 142.381 0
      vertex 109.608 142.447 0
    endloop
  endfacet
  facet normal 0 0 -1
    outer loop
      vertex 110.197 142.289 0
      vertex 105.168 155.119 0
      vertex 110.479 142.172 0
    endloop
  endfacet
  facet normal 0 0 -1
    outer loop
      vertex 110.75 142.031 0
      vertex 105.313 155.576 0
      vertex 111.007 141.867 0
    endloop
  endfacet
  facet normal 0 0 -1
    outer loop
      vertex 110.75 142.031 0
      vertex 105.168 155.119 0
      vertex 105.313 155.576 0
    endloop
  endfacet
  facet normal 0 0 -1
    outer loop
      vertex 134.575 131.438 0
      vertex 111.867 141.007 0
      vertex 111.681 141.25 0
    endloop
  endfacet
  facet normal -0 0 -1
    outer loop
      vertex 137.775 131.859 0
      vertex 134.575 131.438 0
      vertex 111.681 141.25 0
    endloop
  endfacet
  facet normal 0 0 -1
    outer loop
      vertex 105.479 157.479 0
      vertex 105.416 157.955 0
      vertex 137.775 131.859 0
    endloop
  endfacet
  facet normal 0 0 -1
    outer loop
      vertex 137.775 131.859 0
      vertex 105.416 157.955 0
      vertex 141 132 0
    endloop
  endfacet
  facet normal 0 0 -1
    outer loop
      vertex 105.168 158.881 0
      vertex 176.687 158.423 0
      vertex 105.313 158.423 0
    endloop
  endfacet
  facet normal 0 0 -1
    outer loop
      vertex 105.168 158.881 0
      vertex 176.832 158.881 0
      vertex 176.687 158.423 0
    endloop
  endfacet
  facet normal 0 0 -1
    outer loop
      vertex 105.168 158.881 0
      vertex 104.985 159.324 0
      vertex 176.832 158.881 0
    endloop
  endfacet
  facet normal 0 0 -1
    outer loop
      vertex 104.985 159.324 0
      vertex 104.763 159.75 0
      vertex 177.015 159.324 0
    endloop
  endfacet
  facet normal 0 0 -1
    outer loop
      vertex 177.015 159.324 0
      vertex 104.763 159.75 0
      vertex 177.237 159.75 0
    endloop
  endfacet
  facet normal 0 0 -1
    outer loop
      vertex 177.237 159.75 0
      vertex 104.763 159.75 0
      vertex 104.505 160.155 0
    endloop
  endfacet
  facet normal -0 0 -1
    outer loop
      vertex 177.495 160.155 0
      vertex 177.237 159.75 0
      vertex 104.505 160.155 0
    endloop
  endfacet
  facet normal 0 0 -1
    outer loop
      vertex 104.213 160.535 0
      vertex 177.495 160.155 0
      vertex 104.505 160.155 0
    endloop
  endfacet
  facet normal 0 0 -1
    outer loop
      vertex 104.213 160.535 0
      vertex 177.787 160.535 0
      vertex 177.495 160.155 0
    endloop
  endfacet
  facet normal 0 0 -1
    outer loop
      vertex 104.213 160.535 0
      vertex 103.889 160.889 0
      vertex 177.787 160.535 0
    endloop
  endfacet
  facet normal 0 0 -1
    outer loop
      vertex 177.787 160.535 0
      vertex 103.889 160.889 0
      vertex 178.111 160.889 0
    endloop
  endfacet
  facet normal 0 0 -1
    outer loop
      vertex 178.111 160.889 0
      vertex 103.535 161.213 0
      vertex 178.465 161.213 0
    endloop
  endfacet
  facet normal 0 0 -1
    outer loop
      vertex 178.465 161.213 0
      vertex 103.535 161.213 0
      vertex 103.155 161.505 0
    endloop
  endfacet
  facet normal -0 0 -1
    outer loop
      vertex 178.845 161.505 0
      vertex 178.465 161.213 0
      vertex 103.155 161.505 0
    endloop
  endfacet
  facet normal 0 0 -1
    outer loop
      vertex 102.75 161.763 0
      vertex 178.845 161.505 0
      vertex 103.155 161.505 0
    endloop
  endfacet
  facet normal 0 0 -1
    outer loop
      vertex 102.75 161.763 0
      vertex 179.25 161.763 0
      vertex 178.845 161.505 0
    endloop
  endfacet
  facet normal 0 0 -1
    outer loop
      vertex 102.75 161.763 0
      vertex 179.676 161.985 0
      vertex 179.25 161.763 0
    endloop
  endfacet
  facet normal 0 0 -1
    outer loop
      vertex 102.75 161.763 0
      vertex 102.324 161.985 0
      vertex 179.676 161.985 0
    endloop
  endfacet
  facet normal 0 0 -1
    outer loop
      vertex 179.676 161.985 0
      vertex 102.324 161.985 0
      vertex 101.881 162.168 0
    endloop
  endfacet
  facet normal -0 0 -1
    outer loop
      vertex 180.119 162.168 0
      vertex 179.676 161.985 0
      vertex 101.881 162.168 0
    endloop
  endfacet
  facet normal 0 0 -1
    outer loop
      vertex 101.423 162.313 0
      vertex 180.119 162.168 0
      vertex 101.881 162.168 0
    endloop
  endfacet
  facet normal 0 0 -1
    outer loop
      vertex 101.423 162.313 0
      vertex 180.576 162.313 0
      vertex 180.119 162.168 0
    endloop
  endfacet
  facet normal 0 0 -1
    outer loop
      vertex 101.423 162.313 0
      vertex 100.955 162.416 0
      vertex 180.576 162.313 0
    endloop
  endfacet
  facet normal 0 0 -1
    outer loop
      vertex 180.576 162.313 0
      vertex 100.955 162.416 0
      vertex 181.045 162.416 0
    endloop
  endfacet
  facet normal 0 0 -1
    outer loop
      vertex 181.045 162.416 0
      vertex 270 190 0
      vertex 181.521 162.479 0
    endloop
  endfacet
  facet normal 0 0 -1
    outer loop
      vertex 181.521 162.479 0
      vertex 270 190 0
      vertex 182 162.5 0
    endloop
  endfacet
  facet normal 0 0 -1
    outer loop
      vertex 182 162.5 0
      vertex 270 190 0
      vertex 182.479 162.479 0
    endloop
  endfacet
  facet normal 0 0 -1
    outer loop
      vertex 182.479 162.479 0
      vertex 270 190 0
      vertex 182.955 162.416 0
    endloop
  endfacet
  facet normal 0 0 -1
    outer loop
      vertex 182.955 162.416 0
      vertex 270 190 0
      vertex 183.423 162.313 0
    endloop
  endfacet
  facet normal 0 0 -1
    outer loop
      vertex 183.423 162.313 0
      vertex 270 190 0
      vertex 183.881 162.168 0
    endloop
  endfacet
  facet normal 0 0 -1
    outer loop
      vertex 183.881 162.168 0
      vertex 270 190 0
      vertex 184.324 161.985 0
    endloop
  endfacet
  facet normal 0 0 -1
    outer loop
      vertex 270 190 0
      vertex 185.155 161.505 0
      vertex 184.75 161.763 0
    endloop
  endfacet
  facet normal 0 0 -1
    outer loop
      vertex 270 190 0
      vertex 185.535 161.213 0
      vertex 185.155 161.505 0
    endloop
  endfacet
  facet normal 0 0 -1
    outer loop
      vertex 270 190 0
      vertex 185.889 160.889 0
      vertex 185.535 161.213 0
    endloop
  endfacet
  facet normal 0 0 -1
    outer loop
      vertex 270 190 0
      vertex 186.213 160.535 0
      vertex 185.889 160.889 0
    endloop
  endfacet
  facet normal 0 0 -1
    outer loop
      vertex 186.763 159.75 0
      vertex 259.015 159.324 0
      vertex 186.985 159.324 0
    endloop
  endfacet
  facet normal 0 0 -1
    outer loop
      vertex 187.168 155.119 0
      vertex 187.313 155.576 0
      vertex 192.75 142.031 0
    endloop
  endfacet
  facet normal 0 0 -1
    outer loop
      vertex 191.608 142.447 0
      vertex 186.505 153.845 0
      vertex 186.763 154.25 0
    endloop
  endfacet
  facet normal 0 0 -1
    outer loop
      vertex 191 142.5 0
      vertex 186.213 153.465 0
      vertex 191.305 142.487 0
    endloop
  endfacet
  facet normal 0 0 -1
    outer loop
      vertex 193.475 141.475 0
      vertex 187.5 157 0
      vertex 193.681 141.25 0
    endloop
  endfacet
  facet normal 0 -0 -1
    outer loop
      vertex 186.213 153.465 0
      vertex 191 142.5 0
      vertex 185.889 153.111 0
    endloop
  endfacet
  facet normal 0 0 -1
    outer loop
      vertex 194.172 140.479 0
      vertex 194.031 140.75 0
      vertex 213.424 130.739 0
    endloop
  endfacet
  facet normal 0 0 -1
    outer loop
      vertex 185.535 152.787 0
      vertex 185.889 153.111 0
      vertex 191 142.5 0
    endloop
  endfacet
  facet normal 0 0 -1
    outer loop
      vertex 185.155 152.495 0
      vertex 185.535 152.787 0
      vertex 191 142.5 0
    endloop
  endfacet
  facet normal 0 0 -1
    outer loop
      vertex 187.479 156.521 0
      vertex 193.475 141.475 0
      vertex 193.25 141.681 0
    endloop
  endfacet
  facet normal 0 0 -1
    outer loop
      vertex 194.447 139.608 0
      vertex 210.345 129.769 0
      vertex 194.487 139.305 0
    endloop
  endfacet
  facet normal 0 -0 -1
    outer loop
      vertex 185.155 152.495 0
      vertex 191 142.5 0
      vertex 184.75 152.237 0
    endloop
  endfacet
  facet normal 0 -0 -1
    outer loop
      vertex 184.75 152.237 0
      vertex 191 142.5 0
      vertex 184.324 152.015 0
    endloop
  endfacet
  facet normal 0 0 -1
    outer loop
      vertex 194.381 138.094 0
      vertex 194.447 138.392 0
      vertex 207.363 128.533 0
    endloop
  endfacet
  facet normal 0 0 -1
    outer loop
      vertex 229.425 131.438 0
      vertex 226.225 131.859 0
      vertex 258.521 157.479 0
    endloop
  endfacet
  facet normal 0 0 -1
    outer loop
      vertex 191 142.5 0
      vertex 183.881 151.832 0
      vertex 184.324 152.015 0
    endloop
  endfacet
  facet normal 0 0 -1
    outer loop
      vertex 282 178 0
      vertex 269.5 157 0
      vertex 269.479 157.479 0
    endloop
  endfacet
  facet normal 0 0 -1
    outer loop
      vertex 192.75 135.969 0
      vertex 193.007 136.133 0
      vertex 201.778 125.309 0
    endloop
  endfacet
  facet normal 0 0 -1
    outer loop
      vertex 196.837 121.163 0
      vertex 191.608 135.553 0
      vertex 199.217 123.344 0
    endloop
  endfacet
  facet normal 0 -0 -1
    outer loop
      vertex 260.465 152.787 0
      vertex 260.845 152.495 0
      vertex 241.5 127.043 0
    endloop
  endfacet
  facet normal 0 0 -1
    outer loop
      vertex 183.423 151.687 0
      vertex 183.881 151.832 0
      vertex 191 142.5 0
    endloop
  endfacet
  facet normal 0 -0 -1
    outer loop
      vertex 192.479 135.828 0
      vertex 199.217 123.344 0
      vertex 192.197 135.711 0
    endloop
  endfacet
  facet normal 0 0 -1
    outer loop
      vertex 191 142.5 0
      vertex 182.955 151.584 0
      vertex 183.423 151.687 0
    endloop
  endfacet
  facet normal 0 0 -1
    outer loop
      vertex 191 142.5 0
      vertex 182.479 151.521 0
      vertex 182.955 151.584 0
    endloop
  endfacet
  facet normal 0 0 -1
    outer loop
      vertex 191 142.5 0
      vertex 182 151.5 0
      vertex 182.479 151.521 0
    endloop
  endfacet
  facet normal 0 0 -1
    outer loop
      vertex 173 142.5 0
      vertex 181.521 151.521 0
      vertex 182 151.5 0
    endloop
  endfacet
  facet normal 0 0 -1
    outer loop
      vertex 194.031 137.25 0
      vertex 194.172 137.521 0
      vertex 204.5 127.043 0
    endloop
  endfacet
  facet normal 0 0 -1
    outer loop
      vertex 187.313 158.423 0
      vertex 258.687 158.423 0
      vertex 223 132 0
    endloop
  endfacet
  facet normal 0 0 -1
    outer loop
      vertex 186.213 153.465 0
      vertex 186.505 153.845 0
      vertex 191.305 142.487 0
    endloop
  endfacet
  facet normal 0 0 -1
    outer loop
      vertex 193.25 141.681 0
      vertex 187.416 156.045 0
      vertex 187.479 156.521 0
    endloop
  endfacet
  facet normal 0 0 -1
    outer loop
      vertex 191.305 142.487 0
      vertex 186.505 153.845 0
      vertex 191.608 142.447 0
    endloop
  endfacet
  facet normal 0 0 -1
    outer loop
      vertex 187.416 156.045 0
      vertex 193.25 141.681 0
      vertex 193.007 141.867 0
    endloop
  endfacet
  facet normal 0 0 -1
    outer loop
      vertex 187.313 155.576 0
      vertex 187.416 156.045 0
      vertex 193.007 141.867 0
    endloop
  endfacet
  facet normal 0 0 -1
    outer loop
      vertex 191.608 142.447 0
      vertex 186.763 154.25 0
      vertex 191.906 142.381 0
    endloop
  endfacet
  facet normal -0 0 -1
    outer loop
      vertex 173 135.5 0
      vertex 167.163 121.163 0
      vertex 172.695 135.513 0
    endloop
  endfacet
  facet normal 0 0 -1
    outer loop
      vertex 191.906 142.381 0
      vertex 186.763 154.25 0
      vertex 186.985 154.676 0
    endloop
  endfacet
  facet normal 0 -0 -1
    outer loop
      vertex 187.168 155.119 0
      vertex 192.197 142.289 0
      vertex 186.985 154.676 0
    endloop
  endfacet
  facet normal 0 0 -1
    outer loop
      vertex 187.168 155.119 0
      vertex 192.479 142.172 0
      vertex 192.197 142.289 0
    endloop
  endfacet
  facet normal 0 0 -1
    outer loop
      vertex 187.313 155.576 0
      vertex 193.007 141.867 0
      vertex 192.75 142.031 0
    endloop
  endfacet
  facet normal 0 0 -1
    outer loop
      vertex 193.681 141.25 0
      vertex 216.575 131.438 0
      vertex 193.867 141.007 0
    endloop
  endfacet
  facet normal 0 0 -1
    outer loop
      vertex 193.681 141.25 0
      vertex 219.775 131.859 0
      vertex 216.575 131.438 0
    endloop
  endfacet
  facet normal 0 0 -1
    outer loop
      vertex 219.775 131.859 0
      vertex 187.479 157.479 0
      vertex 187.416 157.955 0
    endloop
  endfacet
  facet normal -0 0 -1
    outer loop
      vertex 223 132 0
      vertex 219.775 131.859 0
      vertex 187.416 157.955 0
    endloop
  endfacet
  facet normal 0 0 -1
    outer loop
      vertex 187.313 158.423 0
      vertex 187.168 158.881 0
      vertex 258.687 158.423 0
    endloop
  endfacet
  facet normal 0 0 -1
    outer loop
      vertex 258.687 158.423 0
      vertex 187.168 158.881 0
      vertex 258.832 158.881 0
    endloop
  endfacet
  facet normal 0 0 -1
    outer loop
      vertex 258.832 158.881 0
      vertex 187.168 158.881 0
      vertex 186.985 159.324 0
    endloop
  endfacet
  facet normal -0 0 -1
    outer loop
      vertex 259.015 159.324 0
      vertex 258.832 158.881 0
      vertex 186.985 159.324 0
    endloop
  endfacet
  facet normal -0 0 -1
    outer loop
      vertex 259.237 159.75 0
      vertex 259.015 159.324 0
      vertex 186.763 159.75 0
    endloop
  endfacet
  facet normal 0 0 -1
    outer loop
      vertex 186.505 160.155 0
      vertex 259.237 159.75 0
      vertex 186.763 159.75 0
    endloop
  endfacet
  facet normal 0 0 -1
    outer loop
      vertex 186.505 160.155 0
      vertex 259.495 160.155 0
      vertex 259.237 159.75 0
    endloop
  endfacet
  facet normal 0 0 -1
    outer loop
      vertex 186.505 160.155 0
      vertex 186.213 160.535 0
      vertex 259.495 160.155 0
    endloop
  endfacet
  facet normal 0 0 -1
    outer loop
      vertex 259.495 160.155 0
      vertex 186.213 160.535 0
      vertex 259.787 160.535 0
    endloop
  endfacet
  facet normal 0 0 -1
    outer loop
      vertex 259.787 160.535 0
      vertex 186.213 160.535 0
      vertex 270 190 0
    endloop
  endfacet
  facet normal -0 0 -1
    outer loop
      vertex 260.111 160.889 0
      vertex 259.787 160.535 0
      vertex 270 190 0
    endloop
  endfacet
  facet normal -0 0 -1
    outer loop
      vertex 260.845 161.505 0
      vertex 260.465 161.213 0
      vertex 270 190 0
    endloop
  endfacet
  facet normal -0 0 -1
    outer loop
      vertex 260.465 161.213 0
      vertex 260.111 160.889 0
      vertex 270 190 0
    endloop
  endfacet
  facet normal 0 0 -1
    outer loop
      vertex 260.845 161.505 0
      vertex 270 190 0
      vertex 261.25 161.763 0
    endloop
  endfacet
  facet normal 0 0 -1
    outer loop
      vertex 261.25 161.763 0
      vertex 270 190 0
      vertex 261.676 161.985 0
    endloop
  endfacet
  facet normal 0 0 -1
    outer loop
      vertex 261.676 161.985 0
      vertex 270 190 0
      vertex 262.119 162.168 0
    endloop
  endfacet
  facet normal 0 0 -1
    outer loop
      vertex 262.119 162.168 0
      vertex 270 190 0
      vertex 262.576 162.313 0
    endloop
  endfacet
  facet normal 0 0 -1
    outer loop
      vertex 262.576 162.313 0
      vertex 270 190 0
      vertex 263.045 162.416 0
    endloop
  endfacet
  facet normal 0 0 -1
    outer loop
      vertex 263.045 162.416 0
      vertex 270 190 0
      vertex 263.521 162.479 0
    endloop
  endfacet
  facet normal 0 0 -1
    outer loop
      vertex 263.521 162.479 0
      vertex 270 190 0
      vertex 264 162.5 0
    endloop
  endfacet
  facet normal 0 0 -1
    outer loop
      vertex 264 162.5 0
      vertex 270 190 0
      vertex 264.479 162.479 0
    endloop
  endfacet
  facet normal 0 0 -1
    outer loop
      vertex 264.479 162.479 0
      vertex 270 190 0
      vertex 264.955 162.416 0
    endloop
  endfacet
  facet normal 0 0 -1
    outer loop
      vertex 264.955 162.416 0
      vertex 270 190 0
      vertex 282 178 0
    endloop
  endfacet
  facet normal 0 0 -1
    outer loop
      vertex 265.423 162.313 0
      vertex 264.955 162.416 0
      vertex 282 178 0
    endloop
  endfacet
  facet normal 0 0 -1
    outer loop
      vertex 265.881 162.168 0
      vertex 265.423 162.313 0
      vertex 282 178 0
    endloop
  endfacet
  facet normal 0 0 -1
    outer loop
      vertex 266.324 161.985 0
      vertex 265.881 162.168 0
      vertex 282 178 0
    endloop
  endfacet
  facet normal 0 0 -1
    outer loop
      vertex 266.75 161.763 0
      vertex 266.324 161.985 0
      vertex 282 178 0
    endloop
  endfacet
  facet normal 0 0 -1
    outer loop
      vertex 267.155 161.505 0
      vertex 266.75 161.763 0
      vertex 282 178 0
    endloop
  endfacet
  facet normal 0 0 -1
    outer loop
      vertex 267.535 161.213 0
      vertex 267.155 161.505 0
      vertex 282 178 0
    endloop
  endfacet
  facet normal 0 0 -1
    outer loop
      vertex 267.889 160.889 0
      vertex 267.535 161.213 0
      vertex 282 178 0
    endloop
  endfacet
  facet normal 0 0 -1
    outer loop
      vertex 268.213 160.535 0
      vertex 267.889 160.889 0
      vertex 282 178 0
    endloop
  endfacet
  facet normal 0 0 -1
    outer loop
      vertex 268.505 160.155 0
      vertex 268.213 160.535 0
      vertex 282 178 0
    endloop
  endfacet
  facet normal 0 0 -1
    outer loop
      vertex 268.763 159.75 0
      vertex 268.505 160.155 0
      vertex 282 178 0
    endloop
  endfacet
  facet normal 0 0 -1
    outer loop
      vertex 282 178 0
      vertex 268.985 159.324 0
      vertex 268.763 159.75 0
    endloop
  endfacet
  facet normal 0 0 -1
    outer loop
      vertex 282 178 0
      vertex 269.168 158.881 0
      vertex 268.985 159.324 0
    endloop
  endfacet
  facet normal 0 0 -1
    outer loop
      vertex 282 178 0
      vertex 269.313 158.423 0
      vertex 269.168 158.881 0
    endloop
  endfacet
  facet normal 0 0 -1
    outer loop
      vertex 282 178 0
      vertex 269.416 157.955 0
      vertex 269.313 158.423 0
    endloop
  endfacet
  facet normal 0 0 -1
    outer loop
      vertex 282 178 0
      vertex 269.479 157.479 0
      vertex 269.416 157.955 0
    endloop
  endfacet
  facet normal 0 -0 -1
    outer loop
      vertex 269.5 157 0
      vertex 282 178 0
      vertex 269.479 156.521 0
    endloop
  endfacet
  facet normal 0 -0 -1
    outer loop
      vertex 269.479 156.521 0
      vertex 282 178 0
      vertex 269.416 156.045 0
    endloop
  endfacet
  facet normal 0 -0 -1
    outer loop
      vertex 269.416 156.045 0
      vertex 282 178 0
      vertex 269.313 155.576 0
    endloop
  endfacet
  facet normal 0 -0 -1
    outer loop
      vertex 269.313 155.576 0
      vertex 282 178 0
      vertex 269.168 155.119 0
    endloop
  endfacet
  facet normal 0 -0 -1
    outer loop
      vertex 269.168 155.119 0
      vertex 282 178 0
      vertex 268.985 154.676 0
    endloop
  endfacet
  facet normal 0 0 -1
    outer loop
      vertex 259.438 101.425 0
      vertex 268.505 153.845 0
      vertex 268.763 154.25 0
    endloop
  endfacet
  facet normal 0 0 -1
    outer loop
      vertex 258.739 104.576 0
      vertex 268.213 153.465 0
      vertex 268.505 153.845 0
    endloop
  endfacet
  facet normal 0 -0 -1
    outer loop
      vertex 267.535 152.787 0
      vertex 267.889 153.111 0
      vertex 257.769 107.655 0
    endloop
  endfacet
  facet normal 0 -0 -1
    outer loop
      vertex 267.155 152.495 0
      vertex 267.535 152.787 0
      vertex 256.533 110.637 0
    endloop
  endfacet
  facet normal 0 0 -1
    outer loop
      vertex 266.75 152.237 0
      vertex 256.533 110.637 0
      vertex 255.043 113.5 0
    endloop
  endfacet
  facet normal 0 0 -1
    outer loop
      vertex 266.324 152.015 0
      vertex 255.043 113.5 0
      vertex 265.881 151.832 0
    endloop
  endfacet
  facet normal 0 0 -1
    outer loop
      vertex 265.881 151.832 0
      vertex 255.043 113.5 0
      vertex 253.309 116.222 0
    endloop
  endfacet
  facet normal 0 0 -1
    outer loop
      vertex 265.423 151.687 0
      vertex 253.309 116.222 0
      vertex 264.955 151.584 0
    endloop
  endfacet
  facet normal 0 0 -1
    outer loop
      vertex 264.955 151.584 0
      vertex 251.344 118.783 0
      vertex 264.479 151.521 0
    endloop
  endfacet
  facet normal 0 0 -1
    outer loop
      vertex 251.344 118.783 0
      vertex 249.163 121.163 0
      vertex 264 151.5 0
    endloop
  endfacet
  facet normal 0 0 -1
    outer loop
      vertex 249.163 121.163 0
      vertex 263.045 151.584 0
      vertex 263.521 151.521 0
    endloop
  endfacet
  facet normal 0 0 -1
    outer loop
      vertex 246.783 123.344 0
      vertex 262.576 151.687 0
      vertex 263.045 151.584 0
    endloop
  endfacet
  facet normal 0 -0 -1
    outer loop
      vertex 261.25 152.237 0
      vertex 261.676 152.015 0
      vertex 244.222 125.309 0
    endloop
  endfacet
  facet normal 0 -0 -1
    outer loop
      vertex 261.676 152.015 0
      vertex 262.119 151.832 0
      vertex 246.783 123.344 0
    endloop
  endfacet
  facet normal 0 0 -1
    outer loop
      vertex 17.5206 151.521 0
      vertex 18 151.5 0
      vertex 26.0608 144.305 0
    endloop
  endfacet
  facet normal 0 0 -1
    outer loop
      vertex 95.2369 154.25 0
      vertex 90.3922 142.447 0
      vertex 90.0941 142.381 0
    endloop
  endfacet
  facet normal -0 0 -1
    outer loop
      vertex 30.6564 118.783 0
      vertex 28.6914 116.222 0
      vertex 27.4288 141.936 0
    endloop
  endfacet
  facet normal -0 -0 -1
    outer loop
      vertex 27.4288 141.936 0
      vertex 28.6914 116.222 0
      vertex 27.1716 142.172 0
    endloop
  endfacet
  facet normal -0 -0 -1
    outer loop
      vertex 27.1716 142.172 0
      vertex 28.6914 116.222 0
      vertex 26.9358 142.429 0
    endloop
  endfacet
  facet normal 0 0 -1
    outer loop
      vertex 13.4947 153.845 0
      vertex 23.2607 104.576 0
      vertex 22.5621 101.425 0
    endloop
  endfacet
  facet normal 0 0 -1
    outer loop
      vertex 40.5 62.9571 0
      vertex 22.2132 36.5353 0
      vertex 21.8891 36.8891 0
    endloop
  endfacet
  facet normal 0 0 -1
    outer loop
      vertex 37.7777 64.6914 0
      vertex 20.75 37.7631 0
      vertex 20.3244 37.9847 0
    endloop
  endfacet
  facet normal 0 0 -1
    outer loop
      vertex 17.0449 38.4164 0
      vertex 28.6914 73.7777 0
      vertex 30.6564 71.2169 0
    endloop
  endfacet
  facet normal 0 0 -1
    outer loop
      vertex 12 0 0
      vertex 17.5206 27.5209 0
      vertex 18 27.5 0
    endloop
  endfacet
  facet normal -0 -0 -1
    outer loop
      vertex 26.5359 143 0
      vertex 26.7234 142.706 0
      vertex 15.6756 152.015 0
    endloop
  endfacet
  facet normal 0 0 -1
    outer loop
      vertex 26.2412 143.632 0
      vertex 16.5765 151.687 0
      vertex 17.0449 151.584 0
    endloop
  endfacet
  facet normal 0 0 -1
    outer loop
      vertex 26.3748 143.309 0
      vertex 16.5765 151.687 0
      vertex 26.2412 143.632 0
    endloop
  endfacet
  facet normal 0 0 -1
    outer loop
      vertex 26.1363 143.965 0
      vertex 17.5206 151.521 0
      vertex 26.0608 144.305 0
    endloop
  endfacet
  facet normal 0 0 -1
    outer loop
      vertex 17.0449 151.584 0
      vertex 17.5206 151.521 0
      vertex 26.1363 143.965 0
    endloop
  endfacet
  facet normal 0 0 -1
    outer loop
      vertex 26.0608 144.305 0
      vertex 18 151.5 0
      vertex 26.0152 144.651 0
    endloop
  endfacet
  facet normal 0 0 -1
    outer loop
      vertex 18.4794 151.521 0
      vertex 18.9551 151.584 0
      vertex 26 145 0
    endloop
  endfacet
  facet normal 0 0 -1
    outer loop
      vertex 26.0608 145.695 0
      vertex 19.4235 151.687 0
      vertex 19.8811 151.832 0
    endloop
  endfacet
  facet normal 0 0 -1
    outer loop
      vertex 26.2412 146.368 0
      vertex 19.8811 151.832 0
      vertex 20.3244 152.015 0
    endloop
  endfacet
  facet normal 0 -0 -1
    outer loop
      vertex 21.1547 152.495 0
      vertex 26.5359 147 0
      vertex 20.75 152.237 0
    endloop
  endfacet
  facet normal 0 0 -1
    outer loop
      vertex 21.1547 152.495 0
      vertex 26.7234 147.294 0
      vertex 26.5359 147 0
    endloop
  endfacet
  facet normal 0 0 -1
    outer loop
      vertex 21.5353 152.787 0
      vertex 26.9358 147.571 0
      vertex 26.7234 147.294 0
    endloop
  endfacet
  facet normal 0 0 -1
    outer loop
      vertex 21.5353 152.787 0
      vertex 21.8891 153.111 0
      vertex 26.9358 147.571 0
    endloop
  endfacet
  facet normal 0 0 -1
    outer loop
      vertex 21.8891 153.111 0
      vertex 27.4288 148.064 0
      vertex 27.1716 147.828 0
    endloop
  endfacet
  facet normal 0 0 -1
    outer loop
      vertex 21.8891 153.111 0
      vertex 22.2132 153.465 0
      vertex 27.4288 148.064 0
    endloop
  endfacet
  facet normal 0 0 -1
    outer loop
      vertex 22.2132 153.465 0
      vertex 22.5053 153.845 0
      vertex 27.7057 148.277 0
    endloop
  endfacet
  facet normal 0 0 -1
    outer loop
      vertex 27.7057 148.277 0
      vertex 22.5053 153.845 0
      vertex 28 148.464 0
    endloop
  endfacet
  facet normal 0 0 -1
    outer loop
      vertex 28 148.464 0
      vertex 22.7631 154.25 0
      vertex 28.3095 148.625 0
    endloop
  endfacet
  facet normal 0 0 -1
    outer loop
      vertex 31.3681 148.759 0
      vertex 23.3126 158.423 0
      vertex 31.6905 148.625 0
    endloop
  endfacet
  facet normal 0 0 -1
    outer loop
      vertex 28.6319 148.759 0
      vertex 23.1683 155.119 0
      vertex 28.9647 148.864 0
    endloop
  endfacet
  facet normal 0 0 -1
    outer loop
      vertex 28.9647 148.864 0
      vertex 23.1683 155.119 0
      vertex 29.3054 148.939 0
    endloop
  endfacet
  facet normal 0 0 -1
    outer loop
      vertex 31.3681 148.759 0
      vertex 23.4164 157.955 0
      vertex 23.3126 158.423 0
    endloop
  endfacet
  facet normal -0 0 -1
    outer loop
      vertex 29.6514 148.985 0
      vertex 29.3054 148.939 0
      vertex 23.3126 155.576 0
    endloop
  endfacet
  facet normal 0 -0 -1
    outer loop
      vertex 23.4164 156.045 0
      vertex 29.6514 148.985 0
      vertex 23.3126 155.576 0
    endloop
  endfacet
  facet normal 0 0 -1
    outer loop
      vertex 23.4164 157.955 0
      vertex 31.3681 148.759 0
      vertex 31.0353 148.864 0
    endloop
  endfacet
  facet normal 0 0 -1
    outer loop
      vertex 23.4164 156.045 0
      vertex 30 149 0
      vertex 29.6514 148.985 0
    endloop
  endfacet
  facet normal 0 0 -1
    outer loop
      vertex 30 149 0
      vertex 23.4791 156.521 0
      vertex 30.3486 148.985 0
    endloop
  endfacet
  facet normal 0 0 -1
    outer loop
      vertex 30.3486 148.985 0
      vertex 23.4791 156.521 0
      vertex 23.5 157 0
    endloop
  endfacet
  facet normal 0 0 -1
    outer loop
      vertex 30.6946 148.939 0
      vertex 30.3486 148.985 0
      vertex 23.5 157 0
    endloop
  endfacet
  facet normal 0 0 -1
    outer loop
      vertex 23.1683 158.881 0
      vertex 22.9847 159.324 0
      vertex 32 148.464 0
    endloop
  endfacet
  facet normal -0 0 -1
    outer loop
      vertex 95.0153 159.324 0
      vertex 32.5712 148.064 0
      vertex 95.2369 159.75 0
    endloop
  endfacet
  facet normal -0 0 -1
    outer loop
      vertex 94.8317 158.881 0
      vertex 32.8284 147.828 0
      vertex 95.0153 159.324 0
    endloop
  endfacet
  facet normal 0 0 -1
    outer loop
      vertex 94.8317 158.881 0
      vertex 33.0642 147.571 0
      vertex 32.8284 147.828 0
    endloop
  endfacet
  facet normal 0 0 -1
    outer loop
      vertex 94.8317 158.881 0
      vertex 94.6874 158.423 0
      vertex 33.0642 147.571 0
    endloop
  endfacet
  facet normal 0 0 -1
    outer loop
      vertex 94.6874 158.423 0
      vertex 59 132 0
      vertex 33.2766 147.294 0
    endloop
  endfacet
  facet normal 0 0 -1
    outer loop
      vertex 33.2766 147.294 0
      vertex 59 132 0
      vertex 33.4641 147 0
    endloop
  endfacet
  facet normal 0 0 -1
    outer loop
      vertex 55.7752 131.859 0
      vertex 33.7588 146.368 0
      vertex 33.6252 146.69 0
    endloop
  endfacet
  facet normal 0 0 -1
    outer loop
      vertex 33.7588 146.368 0
      vertex 55.7752 131.859 0
      vertex 33.8637 146.035 0
    endloop
  endfacet
  facet normal 0 0 -1
    outer loop
      vertex 33.4641 147 0
      vertex 59 132 0
      vertex 33.6252 146.69 0
    endloop
  endfacet
  facet normal 0 -0 -1
    outer loop
      vertex 31.3681 141.241 0
      vertex 37.7777 125.309 0
      vertex 31.0353 141.136 0
    endloop
  endfacet
  facet normal 0 0 -1
    outer loop
      vertex 87.5133 139.305 0
      vertex 87.5 139 0
      vertex 71.6547 129.769 0
    endloop
  endfacet
  facet normal 0 0 -1
    outer loop
      vertex 88.3188 141.25 0
      vertex 94.5209 157.479 0
      vertex 94.5 157 0
    endloop
  endfacet
  facet normal 0 0 -1
    outer loop
      vertex 88.3188 141.25 0
      vertex 94.5 157 0
      vertex 88.5251 141.475 0
    endloop
  endfacet
  facet normal 0 0 -1
    outer loop
      vertex 35.2169 123.344 0
      vertex 30 141 0
      vertex 30.3486 141.015 0
    endloop
  endfacet
  facet normal 0 0 -1
    outer loop
      vertex 88.7502 141.681 0
      vertex 94.5836 156.045 0
      vertex 88.9925 141.867 0
    endloop
  endfacet
  facet normal 0 0 -1
    outer loop
      vertex 29.6514 141.015 0
      vertex 30 141 0
      vertex 35.2169 123.344 0
    endloop
  endfacet
  facet normal 0 0 -1
    outer loop
      vertex 89.25 142.031 0
      vertex 94.6874 155.576 0
      vertex 94.8317 155.119 0
    endloop
  endfacet
  facet normal 0 0 -1
    outer loop
      vertex 89.25 142.031 0
      vertex 94.8317 155.119 0
      vertex 89.5208 142.172 0
    endloop
  endfacet
  facet normal -0 -0 -1
    outer loop
      vertex 29.3054 141.061 0
      vertex 35.2169 123.344 0
      vertex 28.9647 141.136 0
    endloop
  endfacet
  facet normal 0 -0 -1
    outer loop
      vertex 87.6193 138.094 0
      vertex 87.7111 137.803 0
      vertex 74.6369 128.533 0
    endloop
  endfacet
  facet normal 0 0 -1
    outer loop
      vertex 28.6319 141.241 0
      vertex 28.9647 141.136 0
      vertex 32.837 121.163 0
    endloop
  endfacet
  facet normal 0 -0 -1
    outer loop
      vertex 95.0153 154.676 0
      vertex 95.2369 154.25 0
      vertex 90.0941 142.381 0
    endloop
  endfacet
  facet normal -0 0 -1
    outer loop
      vertex 87.8279 137.521 0
      vertex 77.5 127.043 0
      vertex 87.7111 137.803 0
    endloop
  endfacet
  facet normal -0 -0 -1
    outer loop
      vertex 28.6319 141.241 0
      vertex 32.837 121.163 0
      vertex 28.3095 141.375 0
    endloop
  endfacet
  facet normal 0 -0 -1
    outer loop
      vertex 87.8279 137.521 0
      vertex 87.9689 137.25 0
      vertex 77.5 127.043 0
    endloop
  endfacet
  facet normal 0 -0 -1
    outer loop
      vertex 89.5208 135.828 0
      vertex 89.8029 135.711 0
      vertex 82.7831 123.344 0
    endloop
  endfacet
  facet normal 0 0 -1
    outer loop
      vertex 89.25 135.969 0
      vertex 82.7831 123.344 0
      vertex 80.2223 125.309 0
    endloop
  endfacet
  facet normal -0 0 -1
    outer loop
      vertex 88.133 136.992 0
      vertex 77.5 127.043 0
      vertex 87.9689 137.25 0
    endloop
  endfacet
  facet normal 0 0 -1
    outer loop
      vertex 32.837 121.163 0
      vertex 28 141.536 0
      vertex 28.3095 141.375 0
    endloop
  endfacet
  facet normal -0 -0 -1
    outer loop
      vertex 28 141.536 0
      vertex 30.6564 118.783 0
      vertex 27.7057 141.723 0
    endloop
  endfacet
  facet normal -0 0 -1
    outer loop
      vertex 32.837 121.163 0
      vertex 30.6564 118.783 0
      vertex 28 141.536 0
    endloop
  endfacet
  facet normal 0 0 -1
    outer loop
      vertex 109 142.5 0
      vertex 100.479 151.521 0
      vertex 100.955 151.584 0
    endloop
  endfacet
  facet normal -0 0 -1
    outer loop
      vertex 172.392 135.553 0
      vertex 164.783 123.344 0
      vertex 172.094 135.619 0
    endloop
  endfacet
  facet normal -0 0 -1
    outer loop
      vertex 98.1189 27.8317 0
      vertex 12 0 0
      vertex 97.6756 28.0153 0
    endloop
  endfacet
  facet normal 0 0 -1
    outer loop
      vertex 77.5 127.043 0
      vertex 88.3188 136.75 0
      vertex 80.2223 125.309 0
    endloop
  endfacet
  facet normal 0 0 -1
    outer loop
      vertex 80.2223 125.309 0
      vertex 88.5251 136.525 0
      vertex 88.7502 136.319 0
    endloop
  endfacet
  facet normal 0 0 -1
    outer loop
      vertex 74.6369 128.533 0
      vertex 87.5133 138.695 0
      vertex 87.5532 138.392 0
    endloop
  endfacet
  facet normal 0 0 -1
    outer loop
      vertex 29.3054 141.061 0
      vertex 29.6514 141.015 0
      vertex 35.2169 123.344 0
    endloop
  endfacet
  facet normal 0 -0 -1
    outer loop
      vertex 32.2943 141.723 0
      vertex 40.5 127.043 0
      vertex 32 141.536 0
    endloop
  endfacet
  facet normal 0 0 -1
    outer loop
      vertex 59 132 0
      vertex 94.6874 158.423 0
      vertex 94.5836 157.955 0
    endloop
  endfacet
  facet normal 0 -0 -1
    outer loop
      vertex 32 141.536 0
      vertex 40.5 127.043 0
      vertex 31.6905 141.375 0
    endloop
  endfacet
  facet normal 0 0 -1
    outer loop
      vertex 87.6193 139.906 0
      vertex 87.5532 139.608 0
      vertex 71.6547 129.769 0
    endloop
  endfacet
  facet normal 0 0 -1
    outer loop
      vertex 68.5763 130.739 0
      vertex 87.6193 139.906 0
      vertex 71.6547 129.769 0
    endloop
  endfacet
  facet normal 0 -0 -1
    outer loop
      vertex 32.8284 142.172 0
      vertex 43.3631 128.533 0
      vertex 32.5712 141.936 0
    endloop
  endfacet
  facet normal -0 0 -1
    outer loop
      vertex 87.6193 139.906 0
      vertex 68.5763 130.739 0
      vertex 87.7111 140.197 0
    endloop
  endfacet
  facet normal 0 0 -1
    outer loop
      vertex 43.3631 128.533 0
      vertex 33.0642 142.429 0
      vertex 33.2766 142.706 0
    endloop
  endfacet
  facet normal 0 -0 -1
    outer loop
      vertex 33.4641 143 0
      vertex 46.3453 129.769 0
      vertex 33.2766 142.706 0
    endloop
  endfacet
  facet normal 0 -0 -1
    outer loop
      vertex 33.6252 143.309 0
      vertex 46.3453 129.769 0
      vertex 33.4641 143 0
    endloop
  endfacet
  facet normal 0 0 -1
    outer loop
      vertex 65.425 131.438 0
      vertex 88.133 141.007 0
      vertex 87.9689 140.75 0
    endloop
  endfacet
  facet normal 0 0 -1
    outer loop
      vertex 46.3453 129.769 0
      vertex 33.7588 143.632 0
      vertex 33.8637 143.965 0
    endloop
  endfacet
  facet normal 0 0 -1
    outer loop
      vertex 49.4237 130.739 0
      vertex 33.8637 143.965 0
      vertex 33.9392 144.305 0
    endloop
  endfacet
  facet normal -0 0 -1
    outer loop
      vertex 49.4237 130.739 0
      vertex 46.3453 129.769 0
      vertex 33.8637 143.965 0
    endloop
  endfacet
  facet normal 0 0 -1
    outer loop
      vertex 62.2248 131.859 0
      vertex 88.3188 141.25 0
      vertex 65.425 131.438 0
    endloop
  endfacet
  facet normal 0 0 -1
    outer loop
      vertex 33.9392 144.305 0
      vertex 33.9848 144.651 0
      vertex 49.4237 130.739 0
    endloop
  endfacet
  facet normal 0 -0 -1
    outer loop
      vertex 34 145 0
      vertex 49.4237 130.739 0
      vertex 33.9848 144.651 0
    endloop
  endfacet
  facet normal 0 0 -1
    outer loop
      vertex 62.2248 131.859 0
      vertex 94.5836 157.955 0
      vertex 94.5209 157.479 0
    endloop
  endfacet
  facet normal 0 0 -1
    outer loop
      vertex 34 145 0
      vertex 33.9848 145.349 0
      vertex 52.575 131.438 0
    endloop
  endfacet
  facet normal -0 0 -1
    outer loop
      vertex 55.7752 131.859 0
      vertex 52.575 131.438 0
      vertex 33.9392 145.695 0
    endloop
  endfacet
  facet normal 0 0 -1
    outer loop
      vertex 94.5836 157.955 0
      vertex 62.2248 131.859 0
      vertex 59 132 0
    endloop
  endfacet
  facet normal 0 0 -1
    outer loop
      vertex 55.7752 131.859 0
      vertex 33.9392 145.695 0
      vertex 33.8637 146.035 0
    endloop
  endfacet
  facet normal 0 0 -1
    outer loop
      vertex 88.7502 141.681 0
      vertex 94.5209 156.521 0
      vertex 94.5836 156.045 0
    endloop
  endfacet
  facet normal 0 0 -1
    outer loop
      vertex 88.5251 141.475 0
      vertex 94.5209 156.521 0
      vertex 88.7502 141.681 0
    endloop
  endfacet
  facet normal 0 0 -1
    outer loop
      vertex 88.9925 141.867 0
      vertex 94.6874 155.576 0
      vertex 89.25 142.031 0
    endloop
  endfacet
  facet normal 0 0 -1
    outer loop
      vertex 89.8029 142.289 0
      vertex 95.0153 154.676 0
      vertex 90.0941 142.381 0
    endloop
  endfacet
  facet normal 0 -0 -1
    outer loop
      vertex 95.2369 154.25 0
      vertex 95.4947 153.845 0
      vertex 90.3922 142.447 0
    endloop
  endfacet
  facet normal -0 0 -1
    outer loop
      vertex 96.1109 153.111 0
      vertex 91 142.5 0
      vertex 95.7868 153.465 0
    endloop
  endfacet
  facet normal 0 0 -1
    outer loop
      vertex 91 142.5 0
      vertex 96.1109 153.111 0
      vertex 96.4647 152.787 0
    endloop
  endfacet
  facet normal -0 0 -1
    outer loop
      vertex 96.8453 152.495 0
      vertex 91 142.5 0
      vertex 96.4647 152.787 0
    endloop
  endfacet
  facet normal 0 -0 -1
    outer loop
      vertex 97.25 152.237 0
      vertex 97.6756 152.015 0
      vertex 91 142.5 0
    endloop
  endfacet
  facet normal 0 0 -1
    outer loop
      vertex 91 142.5 0
      vertex 97.6756 152.015 0
      vertex 98.1189 151.832 0
    endloop
  endfacet
  facet normal 0 0 -1
    outer loop
      vertex 91 142.5 0
      vertex 98.1189 151.832 0
      vertex 98.5765 151.687 0
    endloop
  endfacet
  facet normal -0 0 -1
    outer loop
      vertex 99.0449 151.584 0
      vertex 91 142.5 0
      vertex 98.5765 151.687 0
    endloop
  endfacet
  facet normal 0 -0 -1
    outer loop
      vertex 99.0449 151.584 0
      vertex 99.5206 151.521 0
      vertex 91 142.5 0
    endloop
  endfacet
  facet normal 0 0 -1
    outer loop
      vertex 91 142.5 0
      vertex 100 151.5 0
      vertex 109 142.5 0
    endloop
  endfacet
  facet normal 0 0 -1
    outer loop
      vertex 110.75 142.031 0
      vertex 110.479 142.172 0
      vertex 105.168 155.119 0
    endloop
  endfacet
  facet normal 0 -0 -1
    outer loop
      vertex 105.5 157 0
      vertex 111.475 141.475 0
      vertex 105.479 156.521 0
    endloop
  endfacet
  facet normal 0 0 -1
    outer loop
      vertex 105.479 157.479 0
      vertex 111.681 141.25 0
      vertex 105.5 157 0
    endloop
  endfacet
  facet normal 0 0 -1
    outer loop
      vertex 112.031 140.75 0
      vertex 111.867 141.007 0
      vertex 134.575 131.438 0
    endloop
  endfacet
  facet normal 0 0 -1
    outer loop
      vertex 131.424 130.739 0
      vertex 112.031 140.75 0
      vertex 134.575 131.438 0
    endloop
  endfacet
  facet normal 0 -0 -1
    outer loop
      vertex 112.381 138.094 0
      vertex 125.363 128.533 0
      vertex 112.289 137.803 0
    endloop
  endfacet
  facet normal -0 0 -1
    outer loop
      vertex 122.5 127.043 0
      vertex 119.778 125.309 0
      vertex 111.681 136.75 0
    endloop
  endfacet
  facet normal 0 0 -1
    outer loop
      vertex 137.775 131.859 0
      vertex 111.681 141.25 0
      vertex 105.479 157.479 0
    endloop
  endfacet
  facet normal -0 0 -1
    outer loop
      vertex 176.584 157.955 0
      vertex 141 132 0
      vertex 176.687 158.423 0
    endloop
  endfacet
  facet normal 0 -0 -1
    outer loop
      vertex 110.479 135.828 0
      vertex 117.217 123.344 0
      vertex 110.197 135.711 0
    endloop
  endfacet
  facet normal 0 0 -1
    outer loop
      vertex 169.5 139 0
      vertex 156.637 128.533 0
      vertex 153.655 129.769 0
    endloop
  endfacet
  facet normal 0 0 -1
    outer loop
      vertex 170.319 141.25 0
      vertex 176.5 157 0
      vertex 170.525 141.475 0
    endloop
  endfacet
  facet normal 0 -0 -1
    outer loop
      vertex 176.5 157 0
      vertex 176.521 156.521 0
      vertex 170.525 141.475 0
    endloop
  endfacet
  facet normal 0 0 -1
    outer loop
      vertex 109 135.5 0
      vertex 104.243 129.243 0
      vertex 103.857 129.596 0
    endloop
  endfacet
  facet normal 0 0 -1
    outer loop
      vertex 170.75 141.681 0
      vertex 176.584 156.045 0
      vertex 170.992 141.867 0
    endloop
  endfacet
  facet normal 0 -0 -1
    outer loop
      vertex 176.584 156.045 0
      vertex 176.687 155.576 0
      vertex 170.992 141.867 0
    endloop
  endfacet
  facet normal 0 0 -1
    outer loop
      vertex 104.141 91.7752 0
      vertex 95.8592 91.7752 0
      vertex 96 95 0
    endloop
  endfacet
  facet normal -0 0 -1
    outer loop
      vertex 100 119 0
      vertex 92.5334 110.637 0
      vertex 99.4771 119.023 0
    endloop
  endfacet
  facet normal 0 0 -1
    outer loop
      vertex 171.25 142.031 0
      vertex 176.832 155.119 0
      vertex 171.521 142.172 0
    endloop
  endfacet
  facet normal 0 0 -1
    outer loop
      vertex 176.832 155.119 0
      vertex 171.803 142.289 0
      vertex 171.521 142.172 0
    endloop
  endfacet
  facet normal 0 0 -1
    outer loop
      vertex 104.141 98.2248 0
      vertex 95.4379 101.425 0
      vertex 104.562 101.425 0
    endloop
  endfacet
  facet normal 0 0 -1
    outer loop
      vertex 92.5334 110.637 0
      vertex 100 119 0
      vertex 93.7686 107.655 0
    endloop
  endfacet
  facet normal 0 -0 -1
    outer loop
      vertex 177.015 154.676 0
      vertex 177.237 154.25 0
      vertex 172.094 142.381 0
    endloop
  endfacet
  facet normal 0 0 -1
    outer loop
      vertex 106.231 107.655 0
      vertex 100 119 0
      vertex 107.467 110.637 0
    endloop
  endfacet
  facet normal 0 -0 -1
    outer loop
      vertex 100 119 0
      vertex 106.231 107.655 0
      vertex 93.7686 107.655 0
    endloop
  endfacet
  facet normal 0 0 -1
    outer loop
      vertex 177.495 153.845 0
      vertex 172.695 142.487 0
      vertex 172.392 142.447 0
    endloop
  endfacet
  facet normal 0 0 -1
    outer loop
      vertex 104 95 0
      vertex 96 95 0
      vertex 104.141 98.2248 0
    endloop
  endfacet
  facet normal 0 -0 -1
    outer loop
      vertex 177.495 153.845 0
      vertex 177.787 153.465 0
      vertex 172.695 142.487 0
    endloop
  endfacet
  facet normal 0 -0 -1
    outer loop
      vertex 169.553 138.392 0
      vertex 169.619 138.094 0
      vertex 156.637 128.533 0
    endloop
  endfacet
  facet normal -0 0 -1
    outer loop
      vertex 169.969 137.25 0
      vertex 159.5 127.043 0
      vertex 169.828 137.521 0
    endloop
  endfacet
  facet normal -0 0 -1
    outer loop
      vertex 169.828 137.521 0
      vertex 159.5 127.043 0
      vertex 169.711 137.803 0
    endloop
  endfacet
  facet normal 0 -0 -1
    outer loop
      vertex 98.4471 119.204 0
      vertex 98.9581 119.091 0
      vertex 92.5334 110.637 0
    endloop
  endfacet
  facet normal 0 0 -1
    outer loop
      vertex 85.163 121.163 0
      vertex 94.0228 124.477 0
      vertex 94.0912 123.958 0
    endloop
  endfacet
  facet normal -0 0 -1
    outer loop
      vertex 179.25 152.237 0
      vertex 173 142.5 0
      vertex 178.845 152.495 0
    endloop
  endfacet
  facet normal -0 0 -1
    outer loop
      vertex 173 142.5 0
      vertex 172.695 142.487 0
      vertex 177.787 153.465 0
    endloop
  endfacet
  facet normal 0 -0 -1
    outer loop
      vertex 169.619 138.094 0
      vertex 169.711 137.803 0
      vertex 156.637 128.533 0
    endloop
  endfacet
  facet normal -0 0 -1
    outer loop
      vertex 169.553 138.392 0
      vertex 156.637 128.533 0
      vertex 169.513 138.695 0
    endloop
  endfacet
  facet normal 0 -0 -1
    outer loop
      vertex 111.007 136.133 0
      vertex 119.778 125.309 0
      vertex 110.75 135.969 0
    endloop
  endfacet
  facet normal 0 0 -1
    outer loop
      vertex 119.778 125.309 0
      vertex 111.25 136.319 0
      vertex 111.475 136.525 0
    endloop
  endfacet
  facet normal 0 0 -1
    outer loop
      vertex 169.619 139.906 0
      vertex 169.553 139.608 0
      vertex 153.655 129.769 0
    endloop
  endfacet
  facet normal 0 0 -1
    outer loop
      vertex 150.576 130.739 0
      vertex 169.619 139.906 0
      vertex 153.655 129.769 0
    endloop
  endfacet
  facet normal 0 0 -1
    outer loop
      vertex 111.867 136.992 0
      vertex 112.031 137.25 0
      vertex 122.5 127.043 0
    endloop
  endfacet
  facet normal 0 0 -1
    outer loop
      vertex 122.5 127.043 0
      vertex 112.172 137.521 0
      vertex 112.289 137.803 0
    endloop
  endfacet
  facet normal 0 0 -1
    outer loop
      vertex 122.5 127.043 0
      vertex 112.031 137.25 0
      vertex 112.172 137.521 0
    endloop
  endfacet
  facet normal -0 0 -1
    outer loop
      vertex 169.711 140.197 0
      vertex 150.576 130.739 0
      vertex 169.828 140.479 0
    endloop
  endfacet
  facet normal -0 0 -1
    outer loop
      vertex 125.363 128.533 0
      vertex 122.5 127.043 0
      vertex 112.289 137.803 0
    endloop
  endfacet
  facet normal 0 0 -1
    outer loop
      vertex 170.133 141.007 0
      vertex 169.969 140.75 0
      vertex 147.425 131.438 0
    endloop
  endfacet
  facet normal 0 0 -1
    outer loop
      vertex 112.447 138.392 0
      vertex 112.487 138.695 0
      vertex 125.363 128.533 0
    endloop
  endfacet
  facet normal 0 0 -1
    outer loop
      vertex 112.031 140.75 0
      vertex 131.424 130.739 0
      vertex 112.172 140.479 0
    endloop
  endfacet
  facet normal 0 0 -1
    outer loop
      vertex 125.363 128.533 0
      vertex 112.487 138.695 0
      vertex 112.5 139 0
    endloop
  endfacet
  facet normal -0 0 -1
    outer loop
      vertex 128.345 129.769 0
      vertex 125.363 128.533 0
      vertex 112.5 139 0
    endloop
  endfacet
  facet normal 0 0 -1
    outer loop
      vertex 112.487 139.305 0
      vertex 128.345 129.769 0
      vertex 112.5 139 0
    endloop
  endfacet
  facet normal 0 0 -1
    outer loop
      vertex 112.447 139.608 0
      vertex 128.345 129.769 0
      vertex 112.487 139.305 0
    endloop
  endfacet
  facet normal 0 0 -1
    outer loop
      vertex 128.345 129.769 0
      vertex 112.381 139.906 0
      vertex 131.424 130.739 0
    endloop
  endfacet
  facet normal -0 0 -1
    outer loop
      vertex 176.521 157.479 0
      vertex 144.225 131.859 0
      vertex 176.584 157.955 0
    endloop
  endfacet
  facet normal 0 0 -1
    outer loop
      vertex 112.172 140.479 0
      vertex 131.424 130.739 0
      vertex 112.289 140.197 0
    endloop
  endfacet
  facet normal 0 0 -1
    outer loop
      vertex 131.424 130.739 0
      vertex 112.381 139.906 0
      vertex 112.289 140.197 0
    endloop
  endfacet
  facet normal 0 0 -1
    outer loop
      vertex 105.416 157.955 0
      vertex 105.313 158.423 0
      vertex 141 132 0
    endloop
  endfacet
  facet normal 0 0 -1
    outer loop
      vertex 170.75 141.681 0
      vertex 176.521 156.521 0
      vertex 176.584 156.045 0
    endloop
  endfacet
  facet normal 0 0 -1
    outer loop
      vertex 170.525 141.475 0
      vertex 176.521 156.521 0
      vertex 170.75 141.681 0
    endloop
  endfacet
  facet normal 0 0 -1
    outer loop
      vertex 170.992 141.867 0
      vertex 176.687 155.576 0
      vertex 171.25 142.031 0
    endloop
  endfacet
  facet normal 0 0 -1
    outer loop
      vertex 171.803 142.289 0
      vertex 177.015 154.676 0
      vertex 172.094 142.381 0
    endloop
  endfacet
  facet normal 0 0 -1
    outer loop
      vertex 172.392 142.447 0
      vertex 177.237 154.25 0
      vertex 177.495 153.845 0
    endloop
  endfacet
  facet normal 0 0 -1
    outer loop
      vertex 172.094 142.381 0
      vertex 177.237 154.25 0
      vertex 172.392 142.447 0
    endloop
  endfacet
  facet normal -0 0 -1
    outer loop
      vertex 178.111 153.111 0
      vertex 173 142.5 0
      vertex 177.787 153.465 0
    endloop
  endfacet
  facet normal 0 -0 -1
    outer loop
      vertex 178.111 153.111 0
      vertex 178.465 152.787 0
      vertex 173 142.5 0
    endloop
  endfacet
  facet normal 0 0 -1
    outer loop
      vertex 173 142.5 0
      vertex 178.465 152.787 0
      vertex 178.845 152.495 0
    endloop
  endfacet
  facet normal -0 0 -1
    outer loop
      vertex 179.676 152.015 0
      vertex 173 142.5 0
      vertex 179.25 152.237 0
    endloop
  endfacet
  facet normal 0 -0 -1
    outer loop
      vertex 179.676 152.015 0
      vertex 180.119 151.832 0
      vertex 173 142.5 0
    endloop
  endfacet
  facet normal 0 0 -1
    outer loop
      vertex 173 142.5 0
      vertex 180.119 151.832 0
      vertex 180.576 151.687 0
    endloop
  endfacet
  facet normal -0 0 -1
    outer loop
      vertex 181.045 151.584 0
      vertex 173 142.5 0
      vertex 180.576 151.687 0
    endloop
  endfacet
  facet normal 0 -0 -1
    outer loop
      vertex 181.045 151.584 0
      vertex 181.521 151.521 0
      vertex 173 142.5 0
    endloop
  endfacet
  facet normal 0 0 -1
    outer loop
      vertex 173 142.5 0
      vertex 182 151.5 0
      vertex 191 142.5 0
    endloop
  endfacet
  facet normal 0 0 -1
    outer loop
      vertex 187.168 155.119 0
      vertex 192.75 142.031 0
      vertex 192.479 142.172 0
    endloop
  endfacet
  facet normal 0 0 -1
    outer loop
      vertex 191.906 142.381 0
      vertex 186.985 154.676 0
      vertex 192.197 142.289 0
    endloop
  endfacet
  facet normal 0 0 -1
    outer loop
      vertex 187.479 156.521 0
      vertex 187.5 157 0
      vertex 193.475 141.475 0
    endloop
  endfacet
  facet normal 0 0 -1
    outer loop
      vertex 187.5 157 0
      vertex 187.479 157.479 0
      vertex 193.681 141.25 0
    endloop
  endfacet
  facet normal 0 0 -1
    outer loop
      vertex 216.575 131.438 0
      vertex 194.031 140.75 0
      vertex 193.867 141.007 0
    endloop
  endfacet
  facet normal -0 0 -1
    outer loop
      vertex 216.575 131.438 0
      vertex 213.424 130.739 0
      vertex 194.031 140.75 0
    endloop
  endfacet
  facet normal 0 0 -1
    outer loop
      vertex 213.424 130.739 0
      vertex 194.289 140.197 0
      vertex 194.172 140.479 0
    endloop
  endfacet
  facet normal 0 0 -1
    outer loop
      vertex 213.424 130.739 0
      vertex 194.381 139.906 0
      vertex 194.289 140.197 0
    endloop
  endfacet
  facet normal 0 0 -1
    outer loop
      vertex 210.345 129.769 0
      vertex 194.447 139.608 0
      vertex 194.381 139.906 0
    endloop
  endfacet
  facet normal -0 0 -1
    outer loop
      vertex 213.424 130.739 0
      vertex 210.345 129.769 0
      vertex 194.381 139.906 0
    endloop
  endfacet
  facet normal 0 0 -1
    outer loop
      vertex 223 132 0
      vertex 187.416 157.955 0
      vertex 187.313 158.423 0
    endloop
  endfacet
  facet normal -0 0 -1
    outer loop
      vertex 210.345 129.769 0
      vertex 207.363 128.533 0
      vertex 194.5 139 0
    endloop
  endfacet
  facet normal 0 -0 -1
    outer loop
      vertex 194.5 139 0
      vertex 207.363 128.533 0
      vertex 194.487 138.695 0
    endloop
  endfacet
  facet normal 0 -0 -1
    outer loop
      vertex 194.381 138.094 0
      vertex 207.363 128.533 0
      vertex 194.289 137.803 0
    endloop
  endfacet
  facet normal 0 -0 -1
    outer loop
      vertex 194.289 137.803 0
      vertex 204.5 127.043 0
      vertex 194.172 137.521 0
    endloop
  endfacet
  facet normal -0 0 -1
    outer loop
      vertex 258.5 157 0
      vertex 229.425 131.438 0
      vertex 258.521 157.479 0
    endloop
  endfacet
  facet normal -0 0 -1
    outer loop
      vertex 258.521 156.521 0
      vertex 229.425 131.438 0
      vertex 258.5 157 0
    endloop
  endfacet
  facet normal 0 -0 -1
    outer loop
      vertex 193.867 136.992 0
      vertex 204.5 127.043 0
      vertex 193.681 136.75 0
    endloop
  endfacet
  facet normal 0 -0 -1
    outer loop
      vertex 193.681 136.75 0
      vertex 201.778 125.309 0
      vertex 193.475 136.525 0
    endloop
  endfacet
  facet normal 0 -0 -1
    outer loop
      vertex 193.475 136.525 0
      vertex 201.778 125.309 0
      vertex 193.25 136.319 0
    endloop
  endfacet
  facet normal 0 0 -1
    outer loop
      vertex 192.479 135.828 0
      vertex 192.75 135.969 0
      vertex 199.217 123.344 0
    endloop
  endfacet
  facet normal 0 -0 -1
    outer loop
      vertex 192.197 135.711 0
      vertex 199.217 123.344 0
      vertex 191.906 135.619 0
    endloop
  endfacet
  facet normal 0 -0 -1
    outer loop
      vertex 191.906 135.619 0
      vertex 199.217 123.344 0
      vertex 191.608 135.553 0
    endloop
  endfacet
  facet normal 0 -0 -1
    outer loop
      vertex 191.608 135.553 0
      vertex 196.837 121.163 0
      vertex 191.305 135.513 0
    endloop
  endfacet
  facet normal 0 0 -1
    outer loop
      vertex 176.739 85.4237 0
      vertex 186.562 88.575 0
      vertex 187.261 85.4237 0
    endloop
  endfacet
  facet normal -0 0 -1
    outer loop
      vertex 186.562 88.575 0
      vertex 176.739 85.4237 0
      vertex 177.438 88.575 0
    endloop
  endfacet
  facet normal 0 0 -1
    outer loop
      vertex 192.691 116.222 0
      vertex 191 135.5 0
      vertex 194.656 118.783 0
    endloop
  endfacet
  facet normal 0 0 -1
    outer loop
      vertex 192.691 116.222 0
      vertex 173 135.5 0
      vertex 191 135.5 0
    endloop
  endfacet
  facet normal 0 0 -1
    outer loop
      vertex 173.043 113.5 0
      vertex 189.467 110.637 0
      vertex 174.533 110.637 0
    endloop
  endfacet
  facet normal 0 0 -1
    outer loop
      vertex 176.739 104.576 0
      vertex 175.769 107.655 0
      vertex 187.261 104.576 0
    endloop
  endfacet
  facet normal 0 0 -1
    outer loop
      vertex 188.231 107.655 0
      vertex 175.769 107.655 0
      vertex 174.533 110.637 0
    endloop
  endfacet
  facet normal 0 0 -1
    outer loop
      vertex 173.043 113.5 0
      vertex 190.957 113.5 0
      vertex 189.467 110.637 0
    endloop
  endfacet
  facet normal 0 0 -1
    outer loop
      vertex 171.309 116.222 0
      vertex 169.344 118.783 0
      vertex 173 135.5 0
    endloop
  endfacet
  facet normal 0 0 -1
    outer loop
      vertex 103 119.804 0
      vertex 103.441 120.085 0
      vertex 108.957 113.5 0
    endloop
  endfacet
  facet normal -0 0 -1
    outer loop
      vertex 117.217 66.6564 0
      vertex 109.608 54.4468 0
      vertex 114.837 68.837 0
    endloop
  endfacet
  facet normal -0 -0 -1
    outer loop
      vertex 26.7234 142.706 0
      vertex 26.9571 113.5 0
      vertex 15.6756 152.015 0
    endloop
  endfacet
  facet normal -0 0 -1
    outer loop
      vertex 35.2169 66.6564 0
      vertex 18.9551 38.4164 0
      vertex 32.837 68.837 0
    endloop
  endfacet
  facet normal -0 -0 -1
    outer loop
      vertex 15.6756 152.015 0
      vertex 26.9571 113.5 0
      vertex 15.25 152.237 0
    endloop
  endfacet
  facet normal 0 0 -1
    outer loop
      vertex 15.25 152.237 0
      vertex 26.9571 113.5 0
      vertex 25.4666 110.637 0
    endloop
  endfacet
  facet normal 0 0 -1
    outer loop
      vertex 14.8453 152.495 0
      vertex 15.25 152.237 0
      vertex 25.4666 110.637 0
    endloop
  endfacet
  facet normal 0 0 -1
    outer loop
      vertex 16.1189 38.1683 0
      vertex 26.9571 76.5 0
      vertex 28.6914 73.7777 0
    endloop
  endfacet
  facet normal 0 0 -1
    outer loop
      vertex 22.5621 101.425 0
      vertex 13.2369 154.25 0
      vertex 13.4947 153.845 0
    endloop
  endfacet
  facet normal 0 0 -1
    outer loop
      vertex 22.1408 98.2248 0
      vertex 13.0153 154.676 0
      vertex 22.5621 101.425 0
    endloop
  endfacet
  facet normal 0 0 -1
    outer loop
      vertex 22.1408 98.2248 0
      vertex 0 178 0
      vertex 13.0153 154.676 0
    endloop
  endfacet
  facet normal 0 0 -1
    outer loop
      vertex 13.4947 36.1547 0
      vertex 23.2607 85.4237 0
      vertex 13.7868 36.5353 0
    endloop
  endfacet
  facet normal -0 0 -1
    outer loop
      vertex 22.1408 98.2248 0
      vertex 22 95 0
      vertex 0 178 0
    endloop
  endfacet
  facet normal 0 0 -1
    outer loop
      vertex 0 178 0
      vertex 22 95 0
      vertex 0 12 0
    endloop
  endfacet
  facet normal 0 0 -1
    outer loop
      vertex 12 0 0
      vertex 17.0449 27.5836 0
      vertex 17.5206 27.5209 0
    endloop
  endfacet
  facet normal 0 0 -1
    outer loop
      vertex 0 12 0
      vertex 12.6874 34.4235 0
      vertex 12.5836 33.9551 0
    endloop
  endfacet
  facet normal -0 0 -1
    outer loop
      vertex 13.7868 29.4647 0
      vertex 0 12 0
      vertex 13.4947 29.8453 0
    endloop
  endfacet
  facet normal 0 0 -1
    outer loop
      vertex 0 12 0
      vertex 22 95 0
      vertex 22.1408 91.7752 0
    endloop
  endfacet
  facet normal 0 0 -1
    outer loop
      vertex 22.5621 101.425 0
      vertex 13.0153 154.676 0
      vertex 13.2369 154.25 0
    endloop
  endfacet
  facet normal -0 0 -1
    outer loop
      vertex 24.2314 107.655 0
      vertex 23.2607 104.576 0
      vertex 13.7868 153.465 0
    endloop
  endfacet
  facet normal -0 -0 -1
    outer loop
      vertex 14.1109 153.111 0
      vertex 24.2314 107.655 0
      vertex 13.7868 153.465 0
    endloop
  endfacet
  facet normal 0 0 -1
    outer loop
      vertex 26.7234 142.706 0
      vertex 28.6914 116.222 0
      vertex 26.9571 113.5 0
    endloop
  endfacet
  facet normal -0 0 -1
    outer loop
      vertex 35.2169 123.344 0
      vertex 32.837 121.163 0
      vertex 28.9647 141.136 0
    endloop
  endfacet
  facet normal 0 0 -1
    outer loop
      vertex 30.3486 141.015 0
      vertex 30.6946 141.061 0
      vertex 37.7777 125.309 0
    endloop
  endfacet
  facet normal 0 0 -1
    outer loop
      vertex 74.6369 128.533 0
      vertex 71.6547 129.769 0
      vertex 87.5 139 0
    endloop
  endfacet
  facet normal 0 0 -1
    outer loop
      vertex 37.7777 125.309 0
      vertex 30.6946 141.061 0
      vertex 31.0353 141.136 0
    endloop
  endfacet
  facet normal 0 0 -1
    outer loop
      vertex 31.3681 141.241 0
      vertex 40.5 127.043 0
      vertex 37.7777 125.309 0
    endloop
  endfacet
  facet normal 0 0 -1
    outer loop
      vertex 31.3681 141.241 0
      vertex 31.6905 141.375 0
      vertex 40.5 127.043 0
    endloop
  endfacet
  facet normal 0 0 -1
    outer loop
      vertex 71.6547 129.769 0
      vertex 87.5532 139.608 0
      vertex 87.5133 139.305 0
    endloop
  endfacet
  facet normal -0 0 -1
    outer loop
      vertex 43.3631 128.533 0
      vertex 40.5 127.043 0
      vertex 32.5712 141.936 0
    endloop
  endfacet
  facet normal 0 -0 -1
    outer loop
      vertex 33.0642 142.429 0
      vertex 43.3631 128.533 0
      vertex 32.8284 142.172 0
    endloop
  endfacet
  facet normal 0 0 -1
    outer loop
      vertex 87.8279 140.479 0
      vertex 87.7111 140.197 0
      vertex 68.5763 130.739 0
    endloop
  endfacet
  facet normal -0 0 -1
    outer loop
      vertex 46.3453 129.769 0
      vertex 43.3631 128.533 0
      vertex 33.2766 142.706 0
    endloop
  endfacet
  facet normal 0 -0 -1
    outer loop
      vertex 33.7588 143.632 0
      vertex 46.3453 129.769 0
      vertex 33.6252 143.309 0
    endloop
  endfacet
  facet normal -0 0 -1
    outer loop
      vertex 88.133 141.007 0
      vertex 65.425 131.438 0
      vertex 88.3188 141.25 0
    endloop
  endfacet
  facet normal 0 0 -1
    outer loop
      vertex 62.2248 131.859 0
      vertex 94.5209 157.479 0
      vertex 88.3188 141.25 0
    endloop
  endfacet
  facet normal 0 0 -1
    outer loop
      vertex 34 145 0
      vertex 52.575 131.438 0
      vertex 49.4237 130.739 0
    endloop
  endfacet
  facet normal 0 0 -1
    outer loop
      vertex 52.575 131.438 0
      vertex 33.9848 145.349 0
      vertex 33.9392 145.695 0
    endloop
  endfacet
  facet normal 0 0 -1
    outer loop
      vertex 87.9689 140.75 0
      vertex 87.8279 140.479 0
      vertex 68.5763 130.739 0
    endloop
  endfacet
  facet normal 0 0 -1
    outer loop
      vertex 87.9689 140.75 0
      vertex 68.5763 130.739 0
      vertex 65.425 131.438 0
    endloop
  endfacet
  facet normal 0 0 -1
    outer loop
      vertex 74.6369 128.533 0
      vertex 87.7111 137.803 0
      vertex 77.5 127.043 0
    endloop
  endfacet
  facet normal 0 0 -1
    outer loop
      vertex 77.5 127.043 0
      vertex 88.133 136.992 0
      vertex 88.3188 136.75 0
    endloop
  endfacet
  facet normal 0 0 -1
    outer loop
      vertex 80.2223 125.309 0
      vertex 88.3188 136.75 0
      vertex 88.5251 136.525 0
    endloop
  endfacet
  facet normal -0 0 -1
    outer loop
      vertex 88.9925 136.133 0
      vertex 80.2223 125.309 0
      vertex 88.7502 136.319 0
    endloop
  endfacet
  facet normal 0 -0 -1
    outer loop
      vertex 88.9925 136.133 0
      vertex 89.25 135.969 0
      vertex 80.2223 125.309 0
    endloop
  endfacet
  facet normal 0 -0 -1
    outer loop
      vertex 89.25 135.969 0
      vertex 89.5208 135.828 0
      vertex 82.7831 123.344 0
    endloop
  endfacet
  facet normal 0 0 -1
    outer loop
      vertex 94.0912 126.042 0
      vertex 94.0228 125.523 0
      vertex 85.163 121.163 0
    endloop
  endfacet
  facet normal 0 -0 -1
    outer loop
      vertex 94.2044 123.447 0
      vertex 94.3618 122.948 0
      vertex 87.3436 118.783 0
    endloop
  endfacet
  facet normal 0 0 -1
    outer loop
      vertex 87.3436 118.783 0
      vertex 94.3618 122.948 0
      vertex 94.5622 122.464 0
    endloop
  endfacet
  facet normal 0 -0 -1
    outer loop
      vertex 97.4643 119.562 0
      vertex 97.9479 119.362 0
      vertex 91.0429 113.5 0
    endloop
  endfacet
  facet normal 0 -0 -1
    outer loop
      vertex 98.9581 119.091 0
      vertex 99.4771 119.023 0
      vertex 92.5334 110.637 0
    endloop
  endfacet
  facet normal -0 0 -1
    outer loop
      vertex 106.231 107.655 0
      vertex 105.261 104.576 0
      vertex 93.7686 107.655 0
    endloop
  endfacet
  facet normal 0 -0 -1
    outer loop
      vertex 95.4379 88.575 0
      vertex 104.562 88.575 0
      vertex 94.7393 85.4237 0
    endloop
  endfacet
  facet normal 0 0 -1
    outer loop
      vertex 109 135.5 0
      vertex 102.536 130.438 0
      vertex 102.052 130.638 0
    endloop
  endfacet
  facet normal 0 0 -1
    outer loop
      vertex 93.7686 82.3453 0
      vertex 94.7393 85.4237 0
      vertex 105.261 85.4237 0
    endloop
  endfacet
  facet normal 0 0 -1
    outer loop
      vertex 92.5334 79.3631 0
      vertex 93.7686 82.3453 0
      vertex 106.231 82.3453 0
    endloop
  endfacet
  facet normal 0 0 -1
    outer loop
      vertex 91.0429 76.5 0
      vertex 92.5334 79.3631 0
      vertex 107.467 79.3631 0
    endloop
  endfacet
  facet normal 0 0 -1
    outer loop
      vertex 159.5 127.043 0
      vertex 169.969 137.25 0
      vertex 170.133 136.992 0
    endloop
  endfacet
  facet normal 0 0 -1
    outer loop
      vertex 170.319 136.75 0
      vertex 162.222 125.309 0
      vertex 159.5 127.043 0
    endloop
  endfacet
  facet normal 0 0 -1
    outer loop
      vertex 162.222 125.309 0
      vertex 170.525 136.525 0
      vertex 170.75 136.319 0
    endloop
  endfacet
  facet normal 0 0 -1
    outer loop
      vertex 89.5208 54.1721 0
      vertex 82.7831 66.6564 0
      vertex 89.8029 54.2889 0
    endloop
  endfacet
  facet normal 0 0 -1
    outer loop
      vertex 162.222 125.309 0
      vertex 171.25 135.969 0
      vertex 164.783 123.344 0
    endloop
  endfacet
  facet normal -0 0 -1
    outer loop
      vertex 171.803 135.711 0
      vertex 164.783 123.344 0
      vertex 171.521 135.828 0
    endloop
  endfacet
  facet normal 0 0 -1
    outer loop
      vertex 87.9689 49.25 0
      vertex 65.425 58.5621 0
      vertex 68.5763 59.2607 0
    endloop
  endfacet
  facet normal 0 0 -1
    outer loop
      vertex 109.906 54.3807 0
      vertex 109.608 54.4468 0
      vertex 117.217 66.6564 0
    endloop
  endfacet
  facet normal 0 0 -1
    outer loop
      vertex 119.778 64.6914 0
      vertex 111.007 53.867 0
      vertex 110.75 54.0311 0
    endloop
  endfacet
  facet normal 0 0 -1
    outer loop
      vertex 112.381 50.0941 0
      vertex 112.447 50.3922 0
      vertex 128.345 60.2314 0
    endloop
  endfacet
  facet normal -0 -0 -1
    outer loop
      vertex 176.5 33 0
      vertex 176.521 32.5206 0
      vertex 170.319 48.7502 0
    endloop
  endfacet
  facet normal 0 -0 -1
    outer loop
      vertex 112.172 49.5208 0
      vertex 131.424 59.2607 0
      vertex 112.031 49.25 0
    endloop
  endfacet
  facet normal -0 0 -1
    outer loop
      vertex 179.676 28.0153 0
      vertex 101.881 27.8317 0
      vertex 102.324 28.0153 0
    endloop
  endfacet
  facet normal 0 0 -1
    outer loop
      vertex 94.5209 32.5206 0
      vertex 88.3188 48.7502 0
      vertex 94.5 33 0
    endloop
  endfacet
  facet normal 0 0 -1
    outer loop
      vertex 177.438 101.425 0
      vertex 186.562 101.425 0
      vertex 186.141 98.2248 0
    endloop
  endfacet
  facet normal 0 0 -1
    outer loop
      vertex 112.031 52.75 0
      vertex 122.5 62.9571 0
      vertex 112.172 52.4792 0
    endloop
  endfacet
  facet normal 0 0 -1
    outer loop
      vertex 88.3188 48.7502 0
      vertex 62.2248 58.1408 0
      vertex 65.425 58.5621 0
    endloop
  endfacet
  facet normal 0 0 -1
    outer loop
      vertex 114.837 68.837 0
      vertex 109.608 54.4468 0
      vertex 109.305 54.4867 0
    endloop
  endfacet
  facet normal 0 0 -1
    outer loop
      vertex 109.305 54.4867 0
      vertex 109 54.5 0
      vertex 114.837 68.837 0
    endloop
  endfacet
  facet normal 0 0 -1
    outer loop
      vertex 87.7111 49.8029 0
      vertex 68.5763 59.2607 0
      vertex 87.6193 50.0941 0
    endloop
  endfacet
  facet normal 0 0 -1
    outer loop
      vertex 91 54.5 0
      vertex 110.691 73.7777 0
      vertex 109 54.5 0
    endloop
  endfacet
  facet normal 0 0 -1
    outer loop
      vertex 87.5532 50.3922 0
      vertex 71.6547 60.2314 0
      vertex 87.5133 50.695 0
    endloop
  endfacet
  facet normal 0 0 -1
    outer loop
      vertex 87.5 51 0
      vertex 74.6369 61.4666 0
      vertex 87.5133 51.305 0
    endloop
  endfacet
  facet normal -0 0 -1
    outer loop
      vertex 90.0941 54.3807 0
      vertex 89.8029 54.2889 0
      vertex 82.7831 66.6564 0
    endloop
  endfacet
  facet normal 0 0 -1
    outer loop
      vertex 74.6369 61.4666 0
      vertex 87.7111 52.1971 0
      vertex 87.6193 51.9059 0
    endloop
  endfacet
  facet normal 0 0 -1
    outer loop
      vertex 110.691 73.7777 0
      vertex 89.3086 73.7777 0
      vertex 108.957 76.5 0
    endloop
  endfacet
  facet normal 0 -0 -1
    outer loop
      vertex 107.467 79.3631 0
      vertex 108.957 76.5 0
      vertex 91.0429 76.5 0
    endloop
  endfacet
  facet normal -0 0 -1
    outer loop
      vertex 108.957 76.5 0
      vertex 89.3086 73.7777 0
      vertex 91.0429 76.5 0
    endloop
  endfacet
  facet normal 0 0 -1
    outer loop
      vertex 107.467 79.3631 0
      vertex 92.5334 79.3631 0
      vertex 106.231 82.3453 0
    endloop
  endfacet
  facet normal 0 0 -1
    outer loop
      vertex 106.231 82.3453 0
      vertex 93.7686 82.3453 0
      vertex 105.261 85.4237 0
    endloop
  endfacet
  facet normal 0 0 -1
    outer loop
      vertex 105.261 85.4237 0
      vertex 94.7393 85.4237 0
      vertex 104.562 88.575 0
    endloop
  endfacet
  facet normal 0 0 -1
    outer loop
      vertex 104.562 88.575 0
      vertex 95.4379 88.575 0
      vertex 104.141 91.7752 0
    endloop
  endfacet
  facet normal -0 0 -1
    outer loop
      vertex 104.141 91.7752 0
      vertex 95.4379 88.575 0
      vertex 95.8592 91.7752 0
    endloop
  endfacet
  facet normal -0 -0 -1
    outer loop
      vertex 104 95 0
      vertex 104.141 91.7752 0
      vertex 96 95 0
    endloop
  endfacet
  facet normal 0 0 -1
    outer loop
      vertex 91 135.5 0
      vertex 97.9479 130.638 0
      vertex 97.4643 130.438 0
    endloop
  endfacet
  facet normal 0 0 -1
    outer loop
      vertex 95.8592 98.2248 0
      vertex 104.141 98.2248 0
      vertex 96 95 0
    endloop
  endfacet
  facet normal 0 0 -1
    outer loop
      vertex 104.141 98.2248 0
      vertex 95.8592 98.2248 0
      vertex 95.4379 101.425 0
    endloop
  endfacet
  facet normal 0 0 -1
    outer loop
      vertex 104.562 101.425 0
      vertex 95.4379 101.425 0
      vertex 94.7393 104.576 0
    endloop
  endfacet
  facet normal -0 0 -1
    outer loop
      vertex 105.261 104.576 0
      vertex 104.562 101.425 0
      vertex 94.7393 104.576 0
    endloop
  endfacet
  facet normal 0 0 -1
    outer loop
      vertex 104.915 128.441 0
      vertex 109 135.5 0
      vertex 105.196 128 0
    endloop
  endfacet
  facet normal 0 0 -1
    outer loop
      vertex 156.637 128.533 0
      vertex 169.5 139 0
      vertex 169.513 138.695 0
    endloop
  endfacet
  facet normal 0 -0 -1
    outer loop
      vertex 109.608 135.553 0
      vertex 109.906 135.619 0
      vertex 105.438 127.536 0
    endloop
  endfacet
  facet normal 0 0 -1
    outer loop
      vertex 110.479 135.828 0
      vertex 110.75 135.969 0
      vertex 117.217 123.344 0
    endloop
  endfacet
  facet normal 0 0 -1
    outer loop
      vertex 117.217 123.344 0
      vertex 110.75 135.969 0
      vertex 119.778 125.309 0
    endloop
  endfacet
  facet normal -0 0 -1
    outer loop
      vertex 169.5 139 0
      vertex 153.655 129.769 0
      vertex 169.513 139.305 0
    endloop
  endfacet
  facet normal 0 0 -1
    outer loop
      vertex 111.007 136.133 0
      vertex 111.25 136.319 0
      vertex 119.778 125.309 0
    endloop
  endfacet
  facet normal -0 0 -1
    outer loop
      vertex 169.513 139.305 0
      vertex 153.655 129.769 0
      vertex 169.553 139.608 0
    endloop
  endfacet
  facet normal 0 0 -1
    outer loop
      vertex 119.778 125.309 0
      vertex 111.475 136.525 0
      vertex 111.681 136.75 0
    endloop
  endfacet
  facet normal 0 -0 -1
    outer loop
      vertex 111.867 136.992 0
      vertex 122.5 127.043 0
      vertex 111.681 136.75 0
    endloop
  endfacet
  facet normal -0 0 -1
    outer loop
      vertex 169.619 139.906 0
      vertex 150.576 130.739 0
      vertex 169.711 140.197 0
    endloop
  endfacet
  facet normal 0 -0 -1
    outer loop
      vertex 112.447 138.392 0
      vertex 125.363 128.533 0
      vertex 112.381 138.094 0
    endloop
  endfacet
  facet normal -0 0 -1
    outer loop
      vertex 170.133 141.007 0
      vertex 147.425 131.438 0
      vertex 170.319 141.25 0
    endloop
  endfacet
  facet normal 0 0 -1
    outer loop
      vertex 144.225 131.859 0
      vertex 176.521 157.479 0
      vertex 170.319 141.25 0
    endloop
  endfacet
  facet normal 0 0 -1
    outer loop
      vertex 112.447 139.608 0
      vertex 112.381 139.906 0
      vertex 128.345 129.769 0
    endloop
  endfacet
  facet normal 0 0 -1
    outer loop
      vertex 141 132 0
      vertex 176.584 157.955 0
      vertex 144.225 131.859 0
    endloop
  endfacet
  facet normal 0 0 -1
    outer loop
      vertex 141 132 0
      vertex 105.313 158.423 0
      vertex 176.687 158.423 0
    endloop
  endfacet
  facet normal 0 0 -1
    outer loop
      vertex 169.969 140.75 0
      vertex 169.828 140.479 0
      vertex 150.576 130.739 0
    endloop
  endfacet
  facet normal 0 0 -1
    outer loop
      vertex 169.969 140.75 0
      vertex 150.576 130.739 0
      vertex 147.425 131.438 0
    endloop
  endfacet
  facet normal 0 0 -1
    outer loop
      vertex 156.637 128.533 0
      vertex 169.711 137.803 0
      vertex 159.5 127.043 0
    endloop
  endfacet
  facet normal 0 0 -1
    outer loop
      vertex 159.5 127.043 0
      vertex 170.133 136.992 0
      vertex 170.319 136.75 0
    endloop
  endfacet
  facet normal 0 0 -1
    outer loop
      vertex 162.222 125.309 0
      vertex 170.319 136.75 0
      vertex 170.525 136.525 0
    endloop
  endfacet
  facet normal -0 0 -1
    outer loop
      vertex 170.992 136.133 0
      vertex 162.222 125.309 0
      vertex 170.75 136.319 0
    endloop
  endfacet
  facet normal 0 -0 -1
    outer loop
      vertex 170.992 136.133 0
      vertex 171.25 135.969 0
      vertex 162.222 125.309 0
    endloop
  endfacet
  facet normal 0 -0 -1
    outer loop
      vertex 171.25 135.969 0
      vertex 171.521 135.828 0
      vertex 164.783 123.344 0
    endloop
  endfacet
  facet normal 0 0 -1
    outer loop
      vertex 164.783 123.344 0
      vertex 171.803 135.711 0
      vertex 172.094 135.619 0
    endloop
  endfacet
  facet normal 0 0 -1
    outer loop
      vertex 167.163 121.163 0
      vertex 164.783 123.344 0
      vertex 172.392 135.553 0
    endloop
  endfacet
  facet normal -0 0 -1
    outer loop
      vertex 172.695 135.513 0
      vertex 167.163 121.163 0
      vertex 172.392 135.553 0
    endloop
  endfacet
  facet normal 0 0 -1
    outer loop
      vertex 173 135.5 0
      vertex 169.344 118.783 0
      vertex 167.163 121.163 0
    endloop
  endfacet
  facet normal 0 0 -1
    outer loop
      vertex 192.691 116.222 0
      vertex 171.309 116.222 0
      vertex 173 135.5 0
    endloop
  endfacet
  facet normal -0 0 -1
    outer loop
      vertex 188.231 107.655 0
      vertex 187.261 104.576 0
      vertex 175.769 107.655 0
    endloop
  endfacet
  facet normal 0 0 -1
    outer loop
      vertex 177.438 88.575 0
      vertex 186.141 91.7752 0
      vertex 186.562 88.575 0
    endloop
  endfacet
  facet normal 0 0 -1
    outer loop
      vertex 196.837 121.163 0
      vertex 191 135.5 0
      vertex 191.305 135.513 0
    endloop
  endfacet
  facet normal 0 0 -1
    outer loop
      vertex 258.832 155.119 0
      vertex 235.655 129.769 0
      vertex 232.576 130.739 0
    endloop
  endfacet
  facet normal 0 -0 -1
    outer loop
      vertex 258.832 155.119 0
      vertex 259.015 154.676 0
      vertex 235.655 129.769 0
    endloop
  endfacet
  facet normal 0 0 -1
    outer loop
      vertex 235.655 129.769 0
      vertex 259.015 154.676 0
      vertex 259.237 154.25 0
    endloop
  endfacet
  facet normal 0 0 -1
    outer loop
      vertex 176.562 67.5357 0
      vertex 169.344 71.2169 0
      vertex 176.804 68 0
    endloop
  endfacet
  facet normal 0 0 -1
    outer loop
      vertex 259.859 98.2248 0
      vertex 259.438 101.425 0
      vertex 268.985 154.676 0
    endloop
  endfacet
  facet normal 0 0 -1
    outer loop
      vertex 176.204 63.4471 0
      vertex 164.783 66.6564 0
      vertex 176.091 63.9581 0
    endloop
  endfacet
  facet normal 0 0 -1
    outer loop
      vertex 169.553 50.3922 0
      vertex 153.655 60.2314 0
      vertex 169.513 50.695 0
    endloop
  endfacet
  facet normal 0 0 -1
    outer loop
      vertex 169.711 49.8029 0
      vertex 150.576 59.2607 0
      vertex 169.619 50.0941 0
    endloop
  endfacet
  facet normal 0 -0 -1
    outer loop
      vertex 185.857 60.4037 0
      vertex 191 54.5 0
      vertex 185.441 60.0851 0
    endloop
  endfacet
  facet normal 0 0 -1
    outer loop
      vertex 192.197 54.2889 0
      vertex 187.638 62.9479 0
      vertex 187.796 63.4471 0
    endloop
  endfacet
  facet normal 0 0 -1
    outer loop
      vertex 186.213 36.5353 0
      vertex 191.305 47.5133 0
      vertex 186.505 36.1547 0
    endloop
  endfacet
  facet normal 0 -0 -1
    outer loop
      vertex 194.172 49.5208 0
      vertex 213.424 59.2607 0
      vertex 194.031 49.25 0
    endloop
  endfacet
  facet normal 0 -0 -1
    outer loop
      vertex 194.031 49.25 0
      vertex 216.575 58.5621 0
      vertex 193.867 48.9925 0
    endloop
  endfacet
  facet normal 0 0 -1
    outer loop
      vertex 192.197 54.2889 0
      vertex 199.217 66.6564 0
      vertex 192.479 54.1721 0
    endloop
  endfacet
  facet normal 0 0 -1
    outer loop
      vertex 111.681 48.7502 0
      vertex 134.575 58.5621 0
      vertex 137.775 58.1408 0
    endloop
  endfacet
  facet normal -0 0 -1
    outer loop
      vertex 176.832 31.1189 0
      vertex 104.985 30.6756 0
      vertex 105.168 31.1189 0
    endloop
  endfacet
  facet normal -0 0 -1
    outer loop
      vertex 259.495 153.845 0
      vertex 238.637 128.533 0
      vertex 259.237 154.25 0
    endloop
  endfacet
  facet normal 0 0 -1
    outer loop
      vertex 176.023 64.4771 0
      vertex 167.163 68.837 0
      vertex 176 65 0
    endloop
  endfacet
  facet normal 0 0 -1
    outer loop
      vertex 207.363 61.4666 0
      vertex 194.487 51.305 0
      vertex 194.447 51.6078 0
    endloop
  endfacet
  facet normal 0 0 -1
    outer loop
      vertex 210.345 60.2314 0
      vertex 194.381 50.0941 0
      vertex 194.447 50.3922 0
    endloop
  endfacet
  facet normal 0 0 -1
    outer loop
      vertex 192.479 54.1721 0
      vertex 199.217 66.6564 0
      vertex 192.75 54.0311 0
    endloop
  endfacet
  facet normal 0 0 -1
    outer loop
      vertex 191 54.5 0
      vertex 186.596 61.1433 0
      vertex 186.915 61.5585 0
    endloop
  endfacet
  facet normal 0 0 -1
    outer loop
      vertex 187.909 66.0419 0
      vertex 196.837 68.837 0
      vertex 187.977 65.5229 0
    endloop
  endfacet
  facet normal 0 -0 -1
    outer loop
      vertex 187.909 63.9581 0
      vertex 199.217 66.6564 0
      vertex 187.796 63.4471 0
    endloop
  endfacet
  facet normal 0 -0 -1
    outer loop
      vertex 192.691 73.7777 0
      vertex 194.656 71.2169 0
      vertex 187.196 68 0
    endloop
  endfacet
  facet normal -0 0 -1
    outer loop
      vertex 173 54.5 0
      vertex 172.695 54.4867 0
      vertex 176.804 62 0
    endloop
  endfacet
  facet normal 0 0 -1
    outer loop
      vertex 190.957 76.5 0
      vertex 185 70.1962 0
      vertex 184.536 70.4378 0
    endloop
  endfacet
  facet normal 0 0 -1
    outer loop
      vertex 170.319 48.7502 0
      vertex 144.225 58.1408 0
      vertex 147.425 58.5621 0
    endloop
  endfacet
  facet normal 0 0 -1
    outer loop
      vertex 182 71 0
      vertex 188.231 82.3453 0
      vertex 189.467 79.3631 0
    endloop
  endfacet
  facet normal -0 0 -1
    outer loop
      vertex 180.447 70.7956 0
      vertex 179.948 70.6382 0
      vertex 174.533 79.3631 0
    endloop
  endfacet
  facet normal 0 0 -1
    outer loop
      vertex 176 65 0
      vertex 167.163 68.837 0
      vertex 176.023 65.5229 0
    endloop
  endfacet
  facet normal 0 0 -1
    outer loop
      vertex 176.804 68 0
      vertex 169.344 71.2169 0
      vertex 171.309 73.7777 0
    endloop
  endfacet
  facet normal 0 0 -1
    outer loop
      vertex 174.533 79.3631 0
      vertex 181.477 70.9772 0
      vertex 180.958 70.9088 0
    endloop
  endfacet
  facet normal 0 -0 -1
    outer loop
      vertex 187.261 85.4237 0
      vertex 188.231 82.3453 0
      vertex 175.769 82.3453 0
    endloop
  endfacet
  facet normal 0 0 -1
    outer loop
      vertex 180.447 70.7956 0
      vertex 174.533 79.3631 0
      vertex 180.958 70.9088 0
    endloop
  endfacet
  facet normal 0 -0 -1
    outer loop
      vertex 176.739 85.4237 0
      vertex 187.261 85.4237 0
      vertex 175.769 82.3453 0
    endloop
  endfacet
  facet normal 0 0 -1
    outer loop
      vertex 177.438 88.575 0
      vertex 177.859 91.7752 0
      vertex 186.141 91.7752 0
    endloop
  endfacet
  facet normal 0 0 -1
    outer loop
      vertex 194.656 118.783 0
      vertex 191 135.5 0
      vertex 196.837 121.163 0
    endloop
  endfacet
  facet normal 0 0 -1
    outer loop
      vertex 177.859 91.7752 0
      vertex 178 95 0
      vertex 186.141 91.7752 0
    endloop
  endfacet
  facet normal 0 0 -1
    outer loop
      vertex 186.141 91.7752 0
      vertex 178 95 0
      vertex 186 95 0
    endloop
  endfacet
  facet normal 0 0 -1
    outer loop
      vertex 178 95 0
      vertex 177.859 98.2248 0
      vertex 186.141 98.2248 0
    endloop
  endfacet
  facet normal 0 0 -1
    outer loop
      vertex 190.957 113.5 0
      vertex 171.309 116.222 0
      vertex 192.691 116.222 0
    endloop
  endfacet
  facet normal 0 0 -1
    outer loop
      vertex 177.859 98.2248 0
      vertex 177.438 101.425 0
      vertex 186.141 98.2248 0
    endloop
  endfacet
  facet normal 0 0 -1
    outer loop
      vertex 190.957 113.5 0
      vertex 173.043 113.5 0
      vertex 171.309 116.222 0
    endloop
  endfacet
  facet normal 0 0 -1
    outer loop
      vertex 177.438 101.425 0
      vertex 176.739 104.576 0
      vertex 186.562 101.425 0
    endloop
  endfacet
  facet normal 0 0 -1
    outer loop
      vertex 174.533 110.637 0
      vertex 189.467 110.637 0
      vertex 188.231 107.655 0
    endloop
  endfacet
  facet normal 0 0 -1
    outer loop
      vertex 186.562 101.425 0
      vertex 176.739 104.576 0
      vertex 187.261 104.576 0
    endloop
  endfacet
  facet normal -0 0 -1
    outer loop
      vertex 258.832 155.119 0
      vertex 232.576 130.739 0
      vertex 258.687 155.576 0
    endloop
  endfacet
  facet normal 0 0 -1
    outer loop
      vertex 199.217 123.344 0
      vertex 192.75 135.969 0
      vertex 201.778 125.309 0
    endloop
  endfacet
  facet normal 0 0 -1
    outer loop
      vertex 201.778 125.309 0
      vertex 193.007 136.133 0
      vertex 193.25 136.319 0
    endloop
  endfacet
  facet normal -0 0 -1
    outer loop
      vertex 258.687 155.576 0
      vertex 232.576 130.739 0
      vertex 258.584 156.045 0
    endloop
  endfacet
  facet normal -0 0 -1
    outer loop
      vertex 258.584 156.045 0
      vertex 232.576 130.739 0
      vertex 258.521 156.521 0
    endloop
  endfacet
  facet normal 0 0 -1
    outer loop
      vertex 229.425 131.438 0
      vertex 258.521 156.521 0
      vertex 232.576 130.739 0
    endloop
  endfacet
  facet normal 0 0 -1
    outer loop
      vertex 201.778 125.309 0
      vertex 193.681 136.75 0
      vertex 204.5 127.043 0
    endloop
  endfacet
  facet normal 0 -0 -1
    outer loop
      vertex 194.031 137.25 0
      vertex 204.5 127.043 0
      vertex 193.867 136.992 0
    endloop
  endfacet
  facet normal 0 0 -1
    outer loop
      vertex 194.289 137.803 0
      vertex 207.363 128.533 0
      vertex 204.5 127.043 0
    endloop
  endfacet
  facet normal -0 0 -1
    outer loop
      vertex 258.521 157.479 0
      vertex 226.225 131.859 0
      vertex 258.584 157.955 0
    endloop
  endfacet
  facet normal 0 -0 -1
    outer loop
      vertex 194.487 138.695 0
      vertex 207.363 128.533 0
      vertex 194.447 138.392 0
    endloop
  endfacet
  facet normal 0 0 -1
    outer loop
      vertex 194.5 139 0
      vertex 194.487 139.305 0
      vertex 210.345 129.769 0
    endloop
  endfacet
  facet normal 0 0 -1
    outer loop
      vertex 258.584 157.955 0
      vertex 226.225 131.859 0
      vertex 223 132 0
    endloop
  endfacet
  facet normal -0 0 -1
    outer loop
      vertex 258.584 157.955 0
      vertex 223 132 0
      vertex 258.687 158.423 0
    endloop
  endfacet
  facet normal 0 0 -1
    outer loop
      vertex 259.237 154.25 0
      vertex 238.637 128.533 0
      vertex 235.655 129.769 0
    endloop
  endfacet
  facet normal 0 -0 -1
    outer loop
      vertex 259.495 153.845 0
      vertex 259.787 153.465 0
      vertex 238.637 128.533 0
    endloop
  endfacet
  facet normal 0 0 -1
    outer loop
      vertex 238.637 128.533 0
      vertex 259.787 153.465 0
      vertex 241.5 127.043 0
    endloop
  endfacet
  facet normal 0 0 -1
    outer loop
      vertex 241.5 127.043 0
      vertex 260.111 153.111 0
      vertex 260.465 152.787 0
    endloop
  endfacet
  facet normal 0 0 -1
    outer loop
      vertex 244.222 125.309 0
      vertex 241.5 127.043 0
      vertex 260.845 152.495 0
    endloop
  endfacet
  facet normal -0 0 -1
    outer loop
      vertex 261.25 152.237 0
      vertex 244.222 125.309 0
      vertex 260.845 152.495 0
    endloop
  endfacet
  facet normal 0 0 -1
    outer loop
      vertex 261.676 152.015 0
      vertex 246.783 123.344 0
      vertex 244.222 125.309 0
    endloop
  endfacet
  facet normal 0 -0 -1
    outer loop
      vertex 262.119 151.832 0
      vertex 262.576 151.687 0
      vertex 246.783 123.344 0
    endloop
  endfacet
  facet normal 0 0 -1
    outer loop
      vertex 246.783 123.344 0
      vertex 263.045 151.584 0
      vertex 249.163 121.163 0
    endloop
  endfacet
  facet normal 0 0 -1
    outer loop
      vertex 249.163 121.163 0
      vertex 263.521 151.521 0
      vertex 264 151.5 0
    endloop
  endfacet
  facet normal 0 0 -1
    outer loop
      vertex 251.344 118.783 0
      vertex 264 151.5 0
      vertex 264.479 151.521 0
    endloop
  endfacet
  facet normal 0 0 -1
    outer loop
      vertex 253.309 116.222 0
      vertex 251.344 118.783 0
      vertex 264.955 151.584 0
    endloop
  endfacet
  facet normal 0 0 -1
    outer loop
      vertex 265.881 151.832 0
      vertex 253.309 116.222 0
      vertex 265.423 151.687 0
    endloop
  endfacet
  facet normal 0 0 -1
    outer loop
      vertex 266.75 152.237 0
      vertex 255.043 113.5 0
      vertex 266.324 152.015 0
    endloop
  endfacet
  facet normal 0 0 -1
    outer loop
      vertex 267.155 152.495 0
      vertex 256.533 110.637 0
      vertex 266.75 152.237 0
    endloop
  endfacet
  facet normal 0 0 -1
    outer loop
      vertex 267.535 152.787 0
      vertex 257.769 107.655 0
      vertex 256.533 110.637 0
    endloop
  endfacet
  facet normal 0 -0 -1
    outer loop
      vertex 267.889 153.111 0
      vertex 268.213 153.465 0
      vertex 257.769 107.655 0
    endloop
  endfacet
  facet normal 0 0 -1
    outer loop
      vertex 257.769 107.655 0
      vertex 268.213 153.465 0
      vertex 258.739 104.576 0
    endloop
  endfacet
  facet normal 0 0 -1
    outer loop
      vertex 258.739 104.576 0
      vertex 268.505 153.845 0
      vertex 259.438 101.425 0
    endloop
  endfacet
  facet normal 0 0 -1
    outer loop
      vertex 259.438 101.425 0
      vertex 268.763 154.25 0
      vertex 268.985 154.676 0
    endloop
  endfacet
  facet normal 0 0 -1
    outer loop
      vertex 259.859 98.2248 0
      vertex 268.985 154.676 0
      vertex 282 178 0
    endloop
  endfacet
  facet normal 0 0 -1
    outer loop
      vertex 260 95 0
      vertex 259.859 98.2248 0
      vertex 282 178 0
    endloop
  endfacet
  facet normal 0 0 -1
    outer loop
      vertex 282 12 0
      vertex 260 95 0
      vertex 282 178 0
    endloop
  endfacet
  facet normal 0 0 -1
    outer loop
      vertex 282 12 0
      vertex 259.859 91.7752 0
      vertex 260 95 0
    endloop
  endfacet
  facet normal 0 0 -1
    outer loop
      vertex 267.889 36.8891 0
      vertex 267.535 37.2132 0
      vertex 257.769 82.3453 0
    endloop
  endfacet
  facet normal 0 0 -1
    outer loop
      vertex 255.277 47.2943 0
      vertex 266.324 37.9847 0
      vertex 255.464 47 0
    endloop
  endfacet
  facet normal 0 0 -1
    outer loop
      vertex 255.939 45.6946 0
      vertex 255.864 46.0353 0
      vertex 264.479 38.4791 0
    endloop
  endfacet
  facet normal 0 0 -1
    outer loop
      vertex 255.064 47.5712 0
      vertex 254.828 47.8284 0
      vertex 253.309 73.7777 0
    endloop
  endfacet
  facet normal 0 0 -1
    outer loop
      vertex 246.783 66.6564 0
      vertex 253.035 48.8637 0
      vertex 252.695 48.9392 0
    endloop
  endfacet
  facet normal 0 0 -1
    outer loop
      vertex 244.222 64.6914 0
      vertex 251.305 48.9392 0
      vertex 250.965 48.8637 0
    endloop
  endfacet
  facet normal 0 0 -1
    outer loop
      vertex 241.5 62.9571 0
      vertex 250 48.4641 0
      vertex 249.706 48.2766 0
    endloop
  endfacet
  facet normal 0 -0 -1
    outer loop
      vertex 238.637 61.4666 0
      vertex 248.723 47.2943 0
      vertex 235.655 60.2314 0
    endloop
  endfacet
  facet normal 0 -0 -1
    outer loop
      vertex 235.655 60.2314 0
      vertex 248.136 46.0353 0
      vertex 232.576 59.2607 0
    endloop
  endfacet
  facet normal 0 0 -1
    outer loop
      vertex 232.576 59.2607 0
      vertex 248.061 45.6946 0
      vertex 248.015 45.3486 0
    endloop
  endfacet
  facet normal 0 0 -1
    outer loop
      vertex 229.425 58.5621 0
      vertex 248 45 0
      vertex 248.015 44.6514 0
    endloop
  endfacet
  facet normal 0 0 -1
    outer loop
      vertex 226.225 58.1408 0
      vertex 248.061 44.3054 0
      vertex 248.136 43.9647 0
    endloop
  endfacet
  facet normal 0 0 -1
    outer loop
      vertex 248.375 43.3095 0
      vertex 226.225 58.1408 0
      vertex 248.241 43.6319 0
    endloop
  endfacet
  facet normal 0 0 -1
    outer loop
      vertex 248.723 42.7057 0
      vertex 223 58 0
      vertex 248.536 43 0
    endloop
  endfacet
  facet normal 0 0 -1
    outer loop
      vertex 186.985 35.3244 0
      vertex 192.197 47.7111 0
      vertex 187.168 34.8811 0
    endloop
  endfacet
  facet normal 0 0 -1
    outer loop
      vertex 186.505 36.1547 0
      vertex 191.608 47.5532 0
      vertex 186.763 35.75 0
    endloop
  endfacet
  facet normal -0 0 -1
    outer loop
      vertex 98.4471 119.204 0
      vertex 92.5334 110.637 0
      vertex 97.9479 119.362 0
    endloop
  endfacet
  facet normal 0 0 -1
    outer loop
      vertex 97.9479 119.362 0
      vertex 92.5334 110.637 0
      vertex 91.0429 113.5 0
    endloop
  endfacet
  facet normal -0 0 -1
    outer loop
      vertex 97.4643 119.562 0
      vertex 91.0429 113.5 0
      vertex 97 119.804 0
    endloop
  endfacet
  facet normal -0 0 -1
    outer loop
      vertex 97 119.804 0
      vertex 91.0429 113.5 0
      vertex 96.5585 120.085 0
    endloop
  endfacet
  facet normal -0 0 -1
    outer loop
      vertex 96.5585 120.085 0
      vertex 91.0429 113.5 0
      vertex 96.1433 120.404 0
    endloop
  endfacet
  facet normal 0 0 -1
    outer loop
      vertex 96.1433 120.404 0
      vertex 91.0429 113.5 0
      vertex 89.3086 116.222 0
    endloop
  endfacet
  facet normal 0 -0 -1
    outer loop
      vertex 95.7574 120.757 0
      vertex 96.1433 120.404 0
      vertex 89.3086 116.222 0
    endloop
  endfacet
  facet normal 0 -0 -1
    outer loop
      vertex 95.4037 121.143 0
      vertex 95.7574 120.757 0
      vertex 89.3086 116.222 0
    endloop
  endfacet
  facet normal 0 -0 -1
    outer loop
      vertex 95.0851 121.558 0
      vertex 95.4037 121.143 0
      vertex 89.3086 116.222 0
    endloop
  endfacet
  facet normal 0 -0 -1
    outer loop
      vertex 94.8038 122 0
      vertex 95.0851 121.558 0
      vertex 89.3086 116.222 0
    endloop
  endfacet
  facet normal 0 0 -1
    outer loop
      vertex 82.7831 123.344 0
      vertex 94.0912 126.042 0
      vertex 85.163 121.163 0
    endloop
  endfacet
  facet normal 0 0 -1
    outer loop
      vertex 89.3086 116.222 0
      vertex 87.3436 118.783 0
      vertex 94.8038 122 0
    endloop
  endfacet
  facet normal 0 0 -1
    outer loop
      vertex 94.0228 125.523 0
      vertex 94 125 0
      vertex 85.163 121.163 0
    endloop
  endfacet
  facet normal -0 0 -1
    outer loop
      vertex 94.8038 122 0
      vertex 87.3436 118.783 0
      vertex 94.5622 122.464 0
    endloop
  endfacet
  facet normal 0 -0 -1
    outer loop
      vertex 94.0912 123.958 0
      vertex 94.2044 123.447 0
      vertex 87.3436 118.783 0
    endloop
  endfacet
  facet normal 0 0 -1
    outer loop
      vertex 85.163 121.163 0
      vertex 94.0912 123.958 0
      vertex 87.3436 118.783 0
    endloop
  endfacet
  facet normal 0 -0 -1
    outer loop
      vertex 94 125 0
      vertex 94.0228 124.477 0
      vertex 85.163 121.163 0
    endloop
  endfacet
  facet normal -0 0 -1
    outer loop
      vertex 94.0912 126.042 0
      vertex 82.7831 123.344 0
      vertex 94.2044 126.553 0
    endloop
  endfacet
  facet normal -0 0 -1
    outer loop
      vertex 94.2044 126.553 0
      vertex 82.7831 123.344 0
      vertex 89.8029 135.711 0
    endloop
  endfacet
  facet normal -0 0 -1
    outer loop
      vertex 94.3618 127.052 0
      vertex 94.2044 126.553 0
      vertex 89.8029 135.711 0
    endloop
  endfacet
  facet normal -0 -0 -1
    outer loop
      vertex 90.0941 135.619 0
      vertex 94.3618 127.052 0
      vertex 89.8029 135.711 0
    endloop
  endfacet
  facet normal 0 0 -1
    outer loop
      vertex 90.0941 135.619 0
      vertex 94.5622 127.536 0
      vertex 94.3618 127.052 0
    endloop
  endfacet
  facet normal 0 0 -1
    outer loop
      vertex 90.0941 135.619 0
      vertex 90.3922 135.553 0
      vertex 94.5622 127.536 0
    endloop
  endfacet
  facet normal 0 0 -1
    outer loop
      vertex 94.5622 127.536 0
      vertex 90.3922 135.553 0
      vertex 90.695 135.513 0
    endloop
  endfacet
  facet normal -0 0 -1
    outer loop
      vertex 94.8038 128 0
      vertex 94.5622 127.536 0
      vertex 90.695 135.513 0
    endloop
  endfacet
  facet normal -0 -0 -1
    outer loop
      vertex 91 135.5 0
      vertex 94.8038 128 0
      vertex 90.695 135.513 0
    endloop
  endfacet
  facet normal 0 0 -1
    outer loop
      vertex 91 135.5 0
      vertex 95.0851 128.441 0
      vertex 94.8038 128 0
    endloop
  endfacet
  facet normal 0 0 -1
    outer loop
      vertex 91 135.5 0
      vertex 95.4037 128.857 0
      vertex 95.0851 128.441 0
    endloop
  endfacet
  facet normal 0 0 -1
    outer loop
      vertex 91 135.5 0
      vertex 95.7574 129.243 0
      vertex 95.4037 128.857 0
    endloop
  endfacet
  facet normal 0 0 -1
    outer loop
      vertex 91 135.5 0
      vertex 96.1433 129.596 0
      vertex 95.7574 129.243 0
    endloop
  endfacet
  facet normal 0 0 -1
    outer loop
      vertex 91 135.5 0
      vertex 96.5585 129.915 0
      vertex 96.1433 129.596 0
    endloop
  endfacet
  facet normal 0 0 -1
    outer loop
      vertex 91 135.5 0
      vertex 97 130.196 0
      vertex 96.5585 129.915 0
    endloop
  endfacet
  facet normal 0 0 -1
    outer loop
      vertex 91 135.5 0
      vertex 97.4643 130.438 0
      vertex 97 130.196 0
    endloop
  endfacet
  facet normal 0 0 -1
    outer loop
      vertex 97.9479 130.638 0
      vertex 91 135.5 0
      vertex 98.4471 130.796 0
    endloop
  endfacet
  facet normal 0 0 -1
    outer loop
      vertex 98.4471 130.796 0
      vertex 91 135.5 0
      vertex 98.9581 130.909 0
    endloop
  endfacet
  facet normal 0 0 -1
    outer loop
      vertex 98.9581 130.909 0
      vertex 91 135.5 0
      vertex 99.4771 130.977 0
    endloop
  endfacet
  facet normal 0 0 -1
    outer loop
      vertex 99.4771 130.977 0
      vertex 91 135.5 0
      vertex 100 131 0
    endloop
  endfacet
  facet normal 0 0 -1
    outer loop
      vertex 100 131 0
      vertex 91 135.5 0
      vertex 109 135.5 0
    endloop
  endfacet
  facet normal 0 0 -1
    outer loop
      vertex 100.523 130.977 0
      vertex 100 131 0
      vertex 109 135.5 0
    endloop
  endfacet
  facet normal 0 0 -1
    outer loop
      vertex 101.042 130.909 0
      vertex 100.523 130.977 0
      vertex 109 135.5 0
    endloop
  endfacet
  facet normal 0 0 -1
    outer loop
      vertex 101.553 130.796 0
      vertex 101.042 130.909 0
      vertex 109 135.5 0
    endloop
  endfacet
  facet normal 0 0 -1
    outer loop
      vertex 102.052 130.638 0
      vertex 101.553 130.796 0
      vertex 109 135.5 0
    endloop
  endfacet
  facet normal 0 0 -1
    outer loop
      vertex 102.536 130.438 0
      vertex 109 135.5 0
      vertex 103 130.196 0
    endloop
  endfacet
  facet normal 0 0 -1
    outer loop
      vertex 103 130.196 0
      vertex 109 135.5 0
      vertex 103.441 129.915 0
    endloop
  endfacet
  facet normal 0 0 -1
    outer loop
      vertex 103.441 129.915 0
      vertex 109 135.5 0
      vertex 103.857 129.596 0
    endloop
  endfacet
  facet normal 0 0 -1
    outer loop
      vertex 105.196 128 0
      vertex 109 135.5 0
      vertex 109.305 135.513 0
    endloop
  endfacet
  facet normal 0 0 -1
    outer loop
      vertex 104.915 128.441 0
      vertex 104.596 128.857 0
      vertex 109 135.5 0
    endloop
  endfacet
  facet normal 0 0 -1
    outer loop
      vertex 105.196 128 0
      vertex 109.305 135.513 0
      vertex 105.438 127.536 0
    endloop
  endfacet
  facet normal 0 0 -1
    outer loop
      vertex 105.638 127.052 0
      vertex 105.438 127.536 0
      vertex 109.906 135.619 0
    endloop
  endfacet
  facet normal 0 0 -1
    outer loop
      vertex 105.438 127.536 0
      vertex 109.305 135.513 0
      vertex 109.608 135.553 0
    endloop
  endfacet
  facet normal 0 0 -1
    outer loop
      vertex 105.638 127.052 0
      vertex 109.906 135.619 0
      vertex 110.197 135.711 0
    endloop
  endfacet
  facet normal 0 0 -1
    outer loop
      vertex 105.796 126.553 0
      vertex 105.638 127.052 0
      vertex 110.197 135.711 0
    endloop
  endfacet
  facet normal 0 0 -1
    outer loop
      vertex 117.217 123.344 0
      vertex 105.909 126.042 0
      vertex 105.796 126.553 0
    endloop
  endfacet
  facet normal 0 0 -1
    outer loop
      vertex 117.217 123.344 0
      vertex 105.796 126.553 0
      vertex 110.197 135.711 0
    endloop
  endfacet
  facet normal 0 0 -1
    outer loop
      vertex 114.837 121.163 0
      vertex 105.909 126.042 0
      vertex 117.217 123.344 0
    endloop
  endfacet
  facet normal 0 0 -1
    outer loop
      vertex 114.837 121.163 0
      vertex 105.977 125.523 0
      vertex 105.909 126.042 0
    endloop
  endfacet
  facet normal 0 0 -1
    outer loop
      vertex 114.837 121.163 0
      vertex 106 125 0
      vertex 105.977 125.523 0
    endloop
  endfacet
  facet normal 0 0 -1
    outer loop
      vertex 114.837 121.163 0
      vertex 105.977 124.477 0
      vertex 106 125 0
    endloop
  endfacet
  facet normal 0 0 -1
    outer loop
      vertex 114.837 121.163 0
      vertex 105.909 123.958 0
      vertex 105.977 124.477 0
    endloop
  endfacet
  facet normal -0 0 -1
    outer loop
      vertex 114.837 121.163 0
      vertex 112.656 118.783 0
      vertex 105.909 123.958 0
    endloop
  endfacet
  facet normal 0 -0 -1
    outer loop
      vertex 105.909 123.958 0
      vertex 112.656 118.783 0
      vertex 105.796 123.447 0
    endloop
  endfacet
  facet normal 0 -0 -1
    outer loop
      vertex 105.796 123.447 0
      vertex 112.656 118.783 0
      vertex 105.638 122.948 0
    endloop
  endfacet
  facet normal 0 -0 -1
    outer loop
      vertex 105.638 122.948 0
      vertex 112.656 118.783 0
      vertex 105.438 122.464 0
    endloop
  endfacet
  facet normal -0 0 -1
    outer loop
      vertex 112.656 118.783 0
      vertex 110.691 116.222 0
      vertex 105.196 122 0
    endloop
  endfacet
  facet normal 0 -0 -1
    outer loop
      vertex 105.196 122 0
      vertex 110.691 116.222 0
      vertex 104.915 121.558 0
    endloop
  endfacet
  facet normal 0 -0 -1
    outer loop
      vertex 104.915 121.558 0
      vertex 110.691 116.222 0
      vertex 104.596 121.143 0
    endloop
  endfacet
  facet normal 0 -0 -1
    outer loop
      vertex 104.596 121.143 0
      vertex 110.691 116.222 0
      vertex 104.243 120.757 0
    endloop
  endfacet
  facet normal 0 -0 -1
    outer loop
      vertex 104.243 120.757 0
      vertex 110.691 116.222 0
      vertex 103.857 120.404 0
    endloop
  endfacet
  facet normal 0 0 -1
    outer loop
      vertex 103.857 120.404 0
      vertex 110.691 116.222 0
      vertex 108.957 113.5 0
    endloop
  endfacet
  facet normal 0 0 -1
    outer loop
      vertex 103.441 120.085 0
      vertex 103.857 120.404 0
      vertex 108.957 113.5 0
    endloop
  endfacet
  facet normal 0 -0 -1
    outer loop
      vertex 103 119.804 0
      vertex 108.957 113.5 0
      vertex 102.536 119.562 0
    endloop
  endfacet
  facet normal 0 -0 -1
    outer loop
      vertex 102.536 119.562 0
      vertex 108.957 113.5 0
      vertex 102.052 119.362 0
    endloop
  endfacet
  facet normal 0 0 -1
    outer loop
      vertex 102.052 119.362 0
      vertex 108.957 113.5 0
      vertex 107.467 110.637 0
    endloop
  endfacet
  facet normal 0 0 -1
    outer loop
      vertex 101.553 119.204 0
      vertex 102.052 119.362 0
      vertex 107.467 110.637 0
    endloop
  endfacet
  facet normal 0 0 -1
    outer loop
      vertex 101.042 119.091 0
      vertex 101.553 119.204 0
      vertex 107.467 110.637 0
    endloop
  endfacet
  facet normal 0 0 -1
    outer loop
      vertex 100 119 0
      vertex 100.523 119.023 0
      vertex 107.467 110.637 0
    endloop
  endfacet
  facet normal 0 0 -1
    outer loop
      vertex 100.523 119.023 0
      vertex 101.042 119.091 0
      vertex 107.467 110.637 0
    endloop
  endfacet
  facet normal 0 0 -1
    outer loop
      vertex 173 54.5 0
      vertex 179 59.8038 0
      vertex 179.464 59.5622 0
    endloop
  endfacet
  facet normal 0 0 -1
    outer loop
      vertex 191 54.5 0
      vertex 183.042 59.0912 0
      vertex 183.553 59.2044 0
    endloop
  endfacet
  facet normal 0 0 -1
    outer loop
      vertex 173 54.5 0
      vertex 177.404 61.1433 0
      vertex 177.757 60.7574 0
    endloop
  endfacet
  facet normal 0 0 -1
    outer loop
      vertex 105.5 33 0
      vertex 105.479 33.4794 0
      vertex 111.475 48.5251 0
    endloop
  endfacet
  facet normal 0 0 -1
    outer loop
      vertex 105.416 33.9551 0
      vertex 111.007 48.133 0
      vertex 111.25 48.3188 0
    endloop
  endfacet
  facet normal 0 -0 -1
    outer loop
      vertex 177.085 61.5585 0
      vertex 177.404 61.1433 0
      vertex 173 54.5 0
    endloop
  endfacet
  facet normal 0 0 -1
    outer loop
      vertex 176.562 62.4643 0
      vertex 172.392 54.4468 0
      vertex 172.094 54.3807 0
    endloop
  endfacet
  facet normal 0 0 -1
    outer loop
      vertex 169.828 49.5208 0
      vertex 150.576 59.2607 0
      vertex 169.711 49.8029 0
    endloop
  endfacet
  facet normal 0 0 -1
    outer loop
      vertex 171.803 54.2889 0
      vertex 164.783 66.6564 0
      vertex 176.204 63.4471 0
    endloop
  endfacet
  facet normal -0 0 -1
    outer loop
      vertex 171.803 54.2889 0
      vertex 171.521 54.1721 0
      vertex 164.783 66.6564 0
    endloop
  endfacet
  facet normal 0 0 -1
    outer loop
      vertex 162.222 64.6914 0
      vertex 171.25 54.0311 0
      vertex 170.992 53.867 0
    endloop
  endfacet
  facet normal 0 0 -1
    outer loop
      vertex 170.75 53.6812 0
      vertex 162.222 64.6914 0
      vertex 170.992 53.867 0
    endloop
  endfacet
  facet normal 0 0 -1
    outer loop
      vertex 169.5 51 0
      vertex 156.637 61.4666 0
      vertex 169.513 51.305 0
    endloop
  endfacet
  facet normal -0 0 -1
    outer loop
      vertex 169.828 52.4792 0
      vertex 169.711 52.1971 0
      vertex 159.5 62.9571 0
    endloop
  endfacet
  facet normal 0 0 -1
    outer loop
      vertex 171.25 54.0311 0
      vertex 164.783 66.6564 0
      vertex 171.521 54.1721 0
    endloop
  endfacet
  facet normal 0 0 -1
    outer loop
      vertex 164.783 66.6564 0
      vertex 167.163 68.837 0
      vertex 176.091 63.9581 0
    endloop
  endfacet
  facet normal 0 0 -1
    outer loop
      vertex 176.091 63.9581 0
      vertex 167.163 68.837 0
      vertex 176.023 64.4771 0
    endloop
  endfacet
  facet normal 0 0 -1
    outer loop
      vertex 176.023 65.5229 0
      vertex 167.163 68.837 0
      vertex 176.091 66.0419 0
    endloop
  endfacet
  facet normal 0 0 -1
    outer loop
      vertex 176.091 66.0419 0
      vertex 167.163 68.837 0
      vertex 169.344 71.2169 0
    endloop
  endfacet
  facet normal -0 0 -1
    outer loop
      vertex 176.204 66.5529 0
      vertex 176.091 66.0419 0
      vertex 169.344 71.2169 0
    endloop
  endfacet
  facet normal -0 0 -1
    outer loop
      vertex 176.362 67.0521 0
      vertex 176.204 66.5529 0
      vertex 169.344 71.2169 0
    endloop
  endfacet
  facet normal -0 0 -1
    outer loop
      vertex 176.562 67.5357 0
      vertex 176.362 67.0521 0
      vertex 169.344 71.2169 0
    endloop
  endfacet
  facet normal -0 0 -1
    outer loop
      vertex 179.464 70.4378 0
      vertex 179 70.1962 0
      vertex 173.043 76.5 0
    endloop
  endfacet
  facet normal -0 0 -1
    outer loop
      vertex 177.085 68.4415 0
      vertex 176.804 68 0
      vertex 171.309 73.7777 0
    endloop
  endfacet
  facet normal -0 0 -1
    outer loop
      vertex 177.404 68.8567 0
      vertex 177.085 68.4415 0
      vertex 171.309 73.7777 0
    endloop
  endfacet
  facet normal -0 0 -1
    outer loop
      vertex 177.757 69.2426 0
      vertex 177.404 68.8567 0
      vertex 171.309 73.7777 0
    endloop
  endfacet
  facet normal -0 0 -1
    outer loop
      vertex 178.143 69.5963 0
      vertex 177.757 69.2426 0
      vertex 171.309 73.7777 0
    endloop
  endfacet
  facet normal 0 -0 -1
    outer loop
      vertex 173.043 76.5 0
      vertex 178.143 69.5963 0
      vertex 171.309 73.7777 0
    endloop
  endfacet
  facet normal 0 0 -1
    outer loop
      vertex 173.043 76.5 0
      vertex 178.558 69.9149 0
      vertex 178.143 69.5963 0
    endloop
  endfacet
  facet normal 0 0 -1
    outer loop
      vertex 173.043 76.5 0
      vertex 179 70.1962 0
      vertex 178.558 69.9149 0
    endloop
  endfacet
  facet normal -0 0 -1
    outer loop
      vertex 179.948 70.6382 0
      vertex 179.464 70.4378 0
      vertex 173.043 76.5 0
    endloop
  endfacet
  facet normal 0 -0 -1
    outer loop
      vertex 174.533 79.3631 0
      vertex 179.948 70.6382 0
      vertex 173.043 76.5 0
    endloop
  endfacet
  facet normal 0 0 -1
    outer loop
      vertex 174.533 79.3631 0
      vertex 182 71 0
      vertex 181.477 70.9772 0
    endloop
  endfacet
  facet normal 0 0 -1
    outer loop
      vertex 174.533 79.3631 0
      vertex 175.769 82.3453 0
      vertex 182 71 0
    endloop
  endfacet
  facet normal 0 0 -1
    outer loop
      vertex 182 71 0
      vertex 175.769 82.3453 0
      vertex 188.231 82.3453 0
    endloop
  endfacet
  facet normal 0 0 -1
    outer loop
      vertex 182.523 70.9772 0
      vertex 182 71 0
      vertex 189.467 79.3631 0
    endloop
  endfacet
  facet normal 0 0 -1
    outer loop
      vertex 183.042 70.9088 0
      vertex 182.523 70.9772 0
      vertex 189.467 79.3631 0
    endloop
  endfacet
  facet normal 0 0 -1
    outer loop
      vertex 183.553 70.7956 0
      vertex 183.042 70.9088 0
      vertex 189.467 79.3631 0
    endloop
  endfacet
  facet normal 0 0 -1
    outer loop
      vertex 189.467 79.3631 0
      vertex 184.052 70.6382 0
      vertex 183.553 70.7956 0
    endloop
  endfacet
  facet normal 0 -0 -1
    outer loop
      vertex 189.467 79.3631 0
      vertex 190.957 76.5 0
      vertex 184.052 70.6382 0
    endloop
  endfacet
  facet normal 0 0 -1
    outer loop
      vertex 184.052 70.6382 0
      vertex 190.957 76.5 0
      vertex 184.536 70.4378 0
    endloop
  endfacet
  facet normal 0 0 -1
    outer loop
      vertex 190.957 76.5 0
      vertex 185.441 69.9149 0
      vertex 185 70.1962 0
    endloop
  endfacet
  facet normal 0 0 -1
    outer loop
      vertex 190.957 76.5 0
      vertex 185.857 69.5963 0
      vertex 185.441 69.9149 0
    endloop
  endfacet
  facet normal 0 -0 -1
    outer loop
      vertex 190.957 76.5 0
      vertex 192.691 73.7777 0
      vertex 185.857 69.5963 0
    endloop
  endfacet
  facet normal 0 0 -1
    outer loop
      vertex 185.857 69.5963 0
      vertex 192.691 73.7777 0
      vertex 186.243 69.2426 0
    endloop
  endfacet
  facet normal 0 0 -1
    outer loop
      vertex 186.243 69.2426 0
      vertex 192.691 73.7777 0
      vertex 186.596 68.8567 0
    endloop
  endfacet
  facet normal 0 0 -1
    outer loop
      vertex 186.596 68.8567 0
      vertex 192.691 73.7777 0
      vertex 186.915 68.4415 0
    endloop
  endfacet
  facet normal 0 0 -1
    outer loop
      vertex 186.915 68.4415 0
      vertex 192.691 73.7777 0
      vertex 187.196 68 0
    endloop
  endfacet
  facet normal 0 0 -1
    outer loop
      vertex 187.196 68 0
      vertex 194.656 71.2169 0
      vertex 187.438 67.5357 0
    endloop
  endfacet
  facet normal 0 0 -1
    outer loop
      vertex 187.438 67.5357 0
      vertex 194.656 71.2169 0
      vertex 187.638 67.0521 0
    endloop
  endfacet
  facet normal 0 0 -1
    outer loop
      vertex 187.638 67.0521 0
      vertex 194.656 71.2169 0
      vertex 187.796 66.5529 0
    endloop
  endfacet
  facet normal 0 0 -1
    outer loop
      vertex 187.796 66.5529 0
      vertex 194.656 71.2169 0
      vertex 187.909 66.0419 0
    endloop
  endfacet
  facet normal 0 0 -1
    outer loop
      vertex 187.909 66.0419 0
      vertex 194.656 71.2169 0
      vertex 196.837 68.837 0
    endloop
  endfacet
  facet normal 0 0 -1
    outer loop
      vertex 187.977 65.5229 0
      vertex 196.837 68.837 0
      vertex 188 65 0
    endloop
  endfacet
  facet normal 0 -0 -1
    outer loop
      vertex 188 65 0
      vertex 196.837 68.837 0
      vertex 187.977 64.4771 0
    endloop
  endfacet
  facet normal 0 -0 -1
    outer loop
      vertex 187.977 64.4771 0
      vertex 196.837 68.837 0
      vertex 187.909 63.9581 0
    endloop
  endfacet
  facet normal 0 0 -1
    outer loop
      vertex 187.909 63.9581 0
      vertex 196.837 68.837 0
      vertex 199.217 66.6564 0
    endloop
  endfacet
  facet normal 0 0 -1
    outer loop
      vertex 191.906 54.3807 0
      vertex 187.438 62.4643 0
      vertex 187.638 62.9479 0
    endloop
  endfacet
  facet normal 0 0 -1
    outer loop
      vertex 191.305 54.4867 0
      vertex 187.196 62 0
      vertex 187.438 62.4643 0
    endloop
  endfacet
  facet normal 0 0 -1
    outer loop
      vertex 191.608 54.4468 0
      vertex 191.305 54.4867 0
      vertex 187.438 62.4643 0
    endloop
  endfacet
  facet normal 0 0 -1
    outer loop
      vertex 187.196 62 0
      vertex 191.305 54.4867 0
      vertex 191 54.5 0
    endloop
  endfacet
  facet normal 0 0 -1
    outer loop
      vertex 191 54.5 0
      vertex 186.243 60.7574 0
      vertex 186.596 61.1433 0
    endloop
  endfacet
  facet normal 0 0 -1
    outer loop
      vertex 191.608 54.4468 0
      vertex 187.438 62.4643 0
      vertex 191.906 54.3807 0
    endloop
  endfacet
  facet normal 0 -0 -1
    outer loop
      vertex 186.243 60.7574 0
      vertex 191 54.5 0
      vertex 185.857 60.4037 0
    endloop
  endfacet
  facet normal 0 0 -1
    outer loop
      vertex 187.638 62.9479 0
      vertex 192.197 54.2889 0
      vertex 191.906 54.3807 0
    endloop
  endfacet
  facet normal 0 -0 -1
    outer loop
      vertex 185.441 60.0851 0
      vertex 191 54.5 0
      vertex 185 59.8038 0
    endloop
  endfacet
  facet normal 0 -0 -1
    outer loop
      vertex 185 59.8038 0
      vertex 191 54.5 0
      vertex 184.536 59.5622 0
    endloop
  endfacet
  facet normal 0 -0 -1
    outer loop
      vertex 184.536 59.5622 0
      vertex 191 54.5 0
      vertex 184.052 59.3618 0
    endloop
  endfacet
  facet normal 0 -0 -1
    outer loop
      vertex 184.052 59.3618 0
      vertex 191 54.5 0
      vertex 183.553 59.2044 0
    endloop
  endfacet
  facet normal 0 0 -1
    outer loop
      vertex 193.007 53.867 0
      vertex 192.75 54.0311 0
      vertex 201.778 64.6914 0
    endloop
  endfacet
  facet normal 0 -0 -1
    outer loop
      vertex 183.042 59.0912 0
      vertex 191 54.5 0
      vertex 182.523 59.0228 0
    endloop
  endfacet
  facet normal 0 0 -1
    outer loop
      vertex 194.172 52.4792 0
      vertex 194.031 52.75 0
      vertex 204.5 62.9571 0
    endloop
  endfacet
  facet normal 0 0 -1
    outer loop
      vertex 170.992 48.133 0
      vertex 171.25 47.9689 0
      vertex 176.687 34.4235 0
    endloop
  endfacet
  facet normal 0 0 -1
    outer loop
      vertex 112.487 51.305 0
      vertex 112.447 51.6078 0
      vertex 125.363 61.4666 0
    endloop
  endfacet
  facet normal -0 -0 -1
    outer loop
      vertex 89.25 47.9689 0
      vertex 94.6874 34.4235 0
      vertex 88.9925 48.133 0
    endloop
  endfacet
  facet normal 0 0 -1
    outer loop
      vertex 88.9925 48.133 0
      vertex 94.6874 34.4235 0
      vertex 94.5836 33.9551 0
    endloop
  endfacet
  facet normal 0 0 -1
    outer loop
      vertex 88.7502 48.3188 0
      vertex 88.9925 48.133 0
      vertex 94.5836 33.9551 0
    endloop
  endfacet
  facet normal 0 0 -1
    outer loop
      vertex 94.5209 33.4794 0
      vertex 88.7502 48.3188 0
      vertex 94.5836 33.9551 0
    endloop
  endfacet
  facet normal 0 0 -1
    outer loop
      vertex 94.5 33 0
      vertex 88.3188 48.7502 0
      vertex 88.5251 48.5251 0
    endloop
  endfacet
  facet normal 0 -0 -1
    outer loop
      vertex 95.7868 29.4647 0
      vertex 96.1109 29.1109 0
      vertex 12 0 0
    endloop
  endfacet
  facet normal 0 0 -1
    outer loop
      vertex 62.2248 58.1408 0
      vertex 88.3188 48.7502 0
      vertex 94.5209 32.5206 0
    endloop
  endfacet
  facet normal -0 0 -1
    outer loop
      vertex 95.0153 30.6756 0
      vertex 22.7631 30.25 0
      vertex 22.9847 30.6756 0
    endloop
  endfacet
  facet normal 0 0 -1
    outer loop
      vertex 94.5836 32.0449 0
      vertex 62.2248 58.1408 0
      vertex 94.5209 32.5206 0
    endloop
  endfacet
  facet normal -0 -0 -1
    outer loop
      vertex 88.133 48.9925 0
      vertex 88.3188 48.7502 0
      vertex 65.425 58.5621 0
    endloop
  endfacet
  facet normal -0 -0 -1
    outer loop
      vertex 87.9689 49.25 0
      vertex 88.133 48.9925 0
      vertex 65.425 58.5621 0
    endloop
  endfacet
  facet normal -0 -0 -1
    outer loop
      vertex 87.8279 49.5208 0
      vertex 87.9689 49.25 0
      vertex 68.5763 59.2607 0
    endloop
  endfacet
  facet normal -0 -0 -1
    outer loop
      vertex 87.7111 49.8029 0
      vertex 87.8279 49.5208 0
      vertex 68.5763 59.2607 0
    endloop
  endfacet
  facet normal 0 0 -1
    outer loop
      vertex 87.6193 50.0941 0
      vertex 68.5763 59.2607 0
      vertex 71.6547 60.2314 0
    endloop
  endfacet
  facet normal -0 -0 -1
    outer loop
      vertex 87.5532 50.3922 0
      vertex 87.6193 50.0941 0
      vertex 71.6547 60.2314 0
    endloop
  endfacet
  facet normal 0 0 -1
    outer loop
      vertex 87.5133 50.695 0
      vertex 71.6547 60.2314 0
      vertex 87.5 51 0
    endloop
  endfacet
  facet normal 0 0 -1
    outer loop
      vertex 87.5 51 0
      vertex 71.6547 60.2314 0
      vertex 74.6369 61.4666 0
    endloop
  endfacet
  facet normal 0 0 -1
    outer loop
      vertex 87.5133 51.305 0
      vertex 74.6369 61.4666 0
      vertex 87.5532 51.6078 0
    endloop
  endfacet
  facet normal 0 0 -1
    outer loop
      vertex 87.5532 51.6078 0
      vertex 74.6369 61.4666 0
      vertex 87.6193 51.9059 0
    endloop
  endfacet
  facet normal 0 0 -1
    outer loop
      vertex 74.6369 61.4666 0
      vertex 77.5 62.9571 0
      vertex 87.7111 52.1971 0
    endloop
  endfacet
  facet normal 0 0 -1
    outer loop
      vertex 87.7111 52.1971 0
      vertex 77.5 62.9571 0
      vertex 87.8279 52.4792 0
    endloop
  endfacet
  facet normal 0 0 -1
    outer loop
      vertex 87.8279 52.4792 0
      vertex 77.5 62.9571 0
      vertex 87.9689 52.75 0
    endloop
  endfacet
  facet normal 0 0 -1
    outer loop
      vertex 87.9689 52.75 0
      vertex 77.5 62.9571 0
      vertex 88.133 53.0075 0
    endloop
  endfacet
  facet normal 0 0 -1
    outer loop
      vertex 88.133 53.0075 0
      vertex 77.5 62.9571 0
      vertex 88.3188 53.2498 0
    endloop
  endfacet
  facet normal 0 0 -1
    outer loop
      vertex 88.3188 53.2498 0
      vertex 77.5 62.9571 0
      vertex 80.2223 64.6914 0
    endloop
  endfacet
  facet normal -0 0 -1
    outer loop
      vertex 88.5251 53.4749 0
      vertex 88.3188 53.2498 0
      vertex 80.2223 64.6914 0
    endloop
  endfacet
  facet normal -0 0 -1
    outer loop
      vertex 88.7502 53.6812 0
      vertex 88.5251 53.4749 0
      vertex 80.2223 64.6914 0
    endloop
  endfacet
  facet normal -0 0 -1
    outer loop
      vertex 88.9925 53.867 0
      vertex 88.7502 53.6812 0
      vertex 80.2223 64.6914 0
    endloop
  endfacet
  facet normal -0 0 -1
    outer loop
      vertex 89.25 54.0311 0
      vertex 88.9925 53.867 0
      vertex 80.2223 64.6914 0
    endloop
  endfacet
  facet normal 0 -0 -1
    outer loop
      vertex 82.7831 66.6564 0
      vertex 89.25 54.0311 0
      vertex 80.2223 64.6914 0
    endloop
  endfacet
  facet normal 0 0 -1
    outer loop
      vertex 90.0941 54.3807 0
      vertex 82.7831 66.6564 0
      vertex 90.3922 54.4468 0
    endloop
  endfacet
  facet normal 0 0 -1
    outer loop
      vertex 82.7831 66.6564 0
      vertex 89.5208 54.1721 0
      vertex 89.25 54.0311 0
    endloop
  endfacet
  facet normal 0 0 -1
    outer loop
      vertex 90.3922 54.4468 0
      vertex 82.7831 66.6564 0
      vertex 85.163 68.837 0
    endloop
  endfacet
  facet normal -0 0 -1
    outer loop
      vertex 90.695 54.4867 0
      vertex 90.3922 54.4468 0
      vertex 85.163 68.837 0
    endloop
  endfacet
  facet normal -0 0 -1
    outer loop
      vertex 91 54.5 0
      vertex 90.695 54.4867 0
      vertex 85.163 68.837 0
    endloop
  endfacet
  facet normal 0 -0 -1
    outer loop
      vertex 87.3436 71.2169 0
      vertex 91 54.5 0
      vertex 85.163 68.837 0
    endloop
  endfacet
  facet normal 0 0 -1
    outer loop
      vertex 87.3436 71.2169 0
      vertex 89.3086 73.7777 0
      vertex 91 54.5 0
    endloop
  endfacet
  facet normal 0 0 -1
    outer loop
      vertex 91 54.5 0
      vertex 89.3086 73.7777 0
      vertex 110.691 73.7777 0
    endloop
  endfacet
  facet normal 0 0 -1
    outer loop
      vertex 109 54.5 0
      vertex 110.691 73.7777 0
      vertex 112.656 71.2169 0
    endloop
  endfacet
  facet normal -0 0 -1
    outer loop
      vertex 114.837 68.837 0
      vertex 109 54.5 0
      vertex 112.656 71.2169 0
    endloop
  endfacet
  facet normal 0 0 -1
    outer loop
      vertex 117.217 66.6564 0
      vertex 110.197 54.2889 0
      vertex 109.906 54.3807 0
    endloop
  endfacet
  facet normal 0 0 -1
    outer loop
      vertex 117.217 66.6564 0
      vertex 110.479 54.1721 0
      vertex 110.197 54.2889 0
    endloop
  endfacet
  facet normal 0 0 -1
    outer loop
      vertex 117.217 66.6564 0
      vertex 110.75 54.0311 0
      vertex 110.479 54.1721 0
    endloop
  endfacet
  facet normal 0 -0 -1
    outer loop
      vertex 117.217 66.6564 0
      vertex 119.778 64.6914 0
      vertex 110.75 54.0311 0
    endloop
  endfacet
  facet normal 0 0 -1
    outer loop
      vertex 119.778 64.6914 0
      vertex 111.25 53.6812 0
      vertex 111.007 53.867 0
    endloop
  endfacet
  facet normal 0 0 -1
    outer loop
      vertex 119.778 64.6914 0
      vertex 111.475 53.4749 0
      vertex 111.25 53.6812 0
    endloop
  endfacet
  facet normal 0 0 -1
    outer loop
      vertex 119.778 64.6914 0
      vertex 111.681 53.2498 0
      vertex 111.475 53.4749 0
    endloop
  endfacet
  facet normal 0 -0 -1
    outer loop
      vertex 119.778 64.6914 0
      vertex 122.5 62.9571 0
      vertex 111.681 53.2498 0
    endloop
  endfacet
  facet normal 0 0 -1
    outer loop
      vertex 111.681 53.2498 0
      vertex 122.5 62.9571 0
      vertex 111.867 53.0075 0
    endloop
  endfacet
  facet normal 0 0 -1
    outer loop
      vertex 111.867 53.0075 0
      vertex 122.5 62.9571 0
      vertex 112.031 52.75 0
    endloop
  endfacet
  facet normal 0 0 -1
    outer loop
      vertex 122.5 62.9571 0
      vertex 112.289 52.1971 0
      vertex 112.172 52.4792 0
    endloop
  endfacet
  facet normal 0 -0 -1
    outer loop
      vertex 122.5 62.9571 0
      vertex 125.363 61.4666 0
      vertex 112.289 52.1971 0
    endloop
  endfacet
  facet normal 0 0 -1
    outer loop
      vertex 112.289 52.1971 0
      vertex 125.363 61.4666 0
      vertex 112.381 51.9059 0
    endloop
  endfacet
  facet normal 0 0 -1
    outer loop
      vertex 112.381 51.9059 0
      vertex 125.363 61.4666 0
      vertex 112.447 51.6078 0
    endloop
  endfacet
  facet normal 0 0 -1
    outer loop
      vertex 125.363 61.4666 0
      vertex 112.5 51 0
      vertex 112.487 51.305 0
    endloop
  endfacet
  facet normal 0 -0 -1
    outer loop
      vertex 125.363 61.4666 0
      vertex 128.345 60.2314 0
      vertex 112.5 51 0
    endloop
  endfacet
  facet normal 0 -0 -1
    outer loop
      vertex 112.5 51 0
      vertex 128.345 60.2314 0
      vertex 112.487 50.695 0
    endloop
  endfacet
  facet normal 0 -0 -1
    outer loop
      vertex 112.487 50.695 0
      vertex 128.345 60.2314 0
      vertex 112.447 50.3922 0
    endloop
  endfacet
  facet normal 0 -0 -1
    outer loop
      vertex 128.345 60.2314 0
      vertex 131.424 59.2607 0
      vertex 112.381 50.0941 0
    endloop
  endfacet
  facet normal 0 -0 -1
    outer loop
      vertex 112.381 50.0941 0
      vertex 131.424 59.2607 0
      vertex 112.289 49.8029 0
    endloop
  endfacet
  facet normal 0 -0 -1
    outer loop
      vertex 112.289 49.8029 0
      vertex 131.424 59.2607 0
      vertex 112.172 49.5208 0
    endloop
  endfacet
  facet normal 0 -0 -1
    outer loop
      vertex 131.424 59.2607 0
      vertex 134.575 58.5621 0
      vertex 112.031 49.25 0
    endloop
  endfacet
  facet normal 0 -0 -1
    outer loop
      vertex 112.031 49.25 0
      vertex 134.575 58.5621 0
      vertex 111.867 48.9925 0
    endloop
  endfacet
  facet normal 0 -0 -1
    outer loop
      vertex 111.867 48.9925 0
      vertex 134.575 58.5621 0
      vertex 111.681 48.7502 0
    endloop
  endfacet
  facet normal 0 0 -1
    outer loop
      vertex 111.007 48.133 0
      vertex 105.313 34.4235 0
      vertex 110.75 47.9689 0
    endloop
  endfacet
  facet normal 0 -0 -1
    outer loop
      vertex 109.906 47.6193 0
      vertex 110.197 47.7111 0
      vertex 104.985 35.3244 0
    endloop
  endfacet
  facet normal 0 0 -1
    outer loop
      vertex 104.985 35.3244 0
      vertex 110.197 47.7111 0
      vertex 105.168 34.8811 0
    endloop
  endfacet
  facet normal 0 -0 -1
    outer loop
      vertex 177.787 29.4647 0
      vertex 178.111 29.1109 0
      vertex 103.889 29.1109 0
    endloop
  endfacet
  facet normal 0 0 -1
    outer loop
      vertex 176.521 32.5206 0
      vertex 144.225 58.1408 0
      vertex 170.319 48.7502 0
    endloop
  endfacet
  facet normal 0 0 -1
    outer loop
      vertex 170.75 48.3188 0
      vertex 176.584 33.9551 0
      vertex 176.521 33.4794 0
    endloop
  endfacet
  facet normal 0 -0 -1
    outer loop
      vertex 103.535 28.7868 0
      vertex 178.465 28.7868 0
      vertex 103.155 28.4947 0
    endloop
  endfacet
  facet normal 0 0 -1
    outer loop
      vertex 176.584 33.9551 0
      vertex 170.992 48.133 0
      vertex 176.687 34.4235 0
    endloop
  endfacet
  facet normal 0 0 -1
    outer loop
      vertex 176.584 33.9551 0
      vertex 170.75 48.3188 0
      vertex 170.992 48.133 0
    endloop
  endfacet
  facet normal 0 0 -1
    outer loop
      vertex 102.75 28.2369 0
      vertex 178.845 28.4947 0
      vertex 179.25 28.2369 0
    endloop
  endfacet
  facet normal -0 0 -1
    outer loop
      vertex 181.477 59.0228 0
      vertex 173 54.5 0
      vertex 180.958 59.0912 0
    endloop
  endfacet
  facet normal 0 0 -1
    outer loop
      vertex 91 47.5 0
      vertex 100 38.5 0
      vertex 99.5206 38.4791 0
    endloop
  endfacet
  facet normal 0 0 -1
    outer loop
      vertex 176.687 34.4235 0
      vertex 171.25 47.9689 0
      vertex 176.832 34.8811 0
    endloop
  endfacet
  facet normal 0 0 -1
    outer loop
      vertex 104.213 29.4647 0
      vertex 104.505 29.8453 0
      vertex 177.495 29.8453 0
    endloop
  endfacet
  facet normal 0 0 -1
    outer loop
      vertex 173 54.5 0
      vertex 177.757 60.7574 0
      vertex 178.143 60.4037 0
    endloop
  endfacet
  facet normal -0 -0 -1
    outer loop
      vertex 170.525 48.5251 0
      vertex 176.5 33 0
      vertex 170.319 48.7502 0
    endloop
  endfacet
  facet normal 0 0 -1
    outer loop
      vertex 98.1189 38.1683 0
      vertex 91 47.5 0
      vertex 98.5765 38.3126 0
    endloop
  endfacet
  facet normal 0 0 -1
    outer loop
      vertex 177.237 30.25 0
      vertex 104.763 30.25 0
      vertex 177.015 30.6756 0
    endloop
  endfacet
  facet normal -0 -0 -1
    outer loop
      vertex 176.521 32.5206 0
      vertex 176.584 32.0449 0
      vertex 144.225 58.1408 0
    endloop
  endfacet
  facet normal 0 0 -1
    outer loop
      vertex 104.213 36.5353 0
      vertex 109.305 47.5133 0
      vertex 104.505 36.1547 0
    endloop
  endfacet
  facet normal -0 -0 -1
    outer loop
      vertex 170.133 48.9925 0
      vertex 170.319 48.7502 0
      vertex 147.425 58.5621 0
    endloop
  endfacet
  facet normal -0 -0 -1
    outer loop
      vertex 169.969 49.25 0
      vertex 170.133 48.9925 0
      vertex 147.425 58.5621 0
    endloop
  endfacet
  facet normal 0 0 -1
    outer loop
      vertex 147.425 58.5621 0
      vertex 150.576 59.2607 0
      vertex 169.969 49.25 0
    endloop
  endfacet
  facet normal 0 0 -1
    outer loop
      vertex 169.969 49.25 0
      vertex 150.576 59.2607 0
      vertex 169.828 49.5208 0
    endloop
  endfacet
  facet normal 0 0 -1
    outer loop
      vertex 169.619 50.0941 0
      vertex 150.576 59.2607 0
      vertex 153.655 60.2314 0
    endloop
  endfacet
  facet normal -0 -0 -1
    outer loop
      vertex 169.553 50.3922 0
      vertex 169.619 50.0941 0
      vertex 153.655 60.2314 0
    endloop
  endfacet
  facet normal 0 0 -1
    outer loop
      vertex 169.513 50.695 0
      vertex 153.655 60.2314 0
      vertex 169.5 51 0
    endloop
  endfacet
  facet normal 0 0 -1
    outer loop
      vertex 169.5 51 0
      vertex 153.655 60.2314 0
      vertex 156.637 61.4666 0
    endloop
  endfacet
  facet normal 0 0 -1
    outer loop
      vertex 169.513 51.305 0
      vertex 156.637 61.4666 0
      vertex 169.553 51.6078 0
    endloop
  endfacet
  facet normal 0 0 -1
    outer loop
      vertex 169.553 51.6078 0
      vertex 156.637 61.4666 0
      vertex 169.619 51.9059 0
    endloop
  endfacet
  facet normal 0 0 -1
    outer loop
      vertex 169.619 51.9059 0
      vertex 156.637 61.4666 0
      vertex 169.711 52.1971 0
    endloop
  endfacet
  facet normal 0 0 -1
    outer loop
      vertex 169.711 52.1971 0
      vertex 156.637 61.4666 0
      vertex 159.5 62.9571 0
    endloop
  endfacet
  facet normal -0 0 -1
    outer loop
      vertex 170.525 53.4749 0
      vertex 170.319 53.2498 0
      vertex 162.222 64.6914 0
    endloop
  endfacet
  facet normal -0 0 -1
    outer loop
      vertex 169.969 52.75 0
      vertex 169.828 52.4792 0
      vertex 159.5 62.9571 0
    endloop
  endfacet
  facet normal -0 0 -1
    outer loop
      vertex 170.133 53.0075 0
      vertex 169.969 52.75 0
      vertex 159.5 62.9571 0
    endloop
  endfacet
  facet normal -0 0 -1
    outer loop
      vertex 170.319 53.2498 0
      vertex 170.133 53.0075 0
      vertex 159.5 62.9571 0
    endloop
  endfacet
  facet normal 0 -0 -1
    outer loop
      vertex 162.222 64.6914 0
      vertex 170.319 53.2498 0
      vertex 159.5 62.9571 0
    endloop
  endfacet
  facet normal -0 0 -1
    outer loop
      vertex 170.75 53.6812 0
      vertex 170.525 53.4749 0
      vertex 162.222 64.6914 0
    endloop
  endfacet
  facet normal 0 0 -1
    outer loop
      vertex 162.222 64.6914 0
      vertex 164.783 66.6564 0
      vertex 171.25 54.0311 0
    endloop
  endfacet
  facet normal -0 0 -1
    outer loop
      vertex 176.362 62.9479 0
      vertex 171.803 54.2889 0
      vertex 176.204 63.4471 0
    endloop
  endfacet
  facet normal 0 -0 -1
    outer loop
      vertex 176.362 62.9479 0
      vertex 176.562 62.4643 0
      vertex 172.094 54.3807 0
    endloop
  endfacet
  facet normal 0 0 -1
    outer loop
      vertex 176.362 62.9479 0
      vertex 172.094 54.3807 0
      vertex 171.803 54.2889 0
    endloop
  endfacet
  facet normal -0 0 -1
    outer loop
      vertex 176.804 62 0
      vertex 172.695 54.4867 0
      vertex 176.562 62.4643 0
    endloop
  endfacet
  facet normal -0 0 -1
    outer loop
      vertex 172.695 54.4867 0
      vertex 172.392 54.4468 0
      vertex 176.562 62.4643 0
    endloop
  endfacet
  facet normal -0 0 -1
    outer loop
      vertex 177.085 61.5585 0
      vertex 173 54.5 0
      vertex 176.804 62 0
    endloop
  endfacet
  facet normal -0 0 -1
    outer loop
      vertex 178.558 60.0851 0
      vertex 173 54.5 0
      vertex 178.143 60.4037 0
    endloop
  endfacet
  facet normal 0 -0 -1
    outer loop
      vertex 178.558 60.0851 0
      vertex 179 59.8038 0
      vertex 173 54.5 0
    endloop
  endfacet
  facet normal 0 0 -1
    outer loop
      vertex 173 54.5 0
      vertex 179.464 59.5622 0
      vertex 179.948 59.3618 0
    endloop
  endfacet
  facet normal -0 0 -1
    outer loop
      vertex 180.447 59.2044 0
      vertex 173 54.5 0
      vertex 179.948 59.3618 0
    endloop
  endfacet
  facet normal 0 -0 -1
    outer loop
      vertex 180.447 59.2044 0
      vertex 180.958 59.0912 0
      vertex 173 54.5 0
    endloop
  endfacet
  facet normal 0 -0 -1
    outer loop
      vertex 187.196 62 0
      vertex 191 54.5 0
      vertex 186.915 61.5585 0
    endloop
  endfacet
  facet normal 0 0 -1
    outer loop
      vertex 187.796 63.4471 0
      vertex 199.217 66.6564 0
      vertex 192.197 54.2889 0
    endloop
  endfacet
  facet normal 0 -0 -1
    outer loop
      vertex 181.477 59.0228 0
      vertex 182 59 0
      vertex 173 54.5 0
    endloop
  endfacet
  facet normal 0 -0 -1
    outer loop
      vertex 182 59 0
      vertex 191 54.5 0
      vertex 173 54.5 0
    endloop
  endfacet
  facet normal 0 -0 -1
    outer loop
      vertex 182.523 59.0228 0
      vertex 191 54.5 0
      vertex 182 59 0
    endloop
  endfacet
  facet normal 0 0 -1
    outer loop
      vertex 192.75 54.0311 0
      vertex 199.217 66.6564 0
      vertex 201.778 64.6914 0
    endloop
  endfacet
  facet normal 0 0 -1
    outer loop
      vertex 193.007 53.867 0
      vertex 201.778 64.6914 0
      vertex 193.25 53.6812 0
    endloop
  endfacet
  facet normal 0 0 -1
    outer loop
      vertex 193.25 53.6812 0
      vertex 201.778 64.6914 0
      vertex 193.475 53.4749 0
    endloop
  endfacet
  facet normal 0 0 -1
    outer loop
      vertex 193.475 53.4749 0
      vertex 201.778 64.6914 0
      vertex 193.681 53.2498 0
    endloop
  endfacet
  facet normal 0 0 -1
    outer loop
      vertex 193.681 53.2498 0
      vertex 201.778 64.6914 0
      vertex 204.5 62.9571 0
    endloop
  endfacet
  facet normal 0 0 -1
    outer loop
      vertex 193.867 53.0075 0
      vertex 193.681 53.2498 0
      vertex 204.5 62.9571 0
    endloop
  endfacet
  facet normal 0 0 -1
    outer loop
      vertex 194.031 52.75 0
      vertex 193.867 53.0075 0
      vertex 204.5 62.9571 0
    endloop
  endfacet
  facet normal 0 0 -1
    outer loop
      vertex 194.172 52.4792 0
      vertex 204.5 62.9571 0
      vertex 194.289 52.1971 0
    endloop
  endfacet
  facet normal 0 0 -1
    outer loop
      vertex 194.289 52.1971 0
      vertex 204.5 62.9571 0
      vertex 207.363 61.4666 0
    endloop
  endfacet
  facet normal 0 0 -1
    outer loop
      vertex 194.381 51.9059 0
      vertex 194.289 52.1971 0
      vertex 207.363 61.4666 0
    endloop
  endfacet
  facet normal 0 0 -1
    outer loop
      vertex 194.447 51.6078 0
      vertex 194.381 51.9059 0
      vertex 207.363 61.4666 0
    endloop
  endfacet
  facet normal 0 0 -1
    outer loop
      vertex 194.487 51.305 0
      vertex 207.363 61.4666 0
      vertex 194.5 51 0
    endloop
  endfacet
  facet normal 0 0 -1
    outer loop
      vertex 194.5 51 0
      vertex 207.363 61.4666 0
      vertex 210.345 60.2314 0
    endloop
  endfacet
  facet normal 0 0 -1
    outer loop
      vertex 194.487 50.695 0
      vertex 194.5 51 0
      vertex 210.345 60.2314 0
    endloop
  endfacet
  facet normal 0 0 -1
    outer loop
      vertex 194.447 50.3922 0
      vertex 194.487 50.695 0
      vertex 210.345 60.2314 0
    endloop
  endfacet
  facet normal 0 0 -1
    outer loop
      vertex 194.381 50.0941 0
      vertex 210.345 60.2314 0
      vertex 213.424 59.2607 0
    endloop
  endfacet
  facet normal 0 0 -1
    outer loop
      vertex 194.289 49.8029 0
      vertex 194.381 50.0941 0
      vertex 213.424 59.2607 0
    endloop
  endfacet
  facet normal 0 0 -1
    outer loop
      vertex 194.172 49.5208 0
      vertex 194.289 49.8029 0
      vertex 213.424 59.2607 0
    endloop
  endfacet
  facet normal 0 0 -1
    outer loop
      vertex 194.031 49.25 0
      vertex 213.424 59.2607 0
      vertex 216.575 58.5621 0
    endloop
  endfacet
  facet normal 0 -0 -1
    outer loop
      vertex 193.867 48.9925 0
      vertex 216.575 58.5621 0
      vertex 193.681 48.7502 0
    endloop
  endfacet
  facet normal 0 0 -1
    outer loop
      vertex 193.681 48.7502 0
      vertex 216.575 58.5621 0
      vertex 219.775 58.1408 0
    endloop
  endfacet
  facet normal 0 -0 -1
    outer loop
      vertex 192.75 47.9689 0
      vertex 193.007 48.133 0
      vertex 187.313 34.4235 0
    endloop
  endfacet
  facet normal 0 0 -1
    outer loop
      vertex 186.985 35.3244 0
      vertex 191.906 47.6193 0
      vertex 192.197 47.7111 0
    endloop
  endfacet
  facet normal 0 0 -1
    outer loop
      vertex 187.5 33 0
      vertex 193.475 48.5251 0
      vertex 193.681 48.7502 0
    endloop
  endfacet
  facet normal -0 -0 -1
    outer loop
      vertex 249.706 41.7234 0
      vertex 259.237 30.25 0
      vertex 249.429 41.9358 0
    endloop
  endfacet
  facet normal 0 0 -1
    outer loop
      vertex 249.706 41.7234 0
      vertex 259.015 30.6756 0
      vertex 259.237 30.25 0
    endloop
  endfacet
  facet normal 0 0 -1
    outer loop
      vertex 258.832 31.1189 0
      vertex 250.309 41.3748 0
      vertex 258.687 31.5765 0
    endloop
  endfacet
  facet normal 0 0 -1
    outer loop
      vertex 258.832 31.1189 0
      vertex 250 41.5359 0
      vertex 250.309 41.3748 0
    endloop
  endfacet
  facet normal 0 0 -1
    outer loop
      vertex 184.75 37.7631 0
      vertex 191 47.5 0
      vertex 185.155 37.5053 0
    endloop
  endfacet
  facet normal 0 0 -1
    outer loop
      vertex 184.324 37.9847 0
      vertex 183.881 38.1683 0
      vertex 191 47.5 0
    endloop
  endfacet
  facet normal 0 0 -1
    outer loop
      vertex 191 47.5 0
      vertex 182.955 38.4164 0
      vertex 182.479 38.4791 0
    endloop
  endfacet
  facet normal 0 0 -1
    outer loop
      vertex 173 47.5 0
      vertex 182 38.5 0
      vertex 181.521 38.4791 0
    endloop
  endfacet
  facet normal 0 0 -1
    outer loop
      vertex 180.119 38.1683 0
      vertex 173 47.5 0
      vertex 180.576 38.3126 0
    endloop
  endfacet
  facet normal 0 0 -1
    outer loop
      vertex 252.349 41.0152 0
      vertex 258.687 34.4235 0
      vertex 258.584 33.9551 0
    endloop
  endfacet
  facet normal 0 0 -1
    outer loop
      vertex 246.783 66.6564 0
      vertex 252 49 0
      vertex 251.651 48.9848 0
    endloop
  endfacet
  facet normal 0 0 -1
    outer loop
      vertex 259.015 30.6756 0
      vertex 250 41.5359 0
      vertex 258.832 31.1189 0
    endloop
  endfacet
  facet normal 0 0 -1
    outer loop
      vertex 219.775 58.1408 0
      vertex 187.479 32.5206 0
      vertex 193.681 48.7502 0
    endloop
  endfacet
  facet normal 0 0 -1
    outer loop
      vertex 191 47.5 0
      vertex 186.213 36.5353 0
      vertex 185.889 36.8891 0
    endloop
  endfacet
  facet normal 0 0 -1
    outer loop
      vertex 270 0 0
      vertex 261.25 28.2369 0
      vertex 261.676 28.0153 0
    endloop
  endfacet
  facet normal 0 0 -1
    outer loop
      vertex 270 0 0
      vertex 260.111 29.1109 0
      vertex 260.465 28.7868 0
    endloop
  endfacet
  facet normal 0 0 -1
    outer loop
      vertex 193.25 48.3188 0
      vertex 187.416 33.9551 0
      vertex 193.007 48.133 0
    endloop
  endfacet
  facet normal 0 -0 -1
    outer loop
      vertex 192.479 47.8279 0
      vertex 192.75 47.9689 0
      vertex 187.168 34.8811 0
    endloop
  endfacet
  facet normal 0 -0 -1
    outer loop
      vertex 192.197 47.7111 0
      vertex 192.479 47.8279 0
      vertex 187.168 34.8811 0
    endloop
  endfacet
  facet normal 0 -0 -1
    outer loop
      vertex 193.25 48.3188 0
      vertex 193.475 48.5251 0
      vertex 187.479 33.4794 0
    endloop
  endfacet
  facet normal 0 0 -1
    outer loop
      vertex 223 58 0
      vertex 248.375 43.3095 0
      vertex 248.536 43 0
    endloop
  endfacet
  facet normal 0 0 -1
    outer loop
      vertex 223 58 0
      vertex 226.225 58.1408 0
      vertex 248.375 43.3095 0
    endloop
  endfacet
  facet normal 0 0 -1
    outer loop
      vertex 226.225 58.1408 0
      vertex 248.136 43.9647 0
      vertex 248.241 43.6319 0
    endloop
  endfacet
  facet normal 0 -0 -1
    outer loop
      vertex 229.425 58.5621 0
      vertex 248.061 44.3054 0
      vertex 226.225 58.1408 0
    endloop
  endfacet
  facet normal 0 0 -1
    outer loop
      vertex 229.425 58.5621 0
      vertex 248.015 44.6514 0
      vertex 248.061 44.3054 0
    endloop
  endfacet
  facet normal 0 -0 -1
    outer loop
      vertex 232.576 59.2607 0
      vertex 248 45 0
      vertex 229.425 58.5621 0
    endloop
  endfacet
  facet normal 0 0 -1
    outer loop
      vertex 232.576 59.2607 0
      vertex 248.015 45.3486 0
      vertex 248 45 0
    endloop
  endfacet
  facet normal -0 0 -1
    outer loop
      vertex 248.136 46.0353 0
      vertex 248.061 45.6946 0
      vertex 232.576 59.2607 0
    endloop
  endfacet
  facet normal 0 0 -1
    outer loop
      vertex 248.136 46.0353 0
      vertex 235.655 60.2314 0
      vertex 248.241 46.3681 0
    endloop
  endfacet
  facet normal 0 0 -1
    outer loop
      vertex 248.375 46.6905 0
      vertex 235.655 60.2314 0
      vertex 248.536 47 0
    endloop
  endfacet
  facet normal 0 0 -1
    outer loop
      vertex 248.241 46.3681 0
      vertex 235.655 60.2314 0
      vertex 248.375 46.6905 0
    endloop
  endfacet
  facet normal 0 0 -1
    outer loop
      vertex 235.655 60.2314 0
      vertex 248.723 47.2943 0
      vertex 248.536 47 0
    endloop
  endfacet
  facet normal 0 0 -1
    outer loop
      vertex 238.637 61.4666 0
      vertex 248.936 47.5712 0
      vertex 248.723 47.2943 0
    endloop
  endfacet
  facet normal 0 0 -1
    outer loop
      vertex 238.637 61.4666 0
      vertex 249.172 47.8284 0
      vertex 248.936 47.5712 0
    endloop
  endfacet
  facet normal 0 0 -1
    outer loop
      vertex 238.637 61.4666 0
      vertex 249.429 48.0642 0
      vertex 249.172 47.8284 0
    endloop
  endfacet
  facet normal 0 0 -1
    outer loop
      vertex 238.637 61.4666 0
      vertex 241.5 62.9571 0
      vertex 249.429 48.0642 0
    endloop
  endfacet
  facet normal 0 0 -1
    outer loop
      vertex 249.429 48.0642 0
      vertex 241.5 62.9571 0
      vertex 249.706 48.2766 0
    endloop
  endfacet
  facet normal 0 0 -1
    outer loop
      vertex 241.5 62.9571 0
      vertex 250.309 48.6252 0
      vertex 250 48.4641 0
    endloop
  endfacet
  facet normal 0 0 -1
    outer loop
      vertex 241.5 62.9571 0
      vertex 250.632 48.7588 0
      vertex 250.309 48.6252 0
    endloop
  endfacet
  facet normal 0 0 -1
    outer loop
      vertex 241.5 62.9571 0
      vertex 244.222 64.6914 0
      vertex 250.632 48.7588 0
    endloop
  endfacet
  facet normal 0 0 -1
    outer loop
      vertex 250.632 48.7588 0
      vertex 244.222 64.6914 0
      vertex 250.965 48.8637 0
    endloop
  endfacet
  facet normal 0 0 -1
    outer loop
      vertex 244.222 64.6914 0
      vertex 251.651 48.9848 0
      vertex 251.305 48.9392 0
    endloop
  endfacet
  facet normal 0 0 -1
    outer loop
      vertex 244.222 64.6914 0
      vertex 246.783 66.6564 0
      vertex 251.651 48.9848 0
    endloop
  endfacet
  facet normal 0 0 -1
    outer loop
      vertex 246.783 66.6564 0
      vertex 252.349 48.9848 0
      vertex 252 49 0
    endloop
  endfacet
  facet normal 0 0 -1
    outer loop
      vertex 246.783 66.6564 0
      vertex 252.695 48.9392 0
      vertex 252.349 48.9848 0
    endloop
  endfacet
  facet normal 0 -0 -1
    outer loop
      vertex 249.163 68.837 0
      vertex 253.035 48.8637 0
      vertex 246.783 66.6564 0
    endloop
  endfacet
  facet normal 0 0 -1
    outer loop
      vertex 249.163 68.837 0
      vertex 253.368 48.7588 0
      vertex 253.035 48.8637 0
    endloop
  endfacet
  facet normal 0 0 -1
    outer loop
      vertex 249.163 68.837 0
      vertex 253.69 48.6252 0
      vertex 253.368 48.7588 0
    endloop
  endfacet
  facet normal 0 0 -1
    outer loop
      vertex 249.163 68.837 0
      vertex 254 48.4641 0
      vertex 253.69 48.6252 0
    endloop
  endfacet
  facet normal 0 0 -1
    outer loop
      vertex 249.163 68.837 0
      vertex 251.344 71.2169 0
      vertex 254 48.4641 0
    endloop
  endfacet
  facet normal 0 0 -1
    outer loop
      vertex 254 48.4641 0
      vertex 251.344 71.2169 0
      vertex 254.294 48.2766 0
    endloop
  endfacet
  facet normal 0 0 -1
    outer loop
      vertex 254.294 48.2766 0
      vertex 251.344 71.2169 0
      vertex 254.571 48.0642 0
    endloop
  endfacet
  facet normal 0 0 -1
    outer loop
      vertex 254.571 48.0642 0
      vertex 251.344 71.2169 0
      vertex 253.309 73.7777 0
    endloop
  endfacet
  facet normal 0 0 -1
    outer loop
      vertex 254.828 47.8284 0
      vertex 254.571 48.0642 0
      vertex 253.309 73.7777 0
    endloop
  endfacet
  facet normal 0 0 -1
    outer loop
      vertex 255.064 47.5712 0
      vertex 253.309 73.7777 0
      vertex 255.277 47.2943 0
    endloop
  endfacet
  facet normal 0 0 -1
    outer loop
      vertex 255.277 47.2943 0
      vertex 253.309 73.7777 0
      vertex 255.043 76.5 0
    endloop
  endfacet
  facet normal 0 0 -1
    outer loop
      vertex 265.423 38.3126 0
      vertex 255.759 46.3681 0
      vertex 255.625 46.6905 0
    endloop
  endfacet
  facet normal 0 0 -1
    outer loop
      vertex 255.939 45.6946 0
      vertex 264 38.5 0
      vertex 255.985 45.3486 0
    endloop
  endfacet
  facet normal 0 0 -1
    outer loop
      vertex 255.939 45.6946 0
      vertex 264.479 38.4791 0
      vertex 264 38.5 0
    endloop
  endfacet
  facet normal 0 0 -1
    outer loop
      vertex 256 45 0
      vertex 263.521 38.4791 0
      vertex 263.045 38.4164 0
    endloop
  endfacet
  facet normal 0 -0 -1
    outer loop
      vertex 255.985 44.6514 0
      vertex 262.576 38.3126 0
      vertex 255.939 44.3054 0
    endloop
  endfacet
  facet normal 0 0 -1
    outer loop
      vertex 255.939 44.3054 0
      vertex 262.576 38.3126 0
      vertex 262.119 38.1683 0
    endloop
  endfacet
  facet normal 0 0 -1
    outer loop
      vertex 255.864 43.9647 0
      vertex 255.939 44.3054 0
      vertex 262.119 38.1683 0
    endloop
  endfacet
  facet normal 0 0 -1
    outer loop
      vertex 255.759 43.6319 0
      vertex 262.119 38.1683 0
      vertex 261.676 37.9847 0
    endloop
  endfacet
  facet normal 0 -0 -1
    outer loop
      vertex 255.625 43.3095 0
      vertex 261.25 37.7631 0
      vertex 255.464 43 0
    endloop
  endfacet
  facet normal 0 -0 -1
    outer loop
      vertex 255.464 43 0
      vertex 260.845 37.5053 0
      vertex 255.277 42.7057 0
    endloop
  endfacet
  facet normal -0 0 -1
    outer loop
      vertex 260.465 37.2132 0
      vertex 260.111 36.8891 0
      vertex 255.064 42.4288 0
    endloop
  endfacet
  facet normal 0 0 -1
    outer loop
      vertex 259.787 36.5353 0
      vertex 254.571 41.9358 0
      vertex 260.111 36.8891 0
    endloop
  endfacet
  facet normal 0 0 -1
    outer loop
      vertex 254 41.5359 0
      vertex 254.294 41.7234 0
      vertex 259.495 36.1547 0
    endloop
  endfacet
  facet normal 0 0 -1
    outer loop
      vertex 253.69 41.3748 0
      vertex 254 41.5359 0
      vertex 259.237 35.75 0
    endloop
  endfacet
  facet normal 0 0 -1
    outer loop
      vertex 259.015 35.3244 0
      vertex 253.69 41.3748 0
      vertex 259.237 35.75 0
    endloop
  endfacet
  facet normal 0 0 -1
    outer loop
      vertex 259.015 35.3244 0
      vertex 253.368 41.2412 0
      vertex 253.69 41.3748 0
    endloop
  endfacet
  facet normal -0 0 -1
    outer loop
      vertex 259.015 35.3244 0
      vertex 258.832 34.8811 0
      vertex 253.368 41.2412 0
    endloop
  endfacet
  facet normal 0 -0 -1
    outer loop
      vertex 253.368 41.2412 0
      vertex 258.832 34.8811 0
      vertex 253.035 41.1363 0
    endloop
  endfacet
  facet normal -0 0 -1
    outer loop
      vertex 258.832 34.8811 0
      vertex 258.687 34.4235 0
      vertex 252.695 41.0608 0
    endloop
  endfacet
  facet normal 0 -0 -1
    outer loop
      vertex 252.695 41.0608 0
      vertex 258.687 34.4235 0
      vertex 252.349 41.0152 0
    endloop
  endfacet
  facet normal -0 0 -1
    outer loop
      vertex 258.584 33.9551 0
      vertex 258.521 33.4794 0
      vertex 252 41 0
    endloop
  endfacet
  facet normal -0 -0 -1
    outer loop
      vertex 252 41 0
      vertex 258.521 33.4794 0
      vertex 251.651 41.0152 0
    endloop
  endfacet
  facet normal 0 -0 -1
    outer loop
      vertex 259.859 91.7752 0
      vertex 268.985 35.3244 0
      vertex 259.438 88.575 0
    endloop
  endfacet
  facet normal 0 0 -1
    outer loop
      vertex 250.965 41.1363 0
      vertex 251.305 41.0608 0
      vertex 258.521 32.5206 0
    endloop
  endfacet
  facet normal 0 0 -1
    outer loop
      vertex 258.687 31.5765 0
      vertex 250.309 41.3748 0
      vertex 250.632 41.2412 0
    endloop
  endfacet
  facet normal 0 0 -1
    outer loop
      vertex 258.687 31.5765 0
      vertex 250.632 41.2412 0
      vertex 258.584 32.0449 0
    endloop
  endfacet
  facet normal 0 0 -1
    outer loop
      vertex 251.305 41.0608 0
      vertex 258.5 33 0
      vertex 258.521 32.5206 0
    endloop
  endfacet
  facet normal 0 -0 -1
    outer loop
      vertex 265.881 27.8317 0
      vertex 282 12 0
      vertex 265.423 27.6874 0
    endloop
  endfacet
  facet normal 0 0 -1
    outer loop
      vertex 270 0 0
      vertex 263.521 27.5209 0
      vertex 264 27.5 0
    endloop
  endfacet
  facet normal 0 0 -1
    outer loop
      vertex 259.237 35.75 0
      vertex 254 41.5359 0
      vertex 259.495 36.1547 0
    endloop
  endfacet
  facet normal 0 0 -1
    outer loop
      vertex 270 0 0
      vertex 263.045 27.5836 0
      vertex 263.521 27.5209 0
    endloop
  endfacet
  facet normal 0 0 -1
    outer loop
      vertex 270 0 0
      vertex 262.576 27.6874 0
      vertex 263.045 27.5836 0
    endloop
  endfacet
  facet normal 0 0 -1
    outer loop
      vertex 270 0 0
      vertex 262.119 27.8317 0
      vertex 262.576 27.6874 0
    endloop
  endfacet
  facet normal 0 0 -1
    outer loop
      vertex 270 0 0
      vertex 261.676 28.0153 0
      vertex 262.119 27.8317 0
    endloop
  endfacet
  facet normal 0 0 -1
    outer loop
      vertex 260.845 28.4947 0
      vertex 261.25 28.2369 0
      vertex 270 0 0
    endloop
  endfacet
  facet normal 0 0 -1
    outer loop
      vertex 260.465 28.7868 0
      vertex 260.845 28.4947 0
      vertex 270 0 0
    endloop
  endfacet
  facet normal -0 -0 -1
    outer loop
      vertex 260.111 29.1109 0
      vertex 270 0 0
      vertex 259.787 29.4647 0
    endloop
  endfacet
  facet normal 0 -0 -1
    outer loop
      vertex 248.723 42.7057 0
      vertex 248.936 42.4288 0
      vertex 187.313 31.5765 0
    endloop
  endfacet
  facet normal -0 0 -1
    outer loop
      vertex 223 58 0
      vertex 187.416 32.0449 0
      vertex 219.775 58.1408 0
    endloop
  endfacet
  facet normal 0 0 -1
    outer loop
      vertex 249.706 41.7234 0
      vertex 250 41.5359 0
      vertex 259.015 30.6756 0
    endloop
  endfacet
  facet normal 0 0 -1
    outer loop
      vertex 258.584 32.0449 0
      vertex 250.965 41.1363 0
      vertex 258.521 32.5206 0
    endloop
  endfacet
  facet normal 0 0 -1
    outer loop
      vertex 250.632 41.2412 0
      vertex 250.965 41.1363 0
      vertex 258.584 32.0449 0
    endloop
  endfacet
  facet normal 0 0 -1
    outer loop
      vertex 251.651 41.0152 0
      vertex 258.521 33.4794 0
      vertex 258.5 33 0
    endloop
  endfacet
  facet normal -0 -0 -1
    outer loop
      vertex 251.651 41.0152 0
      vertex 258.5 33 0
      vertex 251.305 41.0608 0
    endloop
  endfacet
  facet normal 0 -0 -1
    outer loop
      vertex 252.349 41.0152 0
      vertex 258.584 33.9551 0
      vertex 252 41 0
    endloop
  endfacet
  facet normal 0 0 -1
    outer loop
      vertex 258.832 34.8811 0
      vertex 252.695 41.0608 0
      vertex 253.035 41.1363 0
    endloop
  endfacet
  facet normal 0 0 -1
    outer loop
      vertex 259.495 36.1547 0
      vertex 254.294 41.7234 0
      vertex 259.787 36.5353 0
    endloop
  endfacet
  facet normal 0 0 -1
    outer loop
      vertex 259.787 36.5353 0
      vertex 254.294 41.7234 0
      vertex 254.571 41.9358 0
    endloop
  endfacet
  facet normal 0 0 -1
    outer loop
      vertex 260.111 36.8891 0
      vertex 254.571 41.9358 0
      vertex 254.828 42.1716 0
    endloop
  endfacet
  facet normal 0 -0 -1
    outer loop
      vertex 255.064 42.4288 0
      vertex 260.111 36.8891 0
      vertex 254.828 42.1716 0
    endloop
  endfacet
  facet normal 0 -0 -1
    outer loop
      vertex 255.277 42.7057 0
      vertex 260.465 37.2132 0
      vertex 255.064 42.4288 0
    endloop
  endfacet
  facet normal 0 0 -1
    outer loop
      vertex 255.277 42.7057 0
      vertex 260.845 37.5053 0
      vertex 260.465 37.2132 0
    endloop
  endfacet
  facet normal 0 0 -1
    outer loop
      vertex 255.464 43 0
      vertex 261.25 37.7631 0
      vertex 260.845 37.5053 0
    endloop
  endfacet
  facet normal 0 0 -1
    outer loop
      vertex 255.625 43.3095 0
      vertex 261.676 37.9847 0
      vertex 261.25 37.7631 0
    endloop
  endfacet
  facet normal 0 0 -1
    outer loop
      vertex 255.625 43.3095 0
      vertex 255.759 43.6319 0
      vertex 261.676 37.9847 0
    endloop
  endfacet
  facet normal 0 0 -1
    outer loop
      vertex 259.859 91.7752 0
      vertex 282 12 0
      vertex 268.985 35.3244 0
    endloop
  endfacet
  facet normal 0 -0 -1
    outer loop
      vertex 255.864 43.9647 0
      vertex 262.119 38.1683 0
      vertex 255.759 43.6319 0
    endloop
  endfacet
  facet normal -0 0 -1
    outer loop
      vertex 263.045 38.4164 0
      vertex 262.576 38.3126 0
      vertex 255.985 44.6514 0
    endloop
  endfacet
  facet normal 0 -0 -1
    outer loop
      vertex 256 45 0
      vertex 263.045 38.4164 0
      vertex 255.985 44.6514 0
    endloop
  endfacet
  facet normal 0 0 -1
    outer loop
      vertex 255.985 45.3486 0
      vertex 263.521 38.4791 0
      vertex 256 45 0
    endloop
  endfacet
  facet normal 0 0 -1
    outer loop
      vertex 255.985 45.3486 0
      vertex 264 38.5 0
      vertex 263.521 38.4791 0
    endloop
  endfacet
  facet normal 0 0 -1
    outer loop
      vertex 264.955 38.4164 0
      vertex 264.479 38.4791 0
      vertex 255.864 46.0353 0
    endloop
  endfacet
  facet normal 0 0 -1
    outer loop
      vertex 255.759 46.3681 0
      vertex 264.955 38.4164 0
      vertex 255.864 46.0353 0
    endloop
  endfacet
  facet normal 0 0 -1
    outer loop
      vertex 255.759 46.3681 0
      vertex 265.423 38.3126 0
      vertex 264.955 38.4164 0
    endloop
  endfacet
  facet normal 0 0 -1
    outer loop
      vertex 255.625 46.6905 0
      vertex 265.881 38.1683 0
      vertex 265.423 38.3126 0
    endloop
  endfacet
  facet normal 0 0 -1
    outer loop
      vertex 255.625 46.6905 0
      vertex 255.464 47 0
      vertex 265.881 38.1683 0
    endloop
  endfacet
  facet normal 0 0 -1
    outer loop
      vertex 265.881 38.1683 0
      vertex 255.464 47 0
      vertex 266.324 37.9847 0
    endloop
  endfacet
  facet normal 0 0 -1
    outer loop
      vertex 266.324 37.9847 0
      vertex 255.277 47.2943 0
      vertex 255.043 76.5 0
    endloop
  endfacet
  facet normal 0 0 -1
    outer loop
      vertex 266.75 37.7631 0
      vertex 266.324 37.9847 0
      vertex 255.043 76.5 0
    endloop
  endfacet
  facet normal 0 -0 -1
    outer loop
      vertex 256.533 79.3631 0
      vertex 266.75 37.7631 0
      vertex 255.043 76.5 0
    endloop
  endfacet
  facet normal 0 0 -1
    outer loop
      vertex 256.533 79.3631 0
      vertex 267.155 37.5053 0
      vertex 266.75 37.7631 0
    endloop
  endfacet
  facet normal 0 0 -1
    outer loop
      vertex 256.533 79.3631 0
      vertex 267.535 37.2132 0
      vertex 267.155 37.5053 0
    endloop
  endfacet
  facet normal 0 0 -1
    outer loop
      vertex 256.533 79.3631 0
      vertex 257.769 82.3453 0
      vertex 267.535 37.2132 0
    endloop
  endfacet
  facet normal 0 0 -1
    outer loop
      vertex 257.769 82.3453 0
      vertex 268.213 36.5353 0
      vertex 267.889 36.8891 0
    endloop
  endfacet
  facet normal 0 0 -1
    outer loop
      vertex 257.769 82.3453 0
      vertex 258.739 85.4237 0
      vertex 268.213 36.5353 0
    endloop
  endfacet
  facet normal 0 0 -1
    outer loop
      vertex 268.213 36.5353 0
      vertex 258.739 85.4237 0
      vertex 268.505 36.1547 0
    endloop
  endfacet
  facet normal 0 0 -1
    outer loop
      vertex 268.505 36.1547 0
      vertex 258.739 85.4237 0
      vertex 259.438 88.575 0
    endloop
  endfacet
  facet normal 0 0 -1
    outer loop
      vertex 268.763 35.75 0
      vertex 268.505 36.1547 0
      vertex 259.438 88.575 0
    endloop
  endfacet
  facet normal 0 0 -1
    outer loop
      vertex 268.985 35.3244 0
      vertex 268.763 35.75 0
      vertex 259.438 88.575 0
    endloop
  endfacet
  facet normal 0 0 -1
    outer loop
      vertex 268.985 35.3244 0
      vertex 282 12 0
      vertex 269.168 34.8811 0
    endloop
  endfacet
  facet normal 0 0 -1
    outer loop
      vertex 269.168 34.8811 0
      vertex 282 12 0
      vertex 269.313 34.4235 0
    endloop
  endfacet
  facet normal 0 0 -1
    outer loop
      vertex 269.313 34.4235 0
      vertex 282 12 0
      vertex 269.416 33.9551 0
    endloop
  endfacet
  facet normal 0 0 -1
    outer loop
      vertex 269.416 33.9551 0
      vertex 282 12 0
      vertex 269.479 33.4794 0
    endloop
  endfacet
  facet normal 0 0 -1
    outer loop
      vertex 269.479 33.4794 0
      vertex 282 12 0
      vertex 269.5 33 0
    endloop
  endfacet
  facet normal 0 -0 -1
    outer loop
      vertex 269.5 33 0
      vertex 282 12 0
      vertex 269.479 32.5206 0
    endloop
  endfacet
  facet normal 0 -0 -1
    outer loop
      vertex 269.479 32.5206 0
      vertex 282 12 0
      vertex 269.416 32.0449 0
    endloop
  endfacet
  facet normal 0 -0 -1
    outer loop
      vertex 269.416 32.0449 0
      vertex 282 12 0
      vertex 269.313 31.5765 0
    endloop
  endfacet
  facet normal 0 -0 -1
    outer loop
      vertex 269.313 31.5765 0
      vertex 282 12 0
      vertex 269.168 31.1189 0
    endloop
  endfacet
  facet normal 0 -0 -1
    outer loop
      vertex 269.168 31.1189 0
      vertex 282 12 0
      vertex 268.985 30.6756 0
    endloop
  endfacet
  facet normal 0 -0 -1
    outer loop
      vertex 268.985 30.6756 0
      vertex 282 12 0
      vertex 268.763 30.25 0
    endloop
  endfacet
  facet normal 0 -0 -1
    outer loop
      vertex 268.763 30.25 0
      vertex 282 12 0
      vertex 268.505 29.8453 0
    endloop
  endfacet
  facet normal 0 -0 -1
    outer loop
      vertex 268.505 29.8453 0
      vertex 282 12 0
      vertex 268.213 29.4647 0
    endloop
  endfacet
  facet normal 0 -0 -1
    outer loop
      vertex 268.213 29.4647 0
      vertex 282 12 0
      vertex 267.889 29.1109 0
    endloop
  endfacet
  facet normal 0 -0 -1
    outer loop
      vertex 267.889 29.1109 0
      vertex 282 12 0
      vertex 267.535 28.7868 0
    endloop
  endfacet
  facet normal 0 -0 -1
    outer loop
      vertex 267.535 28.7868 0
      vertex 282 12 0
      vertex 267.155 28.4947 0
    endloop
  endfacet
  facet normal 0 -0 -1
    outer loop
      vertex 267.155 28.4947 0
      vertex 282 12 0
      vertex 266.75 28.2369 0
    endloop
  endfacet
  facet normal 0 -0 -1
    outer loop
      vertex 266.75 28.2369 0
      vertex 282 12 0
      vertex 266.324 28.0153 0
    endloop
  endfacet
  facet normal 0 -0 -1
    outer loop
      vertex 266.324 28.0153 0
      vertex 282 12 0
      vertex 265.881 27.8317 0
    endloop
  endfacet
  facet normal 0 0 -1
    outer loop
      vertex 282 12 0
      vertex 264.955 27.5836 0
      vertex 265.423 27.6874 0
    endloop
  endfacet
  facet normal -0 0 -1
    outer loop
      vertex 282 12 0
      vertex 270 0 0
      vertex 264.955 27.5836 0
    endloop
  endfacet
  facet normal 0 -0 -1
    outer loop
      vertex 264.955 27.5836 0
      vertex 270 0 0
      vertex 264.479 27.5209 0
    endloop
  endfacet
  facet normal 0 -0 -1
    outer loop
      vertex 264.479 27.5209 0
      vertex 270 0 0
      vertex 264 27.5 0
    endloop
  endfacet
  facet normal 0 0 -1
    outer loop
      vertex 181.521 27.5209 0
      vertex 182 27.5 0
      vertex 270 0 0
    endloop
  endfacet
  facet normal -0 0 -1
    outer loop
      vertex 249.172 42.1716 0
      vertex 187.168 31.1189 0
      vertex 248.936 42.4288 0
    endloop
  endfacet
  facet normal 0 0 -1
    outer loop
      vertex 181.045 27.5836 0
      vertex 181.521 27.5209 0
      vertex 270 0 0
    endloop
  endfacet
  facet normal 0 0 -1
    outer loop
      vertex 173 47.5 0
      vertex 179.25 37.7631 0
      vertex 178.845 37.5053 0
    endloop
  endfacet
  facet normal 0 0 -1
    outer loop
      vertex 12 0 0
      vertex 181.045 27.5836 0
      vertex 270 0 0
    endloop
  endfacet
  facet normal 0 -0 -1
    outer loop
      vertex 180.119 27.8317 0
      vertex 180.576 27.6874 0
      vertex 101.423 27.6874 0
    endloop
  endfacet
  facet normal 0 0 -1
    outer loop
      vertex 109 47.5 0
      vertex 100.955 38.4164 0
      vertex 100.479 38.4791 0
    endloop
  endfacet
  facet normal 0 0 -1
    outer loop
      vertex 105.313 31.5765 0
      vertex 141 58 0
      vertex 176.687 31.5765 0
    endloop
  endfacet
  facet normal 0 0 -1
    outer loop
      vertex 109 47.5 0
      vertex 102.324 37.9847 0
      vertex 101.881 38.1683 0
    endloop
  endfacet
  facet normal 0 0 -1
    outer loop
      vertex 105.416 32.0449 0
      vertex 105.479 32.5206 0
      vertex 137.775 58.1408 0
    endloop
  endfacet
  facet normal 0 0 -1
    outer loop
      vertex 109 47.5 0
      vertex 104.213 36.5353 0
      vertex 103.889 36.8891 0
    endloop
  endfacet
  facet normal 0 0 -1
    outer loop
      vertex 109 47.5 0
      vertex 103.155 37.5053 0
      vertex 102.75 37.7631 0
    endloop
  endfacet
  facet normal 0 -0 -1
    outer loop
      vertex 144.225 58.1408 0
      vertex 176.584 32.0449 0
      vertex 141 58 0
    endloop
  endfacet
  facet normal 0 0 -1
    outer loop
      vertex 104.763 35.75 0
      vertex 104.505 36.1547 0
      vertex 109.608 47.5532 0
    endloop
  endfacet
  facet normal 0 0 -1
    outer loop
      vertex 110.75 47.9689 0
      vertex 105.313 34.4235 0
      vertex 105.168 34.8811 0
    endloop
  endfacet
  facet normal 0 0 -1
    outer loop
      vertex 110.479 47.8279 0
      vertex 105.168 34.8811 0
      vertex 110.197 47.7111 0
    endloop
  endfacet
  facet normal 0 -0 -1
    outer loop
      vertex 111.475 48.5251 0
      vertex 111.681 48.7502 0
      vertex 105.5 33 0
    endloop
  endfacet
  facet normal 0 0 -1
    outer loop
      vertex 141 58 0
      vertex 176.584 32.0449 0
      vertex 176.687 31.5765 0
    endloop
  endfacet
  facet normal 0 0 -1
    outer loop
      vertex 176.521 33.4794 0
      vertex 170.525 48.5251 0
      vertex 170.75 48.3188 0
    endloop
  endfacet
  facet normal 0 0 -1
    outer loop
      vertex 176.5 33 0
      vertex 170.525 48.5251 0
      vertex 176.521 33.4794 0
    endloop
  endfacet
  facet normal 0 0 -1
    outer loop
      vertex 176.832 34.8811 0
      vertex 171.25 47.9689 0
      vertex 171.521 47.8279 0
    endloop
  endfacet
  facet normal -0 -0 -1
    outer loop
      vertex 171.803 47.7111 0
      vertex 176.832 34.8811 0
      vertex 171.521 47.8279 0
    endloop
  endfacet
  facet normal 0 0 -1
    outer loop
      vertex 171.803 47.7111 0
      vertex 177.015 35.3244 0
      vertex 176.832 34.8811 0
    endloop
  endfacet
  facet normal 0 0 -1
    outer loop
      vertex 171.803 47.7111 0
      vertex 172.094 47.6193 0
      vertex 177.015 35.3244 0
    endloop
  endfacet
  facet normal 0 0 -1
    outer loop
      vertex 177.015 35.3244 0
      vertex 172.094 47.6193 0
      vertex 177.237 35.75 0
    endloop
  endfacet
  facet normal 0 0 -1
    outer loop
      vertex 177.237 35.75 0
      vertex 172.094 47.6193 0
      vertex 172.392 47.5532 0
    endloop
  endfacet
  facet normal -0 0 -1
    outer loop
      vertex 177.495 36.1547 0
      vertex 177.237 35.75 0
      vertex 172.392 47.5532 0
    endloop
  endfacet
  facet normal -0 -0 -1
    outer loop
      vertex 172.695 47.5133 0
      vertex 177.495 36.1547 0
      vertex 172.392 47.5532 0
    endloop
  endfacet
  facet normal 0 0 -1
    outer loop
      vertex 172.695 47.5133 0
      vertex 177.787 36.5353 0
      vertex 177.495 36.1547 0
    endloop
  endfacet
  facet normal 0 0 -1
    outer loop
      vertex 172.695 47.5133 0
      vertex 173 47.5 0
      vertex 177.787 36.5353 0
    endloop
  endfacet
  facet normal 0 0 -1
    outer loop
      vertex 177.787 36.5353 0
      vertex 173 47.5 0
      vertex 178.111 36.8891 0
    endloop
  endfacet
  facet normal 0 0 -1
    outer loop
      vertex 178.111 36.8891 0
      vertex 173 47.5 0
      vertex 178.465 37.2132 0
    endloop
  endfacet
  facet normal 0 0 -1
    outer loop
      vertex 178.465 37.2132 0
      vertex 173 47.5 0
      vertex 178.845 37.5053 0
    endloop
  endfacet
  facet normal 0 0 -1
    outer loop
      vertex 173 47.5 0
      vertex 179.676 37.9847 0
      vertex 179.25 37.7631 0
    endloop
  endfacet
  facet normal 0 0 -1
    outer loop
      vertex 173 47.5 0
      vertex 180.119 38.1683 0
      vertex 179.676 37.9847 0
    endloop
  endfacet
  facet normal -0 0 -1
    outer loop
      vertex 181.045 38.4164 0
      vertex 180.576 38.3126 0
      vertex 173 47.5 0
    endloop
  endfacet
  facet normal -0 0 -1
    outer loop
      vertex 181.521 38.4791 0
      vertex 181.045 38.4164 0
      vertex 173 47.5 0
    endloop
  endfacet
  facet normal 0 0 -1
    outer loop
      vertex 182 38.5 0
      vertex 173 47.5 0
      vertex 191 47.5 0
    endloop
  endfacet
  facet normal 0 0 -1
    outer loop
      vertex 182.479 38.4791 0
      vertex 182 38.5 0
      vertex 191 47.5 0
    endloop
  endfacet
  facet normal 0 0 -1
    outer loop
      vertex 182.955 38.4164 0
      vertex 191 47.5 0
      vertex 183.423 38.3126 0
    endloop
  endfacet
  facet normal 0 0 -1
    outer loop
      vertex 183.423 38.3126 0
      vertex 191 47.5 0
      vertex 183.881 38.1683 0
    endloop
  endfacet
  facet normal 0 0 -1
    outer loop
      vertex 191 47.5 0
      vertex 184.75 37.7631 0
      vertex 184.324 37.9847 0
    endloop
  endfacet
  facet normal 0 0 -1
    outer loop
      vertex 185.535 37.2132 0
      vertex 185.155 37.5053 0
      vertex 191 47.5 0
    endloop
  endfacet
  facet normal 0 0 -1
    outer loop
      vertex 185.889 36.8891 0
      vertex 185.535 37.2132 0
      vertex 191 47.5 0
    endloop
  endfacet
  facet normal 0 0 -1
    outer loop
      vertex 186.213 36.5353 0
      vertex 191 47.5 0
      vertex 191.305 47.5133 0
    endloop
  endfacet
  facet normal 0 0 -1
    outer loop
      vertex 186.505 36.1547 0
      vertex 191.305 47.5133 0
      vertex 191.608 47.5532 0
    endloop
  endfacet
  facet normal 0 0 -1
    outer loop
      vertex 186.763 35.75 0
      vertex 191.608 47.5532 0
      vertex 191.906 47.6193 0
    endloop
  endfacet
  facet normal 0 0 -1
    outer loop
      vertex 186.985 35.3244 0
      vertex 186.763 35.75 0
      vertex 191.906 47.6193 0
    endloop
  endfacet
  facet normal 0 0 -1
    outer loop
      vertex 187.168 34.8811 0
      vertex 192.75 47.9689 0
      vertex 187.313 34.4235 0
    endloop
  endfacet
  facet normal 0 0 -1
    outer loop
      vertex 187.313 34.4235 0
      vertex 193.007 48.133 0
      vertex 187.416 33.9551 0
    endloop
  endfacet
  facet normal 0 0 -1
    outer loop
      vertex 187.416 33.9551 0
      vertex 193.25 48.3188 0
      vertex 187.479 33.4794 0
    endloop
  endfacet
  facet normal 0 0 -1
    outer loop
      vertex 187.479 33.4794 0
      vertex 193.475 48.5251 0
      vertex 187.5 33 0
    endloop
  endfacet
  facet normal 0 -0 -1
    outer loop
      vertex 187.5 33 0
      vertex 193.681 48.7502 0
      vertex 187.479 32.5206 0
    endloop
  endfacet
  facet normal 0 -0 -1
    outer loop
      vertex 187.479 32.5206 0
      vertex 219.775 58.1408 0
      vertex 187.416 32.0449 0
    endloop
  endfacet
  facet normal 0 -0 -1
    outer loop
      vertex 187.416 32.0449 0
      vertex 223 58 0
      vertex 187.313 31.5765 0
    endloop
  endfacet
  facet normal 0 0 -1
    outer loop
      vertex 187.313 31.5765 0
      vertex 223 58 0
      vertex 248.723 42.7057 0
    endloop
  endfacet
  facet normal 0 0 -1
    outer loop
      vertex 187.168 31.1189 0
      vertex 187.313 31.5765 0
      vertex 248.936 42.4288 0
    endloop
  endfacet
  facet normal 0 0 -1
    outer loop
      vertex 186.985 30.6756 0
      vertex 187.168 31.1189 0
      vertex 249.172 42.1716 0
    endloop
  endfacet
  facet normal -0 0 -1
    outer loop
      vertex 249.429 41.9358 0
      vertex 186.985 30.6756 0
      vertex 249.172 42.1716 0
    endloop
  endfacet
  facet normal 0 0 -1
    outer loop
      vertex 249.429 41.9358 0
      vertex 186.763 30.25 0
      vertex 186.985 30.6756 0
    endloop
  endfacet
  facet normal 0 -0 -1
    outer loop
      vertex 249.429 41.9358 0
      vertex 259.237 30.25 0
      vertex 186.763 30.25 0
    endloop
  endfacet
  facet normal 0 -0 -1
    outer loop
      vertex 186.763 30.25 0
      vertex 259.237 30.25 0
      vertex 186.505 29.8453 0
    endloop
  endfacet
  facet normal 0 0 -1
    outer loop
      vertex 186.505 29.8453 0
      vertex 259.237 30.25 0
      vertex 259.495 29.8453 0
    endloop
  endfacet
  facet normal 0 0 -1
    outer loop
      vertex 186.213 29.4647 0
      vertex 186.505 29.8453 0
      vertex 259.495 29.8453 0
    endloop
  endfacet
  facet normal 0 0 -1
    outer loop
      vertex 259.787 29.4647 0
      vertex 186.213 29.4647 0
      vertex 259.495 29.8453 0
    endloop
  endfacet
  facet normal -0 -0 -1
    outer loop
      vertex 259.787 29.4647 0
      vertex 270 0 0
      vertex 186.213 29.4647 0
    endloop
  endfacet
  facet normal 0 -0 -1
    outer loop
      vertex 186.213 29.4647 0
      vertex 270 0 0
      vertex 185.889 29.1109 0
    endloop
  endfacet
  facet normal 0 -0 -1
    outer loop
      vertex 185.889 29.1109 0
      vertex 270 0 0
      vertex 185.535 28.7868 0
    endloop
  endfacet
  facet normal 0 -0 -1
    outer loop
      vertex 185.535 28.7868 0
      vertex 270 0 0
      vertex 185.155 28.4947 0
    endloop
  endfacet
  facet normal 0 -0 -1
    outer loop
      vertex 185.155 28.4947 0
      vertex 270 0 0
      vertex 184.75 28.2369 0
    endloop
  endfacet
  facet normal 0 -0 -1
    outer loop
      vertex 184.75 28.2369 0
      vertex 270 0 0
      vertex 184.324 28.0153 0
    endloop
  endfacet
  facet normal 0 -0 -1
    outer loop
      vertex 184.324 28.0153 0
      vertex 270 0 0
      vertex 183.881 27.8317 0
    endloop
  endfacet
  facet normal 0 -0 -1
    outer loop
      vertex 183.881 27.8317 0
      vertex 270 0 0
      vertex 183.423 27.6874 0
    endloop
  endfacet
  facet normal 0 -0 -1
    outer loop
      vertex 183.423 27.6874 0
      vertex 270 0 0
      vertex 182.955 27.5836 0
    endloop
  endfacet
  facet normal 0 -0 -1
    outer loop
      vertex 182.955 27.5836 0
      vertex 270 0 0
      vertex 182.479 27.5209 0
    endloop
  endfacet
  facet normal 0 -0 -1
    outer loop
      vertex 182.479 27.5209 0
      vertex 270 0 0
      vertex 182 27.5 0
    endloop
  endfacet
  facet normal 0 -0 -1
    outer loop
      vertex 180.576 27.6874 0
      vertex 181.045 27.5836 0
      vertex 100.955 27.5836 0
    endloop
  endfacet
  facet normal 0 0 -1
    outer loop
      vertex 12 0 0
      vertex 99.5206 27.5209 0
      vertex 100 27.5 0
    endloop
  endfacet
  facet normal 0 0 -1
    outer loop
      vertex 91 47.5 0
      vertex 97.25 37.7631 0
      vertex 96.8453 37.5053 0
    endloop
  endfacet
  facet normal 0 0 -1
    outer loop
      vertex 12 0 0
      vertex 99.0449 27.5836 0
      vertex 99.5206 27.5209 0
    endloop
  endfacet
  facet normal 0 0 -1
    outer loop
      vertex 12 0 0
      vertex 98.5765 27.6874 0
      vertex 99.0449 27.5836 0
    endloop
  endfacet
  facet normal 0 0 -1
    outer loop
      vertex 12 0 0
      vertex 98.1189 27.8317 0
      vertex 98.5765 27.6874 0
    endloop
  endfacet
  facet normal -0 0 -1
    outer loop
      vertex 97.6756 28.0153 0
      vertex 12 0 0
      vertex 97.25 28.2369 0
    endloop
  endfacet
  facet normal -0 0 -1
    outer loop
      vertex 97.25 28.2369 0
      vertex 12 0 0
      vertex 96.8453 28.4947 0
    endloop
  endfacet
  facet normal -0 0 -1
    outer loop
      vertex 96.8453 28.4947 0
      vertex 12 0 0
      vertex 96.4647 28.7868 0
    endloop
  endfacet
  facet normal 0 -0 -1
    outer loop
      vertex 96.1109 29.1109 0
      vertex 96.4647 28.7868 0
      vertex 12 0 0
    endloop
  endfacet
  facet normal 0 0 -1
    outer loop
      vertex 59 58 0
      vertex 62.2248 58.1408 0
      vertex 94.5836 32.0449 0
    endloop
  endfacet
  facet normal 0 -0 -1
    outer loop
      vertex 23.4791 32.5206 0
      vertex 55.7752 58.1408 0
      vertex 23.4164 32.0449 0
    endloop
  endfacet
  facet normal 0 0 -1
    outer loop
      vertex 23.4791 33.4794 0
      vertex 49.4237 59.2607 0
      vertex 52.575 58.5621 0
    endloop
  endfacet
  facet normal 0 0 -1
    outer loop
      vertex 23.3126 34.4235 0
      vertex 23.1683 34.8811 0
      vertex 49.4237 59.2607 0
    endloop
  endfacet
  facet normal 0 0 -1
    outer loop
      vertex 23.1683 34.8811 0
      vertex 22.9847 35.3244 0
      vertex 46.3453 60.2314 0
    endloop
  endfacet
  facet normal -0 0 -1
    outer loop
      vertex 46.3453 60.2314 0
      vertex 22.7631 35.75 0
      vertex 43.3631 61.4666 0
    endloop
  endfacet
  facet normal 0 0 -1
    outer loop
      vertex 94.6874 31.5765 0
      vertex 59 58 0
      vertex 94.5836 32.0449 0
    endloop
  endfacet
  facet normal 0 0 -1
    outer loop
      vertex 23.5 33 0
      vertex 23.4791 33.4794 0
      vertex 52.575 58.5621 0
    endloop
  endfacet
  facet normal 0 0 -1
    outer loop
      vertex 94.5209 33.4794 0
      vertex 88.5251 48.5251 0
      vertex 88.7502 48.3188 0
    endloop
  endfacet
  facet normal 0 0 -1
    outer loop
      vertex 94.5 33 0
      vertex 88.5251 48.5251 0
      vertex 94.5209 33.4794 0
    endloop
  endfacet
  facet normal -0 0 -1
    outer loop
      vertex 94.8317 34.8811 0
      vertex 94.6874 34.4235 0
      vertex 89.25 47.9689 0
    endloop
  endfacet
  facet normal -0 -0 -1
    outer loop
      vertex 89.5208 47.8279 0
      vertex 94.8317 34.8811 0
      vertex 89.25 47.9689 0
    endloop
  endfacet
  facet normal 0 0 -1
    outer loop
      vertex 89.5208 47.8279 0
      vertex 89.8029 47.7111 0
      vertex 94.8317 34.8811 0
    endloop
  endfacet
  facet normal 0 0 -1
    outer loop
      vertex 94.8317 34.8811 0
      vertex 89.8029 47.7111 0
      vertex 95.0153 35.3244 0
    endloop
  endfacet
  facet normal 0 0 -1
    outer loop
      vertex 95.0153 35.3244 0
      vertex 89.8029 47.7111 0
      vertex 90.0941 47.6193 0
    endloop
  endfacet
  facet normal -0 0 -1
    outer loop
      vertex 95.2369 35.75 0
      vertex 95.0153 35.3244 0
      vertex 90.0941 47.6193 0
    endloop
  endfacet
  facet normal -0 -0 -1
    outer loop
      vertex 90.3922 47.5532 0
      vertex 95.2369 35.75 0
      vertex 90.0941 47.6193 0
    endloop
  endfacet
  facet normal 0 0 -1
    outer loop
      vertex 90.3922 47.5532 0
      vertex 95.4947 36.1547 0
      vertex 95.2369 35.75 0
    endloop
  endfacet
  facet normal 0 0 -1
    outer loop
      vertex 90.3922 47.5532 0
      vertex 90.695 47.5133 0
      vertex 95.4947 36.1547 0
    endloop
  endfacet
  facet normal 0 0 -1
    outer loop
      vertex 95.4947 36.1547 0
      vertex 90.695 47.5133 0
      vertex 95.7868 36.5353 0
    endloop
  endfacet
  facet normal 0 0 -1
    outer loop
      vertex 95.7868 36.5353 0
      vertex 90.695 47.5133 0
      vertex 91 47.5 0
    endloop
  endfacet
  facet normal -0 0 -1
    outer loop
      vertex 96.1109 36.8891 0
      vertex 95.7868 36.5353 0
      vertex 91 47.5 0
    endloop
  endfacet
  facet normal -0 0 -1
    outer loop
      vertex 96.8453 37.5053 0
      vertex 96.4647 37.2132 0
      vertex 91 47.5 0
    endloop
  endfacet
  facet normal -0 0 -1
    outer loop
      vertex 96.4647 37.2132 0
      vertex 96.1109 36.8891 0
      vertex 91 47.5 0
    endloop
  endfacet
  facet normal 0 0 -1
    outer loop
      vertex 91 47.5 0
      vertex 97.6756 37.9847 0
      vertex 97.25 37.7631 0
    endloop
  endfacet
  facet normal 0 0 -1
    outer loop
      vertex 91 47.5 0
      vertex 98.1189 38.1683 0
      vertex 97.6756 37.9847 0
    endloop
  endfacet
  facet normal -0 0 -1
    outer loop
      vertex 99.0449 38.4164 0
      vertex 98.5765 38.3126 0
      vertex 91 47.5 0
    endloop
  endfacet
  facet normal -0 0 -1
    outer loop
      vertex 99.5206 38.4791 0
      vertex 99.0449 38.4164 0
      vertex 91 47.5 0
    endloop
  endfacet
  facet normal 0 0 -1
    outer loop
      vertex 100 38.5 0
      vertex 91 47.5 0
      vertex 109 47.5 0
    endloop
  endfacet
  facet normal 0 0 -1
    outer loop
      vertex 100.479 38.4791 0
      vertex 100 38.5 0
      vertex 109 47.5 0
    endloop
  endfacet
  facet normal 0 0 -1
    outer loop
      vertex 100.955 38.4164 0
      vertex 109 47.5 0
      vertex 101.423 38.3126 0
    endloop
  endfacet
  facet normal 0 0 -1
    outer loop
      vertex 101.423 38.3126 0
      vertex 109 47.5 0
      vertex 101.881 38.1683 0
    endloop
  endfacet
  facet normal 0 0 -1
    outer loop
      vertex 109 47.5 0
      vertex 102.75 37.7631 0
      vertex 102.324 37.9847 0
    endloop
  endfacet
  facet normal 0 0 -1
    outer loop
      vertex 103.535 37.2132 0
      vertex 103.155 37.5053 0
      vertex 109 47.5 0
    endloop
  endfacet
  facet normal 0 0 -1
    outer loop
      vertex 103.889 36.8891 0
      vertex 103.535 37.2132 0
      vertex 109 47.5 0
    endloop
  endfacet
  facet normal 0 0 -1
    outer loop
      vertex 104.213 36.5353 0
      vertex 109 47.5 0
      vertex 109.305 47.5133 0
    endloop
  endfacet
  facet normal 0 0 -1
    outer loop
      vertex 104.505 36.1547 0
      vertex 109.305 47.5133 0
      vertex 109.608 47.5532 0
    endloop
  endfacet
  facet normal 0 0 -1
    outer loop
      vertex 104.763 35.75 0
      vertex 109.608 47.5532 0
      vertex 109.906 47.6193 0
    endloop
  endfacet
  facet normal 0 0 -1
    outer loop
      vertex 104.985 35.3244 0
      vertex 104.763 35.75 0
      vertex 109.906 47.6193 0
    endloop
  endfacet
  facet normal 0 0 -1
    outer loop
      vertex 105.168 34.8811 0
      vertex 110.479 47.8279 0
      vertex 110.75 47.9689 0
    endloop
  endfacet
  facet normal 0 0 -1
    outer loop
      vertex 105.313 34.4235 0
      vertex 111.007 48.133 0
      vertex 105.416 33.9551 0
    endloop
  endfacet
  facet normal 0 0 -1
    outer loop
      vertex 105.416 33.9551 0
      vertex 111.25 48.3188 0
      vertex 105.479 33.4794 0
    endloop
  endfacet
  facet normal 0 0 -1
    outer loop
      vertex 105.479 33.4794 0
      vertex 111.25 48.3188 0
      vertex 111.475 48.5251 0
    endloop
  endfacet
  facet normal 0 -0 -1
    outer loop
      vertex 105.5 33 0
      vertex 111.681 48.7502 0
      vertex 105.479 32.5206 0
    endloop
  endfacet
  facet normal 0 0 -1
    outer loop
      vertex 105.479 32.5206 0
      vertex 111.681 48.7502 0
      vertex 137.775 58.1408 0
    endloop
  endfacet
  facet normal 0 0 -1
    outer loop
      vertex 105.416 32.0449 0
      vertex 137.775 58.1408 0
      vertex 141 58 0
    endloop
  endfacet
  facet normal 0 0 -1
    outer loop
      vertex 105.313 31.5765 0
      vertex 105.416 32.0449 0
      vertex 141 58 0
    endloop
  endfacet
  facet normal 0 0 -1
    outer loop
      vertex 105.168 31.1189 0
      vertex 105.313 31.5765 0
      vertex 176.687 31.5765 0
    endloop
  endfacet
  facet normal 0 0 -1
    outer loop
      vertex 176.832 31.1189 0
      vertex 105.168 31.1189 0
      vertex 176.687 31.5765 0
    endloop
  endfacet
  facet normal 0 0 -1
    outer loop
      vertex 177.015 30.6756 0
      vertex 104.985 30.6756 0
      vertex 176.832 31.1189 0
    endloop
  endfacet
  facet normal -0 0 -1
    outer loop
      vertex 177.015 30.6756 0
      vertex 104.763 30.25 0
      vertex 104.985 30.6756 0
    endloop
  endfacet
  facet normal -0 0 -1
    outer loop
      vertex 177.237 30.25 0
      vertex 104.505 29.8453 0
      vertex 104.763 30.25 0
    endloop
  endfacet
  facet normal 0 -0 -1
    outer loop
      vertex 177.237 30.25 0
      vertex 177.495 29.8453 0
      vertex 104.505 29.8453 0
    endloop
  endfacet
  facet normal 0 -0 -1
    outer loop
      vertex 177.495 29.8453 0
      vertex 177.787 29.4647 0
      vertex 104.213 29.4647 0
    endloop
  endfacet
  facet normal 0 -0 -1
    outer loop
      vertex 104.213 29.4647 0
      vertex 177.787 29.4647 0
      vertex 103.889 29.1109 0
    endloop
  endfacet
  facet normal 0 -0 -1
    outer loop
      vertex 103.889 29.1109 0
      vertex 178.111 29.1109 0
      vertex 103.535 28.7868 0
    endloop
  endfacet
  facet normal 0 0 -1
    outer loop
      vertex 103.535 28.7868 0
      vertex 178.111 29.1109 0
      vertex 178.465 28.7868 0
    endloop
  endfacet
  facet normal 0 0 -1
    outer loop
      vertex 103.155 28.4947 0
      vertex 178.465 28.7868 0
      vertex 178.845 28.4947 0
    endloop
  endfacet
  facet normal 0 0 -1
    outer loop
      vertex 102.75 28.2369 0
      vertex 103.155 28.4947 0
      vertex 178.845 28.4947 0
    endloop
  endfacet
  facet normal 0 0 -1
    outer loop
      vertex 179.676 28.0153 0
      vertex 102.75 28.2369 0
      vertex 179.25 28.2369 0
    endloop
  endfacet
  facet normal 0 0 -1
    outer loop
      vertex 179.676 28.0153 0
      vertex 102.324 28.0153 0
      vertex 102.75 28.2369 0
    endloop
  endfacet
  facet normal 0 0 -1
    outer loop
      vertex 180.119 27.8317 0
      vertex 101.881 27.8317 0
      vertex 179.676 28.0153 0
    endloop
  endfacet
  facet normal -0 0 -1
    outer loop
      vertex 180.119 27.8317 0
      vertex 101.423 27.6874 0
      vertex 101.881 27.8317 0
    endloop
  endfacet
  facet normal -0 0 -1
    outer loop
      vertex 180.576 27.6874 0
      vertex 100.955 27.5836 0
      vertex 101.423 27.6874 0
    endloop
  endfacet
  facet normal -0 0 -1
    outer loop
      vertex 181.045 27.5836 0
      vertex 12 0 0
      vertex 100.955 27.5836 0
    endloop
  endfacet
  facet normal 0 0 -1
    outer loop
      vertex 100.955 27.5836 0
      vertex 12 0 0
      vertex 100.479 27.5209 0
    endloop
  endfacet
  facet normal 0 0 -1
    outer loop
      vertex 100.479 27.5209 0
      vertex 12 0 0
      vertex 100 27.5 0
    endloop
  endfacet
  facet normal -0 0 -1
    outer loop
      vertex 16.5765 38.3126 0
      vertex 16.1189 38.1683 0
      vertex 28.6914 73.7777 0
    endloop
  endfacet
  facet normal 0 0 -1
    outer loop
      vertex 12 0 0
      vertex 0 12 0
      vertex 17.0449 27.5836 0
    endloop
  endfacet
  facet normal -0 0 -1
    outer loop
      vertex 17.0449 27.5836 0
      vertex 0 12 0
      vertex 16.5765 27.6874 0
    endloop
  endfacet
  facet normal -0 0 -1
    outer loop
      vertex 16.5765 27.6874 0
      vertex 0 12 0
      vertex 16.1189 27.8317 0
    endloop
  endfacet
  facet normal -0 0 -1
    outer loop
      vertex 16.1189 27.8317 0
      vertex 0 12 0
      vertex 15.6756 28.0153 0
    endloop
  endfacet
  facet normal -0 0 -1
    outer loop
      vertex 15.6756 28.0153 0
      vertex 0 12 0
      vertex 15.25 28.2369 0
    endloop
  endfacet
  facet normal -0 0 -1
    outer loop
      vertex 13.0153 35.3244 0
      vertex 0 12 0
      vertex 22.1408 91.7752 0
    endloop
  endfacet
  facet normal -0 0 -1
    outer loop
      vertex 14.8453 28.4947 0
      vertex 0 12 0
      vertex 14.4647 28.7868 0
    endloop
  endfacet
  facet normal -0 0 -1
    outer loop
      vertex 14.4647 28.7868 0
      vertex 0 12 0
      vertex 14.1109 29.1109 0
    endloop
  endfacet
  facet normal -0 0 -1
    outer loop
      vertex 14.1109 29.1109 0
      vertex 0 12 0
      vertex 13.7868 29.4647 0
    endloop
  endfacet
  facet normal 0 0 -1
    outer loop
      vertex 13.0153 35.3244 0
      vertex 12.8317 34.8811 0
      vertex 0 12 0
    endloop
  endfacet
  facet normal -0 0 -1
    outer loop
      vertex 13.4947 29.8453 0
      vertex 0 12 0
      vertex 13.2369 30.25 0
    endloop
  endfacet
  facet normal -0 0 -1
    outer loop
      vertex 13.2369 30.25 0
      vertex 0 12 0
      vertex 13.0153 30.6756 0
    endloop
  endfacet
  facet normal -0 0 -1
    outer loop
      vertex 13.0153 30.6756 0
      vertex 0 12 0
      vertex 12.8317 31.1189 0
    endloop
  endfacet
  facet normal -0 0 -1
    outer loop
      vertex 12.8317 31.1189 0
      vertex 0 12 0
      vertex 12.6874 31.5765 0
    endloop
  endfacet
  facet normal -0 0 -1
    outer loop
      vertex 12.6874 31.5765 0
      vertex 0 12 0
      vertex 12.5836 32.0449 0
    endloop
  endfacet
  facet normal 0 0 -1
    outer loop
      vertex 0 12 0
      vertex 12.8317 34.8811 0
      vertex 12.6874 34.4235 0
    endloop
  endfacet
  facet normal 0 0 -1
    outer loop
      vertex 0 12 0
      vertex 12.5209 32.5206 0
      vertex 12.5836 32.0449 0
    endloop
  endfacet
  facet normal 0 0 -1
    outer loop
      vertex 0 12 0
      vertex 12.5 33 0
      vertex 12.5209 32.5206 0
    endloop
  endfacet
  facet normal 0 0 -1
    outer loop
      vertex 0 12 0
      vertex 12.5209 33.4794 0
      vertex 12.5 33 0
    endloop
  endfacet
  facet normal 0 0 -1
    outer loop
      vertex 0 12 0
      vertex 12.5836 33.9551 0
      vertex 12.5209 33.4794 0
    endloop
  endfacet
  facet normal -0 0 -1
    outer loop
      vertex 22.5621 88.575 0
      vertex 13.0153 35.3244 0
      vertex 22.1408 91.7752 0
    endloop
  endfacet
  facet normal 0 0 -1
    outer loop
      vertex 13.4947 36.1547 0
      vertex 22.5621 88.575 0
      vertex 23.2607 85.4237 0
    endloop
  endfacet
  facet normal 0 0 -1
    outer loop
      vertex 13.7868 36.5353 0
      vertex 24.2314 82.3453 0
      vertex 14.1109 36.8891 0
    endloop
  endfacet
  facet normal 0 -0 -1
    outer loop
      vertex 24.2314 82.3453 0
      vertex 25.4666 79.3631 0
      vertex 14.4647 37.2132 0
    endloop
  endfacet
  facet normal 0 0 -1
    outer loop
      vertex 25.4666 79.3631 0
      vertex 15.25 37.7631 0
      vertex 14.8453 37.5053 0
    endloop
  endfacet
  facet normal 0 0 -1
    outer loop
      vertex 26.9571 76.5 0
      vertex 15.6756 37.9847 0
      vertex 15.25 37.7631 0
    endloop
  endfacet
  facet normal 0 0 -1
    outer loop
      vertex 15.6756 37.9847 0
      vertex 26.9571 76.5 0
      vertex 16.1189 38.1683 0
    endloop
  endfacet
  facet normal -0 0 -1
    outer loop
      vertex 17.0449 38.4164 0
      vertex 16.5765 38.3126 0
      vertex 28.6914 73.7777 0
    endloop
  endfacet
  facet normal -0 0 -1
    outer loop
      vertex 17.5206 38.4791 0
      vertex 17.0449 38.4164 0
      vertex 30.6564 71.2169 0
    endloop
  endfacet
  facet normal -0 0 -1
    outer loop
      vertex 18 38.5 0
      vertex 17.5206 38.4791 0
      vertex 30.6564 71.2169 0
    endloop
  endfacet
  facet normal -0 0 -1
    outer loop
      vertex 32.837 68.837 0
      vertex 18 38.5 0
      vertex 30.6564 71.2169 0
    endloop
  endfacet
  facet normal 0 0 -1
    outer loop
      vertex 32.837 68.837 0
      vertex 18.4794 38.4791 0
      vertex 18 38.5 0
    endloop
  endfacet
  facet normal 0 0 -1
    outer loop
      vertex 32.837 68.837 0
      vertex 18.9551 38.4164 0
      vertex 18.4794 38.4791 0
    endloop
  endfacet
  facet normal 0 0 -1
    outer loop
      vertex 35.2169 66.6564 0
      vertex 19.4235 38.3126 0
      vertex 18.9551 38.4164 0
    endloop
  endfacet
  facet normal 0 0 -1
    outer loop
      vertex 35.2169 66.6564 0
      vertex 19.8811 38.1683 0
      vertex 19.4235 38.3126 0
    endloop
  endfacet
  facet normal 0 0 -1
    outer loop
      vertex 35.2169 66.6564 0
      vertex 20.3244 37.9847 0
      vertex 19.8811 38.1683 0
    endloop
  endfacet
  facet normal 0 -0 -1
    outer loop
      vertex 35.2169 66.6564 0
      vertex 37.7777 64.6914 0
      vertex 20.3244 37.9847 0
    endloop
  endfacet
  facet normal 0 0 -1
    outer loop
      vertex 37.7777 64.6914 0
      vertex 21.1547 37.5053 0
      vertex 20.75 37.7631 0
    endloop
  endfacet
  facet normal 0 -0 -1
    outer loop
      vertex 37.7777 64.6914 0
      vertex 40.5 62.9571 0
      vertex 21.1547 37.5053 0
    endloop
  endfacet
  facet normal 0 0 -1
    outer loop
      vertex 21.1547 37.5053 0
      vertex 40.5 62.9571 0
      vertex 21.5353 37.2132 0
    endloop
  endfacet
  facet normal 0 0 -1
    outer loop
      vertex 21.5353 37.2132 0
      vertex 40.5 62.9571 0
      vertex 21.8891 36.8891 0
    endloop
  endfacet
  facet normal 0 -0 -1
    outer loop
      vertex 40.5 62.9571 0
      vertex 43.3631 61.4666 0
      vertex 22.2132 36.5353 0
    endloop
  endfacet
  facet normal 0 0 -1
    outer loop
      vertex 22.2132 36.5353 0
      vertex 43.3631 61.4666 0
      vertex 22.5053 36.1547 0
    endloop
  endfacet
  facet normal 0 0 -1
    outer loop
      vertex 22.5053 36.1547 0
      vertex 43.3631 61.4666 0
      vertex 22.7631 35.75 0
    endloop
  endfacet
  facet normal 0 0 -1
    outer loop
      vertex 22.7631 35.75 0
      vertex 46.3453 60.2314 0
      vertex 22.9847 35.3244 0
    endloop
  endfacet
  facet normal 0 -0 -1
    outer loop
      vertex 46.3453 60.2314 0
      vertex 49.4237 59.2607 0
      vertex 23.1683 34.8811 0
    endloop
  endfacet
  facet normal 0 0 -1
    outer loop
      vertex 49.4237 59.2607 0
      vertex 23.4164 33.9551 0
      vertex 23.3126 34.4235 0
    endloop
  endfacet
  facet normal 0 0 -1
    outer loop
      vertex 49.4237 59.2607 0
      vertex 23.4791 33.4794 0
      vertex 23.4164 33.9551 0
    endloop
  endfacet
  facet normal 0 0 -1
    outer loop
      vertex 23.4791 32.5206 0
      vertex 23.5 33 0
      vertex 52.575 58.5621 0
    endloop
  endfacet
  facet normal -0 0 -1
    outer loop
      vertex 55.7752 58.1408 0
      vertex 23.4791 32.5206 0
      vertex 52.575 58.5621 0
    endloop
  endfacet
  facet normal -0 0 -1
    outer loop
      vertex 59 58 0
      vertex 23.4164 32.0449 0
      vertex 55.7752 58.1408 0
    endloop
  endfacet
  facet normal 0 0 -1
    outer loop
      vertex 59 58 0
      vertex 23.3126 31.5765 0
      vertex 23.4164 32.0449 0
    endloop
  endfacet
  facet normal 0 -0 -1
    outer loop
      vertex 59 58 0
      vertex 94.6874 31.5765 0
      vertex 23.3126 31.5765 0
    endloop
  endfacet
  facet normal 0 -0 -1
    outer loop
      vertex 23.3126 31.5765 0
      vertex 94.6874 31.5765 0
      vertex 23.1683 31.1189 0
    endloop
  endfacet
  facet normal 0 0 -1
    outer loop
      vertex 23.1683 31.1189 0
      vertex 94.6874 31.5765 0
      vertex 94.8317 31.1189 0
    endloop
  endfacet
  facet normal 0 0 -1
    outer loop
      vertex 22.9847 30.6756 0
      vertex 23.1683 31.1189 0
      vertex 94.8317 31.1189 0
    endloop
  endfacet
  facet normal 0 0 -1
    outer loop
      vertex 95.0153 30.6756 0
      vertex 22.9847 30.6756 0
      vertex 94.8317 31.1189 0
    endloop
  endfacet
  facet normal -0 0 -1
    outer loop
      vertex 95.2369 30.25 0
      vertex 22.5053 29.8453 0
      vertex 22.7631 30.25 0
    endloop
  endfacet
  facet normal 0 0 -1
    outer loop
      vertex 95.2369 30.25 0
      vertex 22.7631 30.25 0
      vertex 95.0153 30.6756 0
    endloop
  endfacet
  facet normal 0 0 -1
    outer loop
      vertex 95.4947 29.8453 0
      vertex 22.5053 29.8453 0
      vertex 95.2369 30.25 0
    endloop
  endfacet
  facet normal -0 0 -1
    outer loop
      vertex 95.4947 29.8453 0
      vertex 22.2132 29.4647 0
      vertex 22.5053 29.8453 0
    endloop
  endfacet
  facet normal 0 -0 -1
    outer loop
      vertex 95.4947 29.8453 0
      vertex 95.7868 29.4647 0
      vertex 22.2132 29.4647 0
    endloop
  endfacet
  facet normal 0 -0 -1
    outer loop
      vertex 22.2132 29.4647 0
      vertex 95.7868 29.4647 0
      vertex 12 0 0
    endloop
  endfacet
  facet normal 0 -0 -1
    outer loop
      vertex 21.8891 29.1109 0
      vertex 22.2132 29.4647 0
      vertex 12 0 0
    endloop
  endfacet
  facet normal 0 -0 -1
    outer loop
      vertex 21.5353 28.7868 0
      vertex 21.8891 29.1109 0
      vertex 12 0 0
    endloop
  endfacet
  facet normal 0 -0 -1
    outer loop
      vertex 21.1547 28.4947 0
      vertex 21.5353 28.7868 0
      vertex 12 0 0
    endloop
  endfacet
  facet normal 0 -0 -1
    outer loop
      vertex 20.75 28.2369 0
      vertex 21.1547 28.4947 0
      vertex 12 0 0
    endloop
  endfacet
  facet normal 0 -0 -1
    outer loop
      vertex 20.3244 28.0153 0
      vertex 20.75 28.2369 0
      vertex 12 0 0
    endloop
  endfacet
  facet normal 0 -0 -1
    outer loop
      vertex 19.8811 27.8317 0
      vertex 20.3244 28.0153 0
      vertex 12 0 0
    endloop
  endfacet
  facet normal 0 -0 -1
    outer loop
      vertex 19.4235 27.6874 0
      vertex 19.8811 27.8317 0
      vertex 12 0 0
    endloop
  endfacet
  facet normal 0 -0 -1
    outer loop
      vertex 18.9551 27.5836 0
      vertex 19.4235 27.6874 0
      vertex 12 0 0
    endloop
  endfacet
  facet normal 0 -0 -1
    outer loop
      vertex 18 27.5 0
      vertex 18.4794 27.5209 0
      vertex 12 0 0
    endloop
  endfacet
  facet normal 0 -0 -1
    outer loop
      vertex 18.4794 27.5209 0
      vertex 18.9551 27.5836 0
      vertex 12 0 0
    endloop
  endfacet
  facet normal 0 0 1
    outer loop
      vertex 270 0 30
      vertex 270.991 0.0409851 30
      vertex 271.975 0.163696 30
    endloop
  endfacet
  facet normal 0 -0 1
    outer loop
      vertex 273.896 0.650192 30
      vertex 274.82 1.0107 30
      vertex 271.975 0.163696 30
    endloop
  endfacet
  facet normal 0 -0 1
    outer loop
      vertex 272.946 0.367188 30
      vertex 273.896 0.650192 30
      vertex 271.975 0.163696 30
    endloop
  endfacet
  facet normal 0 0 1
    outer loop
      vertex 274.82 1.0107 30
      vertex 275.711 1.44629 30
      vertex 276.563 1.95399 30
    endloop
  endfacet
  facet normal 0 -0 1
    outer loop
      vertex 274.82 1.0107 30
      vertex 276.563 1.95399 30
      vertex 271.975 0.163696 30
    endloop
  endfacet
  facet normal 0 0 1
    outer loop
      vertex 276.563 1.95399 30
      vertex 277.371 2.53029 30
      vertex 278.127 3.1713 30
    endloop
  endfacet
  facet normal 0 0 1
    outer loop
      vertex 276.563 1.95399 30
      vertex 278.127 3.1713 30
      vertex 278.829 3.87259 30
    endloop
  endfacet
  facet normal 0 0 1
    outer loop
      vertex 276.563 1.95399 30
      vertex 278.829 3.87259 30
      vertex 280.046 5.4366 30
    endloop
  endfacet
  facet normal 0 0 1
    outer loop
      vertex 278.829 3.87259 30
      vertex 279.47 4.62939 30
      vertex 280.046 5.4366 30
    endloop
  endfacet
  facet normal 0 -0 1
    outer loop
      vertex 276.563 1.95399 30
      vertex 280.046 5.4366 30
      vertex 271.975 0.163696 30
    endloop
  endfacet
  facet normal 0 0 1
    outer loop
      vertex 280.046 5.4366 30
      vertex 280.554 6.28859 30
      vertex 280.989 7.17969 30
    endloop
  endfacet
  facet normal 0 0 1
    outer loop
      vertex 280.046 5.4366 30
      vertex 280.989 7.17969 30
      vertex 281.836 10.0249 30
    endloop
  endfacet
  facet normal 0 0 1
    outer loop
      vertex 280.989 7.17969 30
      vertex 281.35 8.10359 30
      vertex 281.836 10.0249 30
    endloop
  endfacet
  facet normal 0 0 1
    outer loop
      vertex 281.35 8.10359 30
      vertex 281.633 9.0542 30
      vertex 281.836 10.0249 30
    endloop
  endfacet
  facet normal 0 -0 1
    outer loop
      vertex 280.046 5.4366 30
      vertex 281.836 10.0249 30
      vertex 271.975 0.163696 30
    endloop
  endfacet
  facet normal 0 0 1
    outer loop
      vertex 281.836 10.0249 30
      vertex 270 0 30
      vertex 271.975 0.163696 30
    endloop
  endfacet
  facet normal 0 -0 1
    outer loop
      vertex 281.959 11.009 30
      vertex 282 12 30
      vertex 281.836 10.0249 30
    endloop
  endfacet
  facet normal 0 0 1
    outer loop
      vertex 282 12 30
      vertex 270 0 30
      vertex 281.836 10.0249 30
    endloop
  endfacet
  facet normal 0 0 1
    outer loop
      vertex 109.305 142.487 30
      vertex 104.505 153.845 30
      vertex 104.213 153.465 30
    endloop
  endfacet
  facet normal 0 0 1
    outer loop
      vertex 281.959 178.991 30
      vertex 281.836 179.975 30
      vertex 282 178 30
    endloop
  endfacet
  facet normal 0 0 1
    outer loop
      vertex 281.836 179.975 30
      vertex 281.633 180.946 30
      vertex 281.35 181.896 30
    endloop
  endfacet
  facet normal 0 0 1
    outer loop
      vertex 281.836 179.975 30
      vertex 281.35 181.896 30
      vertex 280.989 182.82 30
    endloop
  endfacet
  facet normal 0 0 1
    outer loop
      vertex 280.046 184.563 30
      vertex 280.989 182.82 30
      vertex 280.554 183.711 30
    endloop
  endfacet
  facet normal 0 0 1
    outer loop
      vertex 281.836 179.975 30
      vertex 280.989 182.82 30
      vertex 280.046 184.563 30
    endloop
  endfacet
  facet normal 0 0 1
    outer loop
      vertex 278.829 186.127 30
      vertex 280.046 184.563 30
      vertex 279.47 185.371 30
    endloop
  endfacet
  facet normal 0 0 1
    outer loop
      vertex 278.127 186.829 30
      vertex 276.563 188.046 30
      vertex 278.829 186.127 30
    endloop
  endfacet
  facet normal 0 0 1
    outer loop
      vertex 276.563 188.046 30
      vertex 280.046 184.563 30
      vertex 278.829 186.127 30
    endloop
  endfacet
  facet normal 0 0 1
    outer loop
      vertex 276.563 188.046 30
      vertex 278.127 186.829 30
      vertex 277.371 187.47 30
    endloop
  endfacet
  facet normal 0 0 1
    outer loop
      vertex 271.975 189.836 30
      vertex 280.046 184.563 30
      vertex 276.563 188.046 30
    endloop
  endfacet
  facet normal 0 0 1
    outer loop
      vertex 274.82 188.989 30
      vertex 276.563 188.046 30
      vertex 275.711 188.554 30
    endloop
  endfacet
  facet normal 0 0 1
    outer loop
      vertex 271.975 189.836 30
      vertex 276.563 188.046 30
      vertex 274.82 188.989 30
    endloop
  endfacet
  facet normal 0 0 1
    outer loop
      vertex 271.975 189.836 30
      vertex 274.82 188.989 30
      vertex 273.896 189.35 30
    endloop
  endfacet
  facet normal 0 0 1
    outer loop
      vertex 271.975 189.836 30
      vertex 273.896 189.35 30
      vertex 272.946 189.633 30
    endloop
  endfacet
  facet normal 0 0 1
    outer loop
      vertex 281.836 179.975 30
      vertex 280.046 184.563 30
      vertex 271.975 189.836 30
    endloop
  endfacet
  facet normal 0 0 1
    outer loop
      vertex 281.836 179.975 30
      vertex 271.975 189.836 30
      vertex 270 190 30
    endloop
  endfacet
  facet normal 0 0 1
    outer loop
      vertex 271.975 189.836 30
      vertex 270.991 189.959 30
      vertex 270 190 30
    endloop
  endfacet
  facet normal 0 0 1
    outer loop
      vertex 281.836 179.975 30
      vertex 270 190 30
      vertex 282 178 30
    endloop
  endfacet
  facet normal 0 0 1
    outer loop
      vertex 105.5 157 30
      vertex 111.475 141.475 30
      vertex 111.681 141.25 30
    endloop
  endfacet
  facet normal -0 0 1
    outer loop
      vertex 11.009 189.959 30
      vertex 10.0249 189.836 30
      vertex 12 190 30
    endloop
  endfacet
  facet normal 0 0 1
    outer loop
      vertex 10.0249 189.836 30
      vertex 9.0542 189.633 30
      vertex 8.10359 189.35 30
    endloop
  endfacet
  facet normal 0 0 1
    outer loop
      vertex 10.0249 189.836 30
      vertex 8.10359 189.35 30
      vertex 7.17969 188.989 30
    endloop
  endfacet
  facet normal 0 0 1
    outer loop
      vertex 5.4366 188.046 30
      vertex 7.17969 188.989 30
      vertex 6.28859 188.554 30
    endloop
  endfacet
  facet normal 0 0 1
    outer loop
      vertex 10.0249 189.836 30
      vertex 7.17969 188.989 30
      vertex 5.4366 188.046 30
    endloop
  endfacet
  facet normal 0 0 1
    outer loop
      vertex 3.87259 186.829 30
      vertex 5.4366 188.046 30
      vertex 4.62939 187.47 30
    endloop
  endfacet
  facet normal -0 0 1
    outer loop
      vertex 3.1713 186.127 30
      vertex 1.95399 184.563 30
      vertex 3.87259 186.829 30
    endloop
  endfacet
  facet normal 0 0 1
    outer loop
      vertex 1.95399 184.563 30
      vertex 5.4366 188.046 30
      vertex 3.87259 186.829 30
    endloop
  endfacet
  facet normal 0 0 1
    outer loop
      vertex 1.95399 184.563 30
      vertex 3.1713 186.127 30
      vertex 2.53029 185.371 30
    endloop
  endfacet
  facet normal 0 0 1
    outer loop
      vertex 0.163696 179.975 30
      vertex 5.4366 188.046 30
      vertex 1.95399 184.563 30
    endloop
  endfacet
  facet normal 0 0 1
    outer loop
      vertex 1.0107 182.82 30
      vertex 1.95399 184.563 30
      vertex 1.44629 183.711 30
    endloop
  endfacet
  facet normal 0 0 1
    outer loop
      vertex 0.163696 179.975 30
      vertex 1.95399 184.563 30
      vertex 1.0107 182.82 30
    endloop
  endfacet
  facet normal 0 0 1
    outer loop
      vertex 0.163696 179.975 30
      vertex 1.0107 182.82 30
      vertex 0.650192 181.896 30
    endloop
  endfacet
  facet normal 0 0 1
    outer loop
      vertex 0.163696 179.975 30
      vertex 0.650192 181.896 30
      vertex 0.367188 180.946 30
    endloop
  endfacet
  facet normal 0 0 1
    outer loop
      vertex 10.0249 189.836 30
      vertex 5.4366 188.046 30
      vertex 0.163696 179.975 30
    endloop
  endfacet
  facet normal 0 0 1
    outer loop
      vertex 10.0249 189.836 30
      vertex 0.163696 179.975 30
      vertex 0 178 30
    endloop
  endfacet
  facet normal 0 0 1
    outer loop
      vertex 0.163696 179.975 30
      vertex 0.0409851 178.991 30
      vertex 0 178 30
    endloop
  endfacet
  facet normal -0 0 1
    outer loop
      vertex 10.0249 189.836 30
      vertex 0 178 30
      vertex 12 190 30
    endloop
  endfacet
  facet normal 0 0 1
    outer loop
      vertex 18.4794 151.521 30
      vertex 18 151.5 30
      vertex 26.0152 144.651 30
    endloop
  endfacet
  facet normal -0 -0 1
    outer loop
      vertex 9.0542 0.367188 30
      vertex 10.0249 0.163696 30
      vertex 8.10359 0.650192 30
    endloop
  endfacet
  facet normal -0 -0 1
    outer loop
      vertex 0.0409851 11.009 30
      vertex 0.163696 10.0249 30
      vertex 0 12 30
    endloop
  endfacet
  facet normal 0 0 1
    outer loop
      vertex 0.163696 10.0249 30
      vertex 0.367188 9.0542 30
      vertex 0.650192 8.10359 30
    endloop
  endfacet
  facet normal 0 0 1
    outer loop
      vertex 0.163696 10.0249 30
      vertex 0.650192 8.10359 30
      vertex 1.0107 7.17969 30
    endloop
  endfacet
  facet normal 0 0 1
    outer loop
      vertex 1.95399 5.4366 30
      vertex 1.0107 7.17969 30
      vertex 1.44629 6.28859 30
    endloop
  endfacet
  facet normal 0 0 1
    outer loop
      vertex 0.163696 10.0249 30
      vertex 1.0107 7.17969 30
      vertex 1.95399 5.4366 30
    endloop
  endfacet
  facet normal 0 0 1
    outer loop
      vertex 3.1713 3.87259 30
      vertex 1.95399 5.4366 30
      vertex 2.53029 4.62939 30
    endloop
  endfacet
  facet normal 0 0 1
    outer loop
      vertex 3.87259 3.1713 30
      vertex 1.95399 5.4366 30
      vertex 3.1713 3.87259 30
    endloop
  endfacet
  facet normal 0 0 1
    outer loop
      vertex 5.4366 1.95399 30
      vertex 1.95399 5.4366 30
      vertex 3.87259 3.1713 30
    endloop
  endfacet
  facet normal 0 0 1
    outer loop
      vertex 5.4366 1.95399 30
      vertex 3.87259 3.1713 30
      vertex 4.62939 2.53029 30
    endloop
  endfacet
  facet normal 0 0 1
    outer loop
      vertex 0.163696 10.0249 30
      vertex 1.95399 5.4366 30
      vertex 5.4366 1.95399 30
    endloop
  endfacet
  facet normal 0 0 1
    outer loop
      vertex 7.17969 1.0107 30
      vertex 5.4366 1.95399 30
      vertex 6.28859 1.44629 30
    endloop
  endfacet
  facet normal 0 0 1
    outer loop
      vertex 10.0249 0.163696 30
      vertex 5.4366 1.95399 30
      vertex 7.17969 1.0107 30
    endloop
  endfacet
  facet normal 0 0 1
    outer loop
      vertex 10.0249 0.163696 30
      vertex 7.17969 1.0107 30
      vertex 8.10359 0.650192 30
    endloop
  endfacet
  facet normal 0 0 1
    outer loop
      vertex 10.0249 0.163696 30
      vertex 0.163696 10.0249 30
      vertex 5.4366 1.95399 30
    endloop
  endfacet
  facet normal 0 0 1
    outer loop
      vertex 0 12 30
      vertex 0.163696 10.0249 30
      vertex 10.0249 0.163696 30
    endloop
  endfacet
  facet normal 0 0 1
    outer loop
      vertex 12 0 30
      vertex 10.0249 0.163696 30
      vertex 11.009 0.0409851 30
    endloop
  endfacet
  facet normal 0 0 1
    outer loop
      vertex 0 12 30
      vertex 10.0249 0.163696 30
      vertex 12 0 30
    endloop
  endfacet
  facet normal 0 0 1
    outer loop
      vertex 16.1189 151.832 30
      vertex 15.6756 152.015 30
      vertex 26.5359 143 30
    endloop
  endfacet
  facet normal 0 0 1
    outer loop
      vertex 20.3244 152.015 30
      vertex 26.2412 146.368 30
      vertex 26.3748 146.69 30
    endloop
  endfacet
  facet normal 0 0 1
    outer loop
      vertex 14.4647 152.787 30
      vertex 14.1109 153.111 30
      vertex 24.2314 107.655 30
    endloop
  endfacet
  facet normal 0 0 1
    outer loop
      vertex 14.4647 152.787 30
      vertex 24.2314 107.655 30
      vertex 25.4666 110.637 30
    endloop
  endfacet
  facet normal 0 0 1
    outer loop
      vertex 14.4647 152.787 30
      vertex 25.4666 110.637 30
      vertex 14.8453 152.495 30
    endloop
  endfacet
  facet normal 0 0 1
    outer loop
      vertex 13.4947 153.845 30
      vertex 23.2607 104.576 30
      vertex 13.7868 153.465 30
    endloop
  endfacet
  facet normal 0 0 1
    outer loop
      vertex 27.7057 141.723 30
      vertex 27.4288 141.936 30
      vertex 30.6564 118.783 30
    endloop
  endfacet
  facet normal 0 0 1
    outer loop
      vertex 26.7234 142.706 30
      vertex 28.6914 116.222 30
      vertex 26.9358 142.429 30
    endloop
  endfacet
  facet normal 0 0 1
    outer loop
      vertex 25.4666 79.3631 30
      vertex 15.25 37.7631 30
      vertex 26.9571 76.5 30
    endloop
  endfacet
  facet normal 0 0 1
    outer loop
      vertex 14.4647 37.2132 30
      vertex 14.8453 37.5053 30
      vertex 25.4666 79.3631 30
    endloop
  endfacet
  facet normal 0 0 1
    outer loop
      vertex 14.1109 36.8891 30
      vertex 14.4647 37.2132 30
      vertex 24.2314 82.3453 30
    endloop
  endfacet
  facet normal 0 0 1
    outer loop
      vertex 13.7868 36.5353 30
      vertex 24.2314 82.3453 30
      vertex 23.2607 85.4237 30
    endloop
  endfacet
  facet normal 0 -0 1
    outer loop
      vertex 13.4947 36.1547 30
      vertex 22.5621 88.575 30
      vertex 13.2369 35.75 30
    endloop
  endfacet
  facet normal 0 0 1
    outer loop
      vertex 22.5621 88.575 30
      vertex 13.0153 35.3244 30
      vertex 13.2369 35.75 30
    endloop
  endfacet
  facet normal 0 0 1
    outer loop
      vertex 14.8453 28.4947 30
      vertex 0 12 30
      vertex 15.25 28.2369 30
    endloop
  endfacet
  facet normal 0 0 1
    outer loop
      vertex 0 178 30
      vertex 13.0153 154.676 30
      vertex 12.8317 155.119 30
    endloop
  endfacet
  facet normal 0 0 1
    outer loop
      vertex 0 178 30
      vertex 12.8317 155.119 30
      vertex 12.6874 155.576 30
    endloop
  endfacet
  facet normal 0 0 1
    outer loop
      vertex 0 178 30
      vertex 12.6874 155.576 30
      vertex 12.5836 156.045 30
    endloop
  endfacet
  facet normal 0 0 1
    outer loop
      vertex 0 178 30
      vertex 12.5836 156.045 30
      vertex 12.5209 156.521 30
    endloop
  endfacet
  facet normal 0 0 1
    outer loop
      vertex 0 178 30
      vertex 12.5 157 30
      vertex 12.5209 157.479 30
    endloop
  endfacet
  facet normal 0 0 1
    outer loop
      vertex 0 178 30
      vertex 12.5209 156.521 30
      vertex 12.5 157 30
    endloop
  endfacet
  facet normal 0 0 1
    outer loop
      vertex 12.5836 157.955 30
      vertex 0 178 30
      vertex 12.5209 157.479 30
    endloop
  endfacet
  facet normal 0 0 1
    outer loop
      vertex 12.6874 158.423 30
      vertex 0 178 30
      vertex 12.5836 157.955 30
    endloop
  endfacet
  facet normal 0 0 1
    outer loop
      vertex 12.8317 158.881 30
      vertex 0 178 30
      vertex 12.6874 158.423 30
    endloop
  endfacet
  facet normal 0 0 1
    outer loop
      vertex 13.0153 159.324 30
      vertex 0 178 30
      vertex 12.8317 158.881 30
    endloop
  endfacet
  facet normal 0 0 1
    outer loop
      vertex 13.2369 159.75 30
      vertex 0 178 30
      vertex 13.0153 159.324 30
    endloop
  endfacet
  facet normal 0 0 1
    outer loop
      vertex 13.4947 160.155 30
      vertex 0 178 30
      vertex 13.2369 159.75 30
    endloop
  endfacet
  facet normal 0 0 1
    outer loop
      vertex 13.7868 160.535 30
      vertex 0 178 30
      vertex 13.4947 160.155 30
    endloop
  endfacet
  facet normal 0 0 1
    outer loop
      vertex 14.1109 160.889 30
      vertex 0 178 30
      vertex 13.7868 160.535 30
    endloop
  endfacet
  facet normal 0 0 1
    outer loop
      vertex 14.4647 161.213 30
      vertex 0 178 30
      vertex 14.1109 160.889 30
    endloop
  endfacet
  facet normal 0 0 1
    outer loop
      vertex 14.8453 161.505 30
      vertex 0 178 30
      vertex 14.4647 161.213 30
    endloop
  endfacet
  facet normal 0 0 1
    outer loop
      vertex 15.25 161.763 30
      vertex 0 178 30
      vertex 14.8453 161.505 30
    endloop
  endfacet
  facet normal 0 0 1
    outer loop
      vertex 15.6756 161.985 30
      vertex 0 178 30
      vertex 15.25 161.763 30
    endloop
  endfacet
  facet normal 0 0 1
    outer loop
      vertex 16.1189 162.168 30
      vertex 0 178 30
      vertex 15.6756 161.985 30
    endloop
  endfacet
  facet normal 0 0 1
    outer loop
      vertex 16.5765 162.313 30
      vertex 0 178 30
      vertex 16.1189 162.168 30
    endloop
  endfacet
  facet normal 0 0 1
    outer loop
      vertex 17.0449 162.416 30
      vertex 0 178 30
      vertex 16.5765 162.313 30
    endloop
  endfacet
  facet normal 0 0 1
    outer loop
      vertex 12 190 30
      vertex 0 178 30
      vertex 17.0449 162.416 30
    endloop
  endfacet
  facet normal 0 0 1
    outer loop
      vertex 12 190 30
      vertex 17.5206 162.479 30
      vertex 18 162.5 30
    endloop
  endfacet
  facet normal 0 0 1
    outer loop
      vertex 12 190 30
      vertex 17.0449 162.416 30
      vertex 17.5206 162.479 30
    endloop
  endfacet
  facet normal 0 0 1
    outer loop
      vertex 18.4794 162.479 30
      vertex 12 190 30
      vertex 18 162.5 30
    endloop
  endfacet
  facet normal 0 0 1
    outer loop
      vertex 18.9551 162.416 30
      vertex 12 190 30
      vertex 18.4794 162.479 30
    endloop
  endfacet
  facet normal 0 0 1
    outer loop
      vertex 19.4235 162.313 30
      vertex 12 190 30
      vertex 18.9551 162.416 30
    endloop
  endfacet
  facet normal 0 0 1
    outer loop
      vertex 19.8811 162.168 30
      vertex 12 190 30
      vertex 19.4235 162.313 30
    endloop
  endfacet
  facet normal 0 0 1
    outer loop
      vertex 20.3244 161.985 30
      vertex 12 190 30
      vertex 19.8811 162.168 30
    endloop
  endfacet
  facet normal 0 0 1
    outer loop
      vertex 20.75 161.763 30
      vertex 12 190 30
      vertex 20.3244 161.985 30
    endloop
  endfacet
  facet normal 0 0 1
    outer loop
      vertex 21.1547 161.505 30
      vertex 12 190 30
      vertex 20.75 161.763 30
    endloop
  endfacet
  facet normal 0 0 1
    outer loop
      vertex 21.5353 161.213 30
      vertex 12 190 30
      vertex 21.1547 161.505 30
    endloop
  endfacet
  facet normal 0 0 1
    outer loop
      vertex 21.8891 160.889 30
      vertex 12 190 30
      vertex 21.5353 161.213 30
    endloop
  endfacet
  facet normal 0 0 1
    outer loop
      vertex 22.2132 160.535 30
      vertex 12 190 30
      vertex 21.8891 160.889 30
    endloop
  endfacet
  facet normal 0 0 1
    outer loop
      vertex 28.3095 148.625 30
      vertex 22.9847 154.676 30
      vertex 22.7631 154.25 30
    endloop
  endfacet
  facet normal 0 -0 1
    outer loop
      vertex 33.2766 147.294 30
      vertex 94.6874 158.423 30
      vertex 33.0642 147.571 30
    endloop
  endfacet
  facet normal 0 0 1
    outer loop
      vertex 19.8811 151.832 30
      vertex 26.1363 146.035 30
      vertex 26.2412 146.368 30
    endloop
  endfacet
  facet normal 0 0 1
    outer loop
      vertex 59 132 30
      vertex 33.6252 146.69 30
      vertex 55.7752 131.859 30
    endloop
  endfacet
  facet normal 0 0 1
    outer loop
      vertex 26.1363 146.035 30
      vertex 19.8811 151.832 30
      vertex 26.0608 145.695 30
    endloop
  endfacet
  facet normal 0 0 1
    outer loop
      vertex 26.0608 145.695 30
      vertex 19.4235 151.687 30
      vertex 26.0152 145.349 30
    endloop
  endfacet
  facet normal -0 0 1
    outer loop
      vertex 32.2943 141.723 30
      vertex 40.5 127.043 30
      vertex 32.5712 141.936 30
    endloop
  endfacet
  facet normal -0 0 1
    outer loop
      vertex 18.9551 151.584 30
      vertex 26.0152 145.349 30
      vertex 19.4235 151.687 30
    endloop
  endfacet
  facet normal 0 0 1
    outer loop
      vertex 26.0152 145.349 30
      vertex 18.9551 151.584 30
      vertex 26 145 30
    endloop
  endfacet
  facet normal 0 0 1
    outer loop
      vertex 26 145 30
      vertex 18.4794 151.521 30
      vertex 26.0152 144.651 30
    endloop
  endfacet
  facet normal 0 0 1
    outer loop
      vertex 103.889 153.111 30
      vertex 103.535 152.787 30
      vertex 109 142.5 30
    endloop
  endfacet
  facet normal 0 0 1
    outer loop
      vertex 74.6369 128.533 30
      vertex 87.5133 138.695 30
      vertex 87.5 139 30
    endloop
  endfacet
  facet normal 0 0 1
    outer loop
      vertex 105.261 104.576 30
      vertex 93.7686 107.655 30
      vertex 94.7393 104.576 30
    endloop
  endfacet
  facet normal 0 0 1
    outer loop
      vertex 94.5836 156.045 30
      vertex 88.9925 141.867 30
      vertex 94.6874 155.576 30
    endloop
  endfacet
  facet normal 0 0 1
    outer loop
      vertex 87.6193 138.094 30
      vertex 87.5532 138.392 30
      vertex 74.6369 128.533 30
    endloop
  endfacet
  facet normal 0 0 1
    outer loop
      vertex 89.8029 142.289 30
      vertex 95.0153 154.676 30
      vertex 94.8317 155.119 30
    endloop
  endfacet
  facet normal 0 -0 1
    outer loop
      vertex 89.8029 142.289 30
      vertex 94.8317 155.119 30
      vertex 89.5208 142.172 30
    endloop
  endfacet
  facet normal 0 0 1
    outer loop
      vertex 95.7868 153.465 30
      vertex 90.695 142.487 30
      vertex 91 142.5 30
    endloop
  endfacet
  facet normal 0 0 1
    outer loop
      vertex 95.4947 153.845 30
      vertex 90.3922 142.447 30
      vertex 90.695 142.487 30
    endloop
  endfacet
  facet normal 0 0 1
    outer loop
      vertex 95.4947 153.845 30
      vertex 90.695 142.487 30
      vertex 95.7868 153.465 30
    endloop
  endfacet
  facet normal 0 0 1
    outer loop
      vertex 26.1363 143.965 30
      vertex 17.0449 151.584 30
      vertex 26.2412 143.632 30
    endloop
  endfacet
  facet normal 0 0 1
    outer loop
      vertex 16.1189 151.832 30
      vertex 26.5359 143 30
      vertex 26.3748 143.309 30
    endloop
  endfacet
  facet normal 0 0 1
    outer loop
      vertex 16.5765 151.687 30
      vertex 16.1189 151.832 30
      vertex 26.3748 143.309 30
    endloop
  endfacet
  facet normal 0 0 1
    outer loop
      vertex 88.5251 141.475 30
      vertex 94.5209 156.521 30
      vertex 94.5 157 30
    endloop
  endfacet
  facet normal 0 0 1
    outer loop
      vertex 30.3486 141.015 30
      vertex 35.2169 123.344 30
      vertex 37.7777 125.309 30
    endloop
  endfacet
  facet normal -0 0 1
    outer loop
      vertex 32.5712 148.064 30
      vertex 32.8284 147.828 30
      vertex 95.0153 159.324 30
    endloop
  endfacet
  facet normal 0 0 1
    outer loop
      vertex 26.3748 146.69 30
      vertex 20.75 152.237 30
      vertex 20.3244 152.015 30
    endloop
  endfacet
  facet normal 0 -0 1
    outer loop
      vertex 32.5712 148.064 30
      vertex 95.2369 159.75 30
      vertex 22.7631 159.75 30
    endloop
  endfacet
  facet normal 0 0 1
    outer loop
      vertex 22.7631 159.75 30
      vertex 32.2943 148.277 30
      vertex 32.5712 148.064 30
    endloop
  endfacet
  facet normal 0 0 1
    outer loop
      vertex 26.5359 147 30
      vertex 20.75 152.237 30
      vertex 26.3748 146.69 30
    endloop
  endfacet
  facet normal 0 0 1
    outer loop
      vertex 21.5353 152.787 30
      vertex 21.1547 152.495 30
      vertex 26.7234 147.294 30
    endloop
  endfacet
  facet normal -0 -0 1
    outer loop
      vertex 22.9847 159.324 30
      vertex 32.2943 148.277 30
      vertex 22.7631 159.75 30
    endloop
  endfacet
  facet normal 0 -0 1
    outer loop
      vertex 26.9358 147.571 30
      vertex 27.1716 147.828 30
      vertex 21.8891 153.111 30
    endloop
  endfacet
  facet normal 0 0 1
    outer loop
      vertex 27.7057 148.277 30
      vertex 22.2132 153.465 30
      vertex 27.4288 148.064 30
    endloop
  endfacet
  facet normal 0 0 1
    outer loop
      vertex 22.9847 159.324 30
      vertex 32 148.464 30
      vertex 32.2943 148.277 30
    endloop
  endfacet
  facet normal 0 0 1
    outer loop
      vertex 22.7631 154.25 30
      vertex 22.5053 153.845 30
      vertex 28 148.464 30
    endloop
  endfacet
  facet normal 0 -0 1
    outer loop
      vertex 28.3095 148.625 30
      vertex 28.6319 148.759 30
      vertex 22.9847 154.676 30
    endloop
  endfacet
  facet normal 0 0 1
    outer loop
      vertex 28.6319 148.759 30
      vertex 23.1683 155.119 30
      vertex 22.9847 154.676 30
    endloop
  endfacet
  facet normal 0 0 1
    outer loop
      vertex 23.3126 155.576 30
      vertex 23.1683 155.119 30
      vertex 29.3054 148.939 30
    endloop
  endfacet
  facet normal 0 0 1
    outer loop
      vertex 30 149 30
      vertex 23.4791 156.521 30
      vertex 23.4164 156.045 30
    endloop
  endfacet
  facet normal 0 0 1
    outer loop
      vertex 23.4164 157.955 30
      vertex 23.4791 157.479 30
      vertex 31.0353 148.864 30
    endloop
  endfacet
  facet normal -0 -0 1
    outer loop
      vertex 23.5 157 30
      vertex 30.6946 148.939 30
      vertex 23.4791 157.479 30
    endloop
  endfacet
  facet normal -0 -0 1
    outer loop
      vertex 30.6946 148.939 30
      vertex 31.0353 148.864 30
      vertex 23.4791 157.479 30
    endloop
  endfacet
  facet normal -0 -0 1
    outer loop
      vertex 23.3126 158.423 30
      vertex 31.6905 148.625 30
      vertex 23.1683 158.881 30
    endloop
  endfacet
  facet normal -0 -0 1
    outer loop
      vertex 31.6905 148.625 30
      vertex 32 148.464 30
      vertex 23.1683 158.881 30
    endloop
  endfacet
  facet normal 0 -0 1
    outer loop
      vertex 22.7631 159.75 30
      vertex 95.2369 159.75 30
      vertex 22.5053 160.155 30
    endloop
  endfacet
  facet normal 0 -0 1
    outer loop
      vertex 95.2369 159.75 30
      vertex 95.4947 160.155 30
      vertex 22.5053 160.155 30
    endloop
  endfacet
  facet normal 0 0 1
    outer loop
      vertex 95.4947 160.155 30
      vertex 22.2132 160.535 30
      vertex 22.5053 160.155 30
    endloop
  endfacet
  facet normal 0 0 1
    outer loop
      vertex 95.7868 160.535 30
      vertex 22.2132 160.535 30
      vertex 95.4947 160.155 30
    endloop
  endfacet
  facet normal 0 0 1
    outer loop
      vertex 12 190 30
      vertex 22.2132 160.535 30
      vertex 95.7868 160.535 30
    endloop
  endfacet
  facet normal 0 0 1
    outer loop
      vertex 12 190 30
      vertex 95.7868 160.535 30
      vertex 96.1109 160.889 30
    endloop
  endfacet
  facet normal 0 0 1
    outer loop
      vertex 12 190 30
      vertex 96.1109 160.889 30
      vertex 96.4647 161.213 30
    endloop
  endfacet
  facet normal 0 0 1
    outer loop
      vertex 12 190 30
      vertex 96.4647 161.213 30
      vertex 96.8453 161.505 30
    endloop
  endfacet
  facet normal 0 0 1
    outer loop
      vertex 12 190 30
      vertex 96.8453 161.505 30
      vertex 97.25 161.763 30
    endloop
  endfacet
  facet normal 0 0 1
    outer loop
      vertex 12 190 30
      vertex 97.25 161.763 30
      vertex 97.6756 161.985 30
    endloop
  endfacet
  facet normal 0 0 1
    outer loop
      vertex 12 190 30
      vertex 97.6756 161.985 30
      vertex 98.1189 162.168 30
    endloop
  endfacet
  facet normal 0 0 1
    outer loop
      vertex 12 190 30
      vertex 98.1189 162.168 30
      vertex 98.5765 162.313 30
    endloop
  endfacet
  facet normal 0 0 1
    outer loop
      vertex 12 190 30
      vertex 99.0449 162.416 30
      vertex 99.5206 162.479 30
    endloop
  endfacet
  facet normal 0 0 1
    outer loop
      vertex 12 190 30
      vertex 98.5765 162.313 30
      vertex 99.0449 162.416 30
    endloop
  endfacet
  facet normal 0 0 1
    outer loop
      vertex 100 162.5 30
      vertex 12 190 30
      vertex 99.5206 162.479 30
    endloop
  endfacet
  facet normal 0 0 1
    outer loop
      vertex 100.479 162.479 30
      vertex 12 190 30
      vertex 100 162.5 30
    endloop
  endfacet
  facet normal 0 0 1
    outer loop
      vertex 100.955 162.416 30
      vertex 12 190 30
      vertex 100.479 162.479 30
    endloop
  endfacet
  facet normal 0 0 1
    outer loop
      vertex 181.045 162.416 30
      vertex 12 190 30
      vertex 100.955 162.416 30
    endloop
  endfacet
  facet normal 0 0 1
    outer loop
      vertex 178.111 160.889 30
      vertex 103.535 161.213 30
      vertex 103.889 160.889 30
    endloop
  endfacet
  facet normal 0 -0 1
    outer loop
      vertex 176.832 158.881 30
      vertex 177.015 159.324 30
      vertex 104.985 159.324 30
    endloop
  endfacet
  facet normal -0 0 1
    outer loop
      vertex 104.763 154.25 30
      vertex 109.906 142.381 30
      vertex 104.985 154.676 30
    endloop
  endfacet
  facet normal -0 -0 1
    outer loop
      vertex 109.906 142.381 30
      vertex 110.197 142.289 30
      vertex 104.985 154.676 30
    endloop
  endfacet
  facet normal 0 0 1
    outer loop
      vertex 111.007 141.867 30
      vertex 105.416 156.045 30
      vertex 105.313 155.576 30
    endloop
  endfacet
  facet normal 0 0 1
    outer loop
      vertex 104.763 154.25 30
      vertex 104.505 153.845 30
      vertex 109.608 142.447 30
    endloop
  endfacet
  facet normal 0 0 1
    outer loop
      vertex 111.25 141.681 30
      vertex 105.416 156.045 30
      vertex 111.007 141.867 30
    endloop
  endfacet
  facet normal -0 -0 1
    outer loop
      vertex 109.305 142.487 30
      vertex 109.608 142.447 30
      vertex 104.505 153.845 30
    endloop
  endfacet
  facet normal 0 0 1
    outer loop
      vertex 105.479 156.521 30
      vertex 105.416 156.045 30
      vertex 111.25 141.681 30
    endloop
  endfacet
  facet normal 0 0 1
    outer loop
      vertex 111.475 141.475 30
      vertex 105.479 156.521 30
      vertex 111.25 141.681 30
    endloop
  endfacet
  facet normal 0 0 1
    outer loop
      vertex 104.213 153.465 30
      vertex 109 142.5 30
      vertex 109.305 142.487 30
    endloop
  endfacet
  facet normal -0 0 1
    outer loop
      vertex 103.889 153.111 30
      vertex 109 142.5 30
      vertex 104.213 153.465 30
    endloop
  endfacet
  facet normal -0 0 1
    outer loop
      vertex 144.225 131.859 30
      vertex 147.425 131.438 30
      vertex 170.319 141.25 30
    endloop
  endfacet
  facet normal 0 0 1
    outer loop
      vertex 109 142.5 30
      vertex 103.535 152.787 30
      vertex 103.155 152.495 30
    endloop
  endfacet
  facet normal 0 0 1
    outer loop
      vertex 103.155 152.495 30
      vertex 102.75 152.237 30
      vertex 109 142.5 30
    endloop
  endfacet
  facet normal 0 0 1
    outer loop
      vertex 176.521 157.479 30
      vertex 170.319 141.25 30
      vertex 176.5 157 30
    endloop
  endfacet
  facet normal 0 0 1
    outer loop
      vertex 110.197 142.289 30
      vertex 105.168 155.119 30
      vertex 104.985 154.676 30
    endloop
  endfacet
  facet normal -0 0 1
    outer loop
      vertex 104.243 129.243 30
      vertex 104.596 128.857 30
      vertex 109 135.5 30
    endloop
  endfacet
  facet normal 0 0 1
    outer loop
      vertex 187.479 157.479 30
      vertex 193.681 141.25 30
      vertex 219.775 131.859 30
    endloop
  endfacet
  facet normal 0 0 1
    outer loop
      vertex 102.324 152.015 30
      vertex 101.881 151.832 30
      vertex 109 142.5 30
    endloop
  endfacet
  facet normal 0 0 1
    outer loop
      vertex 259.787 153.465 30
      vertex 241.5 127.043 30
      vertex 260.111 153.111 30
    endloop
  endfacet
  facet normal -0 0 1
    outer loop
      vertex 101.423 151.687 30
      vertex 109 142.5 30
      vertex 101.881 151.832 30
    endloop
  endfacet
  facet normal 0 0 1
    outer loop
      vertex 109 142.5 30
      vertex 101.423 151.687 30
      vertex 100.955 151.584 30
    endloop
  endfacet
  facet normal 0 0 1
    outer loop
      vertex 176.832 155.119 30
      vertex 176.687 155.576 30
      vertex 171.25 142.031 30
    endloop
  endfacet
  facet normal 0 0 1
    outer loop
      vertex 112.656 118.783 30
      vertex 105.438 122.464 30
      vertex 105.196 122 30
    endloop
  endfacet
  facet normal 0 0 1
    outer loop
      vertex 186.141 98.2248 30
      vertex 178 95 30
      vertex 186 95 30
    endloop
  endfacet
  facet normal 0 0 1
    outer loop
      vertex 171.803 142.289 30
      vertex 177.015 154.676 30
      vertex 176.832 155.119 30
    endloop
  endfacet
  facet normal 0 0 1
    outer loop
      vertex 100.479 151.521 30
      vertex 100 151.5 30
      vertex 109 142.5 30
    endloop
  endfacet
  facet normal 0 0 1
    outer loop
      vertex 96.8453 152.495 30
      vertex 91 142.5 30
      vertex 97.25 152.237 30
    endloop
  endfacet
  facet normal 0 0 1
    outer loop
      vertex 100 151.5 30
      vertex 99.5206 151.521 30
      vertex 91 142.5 30
    endloop
  endfacet
  facet normal 0 0 1
    outer loop
      vertex 270 190 30
      vertex 184.324 161.985 30
      vertex 184.75 161.763 30
    endloop
  endfacet
  facet normal 0 0 1
    outer loop
      vertex 102.75 152.237 30
      vertex 102.324 152.015 30
      vertex 109 142.5 30
    endloop
  endfacet
  facet normal 0 -0 1
    outer loop
      vertex 181.045 162.416 30
      vertex 270 190 30
      vertex 12 190 30
    endloop
  endfacet
  facet normal -0 -0 1
    outer loop
      vertex 109.608 142.447 30
      vertex 109.906 142.381 30
      vertex 104.763 154.25 30
    endloop
  endfacet
  facet normal 0 0 1
    outer loop
      vertex 110.479 142.172 30
      vertex 105.168 155.119 30
      vertex 110.197 142.289 30
    endloop
  endfacet
  facet normal 0 0 1
    outer loop
      vertex 111.007 141.867 30
      vertex 105.313 155.576 30
      vertex 110.75 142.031 30
    endloop
  endfacet
  facet normal 0 0 1
    outer loop
      vertex 105.313 155.576 30
      vertex 105.168 155.119 30
      vertex 110.75 142.031 30
    endloop
  endfacet
  facet normal 0 0 1
    outer loop
      vertex 111.681 141.25 30
      vertex 111.867 141.007 30
      vertex 134.575 131.438 30
    endloop
  endfacet
  facet normal 0 0 1
    outer loop
      vertex 111.681 141.25 30
      vertex 134.575 131.438 30
      vertex 137.775 131.859 30
    endloop
  endfacet
  facet normal 0 0 1
    outer loop
      vertex 137.775 131.859 30
      vertex 105.416 157.955 30
      vertex 105.479 157.479 30
    endloop
  endfacet
  facet normal 0 0 1
    outer loop
      vertex 141 132 30
      vertex 105.416 157.955 30
      vertex 137.775 131.859 30
    endloop
  endfacet
  facet normal 0 -0 1
    outer loop
      vertex 105.313 158.423 30
      vertex 176.687 158.423 30
      vertex 105.168 158.881 30
    endloop
  endfacet
  facet normal 0 -0 1
    outer loop
      vertex 176.687 158.423 30
      vertex 176.832 158.881 30
      vertex 105.168 158.881 30
    endloop
  endfacet
  facet normal 0 0 1
    outer loop
      vertex 176.832 158.881 30
      vertex 104.985 159.324 30
      vertex 105.168 158.881 30
    endloop
  endfacet
  facet normal 0 0 1
    outer loop
      vertex 177.015 159.324 30
      vertex 104.763 159.75 30
      vertex 104.985 159.324 30
    endloop
  endfacet
  facet normal 0 0 1
    outer loop
      vertex 177.237 159.75 30
      vertex 104.763 159.75 30
      vertex 177.015 159.324 30
    endloop
  endfacet
  facet normal 0 0 1
    outer loop
      vertex 104.505 160.155 30
      vertex 104.763 159.75 30
      vertex 177.237 159.75 30
    endloop
  endfacet
  facet normal -0 0 1
    outer loop
      vertex 104.505 160.155 30
      vertex 177.237 159.75 30
      vertex 177.495 160.155 30
    endloop
  endfacet
  facet normal 0 -0 1
    outer loop
      vertex 104.505 160.155 30
      vertex 177.495 160.155 30
      vertex 104.213 160.535 30
    endloop
  endfacet
  facet normal 0 -0 1
    outer loop
      vertex 177.495 160.155 30
      vertex 177.787 160.535 30
      vertex 104.213 160.535 30
    endloop
  endfacet
  facet normal 0 0 1
    outer loop
      vertex 177.787 160.535 30
      vertex 103.889 160.889 30
      vertex 104.213 160.535 30
    endloop
  endfacet
  facet normal 0 0 1
    outer loop
      vertex 178.111 160.889 30
      vertex 103.889 160.889 30
      vertex 177.787 160.535 30
    endloop
  endfacet
  facet normal 0 0 1
    outer loop
      vertex 178.465 161.213 30
      vertex 103.535 161.213 30
      vertex 178.111 160.889 30
    endloop
  endfacet
  facet normal 0 0 1
    outer loop
      vertex 103.155 161.505 30
      vertex 103.535 161.213 30
      vertex 178.465 161.213 30
    endloop
  endfacet
  facet normal -0 0 1
    outer loop
      vertex 103.155 161.505 30
      vertex 178.465 161.213 30
      vertex 178.845 161.505 30
    endloop
  endfacet
  facet normal 0 -0 1
    outer loop
      vertex 103.155 161.505 30
      vertex 178.845 161.505 30
      vertex 102.75 161.763 30
    endloop
  endfacet
  facet normal 0 -0 1
    outer loop
      vertex 178.845 161.505 30
      vertex 179.25 161.763 30
      vertex 102.75 161.763 30
    endloop
  endfacet
  facet normal 0 -0 1
    outer loop
      vertex 179.25 161.763 30
      vertex 179.676 161.985 30
      vertex 102.75 161.763 30
    endloop
  endfacet
  facet normal 0 0 1
    outer loop
      vertex 179.676 161.985 30
      vertex 102.324 161.985 30
      vertex 102.75 161.763 30
    endloop
  endfacet
  facet normal 0 0 1
    outer loop
      vertex 101.881 162.168 30
      vertex 102.324 161.985 30
      vertex 179.676 161.985 30
    endloop
  endfacet
  facet normal -0 0 1
    outer loop
      vertex 101.881 162.168 30
      vertex 179.676 161.985 30
      vertex 180.119 162.168 30
    endloop
  endfacet
  facet normal 0 -0 1
    outer loop
      vertex 101.881 162.168 30
      vertex 180.119 162.168 30
      vertex 101.423 162.313 30
    endloop
  endfacet
  facet normal 0 -0 1
    outer loop
      vertex 180.119 162.168 30
      vertex 180.576 162.313 30
      vertex 101.423 162.313 30
    endloop
  endfacet
  facet normal 0 0 1
    outer loop
      vertex 180.576 162.313 30
      vertex 100.955 162.416 30
      vertex 101.423 162.313 30
    endloop
  endfacet
  facet normal 0 0 1
    outer loop
      vertex 181.045 162.416 30
      vertex 100.955 162.416 30
      vertex 180.576 162.313 30
    endloop
  endfacet
  facet normal 0 -0 1
    outer loop
      vertex 181.521 162.479 30
      vertex 270 190 30
      vertex 181.045 162.416 30
    endloop
  endfacet
  facet normal 0 -0 1
    outer loop
      vertex 182 162.5 30
      vertex 270 190 30
      vertex 181.521 162.479 30
    endloop
  endfacet
  facet normal 0 -0 1
    outer loop
      vertex 182.479 162.479 30
      vertex 270 190 30
      vertex 182 162.5 30
    endloop
  endfacet
  facet normal 0 -0 1
    outer loop
      vertex 182.955 162.416 30
      vertex 270 190 30
      vertex 182.479 162.479 30
    endloop
  endfacet
  facet normal 0 -0 1
    outer loop
      vertex 183.423 162.313 30
      vertex 270 190 30
      vertex 182.955 162.416 30
    endloop
  endfacet
  facet normal 0 -0 1
    outer loop
      vertex 183.881 162.168 30
      vertex 270 190 30
      vertex 183.423 162.313 30
    endloop
  endfacet
  facet normal 0 -0 1
    outer loop
      vertex 184.324 161.985 30
      vertex 270 190 30
      vertex 183.881 162.168 30
    endloop
  endfacet
  facet normal -0 0 1
    outer loop
      vertex 184.75 161.763 30
      vertex 185.155 161.505 30
      vertex 270 190 30
    endloop
  endfacet
  facet normal -0 0 1
    outer loop
      vertex 185.155 161.505 30
      vertex 185.535 161.213 30
      vertex 270 190 30
    endloop
  endfacet
  facet normal -0 0 1
    outer loop
      vertex 185.535 161.213 30
      vertex 185.889 160.889 30
      vertex 270 190 30
    endloop
  endfacet
  facet normal -0 0 1
    outer loop
      vertex 185.889 160.889 30
      vertex 186.213 160.535 30
      vertex 270 190 30
    endloop
  endfacet
  facet normal 0 -0 1
    outer loop
      vertex 186.985 159.324 30
      vertex 259.015 159.324 30
      vertex 186.763 159.75 30
    endloop
  endfacet
  facet normal 0 0 1
    outer loop
      vertex 192.75 142.031 30
      vertex 187.313 155.576 30
      vertex 187.168 155.119 30
    endloop
  endfacet
  facet normal 0 0 1
    outer loop
      vertex 186.763 154.25 30
      vertex 186.505 153.845 30
      vertex 191.608 142.447 30
    endloop
  endfacet
  facet normal 0 0 1
    outer loop
      vertex 191.305 142.487 30
      vertex 186.213 153.465 30
      vertex 191 142.5 30
    endloop
  endfacet
  facet normal 0 0 1
    outer loop
      vertex 193.681 141.25 30
      vertex 187.5 157 30
      vertex 193.475 141.475 30
    endloop
  endfacet
  facet normal -0 0 1
    outer loop
      vertex 185.889 153.111 30
      vertex 191 142.5 30
      vertex 186.213 153.465 30
    endloop
  endfacet
  facet normal 0 0 1
    outer loop
      vertex 213.424 130.739 30
      vertex 194.031 140.75 30
      vertex 194.172 140.479 30
    endloop
  endfacet
  facet normal 0 0 1
    outer loop
      vertex 191 142.5 30
      vertex 185.889 153.111 30
      vertex 185.535 152.787 30
    endloop
  endfacet
  facet normal 0 0 1
    outer loop
      vertex 191 142.5 30
      vertex 185.535 152.787 30
      vertex 185.155 152.495 30
    endloop
  endfacet
  facet normal -0 -0 1
    outer loop
      vertex 193.25 141.681 30
      vertex 193.475 141.475 30
      vertex 187.479 156.521 30
    endloop
  endfacet
  facet normal -0 -0 1
    outer loop
      vertex 194.487 139.305 30
      vertex 210.345 129.769 30
      vertex 194.447 139.608 30
    endloop
  endfacet
  facet normal -0 0 1
    outer loop
      vertex 184.75 152.237 30
      vertex 191 142.5 30
      vertex 185.155 152.495 30
    endloop
  endfacet
  facet normal -0 0 1
    outer loop
      vertex 184.324 152.015 30
      vertex 191 142.5 30
      vertex 184.75 152.237 30
    endloop
  endfacet
  facet normal 0 0 1
    outer loop
      vertex 207.363 128.533 30
      vertex 194.447 138.392 30
      vertex 194.381 138.094 30
    endloop
  endfacet
  facet normal 0 0 1
    outer loop
      vertex 258.521 157.479 30
      vertex 226.225 131.859 30
      vertex 229.425 131.438 30
    endloop
  endfacet
  facet normal 0 0 1
    outer loop
      vertex 184.324 152.015 30
      vertex 183.881 151.832 30
      vertex 191 142.5 30
    endloop
  endfacet
  facet normal -0 0 1
    outer loop
      vertex 269.479 157.479 30
      vertex 269.5 157 30
      vertex 282 178 30
    endloop
  endfacet
  facet normal 0 0 1
    outer loop
      vertex 201.778 125.309 30
      vertex 193.007 136.133 30
      vertex 192.75 135.969 30
    endloop
  endfacet
  facet normal 0 0 1
    outer loop
      vertex 199.217 123.344 30
      vertex 191.608 135.553 30
      vertex 196.837 121.163 30
    endloop
  endfacet
  facet normal 0 0 1
    outer loop
      vertex 241.5 127.043 30
      vertex 260.845 152.495 30
      vertex 260.465 152.787 30
    endloop
  endfacet
  facet normal 0 0 1
    outer loop
      vertex 191 142.5 30
      vertex 183.881 151.832 30
      vertex 183.423 151.687 30
    endloop
  endfacet
  facet normal -0 0 1
    outer loop
      vertex 192.197 135.711 30
      vertex 199.217 123.344 30
      vertex 192.479 135.828 30
    endloop
  endfacet
  facet normal 0 0 1
    outer loop
      vertex 183.423 151.687 30
      vertex 182.955 151.584 30
      vertex 191 142.5 30
    endloop
  endfacet
  facet normal 0 0 1
    outer loop
      vertex 182.955 151.584 30
      vertex 182.479 151.521 30
      vertex 191 142.5 30
    endloop
  endfacet
  facet normal 0 0 1
    outer loop
      vertex 182.479 151.521 30
      vertex 182 151.5 30
      vertex 191 142.5 30
    endloop
  endfacet
  facet normal 0 0 1
    outer loop
      vertex 182 151.5 30
      vertex 181.521 151.521 30
      vertex 173 142.5 30
    endloop
  endfacet
  facet normal 0 0 1
    outer loop
      vertex 204.5 127.043 30
      vertex 194.172 137.521 30
      vertex 194.031 137.25 30
    endloop
  endfacet
  facet normal 0 -0 1
    outer loop
      vertex 223 132 30
      vertex 258.687 158.423 30
      vertex 187.313 158.423 30
    endloop
  endfacet
  facet normal 0 0 1
    outer loop
      vertex 191.305 142.487 30
      vertex 186.505 153.845 30
      vertex 186.213 153.465 30
    endloop
  endfacet
  facet normal 0 0 1
    outer loop
      vertex 187.479 156.521 30
      vertex 187.416 156.045 30
      vertex 193.25 141.681 30
    endloop
  endfacet
  facet normal 0 0 1
    outer loop
      vertex 191.608 142.447 30
      vertex 186.505 153.845 30
      vertex 191.305 142.487 30
    endloop
  endfacet
  facet normal -0 -0 1
    outer loop
      vertex 193.007 141.867 30
      vertex 193.25 141.681 30
      vertex 187.416 156.045 30
    endloop
  endfacet
  facet normal 0 0 1
    outer loop
      vertex 193.007 141.867 30
      vertex 187.416 156.045 30
      vertex 187.313 155.576 30
    endloop
  endfacet
  facet normal 0 0 1
    outer loop
      vertex 191.906 142.381 30
      vertex 186.763 154.25 30
      vertex 191.608 142.447 30
    endloop
  endfacet
  facet normal 0 0 1
    outer loop
      vertex 172.695 135.513 30
      vertex 167.163 121.163 30
      vertex 173 135.5 30
    endloop
  endfacet
  facet normal 0 0 1
    outer loop
      vertex 186.985 154.676 30
      vertex 186.763 154.25 30
      vertex 191.906 142.381 30
    endloop
  endfacet
  facet normal -0 0 1
    outer loop
      vertex 186.985 154.676 30
      vertex 192.197 142.289 30
      vertex 187.168 155.119 30
    endloop
  endfacet
  facet normal -0 -0 1
    outer loop
      vertex 192.197 142.289 30
      vertex 192.479 142.172 30
      vertex 187.168 155.119 30
    endloop
  endfacet
  facet normal -0 -0 1
    outer loop
      vertex 192.75 142.031 30
      vertex 193.007 141.867 30
      vertex 187.313 155.576 30
    endloop
  endfacet
  facet normal -0 -0 1
    outer loop
      vertex 193.867 141.007 30
      vertex 216.575 131.438 30
      vertex 193.681 141.25 30
    endloop
  endfacet
  facet normal 0 -0 1
    outer loop
      vertex 216.575 131.438 30
      vertex 219.775 131.859 30
      vertex 193.681 141.25 30
    endloop
  endfacet
  facet normal 0 0 1
    outer loop
      vertex 187.416 157.955 30
      vertex 187.479 157.479 30
      vertex 219.775 131.859 30
    endloop
  endfacet
  facet normal 0 0 1
    outer loop
      vertex 187.416 157.955 30
      vertex 219.775 131.859 30
      vertex 223 132 30
    endloop
  endfacet
  facet normal 0 0 1
    outer loop
      vertex 258.687 158.423 30
      vertex 187.168 158.881 30
      vertex 187.313 158.423 30
    endloop
  endfacet
  facet normal 0 0 1
    outer loop
      vertex 258.832 158.881 30
      vertex 187.168 158.881 30
      vertex 258.687 158.423 30
    endloop
  endfacet
  facet normal 0 0 1
    outer loop
      vertex 186.985 159.324 30
      vertex 187.168 158.881 30
      vertex 258.832 158.881 30
    endloop
  endfacet
  facet normal -0 0 1
    outer loop
      vertex 186.985 159.324 30
      vertex 258.832 158.881 30
      vertex 259.015 159.324 30
    endloop
  endfacet
  facet normal -0 0 1
    outer loop
      vertex 186.763 159.75 30
      vertex 259.015 159.324 30
      vertex 259.237 159.75 30
    endloop
  endfacet
  facet normal 0 -0 1
    outer loop
      vertex 186.763 159.75 30
      vertex 259.237 159.75 30
      vertex 186.505 160.155 30
    endloop
  endfacet
  facet normal 0 -0 1
    outer loop
      vertex 259.237 159.75 30
      vertex 259.495 160.155 30
      vertex 186.505 160.155 30
    endloop
  endfacet
  facet normal 0 0 1
    outer loop
      vertex 259.495 160.155 30
      vertex 186.213 160.535 30
      vertex 186.505 160.155 30
    endloop
  endfacet
  facet normal 0 0 1
    outer loop
      vertex 259.787 160.535 30
      vertex 186.213 160.535 30
      vertex 259.495 160.155 30
    endloop
  endfacet
  facet normal 0 0 1
    outer loop
      vertex 270 190 30
      vertex 186.213 160.535 30
      vertex 259.787 160.535 30
    endloop
  endfacet
  facet normal 0 0 1
    outer loop
      vertex 270 190 30
      vertex 259.787 160.535 30
      vertex 260.111 160.889 30
    endloop
  endfacet
  facet normal 0 0 1
    outer loop
      vertex 270 190 30
      vertex 260.465 161.213 30
      vertex 260.845 161.505 30
    endloop
  endfacet
  facet normal 0 0 1
    outer loop
      vertex 270 190 30
      vertex 260.111 160.889 30
      vertex 260.465 161.213 30
    endloop
  endfacet
  facet normal 0 -0 1
    outer loop
      vertex 261.25 161.763 30
      vertex 270 190 30
      vertex 260.845 161.505 30
    endloop
  endfacet
  facet normal 0 -0 1
    outer loop
      vertex 261.676 161.985 30
      vertex 270 190 30
      vertex 261.25 161.763 30
    endloop
  endfacet
  facet normal 0 -0 1
    outer loop
      vertex 262.119 162.168 30
      vertex 270 190 30
      vertex 261.676 161.985 30
    endloop
  endfacet
  facet normal 0 -0 1
    outer loop
      vertex 262.576 162.313 30
      vertex 270 190 30
      vertex 262.119 162.168 30
    endloop
  endfacet
  facet normal 0 -0 1
    outer loop
      vertex 263.045 162.416 30
      vertex 270 190 30
      vertex 262.576 162.313 30
    endloop
  endfacet
  facet normal 0 -0 1
    outer loop
      vertex 263.521 162.479 30
      vertex 270 190 30
      vertex 263.045 162.416 30
    endloop
  endfacet
  facet normal 0 -0 1
    outer loop
      vertex 264 162.5 30
      vertex 270 190 30
      vertex 263.521 162.479 30
    endloop
  endfacet
  facet normal 0 -0 1
    outer loop
      vertex 264.479 162.479 30
      vertex 270 190 30
      vertex 264 162.5 30
    endloop
  endfacet
  facet normal 0 -0 1
    outer loop
      vertex 264.955 162.416 30
      vertex 270 190 30
      vertex 264.479 162.479 30
    endloop
  endfacet
  facet normal 0 0 1
    outer loop
      vertex 282 178 30
      vertex 270 190 30
      vertex 264.955 162.416 30
    endloop
  endfacet
  facet normal 0 0 1
    outer loop
      vertex 282 178 30
      vertex 264.955 162.416 30
      vertex 265.423 162.313 30
    endloop
  endfacet
  facet normal 0 0 1
    outer loop
      vertex 282 178 30
      vertex 265.423 162.313 30
      vertex 265.881 162.168 30
    endloop
  endfacet
  facet normal 0 0 1
    outer loop
      vertex 282 178 30
      vertex 265.881 162.168 30
      vertex 266.324 161.985 30
    endloop
  endfacet
  facet normal 0 0 1
    outer loop
      vertex 282 178 30
      vertex 266.324 161.985 30
      vertex 266.75 161.763 30
    endloop
  endfacet
  facet normal 0 0 1
    outer loop
      vertex 282 178 30
      vertex 266.75 161.763 30
      vertex 267.155 161.505 30
    endloop
  endfacet
  facet normal 0 0 1
    outer loop
      vertex 282 178 30
      vertex 267.155 161.505 30
      vertex 267.535 161.213 30
    endloop
  endfacet
  facet normal 0 0 1
    outer loop
      vertex 282 178 30
      vertex 267.535 161.213 30
      vertex 267.889 160.889 30
    endloop
  endfacet
  facet normal 0 0 1
    outer loop
      vertex 282 178 30
      vertex 267.889 160.889 30
      vertex 268.213 160.535 30
    endloop
  endfacet
  facet normal 0 0 1
    outer loop
      vertex 282 178 30
      vertex 268.213 160.535 30
      vertex 268.505 160.155 30
    endloop
  endfacet
  facet normal 0 0 1
    outer loop
      vertex 282 178 30
      vertex 268.505 160.155 30
      vertex 268.763 159.75 30
    endloop
  endfacet
  facet normal -0 0 1
    outer loop
      vertex 268.763 159.75 30
      vertex 268.985 159.324 30
      vertex 282 178 30
    endloop
  endfacet
  facet normal -0 0 1
    outer loop
      vertex 268.985 159.324 30
      vertex 269.168 158.881 30
      vertex 282 178 30
    endloop
  endfacet
  facet normal -0 0 1
    outer loop
      vertex 269.168 158.881 30
      vertex 269.313 158.423 30
      vertex 282 178 30
    endloop
  endfacet
  facet normal -0 0 1
    outer loop
      vertex 269.313 158.423 30
      vertex 269.416 157.955 30
      vertex 282 178 30
    endloop
  endfacet
  facet normal -0 0 1
    outer loop
      vertex 269.416 157.955 30
      vertex 269.479 157.479 30
      vertex 282 178 30
    endloop
  endfacet
  facet normal 0 0 1
    outer loop
      vertex 269.479 156.521 30
      vertex 282 178 30
      vertex 269.5 157 30
    endloop
  endfacet
  facet normal 0 0 1
    outer loop
      vertex 269.416 156.045 30
      vertex 282 178 30
      vertex 269.479 156.521 30
    endloop
  endfacet
  facet normal 0 0 1
    outer loop
      vertex 269.313 155.576 30
      vertex 282 178 30
      vertex 269.416 156.045 30
    endloop
  endfacet
  facet normal 0 0 1
    outer loop
      vertex 269.168 155.119 30
      vertex 282 178 30
      vertex 269.313 155.576 30
    endloop
  endfacet
  facet normal 0 0 1
    outer loop
      vertex 268.985 154.676 30
      vertex 282 178 30
      vertex 269.168 155.119 30
    endloop
  endfacet
  facet normal 0 0 1
    outer loop
      vertex 268.763 154.25 30
      vertex 268.505 153.845 30
      vertex 259.438 101.425 30
    endloop
  endfacet
  facet normal 0 0 1
    outer loop
      vertex 268.505 153.845 30
      vertex 268.213 153.465 30
      vertex 258.739 104.576 30
    endloop
  endfacet
  facet normal 0 0 1
    outer loop
      vertex 257.769 107.655 30
      vertex 267.889 153.111 30
      vertex 267.535 152.787 30
    endloop
  endfacet
  facet normal 0 0 1
    outer loop
      vertex 256.533 110.637 30
      vertex 267.535 152.787 30
      vertex 267.155 152.495 30
    endloop
  endfacet
  facet normal -0 0 1
    outer loop
      vertex 255.043 113.5 30
      vertex 256.533 110.637 30
      vertex 266.75 152.237 30
    endloop
  endfacet
  facet normal -0 0 1
    outer loop
      vertex 265.881 151.832 30
      vertex 255.043 113.5 30
      vertex 266.324 152.015 30
    endloop
  endfacet
  facet normal -0 0 1
    outer loop
      vertex 253.309 116.222 30
      vertex 255.043 113.5 30
      vertex 265.881 151.832 30
    endloop
  endfacet
  facet normal -0 0 1
    outer loop
      vertex 264.955 151.584 30
      vertex 253.309 116.222 30
      vertex 265.423 151.687 30
    endloop
  endfacet
  facet normal -0 0 1
    outer loop
      vertex 264.479 151.521 30
      vertex 251.344 118.783 30
      vertex 264.955 151.584 30
    endloop
  endfacet
  facet normal 0 0 1
    outer loop
      vertex 264 151.5 30
      vertex 249.163 121.163 30
      vertex 251.344 118.783 30
    endloop
  endfacet
  facet normal 0 0 1
    outer loop
      vertex 263.521 151.521 30
      vertex 263.045 151.584 30
      vertex 249.163 121.163 30
    endloop
  endfacet
  facet normal 0 0 1
    outer loop
      vertex 263.045 151.584 30
      vertex 262.576 151.687 30
      vertex 246.783 123.344 30
    endloop
  endfacet
  facet normal 0 0 1
    outer loop
      vertex 244.222 125.309 30
      vertex 261.676 152.015 30
      vertex 261.25 152.237 30
    endloop
  endfacet
  facet normal 0 0 1
    outer loop
      vertex 246.783 123.344 30
      vertex 262.119 151.832 30
      vertex 261.676 152.015 30
    endloop
  endfacet
  facet normal 0 0 1
    outer loop
      vertex 26.0608 144.305 30
      vertex 18 151.5 30
      vertex 17.5206 151.521 30
    endloop
  endfacet
  facet normal 0 0 1
    outer loop
      vertex 90.0941 142.381 30
      vertex 90.3922 142.447 30
      vertex 95.2369 154.25 30
    endloop
  endfacet
  facet normal 0 0 1
    outer loop
      vertex 27.4288 141.936 30
      vertex 28.6914 116.222 30
      vertex 30.6564 118.783 30
    endloop
  endfacet
  facet normal 0 0 1
    outer loop
      vertex 27.1716 142.172 30
      vertex 28.6914 116.222 30
      vertex 27.4288 141.936 30
    endloop
  endfacet
  facet normal 0 0 1
    outer loop
      vertex 26.9358 142.429 30
      vertex 28.6914 116.222 30
      vertex 27.1716 142.172 30
    endloop
  endfacet
  facet normal 0 -0 1
    outer loop
      vertex 22.5621 101.425 30
      vertex 23.2607 104.576 30
      vertex 13.4947 153.845 30
    endloop
  endfacet
  facet normal -0 0 1
    outer loop
      vertex 21.8891 36.8891 30
      vertex 22.2132 36.5353 30
      vertex 40.5 62.9571 30
    endloop
  endfacet
  facet normal -0 0 1
    outer loop
      vertex 20.3244 37.9847 30
      vertex 20.75 37.7631 30
      vertex 37.7777 64.6914 30
    endloop
  endfacet
  facet normal 0 0 1
    outer loop
      vertex 30.6564 71.2169 30
      vertex 28.6914 73.7777 30
      vertex 17.0449 38.4164 30
    endloop
  endfacet
  facet normal 0 0 1
    outer loop
      vertex 18 27.5 30
      vertex 17.5206 27.5209 30
      vertex 12 0 30
    endloop
  endfacet
  facet normal 0 0 1
    outer loop
      vertex 15.6756 152.015 30
      vertex 26.7234 142.706 30
      vertex 26.5359 143 30
    endloop
  endfacet
  facet normal 0 0 1
    outer loop
      vertex 17.0449 151.584 30
      vertex 16.5765 151.687 30
      vertex 26.2412 143.632 30
    endloop
  endfacet
  facet normal 0 0 1
    outer loop
      vertex 26.2412 143.632 30
      vertex 16.5765 151.687 30
      vertex 26.3748 143.309 30
    endloop
  endfacet
  facet normal 0 0 1
    outer loop
      vertex 26.0608 144.305 30
      vertex 17.5206 151.521 30
      vertex 26.1363 143.965 30
    endloop
  endfacet
  facet normal 0 0 1
    outer loop
      vertex 26.1363 143.965 30
      vertex 17.5206 151.521 30
      vertex 17.0449 151.584 30
    endloop
  endfacet
  facet normal 0 0 1
    outer loop
      vertex 26.0152 144.651 30
      vertex 18 151.5 30
      vertex 26.0608 144.305 30
    endloop
  endfacet
  facet normal 0 0 1
    outer loop
      vertex 26 145 30
      vertex 18.9551 151.584 30
      vertex 18.4794 151.521 30
    endloop
  endfacet
  facet normal 0 0 1
    outer loop
      vertex 19.8811 151.832 30
      vertex 19.4235 151.687 30
      vertex 26.0608 145.695 30
    endloop
  endfacet
  facet normal 0 0 1
    outer loop
      vertex 20.3244 152.015 30
      vertex 19.8811 151.832 30
      vertex 26.2412 146.368 30
    endloop
  endfacet
  facet normal -0 0 1
    outer loop
      vertex 20.75 152.237 30
      vertex 26.5359 147 30
      vertex 21.1547 152.495 30
    endloop
  endfacet
  facet normal 0 -0 1
    outer loop
      vertex 26.5359 147 30
      vertex 26.7234 147.294 30
      vertex 21.1547 152.495 30
    endloop
  endfacet
  facet normal 0 -0 1
    outer loop
      vertex 26.7234 147.294 30
      vertex 26.9358 147.571 30
      vertex 21.5353 152.787 30
    endloop
  endfacet
  facet normal 0 0 1
    outer loop
      vertex 26.9358 147.571 30
      vertex 21.8891 153.111 30
      vertex 21.5353 152.787 30
    endloop
  endfacet
  facet normal 0 -0 1
    outer loop
      vertex 27.1716 147.828 30
      vertex 27.4288 148.064 30
      vertex 21.8891 153.111 30
    endloop
  endfacet
  facet normal 0 0 1
    outer loop
      vertex 27.4288 148.064 30
      vertex 22.2132 153.465 30
      vertex 21.8891 153.111 30
    endloop
  endfacet
  facet normal 0 0 1
    outer loop
      vertex 27.7057 148.277 30
      vertex 22.5053 153.845 30
      vertex 22.2132 153.465 30
    endloop
  endfacet
  facet normal 0 0 1
    outer loop
      vertex 28 148.464 30
      vertex 22.5053 153.845 30
      vertex 27.7057 148.277 30
    endloop
  endfacet
  facet normal 0 0 1
    outer loop
      vertex 28.3095 148.625 30
      vertex 22.7631 154.25 30
      vertex 28 148.464 30
    endloop
  endfacet
  facet normal 0 0 1
    outer loop
      vertex 31.6905 148.625 30
      vertex 23.3126 158.423 30
      vertex 31.3681 148.759 30
    endloop
  endfacet
  facet normal 0 0 1
    outer loop
      vertex 28.9647 148.864 30
      vertex 23.1683 155.119 30
      vertex 28.6319 148.759 30
    endloop
  endfacet
  facet normal 0 0 1
    outer loop
      vertex 29.3054 148.939 30
      vertex 23.1683 155.119 30
      vertex 28.9647 148.864 30
    endloop
  endfacet
  facet normal 0 0 1
    outer loop
      vertex 23.3126 158.423 30
      vertex 23.4164 157.955 30
      vertex 31.3681 148.759 30
    endloop
  endfacet
  facet normal 0 0 1
    outer loop
      vertex 23.3126 155.576 30
      vertex 29.3054 148.939 30
      vertex 29.6514 148.985 30
    endloop
  endfacet
  facet normal -0 0 1
    outer loop
      vertex 23.3126 155.576 30
      vertex 29.6514 148.985 30
      vertex 23.4164 156.045 30
    endloop
  endfacet
  facet normal -0 -0 1
    outer loop
      vertex 31.0353 148.864 30
      vertex 31.3681 148.759 30
      vertex 23.4164 157.955 30
    endloop
  endfacet
  facet normal 0 -0 1
    outer loop
      vertex 29.6514 148.985 30
      vertex 30 149 30
      vertex 23.4164 156.045 30
    endloop
  endfacet
  facet normal 0 0 1
    outer loop
      vertex 30.3486 148.985 30
      vertex 23.4791 156.521 30
      vertex 30 149 30
    endloop
  endfacet
  facet normal 0 0 1
    outer loop
      vertex 23.5 157 30
      vertex 23.4791 156.521 30
      vertex 30.3486 148.985 30
    endloop
  endfacet
  facet normal 0 0 1
    outer loop
      vertex 23.5 157 30
      vertex 30.3486 148.985 30
      vertex 30.6946 148.939 30
    endloop
  endfacet
  facet normal 0 0 1
    outer loop
      vertex 32 148.464 30
      vertex 22.9847 159.324 30
      vertex 23.1683 158.881 30
    endloop
  endfacet
  facet normal 0 0 1
    outer loop
      vertex 95.2369 159.75 30
      vertex 32.5712 148.064 30
      vertex 95.0153 159.324 30
    endloop
  endfacet
  facet normal 0 0 1
    outer loop
      vertex 95.0153 159.324 30
      vertex 32.8284 147.828 30
      vertex 94.8317 158.881 30
    endloop
  endfacet
  facet normal -0 0 1
    outer loop
      vertex 32.8284 147.828 30
      vertex 33.0642 147.571 30
      vertex 94.8317 158.881 30
    endloop
  endfacet
  facet normal 0 0 1
    outer loop
      vertex 33.0642 147.571 30
      vertex 94.6874 158.423 30
      vertex 94.8317 158.881 30
    endloop
  endfacet
  facet normal -0 0 1
    outer loop
      vertex 33.2766 147.294 30
      vertex 59 132 30
      vertex 94.6874 158.423 30
    endloop
  endfacet
  facet normal -0 -0 1
    outer loop
      vertex 33.4641 147 30
      vertex 59 132 30
      vertex 33.2766 147.294 30
    endloop
  endfacet
  facet normal 0 0 1
    outer loop
      vertex 33.6252 146.69 30
      vertex 33.7588 146.368 30
      vertex 55.7752 131.859 30
    endloop
  endfacet
  facet normal -0 -0 1
    outer loop
      vertex 33.8637 146.035 30
      vertex 55.7752 131.859 30
      vertex 33.7588 146.368 30
    endloop
  endfacet
  facet normal -0 -0 1
    outer loop
      vertex 33.6252 146.69 30
      vertex 59 132 30
      vertex 33.4641 147 30
    endloop
  endfacet
  facet normal -0 0 1
    outer loop
      vertex 31.0353 141.136 30
      vertex 37.7777 125.309 30
      vertex 31.3681 141.241 30
    endloop
  endfacet
  facet normal 0 0 1
    outer loop
      vertex 71.6547 129.769 30
      vertex 87.5 139 30
      vertex 87.5133 139.305 30
    endloop
  endfacet
  facet normal 0 -0 1
    outer loop
      vertex 94.5 157 30
      vertex 94.5209 157.479 30
      vertex 88.3188 141.25 30
    endloop
  endfacet
  facet normal 0 -0 1
    outer loop
      vertex 88.5251 141.475 30
      vertex 94.5 157 30
      vertex 88.3188 141.25 30
    endloop
  endfacet
  facet normal 0 0 1
    outer loop
      vertex 30.3486 141.015 30
      vertex 30 141 30
      vertex 35.2169 123.344 30
    endloop
  endfacet
  facet normal 0 -0 1
    outer loop
      vertex 88.9925 141.867 30
      vertex 94.5836 156.045 30
      vertex 88.7502 141.681 30
    endloop
  endfacet
  facet normal 0 0 1
    outer loop
      vertex 35.2169 123.344 30
      vertex 30 141 30
      vertex 29.6514 141.015 30
    endloop
  endfacet
  facet normal 0 0 1
    outer loop
      vertex 94.8317 155.119 30
      vertex 94.6874 155.576 30
      vertex 89.25 142.031 30
    endloop
  endfacet
  facet normal 0 -0 1
    outer loop
      vertex 89.5208 142.172 30
      vertex 94.8317 155.119 30
      vertex 89.25 142.031 30
    endloop
  endfacet
  facet normal 0 0 1
    outer loop
      vertex 28.9647 141.136 30
      vertex 35.2169 123.344 30
      vertex 29.3054 141.061 30
    endloop
  endfacet
  facet normal 0 0 1
    outer loop
      vertex 74.6369 128.533 30
      vertex 87.7111 137.803 30
      vertex 87.6193 138.094 30
    endloop
  endfacet
  facet normal 0 0 1
    outer loop
      vertex 32.837 121.163 30
      vertex 28.9647 141.136 30
      vertex 28.6319 141.241 30
    endloop
  endfacet
  facet normal 0 0 1
    outer loop
      vertex 90.0941 142.381 30
      vertex 95.2369 154.25 30
      vertex 95.0153 154.676 30
    endloop
  endfacet
  facet normal 0 0 1
    outer loop
      vertex 87.7111 137.803 30
      vertex 77.5 127.043 30
      vertex 87.8279 137.521 30
    endloop
  endfacet
  facet normal 0 0 1
    outer loop
      vertex 28.3095 141.375 30
      vertex 32.837 121.163 30
      vertex 28.6319 141.241 30
    endloop
  endfacet
  facet normal 0 0 1
    outer loop
      vertex 77.5 127.043 30
      vertex 87.9689 137.25 30
      vertex 87.8279 137.521 30
    endloop
  endfacet
  facet normal 0 0 1
    outer loop
      vertex 82.7831 123.344 30
      vertex 89.8029 135.711 30
      vertex 89.5208 135.828 30
    endloop
  endfacet
  facet normal -0 0 1
    outer loop
      vertex 80.2223 125.309 30
      vertex 82.7831 123.344 30
      vertex 89.25 135.969 30
    endloop
  endfacet
  facet normal 0 0 1
    outer loop
      vertex 87.9689 137.25 30
      vertex 77.5 127.043 30
      vertex 88.133 136.992 30
    endloop
  endfacet
  facet normal 0 0 1
    outer loop
      vertex 28.3095 141.375 30
      vertex 28 141.536 30
      vertex 32.837 121.163 30
    endloop
  endfacet
  facet normal 0 0 1
    outer loop
      vertex 27.7057 141.723 30
      vertex 30.6564 118.783 30
      vertex 28 141.536 30
    endloop
  endfacet
  facet normal 0 0 1
    outer loop
      vertex 28 141.536 30
      vertex 30.6564 118.783 30
      vertex 32.837 121.163 30
    endloop
  endfacet
  facet normal 0 0 1
    outer loop
      vertex 100.955 151.584 30
      vertex 100.479 151.521 30
      vertex 109 142.5 30
    endloop
  endfacet
  facet normal 0 0 1
    outer loop
      vertex 172.094 135.619 30
      vertex 164.783 123.344 30
      vertex 172.392 135.553 30
    endloop
  endfacet
  facet normal 0 0 1
    outer loop
      vertex 97.6756 28.0153 30
      vertex 12 0 30
      vertex 98.1189 27.8317 30
    endloop
  endfacet
  facet normal 0 -0 1
    outer loop
      vertex 80.2223 125.309 30
      vertex 88.3188 136.75 30
      vertex 77.5 127.043 30
    endloop
  endfacet
  facet normal 0 0 1
    outer loop
      vertex 88.7502 136.319 30
      vertex 88.5251 136.525 30
      vertex 80.2223 125.309 30
    endloop
  endfacet
  facet normal 0 0 1
    outer loop
      vertex 87.5532 138.392 30
      vertex 87.5133 138.695 30
      vertex 74.6369 128.533 30
    endloop
  endfacet
  facet normal 0 0 1
    outer loop
      vertex 35.2169 123.344 30
      vertex 29.6514 141.015 30
      vertex 29.3054 141.061 30
    endloop
  endfacet
  facet normal -0 0 1
    outer loop
      vertex 32 141.536 30
      vertex 40.5 127.043 30
      vertex 32.2943 141.723 30
    endloop
  endfacet
  facet normal 0 -0 1
    outer loop
      vertex 94.5836 157.955 30
      vertex 94.6874 158.423 30
      vertex 59 132 30
    endloop
  endfacet
  facet normal -0 0 1
    outer loop
      vertex 31.6905 141.375 30
      vertex 40.5 127.043 30
      vertex 32 141.536 30
    endloop
  endfacet
  facet normal 0 0 1
    outer loop
      vertex 71.6547 129.769 30
      vertex 87.5532 139.608 30
      vertex 87.6193 139.906 30
    endloop
  endfacet
  facet normal 0 -0 1
    outer loop
      vertex 71.6547 129.769 30
      vertex 87.6193 139.906 30
      vertex 68.5763 130.739 30
    endloop
  endfacet
  facet normal -0 0 1
    outer loop
      vertex 32.5712 141.936 30
      vertex 43.3631 128.533 30
      vertex 32.8284 142.172 30
    endloop
  endfacet
  facet normal 0 0 1
    outer loop
      vertex 87.7111 140.197 30
      vertex 68.5763 130.739 30
      vertex 87.6193 139.906 30
    endloop
  endfacet
  facet normal 0 0 1
    outer loop
      vertex 33.2766 142.706 30
      vertex 33.0642 142.429 30
      vertex 43.3631 128.533 30
    endloop
  endfacet
  facet normal -0 0 1
    outer loop
      vertex 33.2766 142.706 30
      vertex 46.3453 129.769 30
      vertex 33.4641 143 30
    endloop
  endfacet
  facet normal -0 0 1
    outer loop
      vertex 33.4641 143 30
      vertex 46.3453 129.769 30
      vertex 33.6252 143.309 30
    endloop
  endfacet
  facet normal 0 -0 1
    outer loop
      vertex 87.9689 140.75 30
      vertex 88.133 141.007 30
      vertex 65.425 131.438 30
    endloop
  endfacet
  facet normal 0 0 1
    outer loop
      vertex 33.8637 143.965 30
      vertex 33.7588 143.632 30
      vertex 46.3453 129.769 30
    endloop
  endfacet
  facet normal 0 0 1
    outer loop
      vertex 33.9392 144.305 30
      vertex 33.8637 143.965 30
      vertex 49.4237 130.739 30
    endloop
  endfacet
  facet normal 0 0 1
    outer loop
      vertex 33.8637 143.965 30
      vertex 46.3453 129.769 30
      vertex 49.4237 130.739 30
    endloop
  endfacet
  facet normal 0 -0 1
    outer loop
      vertex 65.425 131.438 30
      vertex 88.3188 141.25 30
      vertex 62.2248 131.859 30
    endloop
  endfacet
  facet normal 0 0 1
    outer loop
      vertex 49.4237 130.739 30
      vertex 33.9848 144.651 30
      vertex 33.9392 144.305 30
    endloop
  endfacet
  facet normal -0 0 1
    outer loop
      vertex 33.9848 144.651 30
      vertex 49.4237 130.739 30
      vertex 34 145 30
    endloop
  endfacet
  facet normal 0 -0 1
    outer loop
      vertex 94.5209 157.479 30
      vertex 94.5836 157.955 30
      vertex 62.2248 131.859 30
    endloop
  endfacet
  facet normal 0 0 1
    outer loop
      vertex 52.575 131.438 30
      vertex 33.9848 145.349 30
      vertex 34 145 30
    endloop
  endfacet
  facet normal 0 0 1
    outer loop
      vertex 33.9392 145.695 30
      vertex 52.575 131.438 30
      vertex 55.7752 131.859 30
    endloop
  endfacet
  facet normal -0 0 1
    outer loop
      vertex 59 132 30
      vertex 62.2248 131.859 30
      vertex 94.5836 157.955 30
    endloop
  endfacet
  facet normal 0 0 1
    outer loop
      vertex 33.8637 146.035 30
      vertex 33.9392 145.695 30
      vertex 55.7752 131.859 30
    endloop
  endfacet
  facet normal 0 0 1
    outer loop
      vertex 94.5836 156.045 30
      vertex 94.5209 156.521 30
      vertex 88.7502 141.681 30
    endloop
  endfacet
  facet normal 0 -0 1
    outer loop
      vertex 88.7502 141.681 30
      vertex 94.5209 156.521 30
      vertex 88.5251 141.475 30
    endloop
  endfacet
  facet normal 0 -0 1
    outer loop
      vertex 89.25 142.031 30
      vertex 94.6874 155.576 30
      vertex 88.9925 141.867 30
    endloop
  endfacet
  facet normal 0 -0 1
    outer loop
      vertex 90.0941 142.381 30
      vertex 95.0153 154.676 30
      vertex 89.8029 142.289 30
    endloop
  endfacet
  facet normal 0 0 1
    outer loop
      vertex 90.3922 142.447 30
      vertex 95.4947 153.845 30
      vertex 95.2369 154.25 30
    endloop
  endfacet
  facet normal 0 0 1
    outer loop
      vertex 95.7868 153.465 30
      vertex 91 142.5 30
      vertex 96.1109 153.111 30
    endloop
  endfacet
  facet normal 0 0 1
    outer loop
      vertex 96.4647 152.787 30
      vertex 96.1109 153.111 30
      vertex 91 142.5 30
    endloop
  endfacet
  facet normal 0 0 1
    outer loop
      vertex 96.4647 152.787 30
      vertex 91 142.5 30
      vertex 96.8453 152.495 30
    endloop
  endfacet
  facet normal 0 0 1
    outer loop
      vertex 91 142.5 30
      vertex 97.6756 152.015 30
      vertex 97.25 152.237 30
    endloop
  endfacet
  facet normal 0 0 1
    outer loop
      vertex 98.1189 151.832 30
      vertex 97.6756 152.015 30
      vertex 91 142.5 30
    endloop
  endfacet
  facet normal 0 0 1
    outer loop
      vertex 98.5765 151.687 30
      vertex 98.1189 151.832 30
      vertex 91 142.5 30
    endloop
  endfacet
  facet normal 0 0 1
    outer loop
      vertex 98.5765 151.687 30
      vertex 91 142.5 30
      vertex 99.0449 151.584 30
    endloop
  endfacet
  facet normal 0 0 1
    outer loop
      vertex 91 142.5 30
      vertex 99.5206 151.521 30
      vertex 99.0449 151.584 30
    endloop
  endfacet
  facet normal 0 0 1
    outer loop
      vertex 109 142.5 30
      vertex 100 151.5 30
      vertex 91 142.5 30
    endloop
  endfacet
  facet normal 0 0 1
    outer loop
      vertex 105.168 155.119 30
      vertex 110.479 142.172 30
      vertex 110.75 142.031 30
    endloop
  endfacet
  facet normal -0 0 1
    outer loop
      vertex 105.479 156.521 30
      vertex 111.475 141.475 30
      vertex 105.5 157 30
    endloop
  endfacet
  facet normal -0 -0 1
    outer loop
      vertex 105.5 157 30
      vertex 111.681 141.25 30
      vertex 105.479 157.479 30
    endloop
  endfacet
  facet normal 0 0 1
    outer loop
      vertex 134.575 131.438 30
      vertex 111.867 141.007 30
      vertex 112.031 140.75 30
    endloop
  endfacet
  facet normal 0 0 1
    outer loop
      vertex 134.575 131.438 30
      vertex 112.031 140.75 30
      vertex 131.424 130.739 30
    endloop
  endfacet
  facet normal -0 0 1
    outer loop
      vertex 112.289 137.803 30
      vertex 125.363 128.533 30
      vertex 112.381 138.094 30
    endloop
  endfacet
  facet normal 0 0 1
    outer loop
      vertex 111.681 136.75 30
      vertex 119.778 125.309 30
      vertex 122.5 127.043 30
    endloop
  endfacet
  facet normal 0 0 1
    outer loop
      vertex 105.479 157.479 30
      vertex 111.681 141.25 30
      vertex 137.775 131.859 30
    endloop
  endfacet
  facet normal 0 0 1
    outer loop
      vertex 176.687 158.423 30
      vertex 141 132 30
      vertex 176.584 157.955 30
    endloop
  endfacet
  facet normal -0 0 1
    outer loop
      vertex 110.197 135.711 30
      vertex 117.217 123.344 30
      vertex 110.479 135.828 30
    endloop
  endfacet
  facet normal -0 0 1
    outer loop
      vertex 153.655 129.769 30
      vertex 156.637 128.533 30
      vertex 169.5 139 30
    endloop
  endfacet
  facet normal 0 -0 1
    outer loop
      vertex 170.525 141.475 30
      vertex 176.5 157 30
      vertex 170.319 141.25 30
    endloop
  endfacet
  facet normal 0 0 1
    outer loop
      vertex 170.525 141.475 30
      vertex 176.521 156.521 30
      vertex 176.5 157 30
    endloop
  endfacet
  facet normal -0 0 1
    outer loop
      vertex 103.857 129.596 30
      vertex 104.243 129.243 30
      vertex 109 135.5 30
    endloop
  endfacet
  facet normal 0 -0 1
    outer loop
      vertex 170.992 141.867 30
      vertex 176.584 156.045 30
      vertex 170.75 141.681 30
    endloop
  endfacet
  facet normal 0 0 1
    outer loop
      vertex 170.992 141.867 30
      vertex 176.687 155.576 30
      vertex 176.584 156.045 30
    endloop
  endfacet
  facet normal 0 0 1
    outer loop
      vertex 96 95 30
      vertex 95.8592 91.7752 30
      vertex 104.141 91.7752 30
    endloop
  endfacet
  facet normal 0 0 1
    outer loop
      vertex 99.4771 119.023 30
      vertex 92.5334 110.637 30
      vertex 100 119 30
    endloop
  endfacet
  facet normal 0 -0 1
    outer loop
      vertex 171.521 142.172 30
      vertex 176.832 155.119 30
      vertex 171.25 142.031 30
    endloop
  endfacet
  facet normal 0 0 1
    outer loop
      vertex 171.521 142.172 30
      vertex 171.803 142.289 30
      vertex 176.832 155.119 30
    endloop
  endfacet
  facet normal 0 0 1
    outer loop
      vertex 104.562 101.425 30
      vertex 95.4379 101.425 30
      vertex 104.141 98.2248 30
    endloop
  endfacet
  facet normal 0 -0 1
    outer loop
      vertex 93.7686 107.655 30
      vertex 100 119 30
      vertex 92.5334 110.637 30
    endloop
  endfacet
  facet normal 0 0 1
    outer loop
      vertex 172.094 142.381 30
      vertex 177.237 154.25 30
      vertex 177.015 154.676 30
    endloop
  endfacet
  facet normal 0 0 1
    outer loop
      vertex 107.467 110.637 30
      vertex 100 119 30
      vertex 106.231 107.655 30
    endloop
  endfacet
  facet normal 0 0 1
    outer loop
      vertex 93.7686 107.655 30
      vertex 106.231 107.655 30
      vertex 100 119 30
    endloop
  endfacet
  facet normal 0 0 1
    outer loop
      vertex 172.392 142.447 30
      vertex 172.695 142.487 30
      vertex 177.495 153.845 30
    endloop
  endfacet
  facet normal 0 0 1
    outer loop
      vertex 104.141 98.2248 30
      vertex 96 95 30
      vertex 104 95 30
    endloop
  endfacet
  facet normal 0 0 1
    outer loop
      vertex 172.695 142.487 30
      vertex 177.787 153.465 30
      vertex 177.495 153.845 30
    endloop
  endfacet
  facet normal 0 0 1
    outer loop
      vertex 156.637 128.533 30
      vertex 169.619 138.094 30
      vertex 169.553 138.392 30
    endloop
  endfacet
  facet normal 0 0 1
    outer loop
      vertex 169.828 137.521 30
      vertex 159.5 127.043 30
      vertex 169.969 137.25 30
    endloop
  endfacet
  facet normal 0 0 1
    outer loop
      vertex 169.711 137.803 30
      vertex 159.5 127.043 30
      vertex 169.828 137.521 30
    endloop
  endfacet
  facet normal 0 0 1
    outer loop
      vertex 92.5334 110.637 30
      vertex 98.9581 119.091 30
      vertex 98.4471 119.204 30
    endloop
  endfacet
  facet normal 0 0 1
    outer loop
      vertex 94.0912 123.958 30
      vertex 94.0228 124.477 30
      vertex 85.163 121.163 30
    endloop
  endfacet
  facet normal 0 0 1
    outer loop
      vertex 178.845 152.495 30
      vertex 173 142.5 30
      vertex 179.25 152.237 30
    endloop
  endfacet
  facet normal 0 0 1
    outer loop
      vertex 177.787 153.465 30
      vertex 172.695 142.487 30
      vertex 173 142.5 30
    endloop
  endfacet
  facet normal 0 0 1
    outer loop
      vertex 156.637 128.533 30
      vertex 169.711 137.803 30
      vertex 169.619 138.094 30
    endloop
  endfacet
  facet normal 0 0 1
    outer loop
      vertex 169.513 138.695 30
      vertex 156.637 128.533 30
      vertex 169.553 138.392 30
    endloop
  endfacet
  facet normal -0 0 1
    outer loop
      vertex 110.75 135.969 30
      vertex 119.778 125.309 30
      vertex 111.007 136.133 30
    endloop
  endfacet
  facet normal 0 0 1
    outer loop
      vertex 111.475 136.525 30
      vertex 111.25 136.319 30
      vertex 119.778 125.309 30
    endloop
  endfacet
  facet normal 0 0 1
    outer loop
      vertex 153.655 129.769 30
      vertex 169.553 139.608 30
      vertex 169.619 139.906 30
    endloop
  endfacet
  facet normal 0 -0 1
    outer loop
      vertex 153.655 129.769 30
      vertex 169.619 139.906 30
      vertex 150.576 130.739 30
    endloop
  endfacet
  facet normal 0 0 1
    outer loop
      vertex 122.5 127.043 30
      vertex 112.031 137.25 30
      vertex 111.867 136.992 30
    endloop
  endfacet
  facet normal 0 0 1
    outer loop
      vertex 112.289 137.803 30
      vertex 112.172 137.521 30
      vertex 122.5 127.043 30
    endloop
  endfacet
  facet normal 0 0 1
    outer loop
      vertex 112.172 137.521 30
      vertex 112.031 137.25 30
      vertex 122.5 127.043 30
    endloop
  endfacet
  facet normal 0 0 1
    outer loop
      vertex 169.828 140.479 30
      vertex 150.576 130.739 30
      vertex 169.711 140.197 30
    endloop
  endfacet
  facet normal 0 0 1
    outer loop
      vertex 112.289 137.803 30
      vertex 122.5 127.043 30
      vertex 125.363 128.533 30
    endloop
  endfacet
  facet normal 0 0 1
    outer loop
      vertex 147.425 131.438 30
      vertex 169.969 140.75 30
      vertex 170.133 141.007 30
    endloop
  endfacet
  facet normal 0 0 1
    outer loop
      vertex 125.363 128.533 30
      vertex 112.487 138.695 30
      vertex 112.447 138.392 30
    endloop
  endfacet
  facet normal -0 -0 1
    outer loop
      vertex 112.172 140.479 30
      vertex 131.424 130.739 30
      vertex 112.031 140.75 30
    endloop
  endfacet
  facet normal 0 0 1
    outer loop
      vertex 112.5 139 30
      vertex 112.487 138.695 30
      vertex 125.363 128.533 30
    endloop
  endfacet
  facet normal 0 0 1
    outer loop
      vertex 112.5 139 30
      vertex 125.363 128.533 30
      vertex 128.345 129.769 30
    endloop
  endfacet
  facet normal -0 -0 1
    outer loop
      vertex 112.5 139 30
      vertex 128.345 129.769 30
      vertex 112.487 139.305 30
    endloop
  endfacet
  facet normal -0 -0 1
    outer loop
      vertex 112.487 139.305 30
      vertex 128.345 129.769 30
      vertex 112.447 139.608 30
    endloop
  endfacet
  facet normal 0 0 1
    outer loop
      vertex 131.424 130.739 30
      vertex 112.381 139.906 30
      vertex 128.345 129.769 30
    endloop
  endfacet
  facet normal 0 0 1
    outer loop
      vertex 176.584 157.955 30
      vertex 144.225 131.859 30
      vertex 176.521 157.479 30
    endloop
  endfacet
  facet normal -0 -0 1
    outer loop
      vertex 112.289 140.197 30
      vertex 131.424 130.739 30
      vertex 112.172 140.479 30
    endloop
  endfacet
  facet normal 0 0 1
    outer loop
      vertex 112.289 140.197 30
      vertex 112.381 139.906 30
      vertex 131.424 130.739 30
    endloop
  endfacet
  facet normal 0 0 1
    outer loop
      vertex 141 132 30
      vertex 105.313 158.423 30
      vertex 105.416 157.955 30
    endloop
  endfacet
  facet normal 0 0 1
    outer loop
      vertex 176.584 156.045 30
      vertex 176.521 156.521 30
      vertex 170.75 141.681 30
    endloop
  endfacet
  facet normal 0 -0 1
    outer loop
      vertex 170.75 141.681 30
      vertex 176.521 156.521 30
      vertex 170.525 141.475 30
    endloop
  endfacet
  facet normal 0 -0 1
    outer loop
      vertex 171.25 142.031 30
      vertex 176.687 155.576 30
      vertex 170.992 141.867 30
    endloop
  endfacet
  facet normal 0 -0 1
    outer loop
      vertex 172.094 142.381 30
      vertex 177.015 154.676 30
      vertex 171.803 142.289 30
    endloop
  endfacet
  facet normal 0 0 1
    outer loop
      vertex 177.495 153.845 30
      vertex 177.237 154.25 30
      vertex 172.392 142.447 30
    endloop
  endfacet
  facet normal 0 -0 1
    outer loop
      vertex 172.392 142.447 30
      vertex 177.237 154.25 30
      vertex 172.094 142.381 30
    endloop
  endfacet
  facet normal 0 0 1
    outer loop
      vertex 177.787 153.465 30
      vertex 173 142.5 30
      vertex 178.111 153.111 30
    endloop
  endfacet
  facet normal 0 0 1
    outer loop
      vertex 173 142.5 30
      vertex 178.465 152.787 30
      vertex 178.111 153.111 30
    endloop
  endfacet
  facet normal 0 0 1
    outer loop
      vertex 178.845 152.495 30
      vertex 178.465 152.787 30
      vertex 173 142.5 30
    endloop
  endfacet
  facet normal 0 0 1
    outer loop
      vertex 179.25 152.237 30
      vertex 173 142.5 30
      vertex 179.676 152.015 30
    endloop
  endfacet
  facet normal 0 0 1
    outer loop
      vertex 173 142.5 30
      vertex 180.119 151.832 30
      vertex 179.676 152.015 30
    endloop
  endfacet
  facet normal 0 0 1
    outer loop
      vertex 180.576 151.687 30
      vertex 180.119 151.832 30
      vertex 173 142.5 30
    endloop
  endfacet
  facet normal 0 0 1
    outer loop
      vertex 180.576 151.687 30
      vertex 173 142.5 30
      vertex 181.045 151.584 30
    endloop
  endfacet
  facet normal 0 0 1
    outer loop
      vertex 173 142.5 30
      vertex 181.521 151.521 30
      vertex 181.045 151.584 30
    endloop
  endfacet
  facet normal 0 0 1
    outer loop
      vertex 191 142.5 30
      vertex 182 151.5 30
      vertex 173 142.5 30
    endloop
  endfacet
  facet normal -0 -0 1
    outer loop
      vertex 192.479 142.172 30
      vertex 192.75 142.031 30
      vertex 187.168 155.119 30
    endloop
  endfacet
  facet normal 0 0 1
    outer loop
      vertex 192.197 142.289 30
      vertex 186.985 154.676 30
      vertex 191.906 142.381 30
    endloop
  endfacet
  facet normal 0 0 1
    outer loop
      vertex 193.475 141.475 30
      vertex 187.5 157 30
      vertex 187.479 156.521 30
    endloop
  endfacet
  facet normal 0 0 1
    outer loop
      vertex 193.681 141.25 30
      vertex 187.479 157.479 30
      vertex 187.5 157 30
    endloop
  endfacet
  facet normal 0 0 1
    outer loop
      vertex 193.867 141.007 30
      vertex 194.031 140.75 30
      vertex 216.575 131.438 30
    endloop
  endfacet
  facet normal 0 0 1
    outer loop
      vertex 194.031 140.75 30
      vertex 213.424 130.739 30
      vertex 216.575 131.438 30
    endloop
  endfacet
  facet normal 0 0 1
    outer loop
      vertex 194.172 140.479 30
      vertex 194.289 140.197 30
      vertex 213.424 130.739 30
    endloop
  endfacet
  facet normal 0 0 1
    outer loop
      vertex 194.289 140.197 30
      vertex 194.381 139.906 30
      vertex 213.424 130.739 30
    endloop
  endfacet
  facet normal 0 0 1
    outer loop
      vertex 194.381 139.906 30
      vertex 194.447 139.608 30
      vertex 210.345 129.769 30
    endloop
  endfacet
  facet normal 0 0 1
    outer loop
      vertex 194.381 139.906 30
      vertex 210.345 129.769 30
      vertex 213.424 130.739 30
    endloop
  endfacet
  facet normal 0 0 1
    outer loop
      vertex 187.313 158.423 30
      vertex 187.416 157.955 30
      vertex 223 132 30
    endloop
  endfacet
  facet normal 0 0 1
    outer loop
      vertex 194.5 139 30
      vertex 207.363 128.533 30
      vertex 210.345 129.769 30
    endloop
  endfacet
  facet normal -0 0 1
    outer loop
      vertex 194.487 138.695 30
      vertex 207.363 128.533 30
      vertex 194.5 139 30
    endloop
  endfacet
  facet normal -0 0 1
    outer loop
      vertex 194.289 137.803 30
      vertex 207.363 128.533 30
      vertex 194.381 138.094 30
    endloop
  endfacet
  facet normal -0 0 1
    outer loop
      vertex 194.172 137.521 30
      vertex 204.5 127.043 30
      vertex 194.289 137.803 30
    endloop
  endfacet
  facet normal 0 0 1
    outer loop
      vertex 258.521 157.479 30
      vertex 229.425 131.438 30
      vertex 258.5 157 30
    endloop
  endfacet
  facet normal 0 0 1
    outer loop
      vertex 258.5 157 30
      vertex 229.425 131.438 30
      vertex 258.521 156.521 30
    endloop
  endfacet
  facet normal -0 0 1
    outer loop
      vertex 193.681 136.75 30
      vertex 204.5 127.043 30
      vertex 193.867 136.992 30
    endloop
  endfacet
  facet normal -0 0 1
    outer loop
      vertex 193.475 136.525 30
      vertex 201.778 125.309 30
      vertex 193.681 136.75 30
    endloop
  endfacet
  facet normal -0 0 1
    outer loop
      vertex 193.25 136.319 30
      vertex 201.778 125.309 30
      vertex 193.475 136.525 30
    endloop
  endfacet
  facet normal 0 0 1
    outer loop
      vertex 199.217 123.344 30
      vertex 192.75 135.969 30
      vertex 192.479 135.828 30
    endloop
  endfacet
  facet normal -0 0 1
    outer loop
      vertex 191.906 135.619 30
      vertex 199.217 123.344 30
      vertex 192.197 135.711 30
    endloop
  endfacet
  facet normal -0 0 1
    outer loop
      vertex 191.608 135.553 30
      vertex 199.217 123.344 30
      vertex 191.906 135.619 30
    endloop
  endfacet
  facet normal -0 0 1
    outer loop
      vertex 191.305 135.513 30
      vertex 196.837 121.163 30
      vertex 191.608 135.553 30
    endloop
  endfacet
  facet normal 0 0 1
    outer loop
      vertex 187.261 85.4237 30
      vertex 186.562 88.575 30
      vertex 176.739 85.4237 30
    endloop
  endfacet
  facet normal -0 0 1
    outer loop
      vertex 177.438 88.575 30
      vertex 176.739 85.4237 30
      vertex 186.562 88.575 30
    endloop
  endfacet
  facet normal 0 0 1
    outer loop
      vertex 194.656 118.783 30
      vertex 191 135.5 30
      vertex 192.691 116.222 30
    endloop
  endfacet
  facet normal 0 0 1
    outer loop
      vertex 191 135.5 30
      vertex 173 135.5 30
      vertex 192.691 116.222 30
    endloop
  endfacet
  facet normal 0 -0 1
    outer loop
      vertex 174.533 110.637 30
      vertex 189.467 110.637 30
      vertex 173.043 113.5 30
    endloop
  endfacet
  facet normal 0 0 1
    outer loop
      vertex 187.261 104.576 30
      vertex 175.769 107.655 30
      vertex 176.739 104.576 30
    endloop
  endfacet
  facet normal 0 0 1
    outer loop
      vertex 174.533 110.637 30
      vertex 175.769 107.655 30
      vertex 188.231 107.655 30
    endloop
  endfacet
  facet normal 0 -0 1
    outer loop
      vertex 189.467 110.637 30
      vertex 190.957 113.5 30
      vertex 173.043 113.5 30
    endloop
  endfacet
  facet normal 0 0 1
    outer loop
      vertex 173 135.5 30
      vertex 169.344 118.783 30
      vertex 171.309 116.222 30
    endloop
  endfacet
  facet normal 0 0 1
    outer loop
      vertex 108.957 113.5 30
      vertex 103.441 120.085 30
      vertex 103 119.804 30
    endloop
  endfacet
  facet normal 0 0 1
    outer loop
      vertex 114.837 68.837 30
      vertex 109.608 54.4468 30
      vertex 117.217 66.6564 30
    endloop
  endfacet
  facet normal 0 0 1
    outer loop
      vertex 15.6756 152.015 30
      vertex 26.9571 113.5 30
      vertex 26.7234 142.706 30
    endloop
  endfacet
  facet normal 0 0 1
    outer loop
      vertex 32.837 68.837 30
      vertex 18.9551 38.4164 30
      vertex 35.2169 66.6564 30
    endloop
  endfacet
  facet normal 0 0 1
    outer loop
      vertex 15.25 152.237 30
      vertex 26.9571 113.5 30
      vertex 15.6756 152.015 30
    endloop
  endfacet
  facet normal 0 -0 1
    outer loop
      vertex 25.4666 110.637 30
      vertex 26.9571 113.5 30
      vertex 15.25 152.237 30
    endloop
  endfacet
  facet normal 0 0 1
    outer loop
      vertex 25.4666 110.637 30
      vertex 15.25 152.237 30
      vertex 14.8453 152.495 30
    endloop
  endfacet
  facet normal 0 0 1
    outer loop
      vertex 28.6914 73.7777 30
      vertex 26.9571 76.5 30
      vertex 16.1189 38.1683 30
    endloop
  endfacet
  facet normal 0 0 1
    outer loop
      vertex 13.4947 153.845 30
      vertex 13.2369 154.25 30
      vertex 22.5621 101.425 30
    endloop
  endfacet
  facet normal 0 0 1
    outer loop
      vertex 22.5621 101.425 30
      vertex 13.0153 154.676 30
      vertex 22.1408 98.2248 30
    endloop
  endfacet
  facet normal 0 0 1
    outer loop
      vertex 13.0153 154.676 30
      vertex 0 178 30
      vertex 22.1408 98.2248 30
    endloop
  endfacet
  facet normal 0 -0 1
    outer loop
      vertex 13.7868 36.5353 30
      vertex 23.2607 85.4237 30
      vertex 13.4947 36.1547 30
    endloop
  endfacet
  facet normal 0 0 1
    outer loop
      vertex 0 178 30
      vertex 22 95 30
      vertex 22.1408 98.2248 30
    endloop
  endfacet
  facet normal 0 0 1
    outer loop
      vertex 0 12 30
      vertex 22 95 30
      vertex 0 178 30
    endloop
  endfacet
  facet normal 0 0 1
    outer loop
      vertex 17.5206 27.5209 30
      vertex 17.0449 27.5836 30
      vertex 12 0 30
    endloop
  endfacet
  facet normal 0 -0 1
    outer loop
      vertex 12.5836 33.9551 30
      vertex 12.6874 34.4235 30
      vertex 0 12 30
    endloop
  endfacet
  facet normal 0 0 1
    outer loop
      vertex 13.4947 29.8453 30
      vertex 0 12 30
      vertex 13.7868 29.4647 30
    endloop
  endfacet
  facet normal 0 0 1
    outer loop
      vertex 22.1408 91.7752 30
      vertex 22 95 30
      vertex 0 12 30
    endloop
  endfacet
  facet normal 0 0 1
    outer loop
      vertex 13.2369 154.25 30
      vertex 13.0153 154.676 30
      vertex 22.5621 101.425 30
    endloop
  endfacet
  facet normal 0 0 1
    outer loop
      vertex 13.7868 153.465 30
      vertex 23.2607 104.576 30
      vertex 24.2314 107.655 30
    endloop
  endfacet
  facet normal 0 0 1
    outer loop
      vertex 13.7868 153.465 30
      vertex 24.2314 107.655 30
      vertex 14.1109 153.111 30
    endloop
  endfacet
  facet normal 0 -0 1
    outer loop
      vertex 26.9571 113.5 30
      vertex 28.6914 116.222 30
      vertex 26.7234 142.706 30
    endloop
  endfacet
  facet normal 0 0 1
    outer loop
      vertex 28.9647 141.136 30
      vertex 32.837 121.163 30
      vertex 35.2169 123.344 30
    endloop
  endfacet
  facet normal 0 0 1
    outer loop
      vertex 37.7777 125.309 30
      vertex 30.6946 141.061 30
      vertex 30.3486 141.015 30
    endloop
  endfacet
  facet normal 0 0 1
    outer loop
      vertex 87.5 139 30
      vertex 71.6547 129.769 30
      vertex 74.6369 128.533 30
    endloop
  endfacet
  facet normal 0 0 1
    outer loop
      vertex 31.0353 141.136 30
      vertex 30.6946 141.061 30
      vertex 37.7777 125.309 30
    endloop
  endfacet
  facet normal 0 -0 1
    outer loop
      vertex 37.7777 125.309 30
      vertex 40.5 127.043 30
      vertex 31.3681 141.241 30
    endloop
  endfacet
  facet normal 0 0 1
    outer loop
      vertex 40.5 127.043 30
      vertex 31.6905 141.375 30
      vertex 31.3681 141.241 30
    endloop
  endfacet
  facet normal 0 -0 1
    outer loop
      vertex 87.5133 139.305 30
      vertex 87.5532 139.608 30
      vertex 71.6547 129.769 30
    endloop
  endfacet
  facet normal 0 0 1
    outer loop
      vertex 32.5712 141.936 30
      vertex 40.5 127.043 30
      vertex 43.3631 128.533 30
    endloop
  endfacet
  facet normal -0 0 1
    outer loop
      vertex 32.8284 142.172 30
      vertex 43.3631 128.533 30
      vertex 33.0642 142.429 30
    endloop
  endfacet
  facet normal 0 0 1
    outer loop
      vertex 68.5763 130.739 30
      vertex 87.7111 140.197 30
      vertex 87.8279 140.479 30
    endloop
  endfacet
  facet normal 0 0 1
    outer loop
      vertex 33.2766 142.706 30
      vertex 43.3631 128.533 30
      vertex 46.3453 129.769 30
    endloop
  endfacet
  facet normal -0 0 1
    outer loop
      vertex 33.6252 143.309 30
      vertex 46.3453 129.769 30
      vertex 33.7588 143.632 30
    endloop
  endfacet
  facet normal 0 0 1
    outer loop
      vertex 88.3188 141.25 30
      vertex 65.425 131.438 30
      vertex 88.133 141.007 30
    endloop
  endfacet
  facet normal 0 -0 1
    outer loop
      vertex 88.3188 141.25 30
      vertex 94.5209 157.479 30
      vertex 62.2248 131.859 30
    endloop
  endfacet
  facet normal 0 -0 1
    outer loop
      vertex 49.4237 130.739 30
      vertex 52.575 131.438 30
      vertex 34 145 30
    endloop
  endfacet
  facet normal 0 0 1
    outer loop
      vertex 33.9392 145.695 30
      vertex 33.9848 145.349 30
      vertex 52.575 131.438 30
    endloop
  endfacet
  facet normal 0 0 1
    outer loop
      vertex 68.5763 130.739 30
      vertex 87.8279 140.479 30
      vertex 87.9689 140.75 30
    endloop
  endfacet
  facet normal -0 0 1
    outer loop
      vertex 65.425 131.438 30
      vertex 68.5763 130.739 30
      vertex 87.9689 140.75 30
    endloop
  endfacet
  facet normal 0 -0 1
    outer loop
      vertex 77.5 127.043 30
      vertex 87.7111 137.803 30
      vertex 74.6369 128.533 30
    endloop
  endfacet
  facet normal 0 0 1
    outer loop
      vertex 88.3188 136.75 30
      vertex 88.133 136.992 30
      vertex 77.5 127.043 30
    endloop
  endfacet
  facet normal 0 0 1
    outer loop
      vertex 88.5251 136.525 30
      vertex 88.3188 136.75 30
      vertex 80.2223 125.309 30
    endloop
  endfacet
  facet normal 0 0 1
    outer loop
      vertex 88.7502 136.319 30
      vertex 80.2223 125.309 30
      vertex 88.9925 136.133 30
    endloop
  endfacet
  facet normal 0 0 1
    outer loop
      vertex 80.2223 125.309 30
      vertex 89.25 135.969 30
      vertex 88.9925 136.133 30
    endloop
  endfacet
  facet normal 0 0 1
    outer loop
      vertex 82.7831 123.344 30
      vertex 89.5208 135.828 30
      vertex 89.25 135.969 30
    endloop
  endfacet
  facet normal 0 0 1
    outer loop
      vertex 85.163 121.163 30
      vertex 94.0228 125.523 30
      vertex 94.0912 126.042 30
    endloop
  endfacet
  facet normal 0 0 1
    outer loop
      vertex 87.3436 118.783 30
      vertex 94.3618 122.948 30
      vertex 94.2044 123.447 30
    endloop
  endfacet
  facet normal 0 0 1
    outer loop
      vertex 94.5622 122.464 30
      vertex 94.3618 122.948 30
      vertex 87.3436 118.783 30
    endloop
  endfacet
  facet normal 0 0 1
    outer loop
      vertex 91.0429 113.5 30
      vertex 97.9479 119.362 30
      vertex 97.4643 119.562 30
    endloop
  endfacet
  facet normal 0 0 1
    outer loop
      vertex 92.5334 110.637 30
      vertex 99.4771 119.023 30
      vertex 98.9581 119.091 30
    endloop
  endfacet
  facet normal -0 0 1
    outer loop
      vertex 93.7686 107.655 30
      vertex 105.261 104.576 30
      vertex 106.231 107.655 30
    endloop
  endfacet
  facet normal 0 0 1
    outer loop
      vertex 94.7393 85.4237 30
      vertex 104.562 88.575 30
      vertex 95.4379 88.575 30
    endloop
  endfacet
  facet normal -0 0 1
    outer loop
      vertex 102.052 130.638 30
      vertex 102.536 130.438 30
      vertex 109 135.5 30
    endloop
  endfacet
  facet normal 0 0 1
    outer loop
      vertex 105.261 85.4237 30
      vertex 94.7393 85.4237 30
      vertex 93.7686 82.3453 30
    endloop
  endfacet
  facet normal 0 0 1
    outer loop
      vertex 106.231 82.3453 30
      vertex 93.7686 82.3453 30
      vertex 92.5334 79.3631 30
    endloop
  endfacet
  facet normal 0 0 1
    outer loop
      vertex 107.467 79.3631 30
      vertex 92.5334 79.3631 30
      vertex 91.0429 76.5 30
    endloop
  endfacet
  facet normal 0 0 1
    outer loop
      vertex 170.133 136.992 30
      vertex 169.969 137.25 30
      vertex 159.5 127.043 30
    endloop
  endfacet
  facet normal -0 0 1
    outer loop
      vertex 159.5 127.043 30
      vertex 162.222 125.309 30
      vertex 170.319 136.75 30
    endloop
  endfacet
  facet normal 0 0 1
    outer loop
      vertex 170.75 136.319 30
      vertex 170.525 136.525 30
      vertex 162.222 125.309 30
    endloop
  endfacet
  facet normal 0 0 1
    outer loop
      vertex 89.8029 54.2889 30
      vertex 82.7831 66.6564 30
      vertex 89.5208 54.1721 30
    endloop
  endfacet
  facet normal 0 -0 1
    outer loop
      vertex 164.783 123.344 30
      vertex 171.25 135.969 30
      vertex 162.222 125.309 30
    endloop
  endfacet
  facet normal 0 0 1
    outer loop
      vertex 171.521 135.828 30
      vertex 164.783 123.344 30
      vertex 171.803 135.711 30
    endloop
  endfacet
  facet normal 0 0 1
    outer loop
      vertex 68.5763 59.2607 30
      vertex 65.425 58.5621 30
      vertex 87.9689 49.25 30
    endloop
  endfacet
  facet normal 0 0 1
    outer loop
      vertex 117.217 66.6564 30
      vertex 109.608 54.4468 30
      vertex 109.906 54.3807 30
    endloop
  endfacet
  facet normal -0 0 1
    outer loop
      vertex 110.75 54.0311 30
      vertex 111.007 53.867 30
      vertex 119.778 64.6914 30
    endloop
  endfacet
  facet normal 0 0 1
    outer loop
      vertex 128.345 60.2314 30
      vertex 112.447 50.3922 30
      vertex 112.381 50.0941 30
    endloop
  endfacet
  facet normal 0 0 1
    outer loop
      vertex 170.319 48.7502 30
      vertex 176.521 32.5206 30
      vertex 176.5 33 30
    endloop
  endfacet
  facet normal 0 0 1
    outer loop
      vertex 112.031 49.25 30
      vertex 131.424 59.2607 30
      vertex 112.172 49.5208 30
    endloop
  endfacet
  facet normal -0 0 1
    outer loop
      vertex 102.324 28.0153 30
      vertex 101.881 27.8317 30
      vertex 179.676 28.0153 30
    endloop
  endfacet
  facet normal 0 0 1
    outer loop
      vertex 94.5 33 30
      vertex 88.3188 48.7502 30
      vertex 94.5209 32.5206 30
    endloop
  endfacet
  facet normal 0 -0 1
    outer loop
      vertex 186.141 98.2248 30
      vertex 186.562 101.425 30
      vertex 177.438 101.425 30
    endloop
  endfacet
  facet normal 0 -0 1
    outer loop
      vertex 112.172 52.4792 30
      vertex 122.5 62.9571 30
      vertex 112.031 52.75 30
    endloop
  endfacet
  facet normal 0 0 1
    outer loop
      vertex 65.425 58.5621 30
      vertex 62.2248 58.1408 30
      vertex 88.3188 48.7502 30
    endloop
  endfacet
  facet normal -0 0 1
    outer loop
      vertex 109.305 54.4867 30
      vertex 109.608 54.4468 30
      vertex 114.837 68.837 30
    endloop
  endfacet
  facet normal 0 0 1
    outer loop
      vertex 114.837 68.837 30
      vertex 109 54.5 30
      vertex 109.305 54.4867 30
    endloop
  endfacet
  facet normal 0 0 1
    outer loop
      vertex 87.6193 50.0941 30
      vertex 68.5763 59.2607 30
      vertex 87.7111 49.8029 30
    endloop
  endfacet
  facet normal 0 -0 1
    outer loop
      vertex 109 54.5 30
      vertex 110.691 73.7777 30
      vertex 91 54.5 30
    endloop
  endfacet
  facet normal 0 0 1
    outer loop
      vertex 87.5133 50.695 30
      vertex 71.6547 60.2314 30
      vertex 87.5532 50.3922 30
    endloop
  endfacet
  facet normal 0 0 1
    outer loop
      vertex 87.5133 51.305 30
      vertex 74.6369 61.4666 30
      vertex 87.5 51 30
    endloop
  endfacet
  facet normal 0 0 1
    outer loop
      vertex 82.7831 66.6564 30
      vertex 89.8029 54.2889 30
      vertex 90.0941 54.3807 30
    endloop
  endfacet
  facet normal 0 -0 1
    outer loop
      vertex 87.6193 51.9059 30
      vertex 87.7111 52.1971 30
      vertex 74.6369 61.4666 30
    endloop
  endfacet
  facet normal 0 0 1
    outer loop
      vertex 108.957 76.5 30
      vertex 89.3086 73.7777 30
      vertex 110.691 73.7777 30
    endloop
  endfacet
  facet normal 0 0 1
    outer loop
      vertex 91.0429 76.5 30
      vertex 108.957 76.5 30
      vertex 107.467 79.3631 30
    endloop
  endfacet
  facet normal -0 0 1
    outer loop
      vertex 91.0429 76.5 30
      vertex 89.3086 73.7777 30
      vertex 108.957 76.5 30
    endloop
  endfacet
  facet normal 0 0 1
    outer loop
      vertex 106.231 82.3453 30
      vertex 92.5334 79.3631 30
      vertex 107.467 79.3631 30
    endloop
  endfacet
  facet normal 0 0 1
    outer loop
      vertex 105.261 85.4237 30
      vertex 93.7686 82.3453 30
      vertex 106.231 82.3453 30
    endloop
  endfacet
  facet normal 0 0 1
    outer loop
      vertex 104.562 88.575 30
      vertex 94.7393 85.4237 30
      vertex 105.261 85.4237 30
    endloop
  endfacet
  facet normal 0 0 1
    outer loop
      vertex 104.141 91.7752 30
      vertex 95.4379 88.575 30
      vertex 104.562 88.575 30
    endloop
  endfacet
  facet normal -0 0 1
    outer loop
      vertex 95.8592 91.7752 30
      vertex 95.4379 88.575 30
      vertex 104.141 91.7752 30
    endloop
  endfacet
  facet normal -0 0 1
    outer loop
      vertex 96 95 30
      vertex 104.141 91.7752 30
      vertex 104 95 30
    endloop
  endfacet
  facet normal 0 -0 1
    outer loop
      vertex 97.4643 130.438 30
      vertex 97.9479 130.638 30
      vertex 91 135.5 30
    endloop
  endfacet
  facet normal 0 -0 1
    outer loop
      vertex 96 95 30
      vertex 104.141 98.2248 30
      vertex 95.8592 98.2248 30
    endloop
  endfacet
  facet normal 0 0 1
    outer loop
      vertex 95.4379 101.425 30
      vertex 95.8592 98.2248 30
      vertex 104.141 98.2248 30
    endloop
  endfacet
  facet normal 0 0 1
    outer loop
      vertex 94.7393 104.576 30
      vertex 95.4379 101.425 30
      vertex 104.562 101.425 30
    endloop
  endfacet
  facet normal -0 0 1
    outer loop
      vertex 94.7393 104.576 30
      vertex 104.562 101.425 30
      vertex 105.261 104.576 30
    endloop
  endfacet
  facet normal 0 -0 1
    outer loop
      vertex 105.196 128 30
      vertex 109 135.5 30
      vertex 104.915 128.441 30
    endloop
  endfacet
  facet normal 0 0 1
    outer loop
      vertex 169.513 138.695 30
      vertex 169.5 139 30
      vertex 156.637 128.533 30
    endloop
  endfacet
  facet normal 0 0 1
    outer loop
      vertex 105.438 127.536 30
      vertex 109.906 135.619 30
      vertex 109.608 135.553 30
    endloop
  endfacet
  facet normal 0 0 1
    outer loop
      vertex 117.217 123.344 30
      vertex 110.75 135.969 30
      vertex 110.479 135.828 30
    endloop
  endfacet
  facet normal 0 0 1
    outer loop
      vertex 119.778 125.309 30
      vertex 110.75 135.969 30
      vertex 117.217 123.344 30
    endloop
  endfacet
  facet normal 0 0 1
    outer loop
      vertex 169.513 139.305 30
      vertex 153.655 129.769 30
      vertex 169.5 139 30
    endloop
  endfacet
  facet normal 0 0 1
    outer loop
      vertex 119.778 125.309 30
      vertex 111.25 136.319 30
      vertex 111.007 136.133 30
    endloop
  endfacet
  facet normal 0 0 1
    outer loop
      vertex 169.553 139.608 30
      vertex 153.655 129.769 30
      vertex 169.513 139.305 30
    endloop
  endfacet
  facet normal 0 0 1
    outer loop
      vertex 111.681 136.75 30
      vertex 111.475 136.525 30
      vertex 119.778 125.309 30
    endloop
  endfacet
  facet normal -0 0 1
    outer loop
      vertex 111.681 136.75 30
      vertex 122.5 127.043 30
      vertex 111.867 136.992 30
    endloop
  endfacet
  facet normal 0 0 1
    outer loop
      vertex 169.711 140.197 30
      vertex 150.576 130.739 30
      vertex 169.619 139.906 30
    endloop
  endfacet
  facet normal -0 0 1
    outer loop
      vertex 112.381 138.094 30
      vertex 125.363 128.533 30
      vertex 112.447 138.392 30
    endloop
  endfacet
  facet normal 0 0 1
    outer loop
      vertex 170.319 141.25 30
      vertex 147.425 131.438 30
      vertex 170.133 141.007 30
    endloop
  endfacet
  facet normal 0 -0 1
    outer loop
      vertex 170.319 141.25 30
      vertex 176.521 157.479 30
      vertex 144.225 131.859 30
    endloop
  endfacet
  facet normal 0 0 1
    outer loop
      vertex 128.345 129.769 30
      vertex 112.381 139.906 30
      vertex 112.447 139.608 30
    endloop
  endfacet
  facet normal 0 -0 1
    outer loop
      vertex 144.225 131.859 30
      vertex 176.584 157.955 30
      vertex 141 132 30
    endloop
  endfacet
  facet normal 0 0 1
    outer loop
      vertex 176.687 158.423 30
      vertex 105.313 158.423 30
      vertex 141 132 30
    endloop
  endfacet
  facet normal 0 0 1
    outer loop
      vertex 150.576 130.739 30
      vertex 169.828 140.479 30
      vertex 169.969 140.75 30
    endloop
  endfacet
  facet normal -0 0 1
    outer loop
      vertex 147.425 131.438 30
      vertex 150.576 130.739 30
      vertex 169.969 140.75 30
    endloop
  endfacet
  facet normal 0 -0 1
    outer loop
      vertex 159.5 127.043 30
      vertex 169.711 137.803 30
      vertex 156.637 128.533 30
    endloop
  endfacet
  facet normal 0 0 1
    outer loop
      vertex 170.319 136.75 30
      vertex 170.133 136.992 30
      vertex 159.5 127.043 30
    endloop
  endfacet
  facet normal 0 0 1
    outer loop
      vertex 170.525 136.525 30
      vertex 170.319 136.75 30
      vertex 162.222 125.309 30
    endloop
  endfacet
  facet normal 0 0 1
    outer loop
      vertex 170.75 136.319 30
      vertex 162.222 125.309 30
      vertex 170.992 136.133 30
    endloop
  endfacet
  facet normal 0 0 1
    outer loop
      vertex 162.222 125.309 30
      vertex 171.25 135.969 30
      vertex 170.992 136.133 30
    endloop
  endfacet
  facet normal 0 0 1
    outer loop
      vertex 164.783 123.344 30
      vertex 171.521 135.828 30
      vertex 171.25 135.969 30
    endloop
  endfacet
  facet normal 0 0 1
    outer loop
      vertex 172.094 135.619 30
      vertex 171.803 135.711 30
      vertex 164.783 123.344 30
    endloop
  endfacet
  facet normal 0 0 1
    outer loop
      vertex 172.392 135.553 30
      vertex 164.783 123.344 30
      vertex 167.163 121.163 30
    endloop
  endfacet
  facet normal 0 0 1
    outer loop
      vertex 172.392 135.553 30
      vertex 167.163 121.163 30
      vertex 172.695 135.513 30
    endloop
  endfacet
  facet normal -0 0 1
    outer loop
      vertex 167.163 121.163 30
      vertex 169.344 118.783 30
      vertex 173 135.5 30
    endloop
  endfacet
  facet normal 0 0 1
    outer loop
      vertex 173 135.5 30
      vertex 171.309 116.222 30
      vertex 192.691 116.222 30
    endloop
  endfacet
  facet normal -0 0 1
    outer loop
      vertex 175.769 107.655 30
      vertex 187.261 104.576 30
      vertex 188.231 107.655 30
    endloop
  endfacet
  facet normal 0 0 1
    outer loop
      vertex 186.562 88.575 30
      vertex 186.141 91.7752 30
      vertex 177.438 88.575 30
    endloop
  endfacet
  facet normal 0 0 1
    outer loop
      vertex 191.305 135.513 30
      vertex 191 135.5 30
      vertex 196.837 121.163 30
    endloop
  endfacet
  facet normal -0 0 1
    outer loop
      vertex 232.576 130.739 30
      vertex 235.655 129.769 30
      vertex 258.832 155.119 30
    endloop
  endfacet
  facet normal 0 0 1
    outer loop
      vertex 235.655 129.769 30
      vertex 259.015 154.676 30
      vertex 258.832 155.119 30
    endloop
  endfacet
  facet normal 0 0 1
    outer loop
      vertex 259.237 154.25 30
      vertex 259.015 154.676 30
      vertex 235.655 129.769 30
    endloop
  endfacet
  facet normal 0 0 1
    outer loop
      vertex 176.804 68 30
      vertex 169.344 71.2169 30
      vertex 176.562 67.5357 30
    endloop
  endfacet
  facet normal 0 0 1
    outer loop
      vertex 268.985 154.676 30
      vertex 259.438 101.425 30
      vertex 259.859 98.2248 30
    endloop
  endfacet
  facet normal 0 0 1
    outer loop
      vertex 176.091 63.9581 30
      vertex 164.783 66.6564 30
      vertex 176.204 63.4471 30
    endloop
  endfacet
  facet normal 0 0 1
    outer loop
      vertex 169.513 50.695 30
      vertex 153.655 60.2314 30
      vertex 169.553 50.3922 30
    endloop
  endfacet
  facet normal 0 0 1
    outer loop
      vertex 169.619 50.0941 30
      vertex 150.576 59.2607 30
      vertex 169.711 49.8029 30
    endloop
  endfacet
  facet normal -0 0 1
    outer loop
      vertex 185.441 60.0851 30
      vertex 191 54.5 30
      vertex 185.857 60.4037 30
    endloop
  endfacet
  facet normal 0 0 1
    outer loop
      vertex 187.796 63.4471 30
      vertex 187.638 62.9479 30
      vertex 192.197 54.2889 30
    endloop
  endfacet
  facet normal 0 -0 1
    outer loop
      vertex 186.505 36.1547 30
      vertex 191.305 47.5133 30
      vertex 186.213 36.5353 30
    endloop
  endfacet
  facet normal 0 0 1
    outer loop
      vertex 194.031 49.25 30
      vertex 213.424 59.2607 30
      vertex 194.172 49.5208 30
    endloop
  endfacet
  facet normal 0 0 1
    outer loop
      vertex 193.867 48.9925 30
      vertex 216.575 58.5621 30
      vertex 194.031 49.25 30
    endloop
  endfacet
  facet normal 0 -0 1
    outer loop
      vertex 192.479 54.1721 30
      vertex 199.217 66.6564 30
      vertex 192.197 54.2889 30
    endloop
  endfacet
  facet normal 0 0 1
    outer loop
      vertex 137.775 58.1408 30
      vertex 134.575 58.5621 30
      vertex 111.681 48.7502 30
    endloop
  endfacet
  facet normal -0 0 1
    outer loop
      vertex 105.168 31.1189 30
      vertex 104.985 30.6756 30
      vertex 176.832 31.1189 30
    endloop
  endfacet
  facet normal 0 0 1
    outer loop
      vertex 259.237 154.25 30
      vertex 238.637 128.533 30
      vertex 259.495 153.845 30
    endloop
  endfacet
  facet normal 0 0 1
    outer loop
      vertex 176 65 30
      vertex 167.163 68.837 30
      vertex 176.023 64.4771 30
    endloop
  endfacet
  facet normal -0 0 1
    outer loop
      vertex 194.447 51.6078 30
      vertex 194.487 51.305 30
      vertex 207.363 61.4666 30
    endloop
  endfacet
  facet normal -0 0 1
    outer loop
      vertex 194.447 50.3922 30
      vertex 194.381 50.0941 30
      vertex 210.345 60.2314 30
    endloop
  endfacet
  facet normal 0 -0 1
    outer loop
      vertex 192.75 54.0311 30
      vertex 199.217 66.6564 30
      vertex 192.479 54.1721 30
    endloop
  endfacet
  facet normal 0 0 1
    outer loop
      vertex 186.915 61.5585 30
      vertex 186.596 61.1433 30
      vertex 191 54.5 30
    endloop
  endfacet
  facet normal 0 -0 1
    outer loop
      vertex 187.977 65.5229 30
      vertex 196.837 68.837 30
      vertex 187.909 66.0419 30
    endloop
  endfacet
  facet normal 0 0 1
    outer loop
      vertex 187.796 63.4471 30
      vertex 199.217 66.6564 30
      vertex 187.909 63.9581 30
    endloop
  endfacet
  facet normal 0 0 1
    outer loop
      vertex 187.196 68 30
      vertex 194.656 71.2169 30
      vertex 192.691 73.7777 30
    endloop
  endfacet
  facet normal 0 0 1
    outer loop
      vertex 176.804 62 30
      vertex 172.695 54.4867 30
      vertex 173 54.5 30
    endloop
  endfacet
  facet normal -0 0 1
    outer loop
      vertex 184.536 70.4378 30
      vertex 185 70.1962 30
      vertex 190.957 76.5 30
    endloop
  endfacet
  facet normal 0 0 1
    outer loop
      vertex 147.425 58.5621 30
      vertex 144.225 58.1408 30
      vertex 170.319 48.7502 30
    endloop
  endfacet
  facet normal 0 0 1
    outer loop
      vertex 189.467 79.3631 30
      vertex 188.231 82.3453 30
      vertex 182 71 30
    endloop
  endfacet
  facet normal 0 0 1
    outer loop
      vertex 174.533 79.3631 30
      vertex 179.948 70.6382 30
      vertex 180.447 70.7956 30
    endloop
  endfacet
  facet normal 0 0 1
    outer loop
      vertex 176.023 65.5229 30
      vertex 167.163 68.837 30
      vertex 176 65 30
    endloop
  endfacet
  facet normal 0 0 1
    outer loop
      vertex 171.309 73.7777 30
      vertex 169.344 71.2169 30
      vertex 176.804 68 30
    endloop
  endfacet
  facet normal 0 -0 1
    outer loop
      vertex 180.958 70.9088 30
      vertex 181.477 70.9772 30
      vertex 174.533 79.3631 30
    endloop
  endfacet
  facet normal 0 0 1
    outer loop
      vertex 175.769 82.3453 30
      vertex 188.231 82.3453 30
      vertex 187.261 85.4237 30
    endloop
  endfacet
  facet normal 0 0 1
    outer loop
      vertex 180.958 70.9088 30
      vertex 174.533 79.3631 30
      vertex 180.447 70.7956 30
    endloop
  endfacet
  facet normal 0 0 1
    outer loop
      vertex 175.769 82.3453 30
      vertex 187.261 85.4237 30
      vertex 176.739 85.4237 30
    endloop
  endfacet
  facet normal 0 0 1
    outer loop
      vertex 186.141 91.7752 30
      vertex 177.859 91.7752 30
      vertex 177.438 88.575 30
    endloop
  endfacet
  facet normal 0 0 1
    outer loop
      vertex 196.837 121.163 30
      vertex 191 135.5 30
      vertex 194.656 118.783 30
    endloop
  endfacet
  facet normal 0 0 1
    outer loop
      vertex 186.141 91.7752 30
      vertex 178 95 30
      vertex 177.859 91.7752 30
    endloop
  endfacet
  facet normal 0 0 1
    outer loop
      vertex 186 95 30
      vertex 178 95 30
      vertex 186.141 91.7752 30
    endloop
  endfacet
  facet normal 0 0 1
    outer loop
      vertex 186.141 98.2248 30
      vertex 177.859 98.2248 30
      vertex 178 95 30
    endloop
  endfacet
  facet normal 0 0 1
    outer loop
      vertex 192.691 116.222 30
      vertex 171.309 116.222 30
      vertex 190.957 113.5 30
    endloop
  endfacet
  facet normal 0 0 1
    outer loop
      vertex 186.141 98.2248 30
      vertex 177.438 101.425 30
      vertex 177.859 98.2248 30
    endloop
  endfacet
  facet normal 0 0 1
    outer loop
      vertex 171.309 116.222 30
      vertex 173.043 113.5 30
      vertex 190.957 113.5 30
    endloop
  endfacet
  facet normal 0 0 1
    outer loop
      vertex 186.562 101.425 30
      vertex 176.739 104.576 30
      vertex 177.438 101.425 30
    endloop
  endfacet
  facet normal 0 -0 1
    outer loop
      vertex 188.231 107.655 30
      vertex 189.467 110.637 30
      vertex 174.533 110.637 30
    endloop
  endfacet
  facet normal 0 0 1
    outer loop
      vertex 187.261 104.576 30
      vertex 176.739 104.576 30
      vertex 186.562 101.425 30
    endloop
  endfacet
  facet normal 0 0 1
    outer loop
      vertex 258.687 155.576 30
      vertex 232.576 130.739 30
      vertex 258.832 155.119 30
    endloop
  endfacet
  facet normal 0 0 1
    outer loop
      vertex 201.778 125.309 30
      vertex 192.75 135.969 30
      vertex 199.217 123.344 30
    endloop
  endfacet
  facet normal 0 0 1
    outer loop
      vertex 193.25 136.319 30
      vertex 193.007 136.133 30
      vertex 201.778 125.309 30
    endloop
  endfacet
  facet normal 0 0 1
    outer loop
      vertex 258.584 156.045 30
      vertex 232.576 130.739 30
      vertex 258.687 155.576 30
    endloop
  endfacet
  facet normal 0 0 1
    outer loop
      vertex 258.521 156.521 30
      vertex 232.576 130.739 30
      vertex 258.584 156.045 30
    endloop
  endfacet
  facet normal 0 -0 1
    outer loop
      vertex 232.576 130.739 30
      vertex 258.521 156.521 30
      vertex 229.425 131.438 30
    endloop
  endfacet
  facet normal 0 0 1
    outer loop
      vertex 204.5 127.043 30
      vertex 193.681 136.75 30
      vertex 201.778 125.309 30
    endloop
  endfacet
  facet normal -0 0 1
    outer loop
      vertex 193.867 136.992 30
      vertex 204.5 127.043 30
      vertex 194.031 137.25 30
    endloop
  endfacet
  facet normal 0 -0 1
    outer loop
      vertex 204.5 127.043 30
      vertex 207.363 128.533 30
      vertex 194.289 137.803 30
    endloop
  endfacet
  facet normal 0 0 1
    outer loop
      vertex 258.584 157.955 30
      vertex 226.225 131.859 30
      vertex 258.521 157.479 30
    endloop
  endfacet
  facet normal -0 0 1
    outer loop
      vertex 194.447 138.392 30
      vertex 207.363 128.533 30
      vertex 194.487 138.695 30
    endloop
  endfacet
  facet normal 0 0 1
    outer loop
      vertex 210.345 129.769 30
      vertex 194.487 139.305 30
      vertex 194.5 139 30
    endloop
  endfacet
  facet normal -0 0 1
    outer loop
      vertex 223 132 30
      vertex 226.225 131.859 30
      vertex 258.584 157.955 30
    endloop
  endfacet
  facet normal 0 0 1
    outer loop
      vertex 258.687 158.423 30
      vertex 223 132 30
      vertex 258.584 157.955 30
    endloop
  endfacet
  facet normal -0 0 1
    outer loop
      vertex 235.655 129.769 30
      vertex 238.637 128.533 30
      vertex 259.237 154.25 30
    endloop
  endfacet
  facet normal 0 0 1
    outer loop
      vertex 238.637 128.533 30
      vertex 259.787 153.465 30
      vertex 259.495 153.845 30
    endloop
  endfacet
  facet normal 0 -0 1
    outer loop
      vertex 241.5 127.043 30
      vertex 259.787 153.465 30
      vertex 238.637 128.533 30
    endloop
  endfacet
  facet normal 0 0 1
    outer loop
      vertex 260.465 152.787 30
      vertex 260.111 153.111 30
      vertex 241.5 127.043 30
    endloop
  endfacet
  facet normal 0 0 1
    outer loop
      vertex 260.845 152.495 30
      vertex 241.5 127.043 30
      vertex 244.222 125.309 30
    endloop
  endfacet
  facet normal 0 0 1
    outer loop
      vertex 260.845 152.495 30
      vertex 244.222 125.309 30
      vertex 261.25 152.237 30
    endloop
  endfacet
  facet normal -0 0 1
    outer loop
      vertex 244.222 125.309 30
      vertex 246.783 123.344 30
      vertex 261.676 152.015 30
    endloop
  endfacet
  facet normal 0 0 1
    outer loop
      vertex 246.783 123.344 30
      vertex 262.576 151.687 30
      vertex 262.119 151.832 30
    endloop
  endfacet
  facet normal 0 -0 1
    outer loop
      vertex 249.163 121.163 30
      vertex 263.045 151.584 30
      vertex 246.783 123.344 30
    endloop
  endfacet
  facet normal 0 0 1
    outer loop
      vertex 264 151.5 30
      vertex 263.521 151.521 30
      vertex 249.163 121.163 30
    endloop
  endfacet
  facet normal 0 0 1
    outer loop
      vertex 264.479 151.521 30
      vertex 264 151.5 30
      vertex 251.344 118.783 30
    endloop
  endfacet
  facet normal 0 0 1
    outer loop
      vertex 264.955 151.584 30
      vertex 251.344 118.783 30
      vertex 253.309 116.222 30
    endloop
  endfacet
  facet normal -0 0 1
    outer loop
      vertex 265.423 151.687 30
      vertex 253.309 116.222 30
      vertex 265.881 151.832 30
    endloop
  endfacet
  facet normal -0 0 1
    outer loop
      vertex 266.324 152.015 30
      vertex 255.043 113.5 30
      vertex 266.75 152.237 30
    endloop
  endfacet
  facet normal -0 0 1
    outer loop
      vertex 266.75 152.237 30
      vertex 256.533 110.637 30
      vertex 267.155 152.495 30
    endloop
  endfacet
  facet normal -0 0 1
    outer loop
      vertex 256.533 110.637 30
      vertex 257.769 107.655 30
      vertex 267.535 152.787 30
    endloop
  endfacet
  facet normal 0 0 1
    outer loop
      vertex 257.769 107.655 30
      vertex 268.213 153.465 30
      vertex 267.889 153.111 30
    endloop
  endfacet
  facet normal 0 -0 1
    outer loop
      vertex 258.739 104.576 30
      vertex 268.213 153.465 30
      vertex 257.769 107.655 30
    endloop
  endfacet
  facet normal 0 -0 1
    outer loop
      vertex 259.438 101.425 30
      vertex 268.505 153.845 30
      vertex 258.739 104.576 30
    endloop
  endfacet
  facet normal 0 0 1
    outer loop
      vertex 268.985 154.676 30
      vertex 268.763 154.25 30
      vertex 259.438 101.425 30
    endloop
  endfacet
  facet normal 0 0 1
    outer loop
      vertex 282 178 30
      vertex 268.985 154.676 30
      vertex 259.859 98.2248 30
    endloop
  endfacet
  facet normal 0 0 1
    outer loop
      vertex 282 178 30
      vertex 259.859 98.2248 30
      vertex 260 95 30
    endloop
  endfacet
  facet normal 0 0 1
    outer loop
      vertex 282 178 30
      vertex 260 95 30
      vertex 282 12 30
    endloop
  endfacet
  facet normal 0 0 1
    outer loop
      vertex 260 95 30
      vertex 259.859 91.7752 30
      vertex 282 12 30
    endloop
  endfacet
  facet normal 0 0 1
    outer loop
      vertex 257.769 82.3453 30
      vertex 267.535 37.2132 30
      vertex 267.889 36.8891 30
    endloop
  endfacet
  facet normal -0 -0 1
    outer loop
      vertex 255.464 47 30
      vertex 266.324 37.9847 30
      vertex 255.277 47.2943 30
    endloop
  endfacet
  facet normal 0 0 1
    outer loop
      vertex 264.479 38.4791 30
      vertex 255.864 46.0353 30
      vertex 255.939 45.6946 30
    endloop
  endfacet
  facet normal 0 0 1
    outer loop
      vertex 253.309 73.7777 30
      vertex 254.828 47.8284 30
      vertex 255.064 47.5712 30
    endloop
  endfacet
  facet normal -0 -0 1
    outer loop
      vertex 252.695 48.9392 30
      vertex 253.035 48.8637 30
      vertex 246.783 66.6564 30
    endloop
  endfacet
  facet normal 0 -0 1
    outer loop
      vertex 250.965 48.8637 30
      vertex 251.305 48.9392 30
      vertex 244.222 64.6914 30
    endloop
  endfacet
  facet normal 0 -0 1
    outer loop
      vertex 249.706 48.2766 30
      vertex 250 48.4641 30
      vertex 241.5 62.9571 30
    endloop
  endfacet
  facet normal -0 0 1
    outer loop
      vertex 235.655 60.2314 30
      vertex 248.723 47.2943 30
      vertex 238.637 61.4666 30
    endloop
  endfacet
  facet normal -0 0 1
    outer loop
      vertex 232.576 59.2607 30
      vertex 248.136 46.0353 30
      vertex 235.655 60.2314 30
    endloop
  endfacet
  facet normal 0 -0 1
    outer loop
      vertex 248.015 45.3486 30
      vertex 248.061 45.6946 30
      vertex 232.576 59.2607 30
    endloop
  endfacet
  facet normal 0 0 1
    outer loop
      vertex 248.015 44.6514 30
      vertex 248 45 30
      vertex 229.425 58.5621 30
    endloop
  endfacet
  facet normal 0 0 1
    outer loop
      vertex 248.136 43.9647 30
      vertex 248.061 44.3054 30
      vertex 226.225 58.1408 30
    endloop
  endfacet
  facet normal 0 0 1
    outer loop
      vertex 248.241 43.6319 30
      vertex 226.225 58.1408 30
      vertex 248.375 43.3095 30
    endloop
  endfacet
  facet normal 0 0 1
    outer loop
      vertex 248.536 43 30
      vertex 223 58 30
      vertex 248.723 42.7057 30
    endloop
  endfacet
  facet normal 0 -0 1
    outer loop
      vertex 187.168 34.8811 30
      vertex 192.197 47.7111 30
      vertex 186.985 35.3244 30
    endloop
  endfacet
  facet normal 0 -0 1
    outer loop
      vertex 186.763 35.75 30
      vertex 191.608 47.5532 30
      vertex 186.505 36.1547 30
    endloop
  endfacet
  facet normal 0 0 1
    outer loop
      vertex 97.9479 119.362 30
      vertex 92.5334 110.637 30
      vertex 98.4471 119.204 30
    endloop
  endfacet
  facet normal -0 0 1
    outer loop
      vertex 91.0429 113.5 30
      vertex 92.5334 110.637 30
      vertex 97.9479 119.362 30
    endloop
  endfacet
  facet normal 0 0 1
    outer loop
      vertex 97 119.804 30
      vertex 91.0429 113.5 30
      vertex 97.4643 119.562 30
    endloop
  endfacet
  facet normal 0 0 1
    outer loop
      vertex 96.5585 120.085 30
      vertex 91.0429 113.5 30
      vertex 97 119.804 30
    endloop
  endfacet
  facet normal 0 0 1
    outer loop
      vertex 96.1433 120.404 30
      vertex 91.0429 113.5 30
      vertex 96.5585 120.085 30
    endloop
  endfacet
  facet normal -0 0 1
    outer loop
      vertex 89.3086 116.222 30
      vertex 91.0429 113.5 30
      vertex 96.1433 120.404 30
    endloop
  endfacet
  facet normal 0 0 1
    outer loop
      vertex 89.3086 116.222 30
      vertex 96.1433 120.404 30
      vertex 95.7574 120.757 30
    endloop
  endfacet
  facet normal 0 0 1
    outer loop
      vertex 89.3086 116.222 30
      vertex 95.7574 120.757 30
      vertex 95.4037 121.143 30
    endloop
  endfacet
  facet normal 0 0 1
    outer loop
      vertex 89.3086 116.222 30
      vertex 95.4037 121.143 30
      vertex 95.0851 121.558 30
    endloop
  endfacet
  facet normal 0 0 1
    outer loop
      vertex 89.3086 116.222 30
      vertex 95.0851 121.558 30
      vertex 94.8038 122 30
    endloop
  endfacet
  facet normal 0 -0 1
    outer loop
      vertex 85.163 121.163 30
      vertex 94.0912 126.042 30
      vertex 82.7831 123.344 30
    endloop
  endfacet
  facet normal 0 0 1
    outer loop
      vertex 94.8038 122 30
      vertex 87.3436 118.783 30
      vertex 89.3086 116.222 30
    endloop
  endfacet
  facet normal 0 0 1
    outer loop
      vertex 85.163 121.163 30
      vertex 94 125 30
      vertex 94.0228 125.523 30
    endloop
  endfacet
  facet normal 0 0 1
    outer loop
      vertex 94.5622 122.464 30
      vertex 87.3436 118.783 30
      vertex 94.8038 122 30
    endloop
  endfacet
  facet normal 0 0 1
    outer loop
      vertex 87.3436 118.783 30
      vertex 94.2044 123.447 30
      vertex 94.0912 123.958 30
    endloop
  endfacet
  facet normal 0 -0 1
    outer loop
      vertex 87.3436 118.783 30
      vertex 94.0912 123.958 30
      vertex 85.163 121.163 30
    endloop
  endfacet
  facet normal 0 0 1
    outer loop
      vertex 85.163 121.163 30
      vertex 94.0228 124.477 30
      vertex 94 125 30
    endloop
  endfacet
  facet normal 0 0 1
    outer loop
      vertex 94.2044 126.553 30
      vertex 82.7831 123.344 30
      vertex 94.0912 126.042 30
    endloop
  endfacet
  facet normal 0 0 1
    outer loop
      vertex 89.8029 135.711 30
      vertex 82.7831 123.344 30
      vertex 94.2044 126.553 30
    endloop
  endfacet
  facet normal 0 0 1
    outer loop
      vertex 89.8029 135.711 30
      vertex 94.2044 126.553 30
      vertex 94.3618 127.052 30
    endloop
  endfacet
  facet normal 0 0 1
    outer loop
      vertex 89.8029 135.711 30
      vertex 94.3618 127.052 30
      vertex 90.0941 135.619 30
    endloop
  endfacet
  facet normal 0 -0 1
    outer loop
      vertex 94.3618 127.052 30
      vertex 94.5622 127.536 30
      vertex 90.0941 135.619 30
    endloop
  endfacet
  facet normal 0 0 1
    outer loop
      vertex 94.5622 127.536 30
      vertex 90.3922 135.553 30
      vertex 90.0941 135.619 30
    endloop
  endfacet
  facet normal 0 0 1
    outer loop
      vertex 90.695 135.513 30
      vertex 90.3922 135.553 30
      vertex 94.5622 127.536 30
    endloop
  endfacet
  facet normal 0 0 1
    outer loop
      vertex 90.695 135.513 30
      vertex 94.5622 127.536 30
      vertex 94.8038 128 30
    endloop
  endfacet
  facet normal 0 0 1
    outer loop
      vertex 90.695 135.513 30
      vertex 94.8038 128 30
      vertex 91 135.5 30
    endloop
  endfacet
  facet normal 0 -0 1
    outer loop
      vertex 94.8038 128 30
      vertex 95.0851 128.441 30
      vertex 91 135.5 30
    endloop
  endfacet
  facet normal 0 -0 1
    outer loop
      vertex 95.0851 128.441 30
      vertex 95.4037 128.857 30
      vertex 91 135.5 30
    endloop
  endfacet
  facet normal 0 -0 1
    outer loop
      vertex 95.4037 128.857 30
      vertex 95.7574 129.243 30
      vertex 91 135.5 30
    endloop
  endfacet
  facet normal 0 -0 1
    outer loop
      vertex 95.7574 129.243 30
      vertex 96.1433 129.596 30
      vertex 91 135.5 30
    endloop
  endfacet
  facet normal 0 -0 1
    outer loop
      vertex 96.1433 129.596 30
      vertex 96.5585 129.915 30
      vertex 91 135.5 30
    endloop
  endfacet
  facet normal 0 -0 1
    outer loop
      vertex 96.5585 129.915 30
      vertex 97 130.196 30
      vertex 91 135.5 30
    endloop
  endfacet
  facet normal 0 -0 1
    outer loop
      vertex 97 130.196 30
      vertex 97.4643 130.438 30
      vertex 91 135.5 30
    endloop
  endfacet
  facet normal 0 0 1
    outer loop
      vertex 98.4471 130.796 30
      vertex 91 135.5 30
      vertex 97.9479 130.638 30
    endloop
  endfacet
  facet normal 0 0 1
    outer loop
      vertex 98.9581 130.909 30
      vertex 91 135.5 30
      vertex 98.4471 130.796 30
    endloop
  endfacet
  facet normal 0 0 1
    outer loop
      vertex 99.4771 130.977 30
      vertex 91 135.5 30
      vertex 98.9581 130.909 30
    endloop
  endfacet
  facet normal 0 0 1
    outer loop
      vertex 100 131 30
      vertex 91 135.5 30
      vertex 99.4771 130.977 30
    endloop
  endfacet
  facet normal 0 0 1
    outer loop
      vertex 109 135.5 30
      vertex 91 135.5 30
      vertex 100 131 30
    endloop
  endfacet
  facet normal 0 0 1
    outer loop
      vertex 109 135.5 30
      vertex 100 131 30
      vertex 100.523 130.977 30
    endloop
  endfacet
  facet normal 0 0 1
    outer loop
      vertex 109 135.5 30
      vertex 100.523 130.977 30
      vertex 101.042 130.909 30
    endloop
  endfacet
  facet normal 0 0 1
    outer loop
      vertex 109 135.5 30
      vertex 101.042 130.909 30
      vertex 101.553 130.796 30
    endloop
  endfacet
  facet normal 0 0 1
    outer loop
      vertex 109 135.5 30
      vertex 101.553 130.796 30
      vertex 102.052 130.638 30
    endloop
  endfacet
  facet normal 0 -0 1
    outer loop
      vertex 103 130.196 30
      vertex 109 135.5 30
      vertex 102.536 130.438 30
    endloop
  endfacet
  facet normal 0 -0 1
    outer loop
      vertex 103.441 129.915 30
      vertex 109 135.5 30
      vertex 103 130.196 30
    endloop
  endfacet
  facet normal 0 -0 1
    outer loop
      vertex 103.857 129.596 30
      vertex 109 135.5 30
      vertex 103.441 129.915 30
    endloop
  endfacet
  facet normal 0 0 1
    outer loop
      vertex 109.305 135.513 30
      vertex 109 135.5 30
      vertex 105.196 128 30
    endloop
  endfacet
  facet normal 0 0 1
    outer loop
      vertex 109 135.5 30
      vertex 104.596 128.857 30
      vertex 104.915 128.441 30
    endloop
  endfacet
  facet normal 0 -0 1
    outer loop
      vertex 105.438 127.536 30
      vertex 109.305 135.513 30
      vertex 105.196 128 30
    endloop
  endfacet
  facet normal 0 0 1
    outer loop
      vertex 109.906 135.619 30
      vertex 105.438 127.536 30
      vertex 105.638 127.052 30
    endloop
  endfacet
  facet normal 0 0 1
    outer loop
      vertex 109.608 135.553 30
      vertex 109.305 135.513 30
      vertex 105.438 127.536 30
    endloop
  endfacet
  facet normal 0 0 1
    outer loop
      vertex 110.197 135.711 30
      vertex 109.906 135.619 30
      vertex 105.638 127.052 30
    endloop
  endfacet
  facet normal 0 0 1
    outer loop
      vertex 110.197 135.711 30
      vertex 105.638 127.052 30
      vertex 105.796 126.553 30
    endloop
  endfacet
  facet normal 0 0 1
    outer loop
      vertex 105.796 126.553 30
      vertex 105.909 126.042 30
      vertex 117.217 123.344 30
    endloop
  endfacet
  facet normal 0 0 1
    outer loop
      vertex 110.197 135.711 30
      vertex 105.796 126.553 30
      vertex 117.217 123.344 30
    endloop
  endfacet
  facet normal 0 0 1
    outer loop
      vertex 117.217 123.344 30
      vertex 105.909 126.042 30
      vertex 114.837 121.163 30
    endloop
  endfacet
  facet normal 0 0 1
    outer loop
      vertex 105.909 126.042 30
      vertex 105.977 125.523 30
      vertex 114.837 121.163 30
    endloop
  endfacet
  facet normal 0 0 1
    outer loop
      vertex 105.977 125.523 30
      vertex 106 125 30
      vertex 114.837 121.163 30
    endloop
  endfacet
  facet normal 0 0 1
    outer loop
      vertex 106 125 30
      vertex 105.977 124.477 30
      vertex 114.837 121.163 30
    endloop
  endfacet
  facet normal 0 0 1
    outer loop
      vertex 105.977 124.477 30
      vertex 105.909 123.958 30
      vertex 114.837 121.163 30
    endloop
  endfacet
  facet normal 0 0 1
    outer loop
      vertex 105.909 123.958 30
      vertex 112.656 118.783 30
      vertex 114.837 121.163 30
    endloop
  endfacet
  facet normal -0 0 1
    outer loop
      vertex 105.796 123.447 30
      vertex 112.656 118.783 30
      vertex 105.909 123.958 30
    endloop
  endfacet
  facet normal -0 0 1
    outer loop
      vertex 105.638 122.948 30
      vertex 112.656 118.783 30
      vertex 105.796 123.447 30
    endloop
  endfacet
  facet normal -0 0 1
    outer loop
      vertex 105.438 122.464 30
      vertex 112.656 118.783 30
      vertex 105.638 122.948 30
    endloop
  endfacet
  facet normal 0 0 1
    outer loop
      vertex 105.196 122 30
      vertex 110.691 116.222 30
      vertex 112.656 118.783 30
    endloop
  endfacet
  facet normal -0 0 1
    outer loop
      vertex 104.915 121.558 30
      vertex 110.691 116.222 30
      vertex 105.196 122 30
    endloop
  endfacet
  facet normal -0 0 1
    outer loop
      vertex 104.596 121.143 30
      vertex 110.691 116.222 30
      vertex 104.915 121.558 30
    endloop
  endfacet
  facet normal -0 0 1
    outer loop
      vertex 104.243 120.757 30
      vertex 110.691 116.222 30
      vertex 104.596 121.143 30
    endloop
  endfacet
  facet normal -0 0 1
    outer loop
      vertex 103.857 120.404 30
      vertex 110.691 116.222 30
      vertex 104.243 120.757 30
    endloop
  endfacet
  facet normal 0 -0 1
    outer loop
      vertex 108.957 113.5 30
      vertex 110.691 116.222 30
      vertex 103.857 120.404 30
    endloop
  endfacet
  facet normal 0 0 1
    outer loop
      vertex 108.957 113.5 30
      vertex 103.857 120.404 30
      vertex 103.441 120.085 30
    endloop
  endfacet
  facet normal -0 0 1
    outer loop
      vertex 102.536 119.562 30
      vertex 108.957 113.5 30
      vertex 103 119.804 30
    endloop
  endfacet
  facet normal -0 0 1
    outer loop
      vertex 102.052 119.362 30
      vertex 108.957 113.5 30
      vertex 102.536 119.562 30
    endloop
  endfacet
  facet normal 0 -0 1
    outer loop
      vertex 107.467 110.637 30
      vertex 108.957 113.5 30
      vertex 102.052 119.362 30
    endloop
  endfacet
  facet normal 0 0 1
    outer loop
      vertex 107.467 110.637 30
      vertex 102.052 119.362 30
      vertex 101.553 119.204 30
    endloop
  endfacet
  facet normal 0 0 1
    outer loop
      vertex 107.467 110.637 30
      vertex 101.553 119.204 30
      vertex 101.042 119.091 30
    endloop
  endfacet
  facet normal 0 0 1
    outer loop
      vertex 107.467 110.637 30
      vertex 100.523 119.023 30
      vertex 100 119 30
    endloop
  endfacet
  facet normal 0 0 1
    outer loop
      vertex 107.467 110.637 30
      vertex 101.042 119.091 30
      vertex 100.523 119.023 30
    endloop
  endfacet
  facet normal 0 0 1
    outer loop
      vertex 179.464 59.5622 30
      vertex 179 59.8038 30
      vertex 173 54.5 30
    endloop
  endfacet
  facet normal 0 0 1
    outer loop
      vertex 183.553 59.2044 30
      vertex 183.042 59.0912 30
      vertex 191 54.5 30
    endloop
  endfacet
  facet normal 0 0 1
    outer loop
      vertex 177.757 60.7574 30
      vertex 177.404 61.1433 30
      vertex 173 54.5 30
    endloop
  endfacet
  facet normal 0 0 1
    outer loop
      vertex 111.475 48.5251 30
      vertex 105.479 33.4794 30
      vertex 105.5 33 30
    endloop
  endfacet
  facet normal 0 0 1
    outer loop
      vertex 111.25 48.3188 30
      vertex 111.007 48.133 30
      vertex 105.416 33.9551 30
    endloop
  endfacet
  facet normal 0 0 1
    outer loop
      vertex 173 54.5 30
      vertex 177.404 61.1433 30
      vertex 177.085 61.5585 30
    endloop
  endfacet
  facet normal 0 0 1
    outer loop
      vertex 172.094 54.3807 30
      vertex 172.392 54.4468 30
      vertex 176.562 62.4643 30
    endloop
  endfacet
  facet normal 0 0 1
    outer loop
      vertex 169.711 49.8029 30
      vertex 150.576 59.2607 30
      vertex 169.828 49.5208 30
    endloop
  endfacet
  facet normal 0 0 1
    outer loop
      vertex 176.204 63.4471 30
      vertex 164.783 66.6564 30
      vertex 171.803 54.2889 30
    endloop
  endfacet
  facet normal 0 0 1
    outer loop
      vertex 164.783 66.6564 30
      vertex 171.521 54.1721 30
      vertex 171.803 54.2889 30
    endloop
  endfacet
  facet normal 0 -0 1
    outer loop
      vertex 170.992 53.867 30
      vertex 171.25 54.0311 30
      vertex 162.222 64.6914 30
    endloop
  endfacet
  facet normal 0 0 1
    outer loop
      vertex 170.992 53.867 30
      vertex 162.222 64.6914 30
      vertex 170.75 53.6812 30
    endloop
  endfacet
  facet normal 0 0 1
    outer loop
      vertex 169.513 51.305 30
      vertex 156.637 61.4666 30
      vertex 169.5 51 30
    endloop
  endfacet
  facet normal 0 0 1
    outer loop
      vertex 159.5 62.9571 30
      vertex 169.711 52.1971 30
      vertex 169.828 52.4792 30
    endloop
  endfacet
  facet normal 0 0 1
    outer loop
      vertex 171.521 54.1721 30
      vertex 164.783 66.6564 30
      vertex 171.25 54.0311 30
    endloop
  endfacet
  facet normal 0 0 1
    outer loop
      vertex 176.091 63.9581 30
      vertex 167.163 68.837 30
      vertex 164.783 66.6564 30
    endloop
  endfacet
  facet normal 0 0 1
    outer loop
      vertex 176.023 64.4771 30
      vertex 167.163 68.837 30
      vertex 176.091 63.9581 30
    endloop
  endfacet
  facet normal 0 0 1
    outer loop
      vertex 176.091 66.0419 30
      vertex 167.163 68.837 30
      vertex 176.023 65.5229 30
    endloop
  endfacet
  facet normal 0 0 1
    outer loop
      vertex 169.344 71.2169 30
      vertex 167.163 68.837 30
      vertex 176.091 66.0419 30
    endloop
  endfacet
  facet normal 0 0 1
    outer loop
      vertex 169.344 71.2169 30
      vertex 176.091 66.0419 30
      vertex 176.204 66.5529 30
    endloop
  endfacet
  facet normal 0 0 1
    outer loop
      vertex 169.344 71.2169 30
      vertex 176.204 66.5529 30
      vertex 176.362 67.0521 30
    endloop
  endfacet
  facet normal 0 0 1
    outer loop
      vertex 169.344 71.2169 30
      vertex 176.362 67.0521 30
      vertex 176.562 67.5357 30
    endloop
  endfacet
  facet normal 0 0 1
    outer loop
      vertex 173.043 76.5 30
      vertex 179 70.1962 30
      vertex 179.464 70.4378 30
    endloop
  endfacet
  facet normal 0 0 1
    outer loop
      vertex 171.309 73.7777 30
      vertex 176.804 68 30
      vertex 177.085 68.4415 30
    endloop
  endfacet
  facet normal 0 0 1
    outer loop
      vertex 171.309 73.7777 30
      vertex 177.085 68.4415 30
      vertex 177.404 68.8567 30
    endloop
  endfacet
  facet normal 0 0 1
    outer loop
      vertex 171.309 73.7777 30
      vertex 177.404 68.8567 30
      vertex 177.757 69.2426 30
    endloop
  endfacet
  facet normal 0 0 1
    outer loop
      vertex 171.309 73.7777 30
      vertex 177.757 69.2426 30
      vertex 178.143 69.5963 30
    endloop
  endfacet
  facet normal -0 0 1
    outer loop
      vertex 171.309 73.7777 30
      vertex 178.143 69.5963 30
      vertex 173.043 76.5 30
    endloop
  endfacet
  facet normal 0 -0 1
    outer loop
      vertex 178.143 69.5963 30
      vertex 178.558 69.9149 30
      vertex 173.043 76.5 30
    endloop
  endfacet
  facet normal 0 -0 1
    outer loop
      vertex 178.558 69.9149 30
      vertex 179 70.1962 30
      vertex 173.043 76.5 30
    endloop
  endfacet
  facet normal 0 0 1
    outer loop
      vertex 173.043 76.5 30
      vertex 179.464 70.4378 30
      vertex 179.948 70.6382 30
    endloop
  endfacet
  facet normal -0 0 1
    outer loop
      vertex 173.043 76.5 30
      vertex 179.948 70.6382 30
      vertex 174.533 79.3631 30
    endloop
  endfacet
  facet normal 0 -0 1
    outer loop
      vertex 181.477 70.9772 30
      vertex 182 71 30
      vertex 174.533 79.3631 30
    endloop
  endfacet
  facet normal 0 0 1
    outer loop
      vertex 182 71 30
      vertex 175.769 82.3453 30
      vertex 174.533 79.3631 30
    endloop
  endfacet
  facet normal 0 0 1
    outer loop
      vertex 188.231 82.3453 30
      vertex 175.769 82.3453 30
      vertex 182 71 30
    endloop
  endfacet
  facet normal 0 0 1
    outer loop
      vertex 189.467 79.3631 30
      vertex 182 71 30
      vertex 182.523 70.9772 30
    endloop
  endfacet
  facet normal 0 0 1
    outer loop
      vertex 189.467 79.3631 30
      vertex 182.523 70.9772 30
      vertex 183.042 70.9088 30
    endloop
  endfacet
  facet normal 0 0 1
    outer loop
      vertex 189.467 79.3631 30
      vertex 183.042 70.9088 30
      vertex 183.553 70.7956 30
    endloop
  endfacet
  facet normal -0 0 1
    outer loop
      vertex 183.553 70.7956 30
      vertex 184.052 70.6382 30
      vertex 189.467 79.3631 30
    endloop
  endfacet
  facet normal 0 0 1
    outer loop
      vertex 184.052 70.6382 30
      vertex 190.957 76.5 30
      vertex 189.467 79.3631 30
    endloop
  endfacet
  facet normal 0 -0 1
    outer loop
      vertex 184.536 70.4378 30
      vertex 190.957 76.5 30
      vertex 184.052 70.6382 30
    endloop
  endfacet
  facet normal -0 0 1
    outer loop
      vertex 185 70.1962 30
      vertex 185.441 69.9149 30
      vertex 190.957 76.5 30
    endloop
  endfacet
  facet normal -0 0 1
    outer loop
      vertex 185.441 69.9149 30
      vertex 185.857 69.5963 30
      vertex 190.957 76.5 30
    endloop
  endfacet
  facet normal 0 0 1
    outer loop
      vertex 185.857 69.5963 30
      vertex 192.691 73.7777 30
      vertex 190.957 76.5 30
    endloop
  endfacet
  facet normal 0 -0 1
    outer loop
      vertex 186.243 69.2426 30
      vertex 192.691 73.7777 30
      vertex 185.857 69.5963 30
    endloop
  endfacet
  facet normal 0 -0 1
    outer loop
      vertex 186.596 68.8567 30
      vertex 192.691 73.7777 30
      vertex 186.243 69.2426 30
    endloop
  endfacet
  facet normal 0 -0 1
    outer loop
      vertex 186.915 68.4415 30
      vertex 192.691 73.7777 30
      vertex 186.596 68.8567 30
    endloop
  endfacet
  facet normal 0 -0 1
    outer loop
      vertex 187.196 68 30
      vertex 192.691 73.7777 30
      vertex 186.915 68.4415 30
    endloop
  endfacet
  facet normal 0 -0 1
    outer loop
      vertex 187.438 67.5357 30
      vertex 194.656 71.2169 30
      vertex 187.196 68 30
    endloop
  endfacet
  facet normal 0 -0 1
    outer loop
      vertex 187.638 67.0521 30
      vertex 194.656 71.2169 30
      vertex 187.438 67.5357 30
    endloop
  endfacet
  facet normal 0 -0 1
    outer loop
      vertex 187.796 66.5529 30
      vertex 194.656 71.2169 30
      vertex 187.638 67.0521 30
    endloop
  endfacet
  facet normal 0 -0 1
    outer loop
      vertex 187.909 66.0419 30
      vertex 194.656 71.2169 30
      vertex 187.796 66.5529 30
    endloop
  endfacet
  facet normal 0 0 1
    outer loop
      vertex 196.837 68.837 30
      vertex 194.656 71.2169 30
      vertex 187.909 66.0419 30
    endloop
  endfacet
  facet normal 0 -0 1
    outer loop
      vertex 188 65 30
      vertex 196.837 68.837 30
      vertex 187.977 65.5229 30
    endloop
  endfacet
  facet normal 0 0 1
    outer loop
      vertex 187.977 64.4771 30
      vertex 196.837 68.837 30
      vertex 188 65 30
    endloop
  endfacet
  facet normal 0 0 1
    outer loop
      vertex 187.909 63.9581 30
      vertex 196.837 68.837 30
      vertex 187.977 64.4771 30
    endloop
  endfacet
  facet normal 0 0 1
    outer loop
      vertex 199.217 66.6564 30
      vertex 196.837 68.837 30
      vertex 187.909 63.9581 30
    endloop
  endfacet
  facet normal 0 0 1
    outer loop
      vertex 187.638 62.9479 30
      vertex 187.438 62.4643 30
      vertex 191.906 54.3807 30
    endloop
  endfacet
  facet normal 0 0 1
    outer loop
      vertex 187.438 62.4643 30
      vertex 187.196 62 30
      vertex 191.305 54.4867 30
    endloop
  endfacet
  facet normal 0 0 1
    outer loop
      vertex 187.438 62.4643 30
      vertex 191.305 54.4867 30
      vertex 191.608 54.4468 30
    endloop
  endfacet
  facet normal -0 -0 1
    outer loop
      vertex 191 54.5 30
      vertex 191.305 54.4867 30
      vertex 187.196 62 30
    endloop
  endfacet
  facet normal 0 0 1
    outer loop
      vertex 186.596 61.1433 30
      vertex 186.243 60.7574 30
      vertex 191 54.5 30
    endloop
  endfacet
  facet normal 0 0 1
    outer loop
      vertex 191.906 54.3807 30
      vertex 187.438 62.4643 30
      vertex 191.608 54.4468 30
    endloop
  endfacet
  facet normal -0 0 1
    outer loop
      vertex 185.857 60.4037 30
      vertex 191 54.5 30
      vertex 186.243 60.7574 30
    endloop
  endfacet
  facet normal -0 -0 1
    outer loop
      vertex 191.906 54.3807 30
      vertex 192.197 54.2889 30
      vertex 187.638 62.9479 30
    endloop
  endfacet
  facet normal -0 0 1
    outer loop
      vertex 185 59.8038 30
      vertex 191 54.5 30
      vertex 185.441 60.0851 30
    endloop
  endfacet
  facet normal -0 0 1
    outer loop
      vertex 184.536 59.5622 30
      vertex 191 54.5 30
      vertex 185 59.8038 30
    endloop
  endfacet
  facet normal -0 0 1
    outer loop
      vertex 184.052 59.3618 30
      vertex 191 54.5 30
      vertex 184.536 59.5622 30
    endloop
  endfacet
  facet normal -0 0 1
    outer loop
      vertex 183.553 59.2044 30
      vertex 191 54.5 30
      vertex 184.052 59.3618 30
    endloop
  endfacet
  facet normal 0 0 1
    outer loop
      vertex 201.778 64.6914 30
      vertex 192.75 54.0311 30
      vertex 193.007 53.867 30
    endloop
  endfacet
  facet normal -0 0 1
    outer loop
      vertex 182.523 59.0228 30
      vertex 191 54.5 30
      vertex 183.042 59.0912 30
    endloop
  endfacet
  facet normal 0 0 1
    outer loop
      vertex 204.5 62.9571 30
      vertex 194.031 52.75 30
      vertex 194.172 52.4792 30
    endloop
  endfacet
  facet normal 0 0 1
    outer loop
      vertex 176.687 34.4235 30
      vertex 171.25 47.9689 30
      vertex 170.992 48.133 30
    endloop
  endfacet
  facet normal 0 0 1
    outer loop
      vertex 125.363 61.4666 30
      vertex 112.447 51.6078 30
      vertex 112.487 51.305 30
    endloop
  endfacet
  facet normal 0 0 1
    outer loop
      vertex 88.9925 48.133 30
      vertex 94.6874 34.4235 30
      vertex 89.25 47.9689 30
    endloop
  endfacet
  facet normal 0 -0 1
    outer loop
      vertex 94.5836 33.9551 30
      vertex 94.6874 34.4235 30
      vertex 88.9925 48.133 30
    endloop
  endfacet
  facet normal 0 0 1
    outer loop
      vertex 94.5836 33.9551 30
      vertex 88.9925 48.133 30
      vertex 88.7502 48.3188 30
    endloop
  endfacet
  facet normal 0 0 1
    outer loop
      vertex 94.5836 33.9551 30
      vertex 88.7502 48.3188 30
      vertex 94.5209 33.4794 30
    endloop
  endfacet
  facet normal 0 0 1
    outer loop
      vertex 88.5251 48.5251 30
      vertex 88.3188 48.7502 30
      vertex 94.5 33 30
    endloop
  endfacet
  facet normal 0 0 1
    outer loop
      vertex 12 0 30
      vertex 96.1109 29.1109 30
      vertex 95.7868 29.4647 30
    endloop
  endfacet
  facet normal 0 0 1
    outer loop
      vertex 94.5209 32.5206 30
      vertex 88.3188 48.7502 30
      vertex 62.2248 58.1408 30
    endloop
  endfacet
  facet normal -0 0 1
    outer loop
      vertex 22.9847 30.6756 30
      vertex 22.7631 30.25 30
      vertex 95.0153 30.6756 30
    endloop
  endfacet
  facet normal 0 0 1
    outer loop
      vertex 94.5209 32.5206 30
      vertex 62.2248 58.1408 30
      vertex 94.5836 32.0449 30
    endloop
  endfacet
  facet normal 0 0 1
    outer loop
      vertex 65.425 58.5621 30
      vertex 88.3188 48.7502 30
      vertex 88.133 48.9925 30
    endloop
  endfacet
  facet normal 0 0 1
    outer loop
      vertex 65.425 58.5621 30
      vertex 88.133 48.9925 30
      vertex 87.9689 49.25 30
    endloop
  endfacet
  facet normal 0 0 1
    outer loop
      vertex 68.5763 59.2607 30
      vertex 87.9689 49.25 30
      vertex 87.8279 49.5208 30
    endloop
  endfacet
  facet normal 0 0 1
    outer loop
      vertex 68.5763 59.2607 30
      vertex 87.8279 49.5208 30
      vertex 87.7111 49.8029 30
    endloop
  endfacet
  facet normal 0 0 1
    outer loop
      vertex 71.6547 60.2314 30
      vertex 68.5763 59.2607 30
      vertex 87.6193 50.0941 30
    endloop
  endfacet
  facet normal 0 0 1
    outer loop
      vertex 71.6547 60.2314 30
      vertex 87.6193 50.0941 30
      vertex 87.5532 50.3922 30
    endloop
  endfacet
  facet normal 0 0 1
    outer loop
      vertex 87.5 51 30
      vertex 71.6547 60.2314 30
      vertex 87.5133 50.695 30
    endloop
  endfacet
  facet normal 0 0 1
    outer loop
      vertex 74.6369 61.4666 30
      vertex 71.6547 60.2314 30
      vertex 87.5 51 30
    endloop
  endfacet
  facet normal 0 0 1
    outer loop
      vertex 87.5532 51.6078 30
      vertex 74.6369 61.4666 30
      vertex 87.5133 51.305 30
    endloop
  endfacet
  facet normal 0 0 1
    outer loop
      vertex 87.6193 51.9059 30
      vertex 74.6369 61.4666 30
      vertex 87.5532 51.6078 30
    endloop
  endfacet
  facet normal 0 0 1
    outer loop
      vertex 87.7111 52.1971 30
      vertex 77.5 62.9571 30
      vertex 74.6369 61.4666 30
    endloop
  endfacet
  facet normal 0 0 1
    outer loop
      vertex 87.8279 52.4792 30
      vertex 77.5 62.9571 30
      vertex 87.7111 52.1971 30
    endloop
  endfacet
  facet normal 0 0 1
    outer loop
      vertex 87.9689 52.75 30
      vertex 77.5 62.9571 30
      vertex 87.8279 52.4792 30
    endloop
  endfacet
  facet normal 0 0 1
    outer loop
      vertex 88.133 53.0075 30
      vertex 77.5 62.9571 30
      vertex 87.9689 52.75 30
    endloop
  endfacet
  facet normal 0 0 1
    outer loop
      vertex 88.3188 53.2498 30
      vertex 77.5 62.9571 30
      vertex 88.133 53.0075 30
    endloop
  endfacet
  facet normal 0 0 1
    outer loop
      vertex 80.2223 64.6914 30
      vertex 77.5 62.9571 30
      vertex 88.3188 53.2498 30
    endloop
  endfacet
  facet normal 0 0 1
    outer loop
      vertex 80.2223 64.6914 30
      vertex 88.3188 53.2498 30
      vertex 88.5251 53.4749 30
    endloop
  endfacet
  facet normal 0 0 1
    outer loop
      vertex 80.2223 64.6914 30
      vertex 88.5251 53.4749 30
      vertex 88.7502 53.6812 30
    endloop
  endfacet
  facet normal 0 0 1
    outer loop
      vertex 80.2223 64.6914 30
      vertex 88.7502 53.6812 30
      vertex 88.9925 53.867 30
    endloop
  endfacet
  facet normal 0 0 1
    outer loop
      vertex 80.2223 64.6914 30
      vertex 88.9925 53.867 30
      vertex 89.25 54.0311 30
    endloop
  endfacet
  facet normal -0 0 1
    outer loop
      vertex 80.2223 64.6914 30
      vertex 89.25 54.0311 30
      vertex 82.7831 66.6564 30
    endloop
  endfacet
  facet normal 0 0 1
    outer loop
      vertex 90.3922 54.4468 30
      vertex 82.7831 66.6564 30
      vertex 90.0941 54.3807 30
    endloop
  endfacet
  facet normal 0 -0 1
    outer loop
      vertex 89.25 54.0311 30
      vertex 89.5208 54.1721 30
      vertex 82.7831 66.6564 30
    endloop
  endfacet
  facet normal 0 0 1
    outer loop
      vertex 85.163 68.837 30
      vertex 82.7831 66.6564 30
      vertex 90.3922 54.4468 30
    endloop
  endfacet
  facet normal 0 0 1
    outer loop
      vertex 85.163 68.837 30
      vertex 90.3922 54.4468 30
      vertex 90.695 54.4867 30
    endloop
  endfacet
  facet normal 0 0 1
    outer loop
      vertex 85.163 68.837 30
      vertex 90.695 54.4867 30
      vertex 91 54.5 30
    endloop
  endfacet
  facet normal -0 0 1
    outer loop
      vertex 85.163 68.837 30
      vertex 91 54.5 30
      vertex 87.3436 71.2169 30
    endloop
  endfacet
  facet normal 0 0 1
    outer loop
      vertex 91 54.5 30
      vertex 89.3086 73.7777 30
      vertex 87.3436 71.2169 30
    endloop
  endfacet
  facet normal 0 0 1
    outer loop
      vertex 110.691 73.7777 30
      vertex 89.3086 73.7777 30
      vertex 91 54.5 30
    endloop
  endfacet
  facet normal 0 0 1
    outer loop
      vertex 112.656 71.2169 30
      vertex 110.691 73.7777 30
      vertex 109 54.5 30
    endloop
  endfacet
  facet normal 0 0 1
    outer loop
      vertex 112.656 71.2169 30
      vertex 109 54.5 30
      vertex 114.837 68.837 30
    endloop
  endfacet
  facet normal -0 0 1
    outer loop
      vertex 109.906 54.3807 30
      vertex 110.197 54.2889 30
      vertex 117.217 66.6564 30
    endloop
  endfacet
  facet normal -0 0 1
    outer loop
      vertex 110.197 54.2889 30
      vertex 110.479 54.1721 30
      vertex 117.217 66.6564 30
    endloop
  endfacet
  facet normal -0 0 1
    outer loop
      vertex 110.479 54.1721 30
      vertex 110.75 54.0311 30
      vertex 117.217 66.6564 30
    endloop
  endfacet
  facet normal 0 0 1
    outer loop
      vertex 110.75 54.0311 30
      vertex 119.778 64.6914 30
      vertex 117.217 66.6564 30
    endloop
  endfacet
  facet normal -0 0 1
    outer loop
      vertex 111.007 53.867 30
      vertex 111.25 53.6812 30
      vertex 119.778 64.6914 30
    endloop
  endfacet
  facet normal -0 0 1
    outer loop
      vertex 111.25 53.6812 30
      vertex 111.475 53.4749 30
      vertex 119.778 64.6914 30
    endloop
  endfacet
  facet normal -0 0 1
    outer loop
      vertex 111.475 53.4749 30
      vertex 111.681 53.2498 30
      vertex 119.778 64.6914 30
    endloop
  endfacet
  facet normal 0 0 1
    outer loop
      vertex 111.681 53.2498 30
      vertex 122.5 62.9571 30
      vertex 119.778 64.6914 30
    endloop
  endfacet
  facet normal 0 -0 1
    outer loop
      vertex 111.867 53.0075 30
      vertex 122.5 62.9571 30
      vertex 111.681 53.2498 30
    endloop
  endfacet
  facet normal 0 -0 1
    outer loop
      vertex 112.031 52.75 30
      vertex 122.5 62.9571 30
      vertex 111.867 53.0075 30
    endloop
  endfacet
  facet normal -0 0 1
    outer loop
      vertex 112.172 52.4792 30
      vertex 112.289 52.1971 30
      vertex 122.5 62.9571 30
    endloop
  endfacet
  facet normal 0 0 1
    outer loop
      vertex 112.289 52.1971 30
      vertex 125.363 61.4666 30
      vertex 122.5 62.9571 30
    endloop
  endfacet
  facet normal 0 -0 1
    outer loop
      vertex 112.381 51.9059 30
      vertex 125.363 61.4666 30
      vertex 112.289 52.1971 30
    endloop
  endfacet
  facet normal 0 -0 1
    outer loop
      vertex 112.447 51.6078 30
      vertex 125.363 61.4666 30
      vertex 112.381 51.9059 30
    endloop
  endfacet
  facet normal -0 0 1
    outer loop
      vertex 112.487 51.305 30
      vertex 112.5 51 30
      vertex 125.363 61.4666 30
    endloop
  endfacet
  facet normal 0 0 1
    outer loop
      vertex 112.5 51 30
      vertex 128.345 60.2314 30
      vertex 125.363 61.4666 30
    endloop
  endfacet
  facet normal 0 0 1
    outer loop
      vertex 112.487 50.695 30
      vertex 128.345 60.2314 30
      vertex 112.5 51 30
    endloop
  endfacet
  facet normal 0 0 1
    outer loop
      vertex 112.447 50.3922 30
      vertex 128.345 60.2314 30
      vertex 112.487 50.695 30
    endloop
  endfacet
  facet normal 0 0 1
    outer loop
      vertex 112.381 50.0941 30
      vertex 131.424 59.2607 30
      vertex 128.345 60.2314 30
    endloop
  endfacet
  facet normal 0 0 1
    outer loop
      vertex 112.289 49.8029 30
      vertex 131.424 59.2607 30
      vertex 112.381 50.0941 30
    endloop
  endfacet
  facet normal 0 0 1
    outer loop
      vertex 112.172 49.5208 30
      vertex 131.424 59.2607 30
      vertex 112.289 49.8029 30
    endloop
  endfacet
  facet normal 0 0 1
    outer loop
      vertex 112.031 49.25 30
      vertex 134.575 58.5621 30
      vertex 131.424 59.2607 30
    endloop
  endfacet
  facet normal 0 0 1
    outer loop
      vertex 111.867 48.9925 30
      vertex 134.575 58.5621 30
      vertex 112.031 49.25 30
    endloop
  endfacet
  facet normal 0 0 1
    outer loop
      vertex 111.681 48.7502 30
      vertex 134.575 58.5621 30
      vertex 111.867 48.9925 30
    endloop
  endfacet
  facet normal -0 0 1
    outer loop
      vertex 110.75 47.9689 30
      vertex 105.313 34.4235 30
      vertex 111.007 48.133 30
    endloop
  endfacet
  facet normal 0 0 1
    outer loop
      vertex 104.985 35.3244 30
      vertex 110.197 47.7111 30
      vertex 109.906 47.6193 30
    endloop
  endfacet
  facet normal 0 -0 1
    outer loop
      vertex 105.168 34.8811 30
      vertex 110.197 47.7111 30
      vertex 104.985 35.3244 30
    endloop
  endfacet
  facet normal 0 0 1
    outer loop
      vertex 103.889 29.1109 30
      vertex 178.111 29.1109 30
      vertex 177.787 29.4647 30
    endloop
  endfacet
  facet normal 0 0 1
    outer loop
      vertex 170.319 48.7502 30
      vertex 144.225 58.1408 30
      vertex 176.521 32.5206 30
    endloop
  endfacet
  facet normal 0 -0 1
    outer loop
      vertex 176.521 33.4794 30
      vertex 176.584 33.9551 30
      vertex 170.75 48.3188 30
    endloop
  endfacet
  facet normal 0 0 1
    outer loop
      vertex 103.155 28.4947 30
      vertex 178.465 28.7868 30
      vertex 103.535 28.7868 30
    endloop
  endfacet
  facet normal 0 0 1
    outer loop
      vertex 176.687 34.4235 30
      vertex 170.992 48.133 30
      vertex 176.584 33.9551 30
    endloop
  endfacet
  facet normal 0 0 1
    outer loop
      vertex 170.992 48.133 30
      vertex 170.75 48.3188 30
      vertex 176.584 33.9551 30
    endloop
  endfacet
  facet normal 0 0 1
    outer loop
      vertex 179.25 28.2369 30
      vertex 178.845 28.4947 30
      vertex 102.75 28.2369 30
    endloop
  endfacet
  facet normal 0 0 1
    outer loop
      vertex 180.958 59.0912 30
      vertex 173 54.5 30
      vertex 181.477 59.0228 30
    endloop
  endfacet
  facet normal 0 -0 1
    outer loop
      vertex 99.5206 38.4791 30
      vertex 100 38.5 30
      vertex 91 47.5 30
    endloop
  endfacet
  facet normal 0 0 1
    outer loop
      vertex 176.832 34.8811 30
      vertex 171.25 47.9689 30
      vertex 176.687 34.4235 30
    endloop
  endfacet
  facet normal 0 0 1
    outer loop
      vertex 177.495 29.8453 30
      vertex 104.505 29.8453 30
      vertex 104.213 29.4647 30
    endloop
  endfacet
  facet normal 0 0 1
    outer loop
      vertex 178.143 60.4037 30
      vertex 177.757 60.7574 30
      vertex 173 54.5 30
    endloop
  endfacet
  facet normal 0 0 1
    outer loop
      vertex 170.319 48.7502 30
      vertex 176.5 33 30
      vertex 170.525 48.5251 30
    endloop
  endfacet
  facet normal 0 0 1
    outer loop
      vertex 98.5765 38.3126 30
      vertex 91 47.5 30
      vertex 98.1189 38.1683 30
    endloop
  endfacet
  facet normal 0 0 1
    outer loop
      vertex 177.015 30.6756 30
      vertex 104.763 30.25 30
      vertex 177.237 30.25 30
    endloop
  endfacet
  facet normal 0 0 1
    outer loop
      vertex 144.225 58.1408 30
      vertex 176.584 32.0449 30
      vertex 176.521 32.5206 30
    endloop
  endfacet
  facet normal 0 -0 1
    outer loop
      vertex 104.505 36.1547 30
      vertex 109.305 47.5133 30
      vertex 104.213 36.5353 30
    endloop
  endfacet
  facet normal 0 0 1
    outer loop
      vertex 147.425 58.5621 30
      vertex 170.319 48.7502 30
      vertex 170.133 48.9925 30
    endloop
  endfacet
  facet normal 0 0 1
    outer loop
      vertex 147.425 58.5621 30
      vertex 170.133 48.9925 30
      vertex 169.969 49.25 30
    endloop
  endfacet
  facet normal 0 0 1
    outer loop
      vertex 169.969 49.25 30
      vertex 150.576 59.2607 30
      vertex 147.425 58.5621 30
    endloop
  endfacet
  facet normal 0 0 1
    outer loop
      vertex 169.828 49.5208 30
      vertex 150.576 59.2607 30
      vertex 169.969 49.25 30
    endloop
  endfacet
  facet normal 0 0 1
    outer loop
      vertex 153.655 60.2314 30
      vertex 150.576 59.2607 30
      vertex 169.619 50.0941 30
    endloop
  endfacet
  facet normal 0 0 1
    outer loop
      vertex 153.655 60.2314 30
      vertex 169.619 50.0941 30
      vertex 169.553 50.3922 30
    endloop
  endfacet
  facet normal 0 0 1
    outer loop
      vertex 169.5 51 30
      vertex 153.655 60.2314 30
      vertex 169.513 50.695 30
    endloop
  endfacet
  facet normal 0 0 1
    outer loop
      vertex 156.637 61.4666 30
      vertex 153.655 60.2314 30
      vertex 169.5 51 30
    endloop
  endfacet
  facet normal 0 0 1
    outer loop
      vertex 169.553 51.6078 30
      vertex 156.637 61.4666 30
      vertex 169.513 51.305 30
    endloop
  endfacet
  facet normal 0 0 1
    outer loop
      vertex 169.619 51.9059 30
      vertex 156.637 61.4666 30
      vertex 169.553 51.6078 30
    endloop
  endfacet
  facet normal 0 0 1
    outer loop
      vertex 169.711 52.1971 30
      vertex 156.637 61.4666 30
      vertex 169.619 51.9059 30
    endloop
  endfacet
  facet normal 0 0 1
    outer loop
      vertex 159.5 62.9571 30
      vertex 156.637 61.4666 30
      vertex 169.711 52.1971 30
    endloop
  endfacet
  facet normal 0 0 1
    outer loop
      vertex 162.222 64.6914 30
      vertex 170.319 53.2498 30
      vertex 170.525 53.4749 30
    endloop
  endfacet
  facet normal 0 0 1
    outer loop
      vertex 159.5 62.9571 30
      vertex 169.828 52.4792 30
      vertex 169.969 52.75 30
    endloop
  endfacet
  facet normal 0 0 1
    outer loop
      vertex 159.5 62.9571 30
      vertex 169.969 52.75 30
      vertex 170.133 53.0075 30
    endloop
  endfacet
  facet normal 0 0 1
    outer loop
      vertex 159.5 62.9571 30
      vertex 170.133 53.0075 30
      vertex 170.319 53.2498 30
    endloop
  endfacet
  facet normal -0 0 1
    outer loop
      vertex 159.5 62.9571 30
      vertex 170.319 53.2498 30
      vertex 162.222 64.6914 30
    endloop
  endfacet
  facet normal 0 0 1
    outer loop
      vertex 162.222 64.6914 30
      vertex 170.525 53.4749 30
      vertex 170.75 53.6812 30
    endloop
  endfacet
  facet normal 0 0 1
    outer loop
      vertex 171.25 54.0311 30
      vertex 164.783 66.6564 30
      vertex 162.222 64.6914 30
    endloop
  endfacet
  facet normal 0 0 1
    outer loop
      vertex 176.204 63.4471 30
      vertex 171.803 54.2889 30
      vertex 176.362 62.9479 30
    endloop
  endfacet
  facet normal 0 0 1
    outer loop
      vertex 172.094 54.3807 30
      vertex 176.562 62.4643 30
      vertex 176.362 62.9479 30
    endloop
  endfacet
  facet normal 0 0 1
    outer loop
      vertex 171.803 54.2889 30
      vertex 172.094 54.3807 30
      vertex 176.362 62.9479 30
    endloop
  endfacet
  facet normal 0 0 1
    outer loop
      vertex 176.562 62.4643 30
      vertex 172.695 54.4867 30
      vertex 176.804 62 30
    endloop
  endfacet
  facet normal 0 0 1
    outer loop
      vertex 176.562 62.4643 30
      vertex 172.392 54.4468 30
      vertex 172.695 54.4867 30
    endloop
  endfacet
  facet normal 0 0 1
    outer loop
      vertex 176.804 62 30
      vertex 173 54.5 30
      vertex 177.085 61.5585 30
    endloop
  endfacet
  facet normal 0 0 1
    outer loop
      vertex 178.143 60.4037 30
      vertex 173 54.5 30
      vertex 178.558 60.0851 30
    endloop
  endfacet
  facet normal 0 0 1
    outer loop
      vertex 173 54.5 30
      vertex 179 59.8038 30
      vertex 178.558 60.0851 30
    endloop
  endfacet
  facet normal 0 0 1
    outer loop
      vertex 179.948 59.3618 30
      vertex 179.464 59.5622 30
      vertex 173 54.5 30
    endloop
  endfacet
  facet normal 0 0 1
    outer loop
      vertex 179.948 59.3618 30
      vertex 173 54.5 30
      vertex 180.447 59.2044 30
    endloop
  endfacet
  facet normal 0 0 1
    outer loop
      vertex 173 54.5 30
      vertex 180.958 59.0912 30
      vertex 180.447 59.2044 30
    endloop
  endfacet
  facet normal -0 0 1
    outer loop
      vertex 186.915 61.5585 30
      vertex 191 54.5 30
      vertex 187.196 62 30
    endloop
  endfacet
  facet normal 0 -0 1
    outer loop
      vertex 192.197 54.2889 30
      vertex 199.217 66.6564 30
      vertex 187.796 63.4471 30
    endloop
  endfacet
  facet normal 0 0 1
    outer loop
      vertex 173 54.5 30
      vertex 182 59 30
      vertex 181.477 59.0228 30
    endloop
  endfacet
  facet normal 0 0 1
    outer loop
      vertex 173 54.5 30
      vertex 191 54.5 30
      vertex 182 59 30
    endloop
  endfacet
  facet normal -0 0 1
    outer loop
      vertex 182 59 30
      vertex 191 54.5 30
      vertex 182.523 59.0228 30
    endloop
  endfacet
  facet normal 0 0 1
    outer loop
      vertex 201.778 64.6914 30
      vertex 199.217 66.6564 30
      vertex 192.75 54.0311 30
    endloop
  endfacet
  facet normal 0 -0 1
    outer loop
      vertex 193.25 53.6812 30
      vertex 201.778 64.6914 30
      vertex 193.007 53.867 30
    endloop
  endfacet
  facet normal 0 -0 1
    outer loop
      vertex 193.475 53.4749 30
      vertex 201.778 64.6914 30
      vertex 193.25 53.6812 30
    endloop
  endfacet
  facet normal 0 -0 1
    outer loop
      vertex 193.681 53.2498 30
      vertex 201.778 64.6914 30
      vertex 193.475 53.4749 30
    endloop
  endfacet
  facet normal 0 0 1
    outer loop
      vertex 204.5 62.9571 30
      vertex 201.778 64.6914 30
      vertex 193.681 53.2498 30
    endloop
  endfacet
  facet normal 0 0 1
    outer loop
      vertex 204.5 62.9571 30
      vertex 193.681 53.2498 30
      vertex 193.867 53.0075 30
    endloop
  endfacet
  facet normal 0 0 1
    outer loop
      vertex 204.5 62.9571 30
      vertex 193.867 53.0075 30
      vertex 194.031 52.75 30
    endloop
  endfacet
  facet normal 0 -0 1
    outer loop
      vertex 194.289 52.1971 30
      vertex 204.5 62.9571 30
      vertex 194.172 52.4792 30
    endloop
  endfacet
  facet normal 0 0 1
    outer loop
      vertex 207.363 61.4666 30
      vertex 204.5 62.9571 30
      vertex 194.289 52.1971 30
    endloop
  endfacet
  facet normal 0 0 1
    outer loop
      vertex 207.363 61.4666 30
      vertex 194.289 52.1971 30
      vertex 194.381 51.9059 30
    endloop
  endfacet
  facet normal 0 0 1
    outer loop
      vertex 207.363 61.4666 30
      vertex 194.381 51.9059 30
      vertex 194.447 51.6078 30
    endloop
  endfacet
  facet normal 0 -0 1
    outer loop
      vertex 194.5 51 30
      vertex 207.363 61.4666 30
      vertex 194.487 51.305 30
    endloop
  endfacet
  facet normal 0 0 1
    outer loop
      vertex 210.345 60.2314 30
      vertex 207.363 61.4666 30
      vertex 194.5 51 30
    endloop
  endfacet
  facet normal 0 0 1
    outer loop
      vertex 210.345 60.2314 30
      vertex 194.5 51 30
      vertex 194.487 50.695 30
    endloop
  endfacet
  facet normal 0 0 1
    outer loop
      vertex 210.345 60.2314 30
      vertex 194.487 50.695 30
      vertex 194.447 50.3922 30
    endloop
  endfacet
  facet normal 0 0 1
    outer loop
      vertex 213.424 59.2607 30
      vertex 210.345 60.2314 30
      vertex 194.381 50.0941 30
    endloop
  endfacet
  facet normal 0 0 1
    outer loop
      vertex 213.424 59.2607 30
      vertex 194.381 50.0941 30
      vertex 194.289 49.8029 30
    endloop
  endfacet
  facet normal 0 0 1
    outer loop
      vertex 213.424 59.2607 30
      vertex 194.289 49.8029 30
      vertex 194.172 49.5208 30
    endloop
  endfacet
  facet normal 0 0 1
    outer loop
      vertex 216.575 58.5621 30
      vertex 213.424 59.2607 30
      vertex 194.031 49.25 30
    endloop
  endfacet
  facet normal 0 0 1
    outer loop
      vertex 193.681 48.7502 30
      vertex 216.575 58.5621 30
      vertex 193.867 48.9925 30
    endloop
  endfacet
  facet normal 0 0 1
    outer loop
      vertex 219.775 58.1408 30
      vertex 216.575 58.5621 30
      vertex 193.681 48.7502 30
    endloop
  endfacet
  facet normal 0 0 1
    outer loop
      vertex 187.313 34.4235 30
      vertex 193.007 48.133 30
      vertex 192.75 47.9689 30
    endloop
  endfacet
  facet normal 0 0 1
    outer loop
      vertex 192.197 47.7111 30
      vertex 191.906 47.6193 30
      vertex 186.985 35.3244 30
    endloop
  endfacet
  facet normal 0 0 1
    outer loop
      vertex 193.681 48.7502 30
      vertex 193.475 48.5251 30
      vertex 187.5 33 30
    endloop
  endfacet
  facet normal 0 0 1
    outer loop
      vertex 249.429 41.9358 30
      vertex 259.237 30.25 30
      vertex 249.706 41.7234 30
    endloop
  endfacet
  facet normal 0 0 1
    outer loop
      vertex 259.237 30.25 30
      vertex 259.015 30.6756 30
      vertex 249.706 41.7234 30
    endloop
  endfacet
  facet normal 0 0 1
    outer loop
      vertex 258.687 31.5765 30
      vertex 250.309 41.3748 30
      vertex 258.832 31.1189 30
    endloop
  endfacet
  facet normal 0 0 1
    outer loop
      vertex 250.309 41.3748 30
      vertex 250 41.5359 30
      vertex 258.832 31.1189 30
    endloop
  endfacet
  facet normal 0 -0 1
    outer loop
      vertex 185.155 37.5053 30
      vertex 191 47.5 30
      vertex 184.75 37.7631 30
    endloop
  endfacet
  facet normal 0 0 1
    outer loop
      vertex 191 47.5 30
      vertex 183.881 38.1683 30
      vertex 184.324 37.9847 30
    endloop
  endfacet
  facet normal -0 0 1
    outer loop
      vertex 182.479 38.4791 30
      vertex 182.955 38.4164 30
      vertex 191 47.5 30
    endloop
  endfacet
  facet normal 0 -0 1
    outer loop
      vertex 181.521 38.4791 30
      vertex 182 38.5 30
      vertex 173 47.5 30
    endloop
  endfacet
  facet normal 0 0 1
    outer loop
      vertex 180.576 38.3126 30
      vertex 173 47.5 30
      vertex 180.119 38.1683 30
    endloop
  endfacet
  facet normal 0 -0 1
    outer loop
      vertex 258.584 33.9551 30
      vertex 258.687 34.4235 30
      vertex 252.349 41.0152 30
    endloop
  endfacet
  facet normal 0 -0 1
    outer loop
      vertex 251.651 48.9848 30
      vertex 252 49 30
      vertex 246.783 66.6564 30
    endloop
  endfacet
  facet normal 0 0 1
    outer loop
      vertex 258.832 31.1189 30
      vertex 250 41.5359 30
      vertex 259.015 30.6756 30
    endloop
  endfacet
  facet normal -0 0 1
    outer loop
      vertex 193.681 48.7502 30
      vertex 187.479 32.5206 30
      vertex 219.775 58.1408 30
    endloop
  endfacet
  facet normal -0 0 1
    outer loop
      vertex 185.889 36.8891 30
      vertex 186.213 36.5353 30
      vertex 191 47.5 30
    endloop
  endfacet
  facet normal 0 0 1
    outer loop
      vertex 261.676 28.0153 30
      vertex 261.25 28.2369 30
      vertex 270 0 30
    endloop
  endfacet
  facet normal 0 0 1
    outer loop
      vertex 260.465 28.7868 30
      vertex 260.111 29.1109 30
      vertex 270 0 30
    endloop
  endfacet
  facet normal -0 0 1
    outer loop
      vertex 193.007 48.133 30
      vertex 187.416 33.9551 30
      vertex 193.25 48.3188 30
    endloop
  endfacet
  facet normal 0 0 1
    outer loop
      vertex 187.168 34.8811 30
      vertex 192.75 47.9689 30
      vertex 192.479 47.8279 30
    endloop
  endfacet
  facet normal 0 0 1
    outer loop
      vertex 187.168 34.8811 30
      vertex 192.479 47.8279 30
      vertex 192.197 47.7111 30
    endloop
  endfacet
  facet normal 0 0 1
    outer loop
      vertex 187.479 33.4794 30
      vertex 193.475 48.5251 30
      vertex 193.25 48.3188 30
    endloop
  endfacet
  facet normal 0 0 1
    outer loop
      vertex 248.536 43 30
      vertex 248.375 43.3095 30
      vertex 223 58 30
    endloop
  endfacet
  facet normal 0 0 1
    outer loop
      vertex 248.375 43.3095 30
      vertex 226.225 58.1408 30
      vertex 223 58 30
    endloop
  endfacet
  facet normal 0 0 1
    outer loop
      vertex 248.241 43.6319 30
      vertex 248.136 43.9647 30
      vertex 226.225 58.1408 30
    endloop
  endfacet
  facet normal -0 0 1
    outer loop
      vertex 226.225 58.1408 30
      vertex 248.061 44.3054 30
      vertex 229.425 58.5621 30
    endloop
  endfacet
  facet normal 0 0 1
    outer loop
      vertex 248.061 44.3054 30
      vertex 248.015 44.6514 30
      vertex 229.425 58.5621 30
    endloop
  endfacet
  facet normal -0 0 1
    outer loop
      vertex 229.425 58.5621 30
      vertex 248 45 30
      vertex 232.576 59.2607 30
    endloop
  endfacet
  facet normal 0 -0 1
    outer loop
      vertex 248 45 30
      vertex 248.015 45.3486 30
      vertex 232.576 59.2607 30
    endloop
  endfacet
  facet normal 0 0 1
    outer loop
      vertex 232.576 59.2607 30
      vertex 248.061 45.6946 30
      vertex 248.136 46.0353 30
    endloop
  endfacet
  facet normal 0 0 1
    outer loop
      vertex 248.241 46.3681 30
      vertex 235.655 60.2314 30
      vertex 248.136 46.0353 30
    endloop
  endfacet
  facet normal 0 0 1
    outer loop
      vertex 248.536 47 30
      vertex 235.655 60.2314 30
      vertex 248.375 46.6905 30
    endloop
  endfacet
  facet normal 0 0 1
    outer loop
      vertex 248.375 46.6905 30
      vertex 235.655 60.2314 30
      vertex 248.241 46.3681 30
    endloop
  endfacet
  facet normal 0 -0 1
    outer loop
      vertex 248.536 47 30
      vertex 248.723 47.2943 30
      vertex 235.655 60.2314 30
    endloop
  endfacet
  facet normal 0 -0 1
    outer loop
      vertex 248.723 47.2943 30
      vertex 248.936 47.5712 30
      vertex 238.637 61.4666 30
    endloop
  endfacet
  facet normal 0 -0 1
    outer loop
      vertex 248.936 47.5712 30
      vertex 249.172 47.8284 30
      vertex 238.637 61.4666 30
    endloop
  endfacet
  facet normal 0 -0 1
    outer loop
      vertex 249.172 47.8284 30
      vertex 249.429 48.0642 30
      vertex 238.637 61.4666 30
    endloop
  endfacet
  facet normal 0 0 1
    outer loop
      vertex 249.429 48.0642 30
      vertex 241.5 62.9571 30
      vertex 238.637 61.4666 30
    endloop
  endfacet
  facet normal 0 0 1
    outer loop
      vertex 249.706 48.2766 30
      vertex 241.5 62.9571 30
      vertex 249.429 48.0642 30
    endloop
  endfacet
  facet normal 0 -0 1
    outer loop
      vertex 250 48.4641 30
      vertex 250.309 48.6252 30
      vertex 241.5 62.9571 30
    endloop
  endfacet
  facet normal 0 -0 1
    outer loop
      vertex 250.309 48.6252 30
      vertex 250.632 48.7588 30
      vertex 241.5 62.9571 30
    endloop
  endfacet
  facet normal 0 0 1
    outer loop
      vertex 250.632 48.7588 30
      vertex 244.222 64.6914 30
      vertex 241.5 62.9571 30
    endloop
  endfacet
  facet normal 0 0 1
    outer loop
      vertex 250.965 48.8637 30
      vertex 244.222 64.6914 30
      vertex 250.632 48.7588 30
    endloop
  endfacet
  facet normal 0 -0 1
    outer loop
      vertex 251.305 48.9392 30
      vertex 251.651 48.9848 30
      vertex 244.222 64.6914 30
    endloop
  endfacet
  facet normal 0 0 1
    outer loop
      vertex 251.651 48.9848 30
      vertex 246.783 66.6564 30
      vertex 244.222 64.6914 30
    endloop
  endfacet
  facet normal -0 -0 1
    outer loop
      vertex 252 49 30
      vertex 252.349 48.9848 30
      vertex 246.783 66.6564 30
    endloop
  endfacet
  facet normal -0 -0 1
    outer loop
      vertex 252.349 48.9848 30
      vertex 252.695 48.9392 30
      vertex 246.783 66.6564 30
    endloop
  endfacet
  facet normal -0 0 1
    outer loop
      vertex 246.783 66.6564 30
      vertex 253.035 48.8637 30
      vertex 249.163 68.837 30
    endloop
  endfacet
  facet normal -0 -0 1
    outer loop
      vertex 253.035 48.8637 30
      vertex 253.368 48.7588 30
      vertex 249.163 68.837 30
    endloop
  endfacet
  facet normal -0 -0 1
    outer loop
      vertex 253.368 48.7588 30
      vertex 253.69 48.6252 30
      vertex 249.163 68.837 30
    endloop
  endfacet
  facet normal -0 -0 1
    outer loop
      vertex 253.69 48.6252 30
      vertex 254 48.4641 30
      vertex 249.163 68.837 30
    endloop
  endfacet
  facet normal 0 0 1
    outer loop
      vertex 254 48.4641 30
      vertex 251.344 71.2169 30
      vertex 249.163 68.837 30
    endloop
  endfacet
  facet normal 0 0 1
    outer loop
      vertex 254.294 48.2766 30
      vertex 251.344 71.2169 30
      vertex 254 48.4641 30
    endloop
  endfacet
  facet normal 0 0 1
    outer loop
      vertex 254.571 48.0642 30
      vertex 251.344 71.2169 30
      vertex 254.294 48.2766 30
    endloop
  endfacet
  facet normal 0 0 1
    outer loop
      vertex 253.309 73.7777 30
      vertex 251.344 71.2169 30
      vertex 254.571 48.0642 30
    endloop
  endfacet
  facet normal 0 0 1
    outer loop
      vertex 253.309 73.7777 30
      vertex 254.571 48.0642 30
      vertex 254.828 47.8284 30
    endloop
  endfacet
  facet normal 0 0 1
    outer loop
      vertex 255.277 47.2943 30
      vertex 253.309 73.7777 30
      vertex 255.064 47.5712 30
    endloop
  endfacet
  facet normal 0 0 1
    outer loop
      vertex 255.043 76.5 30
      vertex 253.309 73.7777 30
      vertex 255.277 47.2943 30
    endloop
  endfacet
  facet normal 0 0 1
    outer loop
      vertex 255.625 46.6905 30
      vertex 255.759 46.3681 30
      vertex 265.423 38.3126 30
    endloop
  endfacet
  facet normal -0 -0 1
    outer loop
      vertex 255.985 45.3486 30
      vertex 264 38.5 30
      vertex 255.939 45.6946 30
    endloop
  endfacet
  facet normal -0 -0 1
    outer loop
      vertex 264 38.5 30
      vertex 264.479 38.4791 30
      vertex 255.939 45.6946 30
    endloop
  endfacet
  facet normal 0 -0 1
    outer loop
      vertex 263.045 38.4164 30
      vertex 263.521 38.4791 30
      vertex 256 45 30
    endloop
  endfacet
  facet normal -0 0 1
    outer loop
      vertex 255.939 44.3054 30
      vertex 262.576 38.3126 30
      vertex 255.985 44.6514 30
    endloop
  endfacet
  facet normal 0 -0 1
    outer loop
      vertex 262.119 38.1683 30
      vertex 262.576 38.3126 30
      vertex 255.939 44.3054 30
    endloop
  endfacet
  facet normal 0 0 1
    outer loop
      vertex 262.119 38.1683 30
      vertex 255.939 44.3054 30
      vertex 255.864 43.9647 30
    endloop
  endfacet
  facet normal 0 -0 1
    outer loop
      vertex 261.676 37.9847 30
      vertex 262.119 38.1683 30
      vertex 255.759 43.6319 30
    endloop
  endfacet
  facet normal -0 0 1
    outer loop
      vertex 255.464 43 30
      vertex 261.25 37.7631 30
      vertex 255.625 43.3095 30
    endloop
  endfacet
  facet normal -0 0 1
    outer loop
      vertex 255.277 42.7057 30
      vertex 260.845 37.5053 30
      vertex 255.464 43 30
    endloop
  endfacet
  facet normal 0 0 1
    outer loop
      vertex 255.064 42.4288 30
      vertex 260.111 36.8891 30
      vertex 260.465 37.2132 30
    endloop
  endfacet
  facet normal 0 0 1
    outer loop
      vertex 260.111 36.8891 30
      vertex 254.571 41.9358 30
      vertex 259.787 36.5353 30
    endloop
  endfacet
  facet normal 0 0 1
    outer loop
      vertex 259.495 36.1547 30
      vertex 254.294 41.7234 30
      vertex 254 41.5359 30
    endloop
  endfacet
  facet normal 0 0 1
    outer loop
      vertex 259.237 35.75 30
      vertex 254 41.5359 30
      vertex 253.69 41.3748 30
    endloop
  endfacet
  facet normal 0 0 1
    outer loop
      vertex 259.237 35.75 30
      vertex 253.69 41.3748 30
      vertex 259.015 35.3244 30
    endloop
  endfacet
  facet normal 0 0 1
    outer loop
      vertex 253.69 41.3748 30
      vertex 253.368 41.2412 30
      vertex 259.015 35.3244 30
    endloop
  endfacet
  facet normal 0 0 1
    outer loop
      vertex 253.368 41.2412 30
      vertex 258.832 34.8811 30
      vertex 259.015 35.3244 30
    endloop
  endfacet
  facet normal -0 0 1
    outer loop
      vertex 253.035 41.1363 30
      vertex 258.832 34.8811 30
      vertex 253.368 41.2412 30
    endloop
  endfacet
  facet normal 0 0 1
    outer loop
      vertex 252.695 41.0608 30
      vertex 258.687 34.4235 30
      vertex 258.832 34.8811 30
    endloop
  endfacet
  facet normal -0 0 1
    outer loop
      vertex 252.349 41.0152 30
      vertex 258.687 34.4235 30
      vertex 252.695 41.0608 30
    endloop
  endfacet
  facet normal 0 0 1
    outer loop
      vertex 252 41 30
      vertex 258.521 33.4794 30
      vertex 258.584 33.9551 30
    endloop
  endfacet
  facet normal 0 0 1
    outer loop
      vertex 251.651 41.0152 30
      vertex 258.521 33.4794 30
      vertex 252 41 30
    endloop
  endfacet
  facet normal -0 0 1
    outer loop
      vertex 259.438 88.575 30
      vertex 268.985 35.3244 30
      vertex 259.859 91.7752 30
    endloop
  endfacet
  facet normal 0 0 1
    outer loop
      vertex 258.521 32.5206 30
      vertex 251.305 41.0608 30
      vertex 250.965 41.1363 30
    endloop
  endfacet
  facet normal 0 0 1
    outer loop
      vertex 250.632 41.2412 30
      vertex 250.309 41.3748 30
      vertex 258.687 31.5765 30
    endloop
  endfacet
  facet normal 0 0 1
    outer loop
      vertex 258.584 32.0449 30
      vertex 250.632 41.2412 30
      vertex 258.687 31.5765 30
    endloop
  endfacet
  facet normal 0 0 1
    outer loop
      vertex 258.521 32.5206 30
      vertex 258.5 33 30
      vertex 251.305 41.0608 30
    endloop
  endfacet
  facet normal -0 0 1
    outer loop
      vertex 265.423 27.6874 30
      vertex 282 12 30
      vertex 265.881 27.8317 30
    endloop
  endfacet
  facet normal 0 0 1
    outer loop
      vertex 264 27.5 30
      vertex 263.521 27.5209 30
      vertex 270 0 30
    endloop
  endfacet
  facet normal 0 0 1
    outer loop
      vertex 259.495 36.1547 30
      vertex 254 41.5359 30
      vertex 259.237 35.75 30
    endloop
  endfacet
  facet normal 0 0 1
    outer loop
      vertex 263.521 27.5209 30
      vertex 263.045 27.5836 30
      vertex 270 0 30
    endloop
  endfacet
  facet normal 0 0 1
    outer loop
      vertex 263.045 27.5836 30
      vertex 262.576 27.6874 30
      vertex 270 0 30
    endloop
  endfacet
  facet normal 0 0 1
    outer loop
      vertex 262.576 27.6874 30
      vertex 262.119 27.8317 30
      vertex 270 0 30
    endloop
  endfacet
  facet normal 0 0 1
    outer loop
      vertex 262.119 27.8317 30
      vertex 261.676 28.0153 30
      vertex 270 0 30
    endloop
  endfacet
  facet normal 0 0 1
    outer loop
      vertex 270 0 30
      vertex 261.25 28.2369 30
      vertex 260.845 28.4947 30
    endloop
  endfacet
  facet normal 0 0 1
    outer loop
      vertex 270 0 30
      vertex 260.845 28.4947 30
      vertex 260.465 28.7868 30
    endloop
  endfacet
  facet normal 0 0 1
    outer loop
      vertex 259.787 29.4647 30
      vertex 270 0 30
      vertex 260.111 29.1109 30
    endloop
  endfacet
  facet normal 0 0 1
    outer loop
      vertex 187.313 31.5765 30
      vertex 248.936 42.4288 30
      vertex 248.723 42.7057 30
    endloop
  endfacet
  facet normal 0 0 1
    outer loop
      vertex 219.775 58.1408 30
      vertex 187.416 32.0449 30
      vertex 223 58 30
    endloop
  endfacet
  facet normal 0 0 1
    outer loop
      vertex 259.015 30.6756 30
      vertex 250 41.5359 30
      vertex 249.706 41.7234 30
    endloop
  endfacet
  facet normal 0 0 1
    outer loop
      vertex 258.521 32.5206 30
      vertex 250.965 41.1363 30
      vertex 258.584 32.0449 30
    endloop
  endfacet
  facet normal 0 0 1
    outer loop
      vertex 258.584 32.0449 30
      vertex 250.965 41.1363 30
      vertex 250.632 41.2412 30
    endloop
  endfacet
  facet normal 0 -0 1
    outer loop
      vertex 258.5 33 30
      vertex 258.521 33.4794 30
      vertex 251.651 41.0152 30
    endloop
  endfacet
  facet normal 0 0 1
    outer loop
      vertex 251.305 41.0608 30
      vertex 258.5 33 30
      vertex 251.651 41.0152 30
    endloop
  endfacet
  facet normal -0 0 1
    outer loop
      vertex 252 41 30
      vertex 258.584 33.9551 30
      vertex 252.349 41.0152 30
    endloop
  endfacet
  facet normal 0 0 1
    outer loop
      vertex 253.035 41.1363 30
      vertex 252.695 41.0608 30
      vertex 258.832 34.8811 30
    endloop
  endfacet
  facet normal 0 0 1
    outer loop
      vertex 259.787 36.5353 30
      vertex 254.294 41.7234 30
      vertex 259.495 36.1547 30
    endloop
  endfacet
  facet normal 0 0 1
    outer loop
      vertex 254.571 41.9358 30
      vertex 254.294 41.7234 30
      vertex 259.787 36.5353 30
    endloop
  endfacet
  facet normal 0 0 1
    outer loop
      vertex 254.828 42.1716 30
      vertex 254.571 41.9358 30
      vertex 260.111 36.8891 30
    endloop
  endfacet
  facet normal -0 0 1
    outer loop
      vertex 254.828 42.1716 30
      vertex 260.111 36.8891 30
      vertex 255.064 42.4288 30
    endloop
  endfacet
  facet normal -0 0 1
    outer loop
      vertex 255.064 42.4288 30
      vertex 260.465 37.2132 30
      vertex 255.277 42.7057 30
    endloop
  endfacet
  facet normal 0 -0 1
    outer loop
      vertex 260.465 37.2132 30
      vertex 260.845 37.5053 30
      vertex 255.277 42.7057 30
    endloop
  endfacet
  facet normal 0 -0 1
    outer loop
      vertex 260.845 37.5053 30
      vertex 261.25 37.7631 30
      vertex 255.464 43 30
    endloop
  endfacet
  facet normal 0 -0 1
    outer loop
      vertex 261.25 37.7631 30
      vertex 261.676 37.9847 30
      vertex 255.625 43.3095 30
    endloop
  endfacet
  facet normal 0 0 1
    outer loop
      vertex 261.676 37.9847 30
      vertex 255.759 43.6319 30
      vertex 255.625 43.3095 30
    endloop
  endfacet
  facet normal -0 -0 1
    outer loop
      vertex 268.985 35.3244 30
      vertex 282 12 30
      vertex 259.859 91.7752 30
    endloop
  endfacet
  facet normal -0 0 1
    outer loop
      vertex 255.759 43.6319 30
      vertex 262.119 38.1683 30
      vertex 255.864 43.9647 30
    endloop
  endfacet
  facet normal 0 0 1
    outer loop
      vertex 255.985 44.6514 30
      vertex 262.576 38.3126 30
      vertex 263.045 38.4164 30
    endloop
  endfacet
  facet normal -0 0 1
    outer loop
      vertex 255.985 44.6514 30
      vertex 263.045 38.4164 30
      vertex 256 45 30
    endloop
  endfacet
  facet normal -0 -0 1
    outer loop
      vertex 256 45 30
      vertex 263.521 38.4791 30
      vertex 255.985 45.3486 30
    endloop
  endfacet
  facet normal 0 -0 1
    outer loop
      vertex 263.521 38.4791 30
      vertex 264 38.5 30
      vertex 255.985 45.3486 30
    endloop
  endfacet
  facet normal 0 0 1
    outer loop
      vertex 255.864 46.0353 30
      vertex 264.479 38.4791 30
      vertex 264.955 38.4164 30
    endloop
  endfacet
  facet normal -0 -0 1
    outer loop
      vertex 255.864 46.0353 30
      vertex 264.955 38.4164 30
      vertex 255.759 46.3681 30
    endloop
  endfacet
  facet normal -0 -0 1
    outer loop
      vertex 264.955 38.4164 30
      vertex 265.423 38.3126 30
      vertex 255.759 46.3681 30
    endloop
  endfacet
  facet normal -0 -0 1
    outer loop
      vertex 265.423 38.3126 30
      vertex 265.881 38.1683 30
      vertex 255.625 46.6905 30
    endloop
  endfacet
  facet normal 0 0 1
    outer loop
      vertex 265.881 38.1683 30
      vertex 255.464 47 30
      vertex 255.625 46.6905 30
    endloop
  endfacet
  facet normal 0 0 1
    outer loop
      vertex 266.324 37.9847 30
      vertex 255.464 47 30
      vertex 265.881 38.1683 30
    endloop
  endfacet
  facet normal 0 0 1
    outer loop
      vertex 255.043 76.5 30
      vertex 255.277 47.2943 30
      vertex 266.324 37.9847 30
    endloop
  endfacet
  facet normal 0 0 1
    outer loop
      vertex 255.043 76.5 30
      vertex 266.324 37.9847 30
      vertex 266.75 37.7631 30
    endloop
  endfacet
  facet normal -0 0 1
    outer loop
      vertex 255.043 76.5 30
      vertex 266.75 37.7631 30
      vertex 256.533 79.3631 30
    endloop
  endfacet
  facet normal -0 -0 1
    outer loop
      vertex 266.75 37.7631 30
      vertex 267.155 37.5053 30
      vertex 256.533 79.3631 30
    endloop
  endfacet
  facet normal -0 -0 1
    outer loop
      vertex 267.155 37.5053 30
      vertex 267.535 37.2132 30
      vertex 256.533 79.3631 30
    endloop
  endfacet
  facet normal 0 0 1
    outer loop
      vertex 267.535 37.2132 30
      vertex 257.769 82.3453 30
      vertex 256.533 79.3631 30
    endloop
  endfacet
  facet normal -0 -0 1
    outer loop
      vertex 267.889 36.8891 30
      vertex 268.213 36.5353 30
      vertex 257.769 82.3453 30
    endloop
  endfacet
  facet normal 0 0 1
    outer loop
      vertex 268.213 36.5353 30
      vertex 258.739 85.4237 30
      vertex 257.769 82.3453 30
    endloop
  endfacet
  facet normal 0 0 1
    outer loop
      vertex 268.505 36.1547 30
      vertex 258.739 85.4237 30
      vertex 268.213 36.5353 30
    endloop
  endfacet
  facet normal 0 0 1
    outer loop
      vertex 259.438 88.575 30
      vertex 258.739 85.4237 30
      vertex 268.505 36.1547 30
    endloop
  endfacet
  facet normal 0 0 1
    outer loop
      vertex 259.438 88.575 30
      vertex 268.505 36.1547 30
      vertex 268.763 35.75 30
    endloop
  endfacet
  facet normal 0 0 1
    outer loop
      vertex 259.438 88.575 30
      vertex 268.763 35.75 30
      vertex 268.985 35.3244 30
    endloop
  endfacet
  facet normal -0 -0 1
    outer loop
      vertex 269.168 34.8811 30
      vertex 282 12 30
      vertex 268.985 35.3244 30
    endloop
  endfacet
  facet normal -0 -0 1
    outer loop
      vertex 269.313 34.4235 30
      vertex 282 12 30
      vertex 269.168 34.8811 30
    endloop
  endfacet
  facet normal -0 -0 1
    outer loop
      vertex 269.416 33.9551 30
      vertex 282 12 30
      vertex 269.313 34.4235 30
    endloop
  endfacet
  facet normal -0 -0 1
    outer loop
      vertex 269.479 33.4794 30
      vertex 282 12 30
      vertex 269.416 33.9551 30
    endloop
  endfacet
  facet normal -0 -0 1
    outer loop
      vertex 269.5 33 30
      vertex 282 12 30
      vertex 269.479 33.4794 30
    endloop
  endfacet
  facet normal -0 0 1
    outer loop
      vertex 269.479 32.5206 30
      vertex 282 12 30
      vertex 269.5 33 30
    endloop
  endfacet
  facet normal -0 0 1
    outer loop
      vertex 269.416 32.0449 30
      vertex 282 12 30
      vertex 269.479 32.5206 30
    endloop
  endfacet
  facet normal -0 0 1
    outer loop
      vertex 269.313 31.5765 30
      vertex 282 12 30
      vertex 269.416 32.0449 30
    endloop
  endfacet
  facet normal -0 0 1
    outer loop
      vertex 269.168 31.1189 30
      vertex 282 12 30
      vertex 269.313 31.5765 30
    endloop
  endfacet
  facet normal -0 0 1
    outer loop
      vertex 268.985 30.6756 30
      vertex 282 12 30
      vertex 269.168 31.1189 30
    endloop
  endfacet
  facet normal -0 0 1
    outer loop
      vertex 268.763 30.25 30
      vertex 282 12 30
      vertex 268.985 30.6756 30
    endloop
  endfacet
  facet normal -0 0 1
    outer loop
      vertex 268.505 29.8453 30
      vertex 282 12 30
      vertex 268.763 30.25 30
    endloop
  endfacet
  facet normal -0 0 1
    outer loop
      vertex 268.213 29.4647 30
      vertex 282 12 30
      vertex 268.505 29.8453 30
    endloop
  endfacet
  facet normal -0 0 1
    outer loop
      vertex 267.889 29.1109 30
      vertex 282 12 30
      vertex 268.213 29.4647 30
    endloop
  endfacet
  facet normal -0 0 1
    outer loop
      vertex 267.535 28.7868 30
      vertex 282 12 30
      vertex 267.889 29.1109 30
    endloop
  endfacet
  facet normal -0 0 1
    outer loop
      vertex 267.155 28.4947 30
      vertex 282 12 30
      vertex 267.535 28.7868 30
    endloop
  endfacet
  facet normal -0 0 1
    outer loop
      vertex 266.75 28.2369 30
      vertex 282 12 30
      vertex 267.155 28.4947 30
    endloop
  endfacet
  facet normal -0 0 1
    outer loop
      vertex 266.324 28.0153 30
      vertex 282 12 30
      vertex 266.75 28.2369 30
    endloop
  endfacet
  facet normal -0 0 1
    outer loop
      vertex 265.881 27.8317 30
      vertex 282 12 30
      vertex 266.324 28.0153 30
    endloop
  endfacet
  facet normal 0 0 1
    outer loop
      vertex 265.423 27.6874 30
      vertex 264.955 27.5836 30
      vertex 282 12 30
    endloop
  endfacet
  facet normal 0 0 1
    outer loop
      vertex 264.955 27.5836 30
      vertex 270 0 30
      vertex 282 12 30
    endloop
  endfacet
  facet normal -0 0 1
    outer loop
      vertex 264.479 27.5209 30
      vertex 270 0 30
      vertex 264.955 27.5836 30
    endloop
  endfacet
  facet normal -0 0 1
    outer loop
      vertex 264 27.5 30
      vertex 270 0 30
      vertex 264.479 27.5209 30
    endloop
  endfacet
  facet normal 0 0 1
    outer loop
      vertex 270 0 30
      vertex 182 27.5 30
      vertex 181.521 27.5209 30
    endloop
  endfacet
  facet normal 0 0 1
    outer loop
      vertex 248.936 42.4288 30
      vertex 187.168 31.1189 30
      vertex 249.172 42.1716 30
    endloop
  endfacet
  facet normal 0 0 1
    outer loop
      vertex 270 0 30
      vertex 181.521 27.5209 30
      vertex 181.045 27.5836 30
    endloop
  endfacet
  facet normal 0 -0 1
    outer loop
      vertex 178.845 37.5053 30
      vertex 179.25 37.7631 30
      vertex 173 47.5 30
    endloop
  endfacet
  facet normal 0 0 1
    outer loop
      vertex 270 0 30
      vertex 181.045 27.5836 30
      vertex 12 0 30
    endloop
  endfacet
  facet normal 0 0 1
    outer loop
      vertex 101.423 27.6874 30
      vertex 180.576 27.6874 30
      vertex 180.119 27.8317 30
    endloop
  endfacet
  facet normal -0 0 1
    outer loop
      vertex 100.479 38.4791 30
      vertex 100.955 38.4164 30
      vertex 109 47.5 30
    endloop
  endfacet
  facet normal 0 0 1
    outer loop
      vertex 176.687 31.5765 30
      vertex 141 58 30
      vertex 105.313 31.5765 30
    endloop
  endfacet
  facet normal -0 0 1
    outer loop
      vertex 101.881 38.1683 30
      vertex 102.324 37.9847 30
      vertex 109 47.5 30
    endloop
  endfacet
  facet normal 0 0 1
    outer loop
      vertex 137.775 58.1408 30
      vertex 105.479 32.5206 30
      vertex 105.416 32.0449 30
    endloop
  endfacet
  facet normal -0 0 1
    outer loop
      vertex 103.889 36.8891 30
      vertex 104.213 36.5353 30
      vertex 109 47.5 30
    endloop
  endfacet
  facet normal -0 0 1
    outer loop
      vertex 102.75 37.7631 30
      vertex 103.155 37.5053 30
      vertex 109 47.5 30
    endloop
  endfacet
  facet normal -0 0 1
    outer loop
      vertex 141 58 30
      vertex 176.584 32.0449 30
      vertex 144.225 58.1408 30
    endloop
  endfacet
  facet normal 0 0 1
    outer loop
      vertex 109.608 47.5532 30
      vertex 104.505 36.1547 30
      vertex 104.763 35.75 30
    endloop
  endfacet
  facet normal -0 0 1
    outer loop
      vertex 105.168 34.8811 30
      vertex 105.313 34.4235 30
      vertex 110.75 47.9689 30
    endloop
  endfacet
  facet normal -0 0 1
    outer loop
      vertex 110.197 47.7111 30
      vertex 105.168 34.8811 30
      vertex 110.479 47.8279 30
    endloop
  endfacet
  facet normal 0 0 1
    outer loop
      vertex 105.5 33 30
      vertex 111.681 48.7502 30
      vertex 111.475 48.5251 30
    endloop
  endfacet
  facet normal 0 0 1
    outer loop
      vertex 176.687 31.5765 30
      vertex 176.584 32.0449 30
      vertex 141 58 30
    endloop
  endfacet
  facet normal 0 0 1
    outer loop
      vertex 170.75 48.3188 30
      vertex 170.525 48.5251 30
      vertex 176.521 33.4794 30
    endloop
  endfacet
  facet normal 0 0 1
    outer loop
      vertex 176.521 33.4794 30
      vertex 170.525 48.5251 30
      vertex 176.5 33 30
    endloop
  endfacet
  facet normal 0 0 1
    outer loop
      vertex 171.521 47.8279 30
      vertex 171.25 47.9689 30
      vertex 176.832 34.8811 30
    endloop
  endfacet
  facet normal 0 0 1
    outer loop
      vertex 171.521 47.8279 30
      vertex 176.832 34.8811 30
      vertex 171.803 47.7111 30
    endloop
  endfacet
  facet normal 0 -0 1
    outer loop
      vertex 176.832 34.8811 30
      vertex 177.015 35.3244 30
      vertex 171.803 47.7111 30
    endloop
  endfacet
  facet normal 0 0 1
    outer loop
      vertex 177.015 35.3244 30
      vertex 172.094 47.6193 30
      vertex 171.803 47.7111 30
    endloop
  endfacet
  facet normal 0 0 1
    outer loop
      vertex 177.237 35.75 30
      vertex 172.094 47.6193 30
      vertex 177.015 35.3244 30
    endloop
  endfacet
  facet normal 0 0 1
    outer loop
      vertex 172.392 47.5532 30
      vertex 172.094 47.6193 30
      vertex 177.237 35.75 30
    endloop
  endfacet
  facet normal 0 0 1
    outer loop
      vertex 172.392 47.5532 30
      vertex 177.237 35.75 30
      vertex 177.495 36.1547 30
    endloop
  endfacet
  facet normal 0 0 1
    outer loop
      vertex 172.392 47.5532 30
      vertex 177.495 36.1547 30
      vertex 172.695 47.5133 30
    endloop
  endfacet
  facet normal 0 -0 1
    outer loop
      vertex 177.495 36.1547 30
      vertex 177.787 36.5353 30
      vertex 172.695 47.5133 30
    endloop
  endfacet
  facet normal 0 0 1
    outer loop
      vertex 177.787 36.5353 30
      vertex 173 47.5 30
      vertex 172.695 47.5133 30
    endloop
  endfacet
  facet normal 0 0 1
    outer loop
      vertex 178.111 36.8891 30
      vertex 173 47.5 30
      vertex 177.787 36.5353 30
    endloop
  endfacet
  facet normal 0 0 1
    outer loop
      vertex 178.465 37.2132 30
      vertex 173 47.5 30
      vertex 178.111 36.8891 30
    endloop
  endfacet
  facet normal 0 0 1
    outer loop
      vertex 178.845 37.5053 30
      vertex 173 47.5 30
      vertex 178.465 37.2132 30
    endloop
  endfacet
  facet normal 0 -0 1
    outer loop
      vertex 179.25 37.7631 30
      vertex 179.676 37.9847 30
      vertex 173 47.5 30
    endloop
  endfacet
  facet normal 0 -0 1
    outer loop
      vertex 179.676 37.9847 30
      vertex 180.119 38.1683 30
      vertex 173 47.5 30
    endloop
  endfacet
  facet normal 0 0 1
    outer loop
      vertex 173 47.5 30
      vertex 180.576 38.3126 30
      vertex 181.045 38.4164 30
    endloop
  endfacet
  facet normal 0 0 1
    outer loop
      vertex 173 47.5 30
      vertex 181.045 38.4164 30
      vertex 181.521 38.4791 30
    endloop
  endfacet
  facet normal 0 0 1
    outer loop
      vertex 191 47.5 30
      vertex 173 47.5 30
      vertex 182 38.5 30
    endloop
  endfacet
  facet normal 0 0 1
    outer loop
      vertex 191 47.5 30
      vertex 182 38.5 30
      vertex 182.479 38.4791 30
    endloop
  endfacet
  facet normal 0 -0 1
    outer loop
      vertex 183.423 38.3126 30
      vertex 191 47.5 30
      vertex 182.955 38.4164 30
    endloop
  endfacet
  facet normal 0 -0 1
    outer loop
      vertex 183.881 38.1683 30
      vertex 191 47.5 30
      vertex 183.423 38.3126 30
    endloop
  endfacet
  facet normal -0 0 1
    outer loop
      vertex 184.324 37.9847 30
      vertex 184.75 37.7631 30
      vertex 191 47.5 30
    endloop
  endfacet
  facet normal 0 0 1
    outer loop
      vertex 191 47.5 30
      vertex 185.155 37.5053 30
      vertex 185.535 37.2132 30
    endloop
  endfacet
  facet normal 0 0 1
    outer loop
      vertex 191 47.5 30
      vertex 185.535 37.2132 30
      vertex 185.889 36.8891 30
    endloop
  endfacet
  facet normal 0 0 1
    outer loop
      vertex 191.305 47.5133 30
      vertex 191 47.5 30
      vertex 186.213 36.5353 30
    endloop
  endfacet
  facet normal 0 0 1
    outer loop
      vertex 191.608 47.5532 30
      vertex 191.305 47.5133 30
      vertex 186.505 36.1547 30
    endloop
  endfacet
  facet normal 0 0 1
    outer loop
      vertex 191.906 47.6193 30
      vertex 191.608 47.5532 30
      vertex 186.763 35.75 30
    endloop
  endfacet
  facet normal 0 0 1
    outer loop
      vertex 191.906 47.6193 30
      vertex 186.763 35.75 30
      vertex 186.985 35.3244 30
    endloop
  endfacet
  facet normal 0 -0 1
    outer loop
      vertex 187.313 34.4235 30
      vertex 192.75 47.9689 30
      vertex 187.168 34.8811 30
    endloop
  endfacet
  facet normal 0 -0 1
    outer loop
      vertex 187.416 33.9551 30
      vertex 193.007 48.133 30
      vertex 187.313 34.4235 30
    endloop
  endfacet
  facet normal 0 -0 1
    outer loop
      vertex 187.479 33.4794 30
      vertex 193.25 48.3188 30
      vertex 187.416 33.9551 30
    endloop
  endfacet
  facet normal 0 -0 1
    outer loop
      vertex 187.5 33 30
      vertex 193.475 48.5251 30
      vertex 187.479 33.4794 30
    endloop
  endfacet
  facet normal 0 0 1
    outer loop
      vertex 187.479 32.5206 30
      vertex 193.681 48.7502 30
      vertex 187.5 33 30
    endloop
  endfacet
  facet normal 0 0 1
    outer loop
      vertex 187.416 32.0449 30
      vertex 219.775 58.1408 30
      vertex 187.479 32.5206 30
    endloop
  endfacet
  facet normal 0 0 1
    outer loop
      vertex 187.313 31.5765 30
      vertex 223 58 30
      vertex 187.416 32.0449 30
    endloop
  endfacet
  facet normal 0 0 1
    outer loop
      vertex 248.723 42.7057 30
      vertex 223 58 30
      vertex 187.313 31.5765 30
    endloop
  endfacet
  facet normal 0 0 1
    outer loop
      vertex 248.936 42.4288 30
      vertex 187.313 31.5765 30
      vertex 187.168 31.1189 30
    endloop
  endfacet
  facet normal 0 0 1
    outer loop
      vertex 249.172 42.1716 30
      vertex 187.168 31.1189 30
      vertex 186.985 30.6756 30
    endloop
  endfacet
  facet normal 0 0 1
    outer loop
      vertex 249.172 42.1716 30
      vertex 186.985 30.6756 30
      vertex 249.429 41.9358 30
    endloop
  endfacet
  facet normal -0 0 1
    outer loop
      vertex 186.985 30.6756 30
      vertex 186.763 30.25 30
      vertex 249.429 41.9358 30
    endloop
  endfacet
  facet normal 0 0 1
    outer loop
      vertex 186.763 30.25 30
      vertex 259.237 30.25 30
      vertex 249.429 41.9358 30
    endloop
  endfacet
  facet normal 0 0 1
    outer loop
      vertex 186.505 29.8453 30
      vertex 259.237 30.25 30
      vertex 186.763 30.25 30
    endloop
  endfacet
  facet normal 0 0 1
    outer loop
      vertex 259.495 29.8453 30
      vertex 259.237 30.25 30
      vertex 186.505 29.8453 30
    endloop
  endfacet
  facet normal 0 0 1
    outer loop
      vertex 259.495 29.8453 30
      vertex 186.505 29.8453 30
      vertex 186.213 29.4647 30
    endloop
  endfacet
  facet normal 0 0 1
    outer loop
      vertex 259.495 29.8453 30
      vertex 186.213 29.4647 30
      vertex 259.787 29.4647 30
    endloop
  endfacet
  facet normal -0 0 1
    outer loop
      vertex 186.213 29.4647 30
      vertex 270 0 30
      vertex 259.787 29.4647 30
    endloop
  endfacet
  facet normal -0 0 1
    outer loop
      vertex 185.889 29.1109 30
      vertex 270 0 30
      vertex 186.213 29.4647 30
    endloop
  endfacet
  facet normal -0 0 1
    outer loop
      vertex 185.535 28.7868 30
      vertex 270 0 30
      vertex 185.889 29.1109 30
    endloop
  endfacet
  facet normal -0 0 1
    outer loop
      vertex 185.155 28.4947 30
      vertex 270 0 30
      vertex 185.535 28.7868 30
    endloop
  endfacet
  facet normal -0 0 1
    outer loop
      vertex 184.75 28.2369 30
      vertex 270 0 30
      vertex 185.155 28.4947 30
    endloop
  endfacet
  facet normal -0 0 1
    outer loop
      vertex 184.324 28.0153 30
      vertex 270 0 30
      vertex 184.75 28.2369 30
    endloop
  endfacet
  facet normal -0 0 1
    outer loop
      vertex 183.881 27.8317 30
      vertex 270 0 30
      vertex 184.324 28.0153 30
    endloop
  endfacet
  facet normal -0 0 1
    outer loop
      vertex 183.423 27.6874 30
      vertex 270 0 30
      vertex 183.881 27.8317 30
    endloop
  endfacet
  facet normal -0 0 1
    outer loop
      vertex 182.955 27.5836 30
      vertex 270 0 30
      vertex 183.423 27.6874 30
    endloop
  endfacet
  facet normal -0 0 1
    outer loop
      vertex 182.479 27.5209 30
      vertex 270 0 30
      vertex 182.955 27.5836 30
    endloop
  endfacet
  facet normal -0 0 1
    outer loop
      vertex 182 27.5 30
      vertex 270 0 30
      vertex 182.479 27.5209 30
    endloop
  endfacet
  facet normal 0 0 1
    outer loop
      vertex 100.955 27.5836 30
      vertex 181.045 27.5836 30
      vertex 180.576 27.6874 30
    endloop
  endfacet
  facet normal 0 0 1
    outer loop
      vertex 100 27.5 30
      vertex 99.5206 27.5209 30
      vertex 12 0 30
    endloop
  endfacet
  facet normal 0 -0 1
    outer loop
      vertex 96.8453 37.5053 30
      vertex 97.25 37.7631 30
      vertex 91 47.5 30
    endloop
  endfacet
  facet normal 0 0 1
    outer loop
      vertex 99.5206 27.5209 30
      vertex 99.0449 27.5836 30
      vertex 12 0 30
    endloop
  endfacet
  facet normal 0 0 1
    outer loop
      vertex 99.0449 27.5836 30
      vertex 98.5765 27.6874 30
      vertex 12 0 30
    endloop
  endfacet
  facet normal 0 0 1
    outer loop
      vertex 98.5765 27.6874 30
      vertex 98.1189 27.8317 30
      vertex 12 0 30
    endloop
  endfacet
  facet normal 0 0 1
    outer loop
      vertex 97.25 28.2369 30
      vertex 12 0 30
      vertex 97.6756 28.0153 30
    endloop
  endfacet
  facet normal 0 0 1
    outer loop
      vertex 96.8453 28.4947 30
      vertex 12 0 30
      vertex 97.25 28.2369 30
    endloop
  endfacet
  facet normal 0 0 1
    outer loop
      vertex 96.4647 28.7868 30
      vertex 12 0 30
      vertex 96.8453 28.4947 30
    endloop
  endfacet
  facet normal 0 0 1
    outer loop
      vertex 12 0 30
      vertex 96.4647 28.7868 30
      vertex 96.1109 29.1109 30
    endloop
  endfacet
  facet normal 0 0 1
    outer loop
      vertex 94.5836 32.0449 30
      vertex 62.2248 58.1408 30
      vertex 59 58 30
    endloop
  endfacet
  facet normal 0 0 1
    outer loop
      vertex 23.4164 32.0449 30
      vertex 55.7752 58.1408 30
      vertex 23.4791 32.5206 30
    endloop
  endfacet
  facet normal 0 0 1
    outer loop
      vertex 52.575 58.5621 30
      vertex 49.4237 59.2607 30
      vertex 23.4791 33.4794 30
    endloop
  endfacet
  facet normal 0 0 1
    outer loop
      vertex 49.4237 59.2607 30
      vertex 23.1683 34.8811 30
      vertex 23.3126 34.4235 30
    endloop
  endfacet
  facet normal 0 0 1
    outer loop
      vertex 46.3453 60.2314 30
      vertex 22.9847 35.3244 30
      vertex 23.1683 34.8811 30
    endloop
  endfacet
  facet normal 0 0 1
    outer loop
      vertex 43.3631 61.4666 30
      vertex 22.7631 35.75 30
      vertex 46.3453 60.2314 30
    endloop
  endfacet
  facet normal 0 0 1
    outer loop
      vertex 94.5836 32.0449 30
      vertex 59 58 30
      vertex 94.6874 31.5765 30
    endloop
  endfacet
  facet normal 0 0 1
    outer loop
      vertex 52.575 58.5621 30
      vertex 23.4791 33.4794 30
      vertex 23.5 33 30
    endloop
  endfacet
  facet normal 0 0 1
    outer loop
      vertex 88.7502 48.3188 30
      vertex 88.5251 48.5251 30
      vertex 94.5209 33.4794 30
    endloop
  endfacet
  facet normal 0 0 1
    outer loop
      vertex 94.5209 33.4794 30
      vertex 88.5251 48.5251 30
      vertex 94.5 33 30
    endloop
  endfacet
  facet normal 0 0 1
    outer loop
      vertex 89.25 47.9689 30
      vertex 94.6874 34.4235 30
      vertex 94.8317 34.8811 30
    endloop
  endfacet
  facet normal 0 0 1
    outer loop
      vertex 89.25 47.9689 30
      vertex 94.8317 34.8811 30
      vertex 89.5208 47.8279 30
    endloop
  endfacet
  facet normal 0 0 1
    outer loop
      vertex 94.8317 34.8811 30
      vertex 89.8029 47.7111 30
      vertex 89.5208 47.8279 30
    endloop
  endfacet
  facet normal 0 0 1
    outer loop
      vertex 95.0153 35.3244 30
      vertex 89.8029 47.7111 30
      vertex 94.8317 34.8811 30
    endloop
  endfacet
  facet normal 0 0 1
    outer loop
      vertex 90.0941 47.6193 30
      vertex 89.8029 47.7111 30
      vertex 95.0153 35.3244 30
    endloop
  endfacet
  facet normal 0 0 1
    outer loop
      vertex 90.0941 47.6193 30
      vertex 95.0153 35.3244 30
      vertex 95.2369 35.75 30
    endloop
  endfacet
  facet normal 0 0 1
    outer loop
      vertex 90.0941 47.6193 30
      vertex 95.2369 35.75 30
      vertex 90.3922 47.5532 30
    endloop
  endfacet
  facet normal 0 -0 1
    outer loop
      vertex 95.2369 35.75 30
      vertex 95.4947 36.1547 30
      vertex 90.3922 47.5532 30
    endloop
  endfacet
  facet normal 0 0 1
    outer loop
      vertex 95.4947 36.1547 30
      vertex 90.695 47.5133 30
      vertex 90.3922 47.5532 30
    endloop
  endfacet
  facet normal 0 0 1
    outer loop
      vertex 95.7868 36.5353 30
      vertex 90.695 47.5133 30
      vertex 95.4947 36.1547 30
    endloop
  endfacet
  facet normal 0 0 1
    outer loop
      vertex 91 47.5 30
      vertex 90.695 47.5133 30
      vertex 95.7868 36.5353 30
    endloop
  endfacet
  facet normal 0 0 1
    outer loop
      vertex 91 47.5 30
      vertex 95.7868 36.5353 30
      vertex 96.1109 36.8891 30
    endloop
  endfacet
  facet normal 0 0 1
    outer loop
      vertex 91 47.5 30
      vertex 96.4647 37.2132 30
      vertex 96.8453 37.5053 30
    endloop
  endfacet
  facet normal 0 0 1
    outer loop
      vertex 91 47.5 30
      vertex 96.1109 36.8891 30
      vertex 96.4647 37.2132 30
    endloop
  endfacet
  facet normal 0 -0 1
    outer loop
      vertex 97.25 37.7631 30
      vertex 97.6756 37.9847 30
      vertex 91 47.5 30
    endloop
  endfacet
  facet normal 0 -0 1
    outer loop
      vertex 97.6756 37.9847 30
      vertex 98.1189 38.1683 30
      vertex 91 47.5 30
    endloop
  endfacet
  facet normal 0 0 1
    outer loop
      vertex 91 47.5 30
      vertex 98.5765 38.3126 30
      vertex 99.0449 38.4164 30
    endloop
  endfacet
  facet normal 0 0 1
    outer loop
      vertex 91 47.5 30
      vertex 99.0449 38.4164 30
      vertex 99.5206 38.4791 30
    endloop
  endfacet
  facet normal 0 0 1
    outer loop
      vertex 109 47.5 30
      vertex 91 47.5 30
      vertex 100 38.5 30
    endloop
  endfacet
  facet normal 0 0 1
    outer loop
      vertex 109 47.5 30
      vertex 100 38.5 30
      vertex 100.479 38.4791 30
    endloop
  endfacet
  facet normal 0 -0 1
    outer loop
      vertex 101.423 38.3126 30
      vertex 109 47.5 30
      vertex 100.955 38.4164 30
    endloop
  endfacet
  facet normal 0 -0 1
    outer loop
      vertex 101.881 38.1683 30
      vertex 109 47.5 30
      vertex 101.423 38.3126 30
    endloop
  endfacet
  facet normal -0 0 1
    outer loop
      vertex 102.324 37.9847 30
      vertex 102.75 37.7631 30
      vertex 109 47.5 30
    endloop
  endfacet
  facet normal 0 0 1
    outer loop
      vertex 109 47.5 30
      vertex 103.155 37.5053 30
      vertex 103.535 37.2132 30
    endloop
  endfacet
  facet normal 0 0 1
    outer loop
      vertex 109 47.5 30
      vertex 103.535 37.2132 30
      vertex 103.889 36.8891 30
    endloop
  endfacet
  facet normal 0 0 1
    outer loop
      vertex 109.305 47.5133 30
      vertex 109 47.5 30
      vertex 104.213 36.5353 30
    endloop
  endfacet
  facet normal 0 0 1
    outer loop
      vertex 109.608 47.5532 30
      vertex 109.305 47.5133 30
      vertex 104.505 36.1547 30
    endloop
  endfacet
  facet normal 0 0 1
    outer loop
      vertex 109.906 47.6193 30
      vertex 109.608 47.5532 30
      vertex 104.763 35.75 30
    endloop
  endfacet
  facet normal 0 0 1
    outer loop
      vertex 109.906 47.6193 30
      vertex 104.763 35.75 30
      vertex 104.985 35.3244 30
    endloop
  endfacet
  facet normal 0 0 1
    outer loop
      vertex 110.75 47.9689 30
      vertex 110.479 47.8279 30
      vertex 105.168 34.8811 30
    endloop
  endfacet
  facet normal 0 -0 1
    outer loop
      vertex 105.416 33.9551 30
      vertex 111.007 48.133 30
      vertex 105.313 34.4235 30
    endloop
  endfacet
  facet normal 0 -0 1
    outer loop
      vertex 105.479 33.4794 30
      vertex 111.25 48.3188 30
      vertex 105.416 33.9551 30
    endloop
  endfacet
  facet normal 0 0 1
    outer loop
      vertex 111.475 48.5251 30
      vertex 111.25 48.3188 30
      vertex 105.479 33.4794 30
    endloop
  endfacet
  facet normal 0 0 1
    outer loop
      vertex 105.479 32.5206 30
      vertex 111.681 48.7502 30
      vertex 105.5 33 30
    endloop
  endfacet
  facet normal 0 0 1
    outer loop
      vertex 137.775 58.1408 30
      vertex 111.681 48.7502 30
      vertex 105.479 32.5206 30
    endloop
  endfacet
  facet normal 0 0 1
    outer loop
      vertex 141 58 30
      vertex 137.775 58.1408 30
      vertex 105.416 32.0449 30
    endloop
  endfacet
  facet normal 0 0 1
    outer loop
      vertex 141 58 30
      vertex 105.416 32.0449 30
      vertex 105.313 31.5765 30
    endloop
  endfacet
  facet normal 0 0 1
    outer loop
      vertex 176.687 31.5765 30
      vertex 105.313 31.5765 30
      vertex 105.168 31.1189 30
    endloop
  endfacet
  facet normal 0 0 1
    outer loop
      vertex 176.687 31.5765 30
      vertex 105.168 31.1189 30
      vertex 176.832 31.1189 30
    endloop
  endfacet
  facet normal 0 0 1
    outer loop
      vertex 176.832 31.1189 30
      vertex 104.985 30.6756 30
      vertex 177.015 30.6756 30
    endloop
  endfacet
  facet normal -0 0 1
    outer loop
      vertex 104.985 30.6756 30
      vertex 104.763 30.25 30
      vertex 177.015 30.6756 30
    endloop
  endfacet
  facet normal -0 0 1
    outer loop
      vertex 104.763 30.25 30
      vertex 104.505 29.8453 30
      vertex 177.237 30.25 30
    endloop
  endfacet
  facet normal 0 0 1
    outer loop
      vertex 104.505 29.8453 30
      vertex 177.495 29.8453 30
      vertex 177.237 30.25 30
    endloop
  endfacet
  facet normal 0 0 1
    outer loop
      vertex 104.213 29.4647 30
      vertex 177.787 29.4647 30
      vertex 177.495 29.8453 30
    endloop
  endfacet
  facet normal 0 0 1
    outer loop
      vertex 103.889 29.1109 30
      vertex 177.787 29.4647 30
      vertex 104.213 29.4647 30
    endloop
  endfacet
  facet normal 0 0 1
    outer loop
      vertex 103.535 28.7868 30
      vertex 178.111 29.1109 30
      vertex 103.889 29.1109 30
    endloop
  endfacet
  facet normal 0 0 1
    outer loop
      vertex 178.465 28.7868 30
      vertex 178.111 29.1109 30
      vertex 103.535 28.7868 30
    endloop
  endfacet
  facet normal 0 0 1
    outer loop
      vertex 178.845 28.4947 30
      vertex 178.465 28.7868 30
      vertex 103.155 28.4947 30
    endloop
  endfacet
  facet normal 0 0 1
    outer loop
      vertex 178.845 28.4947 30
      vertex 103.155 28.4947 30
      vertex 102.75 28.2369 30
    endloop
  endfacet
  facet normal 0 0 1
    outer loop
      vertex 179.25 28.2369 30
      vertex 102.75 28.2369 30
      vertex 179.676 28.0153 30
    endloop
  endfacet
  facet normal 0 0 1
    outer loop
      vertex 102.75 28.2369 30
      vertex 102.324 28.0153 30
      vertex 179.676 28.0153 30
    endloop
  endfacet
  facet normal 0 0 1
    outer loop
      vertex 179.676 28.0153 30
      vertex 101.881 27.8317 30
      vertex 180.119 27.8317 30
    endloop
  endfacet
  facet normal -0 0 1
    outer loop
      vertex 101.881 27.8317 30
      vertex 101.423 27.6874 30
      vertex 180.119 27.8317 30
    endloop
  endfacet
  facet normal -0 0 1
    outer loop
      vertex 101.423 27.6874 30
      vertex 100.955 27.5836 30
      vertex 180.576 27.6874 30
    endloop
  endfacet
  facet normal -0 0 1
    outer loop
      vertex 100.955 27.5836 30
      vertex 12 0 30
      vertex 181.045 27.5836 30
    endloop
  endfacet
  facet normal -0 0 1
    outer loop
      vertex 100.479 27.5209 30
      vertex 12 0 30
      vertex 100.955 27.5836 30
    endloop
  endfacet
  facet normal -0 0 1
    outer loop
      vertex 100 27.5 30
      vertex 12 0 30
      vertex 100.479 27.5209 30
    endloop
  endfacet
  facet normal 0 0 1
    outer loop
      vertex 28.6914 73.7777 30
      vertex 16.1189 38.1683 30
      vertex 16.5765 38.3126 30
    endloop
  endfacet
  facet normal 0 0 1
    outer loop
      vertex 17.0449 27.5836 30
      vertex 0 12 30
      vertex 12 0 30
    endloop
  endfacet
  facet normal 0 0 1
    outer loop
      vertex 16.5765 27.6874 30
      vertex 0 12 30
      vertex 17.0449 27.5836 30
    endloop
  endfacet
  facet normal 0 0 1
    outer loop
      vertex 16.1189 27.8317 30
      vertex 0 12 30
      vertex 16.5765 27.6874 30
    endloop
  endfacet
  facet normal 0 0 1
    outer loop
      vertex 15.6756 28.0153 30
      vertex 0 12 30
      vertex 16.1189 27.8317 30
    endloop
  endfacet
  facet normal 0 0 1
    outer loop
      vertex 15.25 28.2369 30
      vertex 0 12 30
      vertex 15.6756 28.0153 30
    endloop
  endfacet
  facet normal 0 0 1
    outer loop
      vertex 22.1408 91.7752 30
      vertex 0 12 30
      vertex 13.0153 35.3244 30
    endloop
  endfacet
  facet normal 0 0 1
    outer loop
      vertex 14.4647 28.7868 30
      vertex 0 12 30
      vertex 14.8453 28.4947 30
    endloop
  endfacet
  facet normal 0 0 1
    outer loop
      vertex 14.1109 29.1109 30
      vertex 0 12 30
      vertex 14.4647 28.7868 30
    endloop
  endfacet
  facet normal 0 0 1
    outer loop
      vertex 13.7868 29.4647 30
      vertex 0 12 30
      vertex 14.1109 29.1109 30
    endloop
  endfacet
  facet normal 0 0 1
    outer loop
      vertex 0 12 30
      vertex 12.8317 34.8811 30
      vertex 13.0153 35.3244 30
    endloop
  endfacet
  facet normal 0 0 1
    outer loop
      vertex 13.2369 30.25 30
      vertex 0 12 30
      vertex 13.4947 29.8453 30
    endloop
  endfacet
  facet normal 0 0 1
    outer loop
      vertex 13.0153 30.6756 30
      vertex 0 12 30
      vertex 13.2369 30.25 30
    endloop
  endfacet
  facet normal 0 0 1
    outer loop
      vertex 12.8317 31.1189 30
      vertex 0 12 30
      vertex 13.0153 30.6756 30
    endloop
  endfacet
  facet normal 0 0 1
    outer loop
      vertex 12.6874 31.5765 30
      vertex 0 12 30
      vertex 12.8317 31.1189 30
    endloop
  endfacet
  facet normal 0 0 1
    outer loop
      vertex 12.5836 32.0449 30
      vertex 0 12 30
      vertex 12.6874 31.5765 30
    endloop
  endfacet
  facet normal 0 -0 1
    outer loop
      vertex 12.6874 34.4235 30
      vertex 12.8317 34.8811 30
      vertex 0 12 30
    endloop
  endfacet
  facet normal 0 0 1
    outer loop
      vertex 12.5836 32.0449 30
      vertex 12.5209 32.5206 30
      vertex 0 12 30
    endloop
  endfacet
  facet normal 0 0 1
    outer loop
      vertex 12.5209 32.5206 30
      vertex 12.5 33 30
      vertex 0 12 30
    endloop
  endfacet
  facet normal 0 -0 1
    outer loop
      vertex 12.5 33 30
      vertex 12.5209 33.4794 30
      vertex 0 12 30
    endloop
  endfacet
  facet normal 0 -0 1
    outer loop
      vertex 12.5209 33.4794 30
      vertex 12.5836 33.9551 30
      vertex 0 12 30
    endloop
  endfacet
  facet normal 0 0 1
    outer loop
      vertex 22.1408 91.7752 30
      vertex 13.0153 35.3244 30
      vertex 22.5621 88.575 30
    endloop
  endfacet
  facet normal 0 0 1
    outer loop
      vertex 23.2607 85.4237 30
      vertex 22.5621 88.575 30
      vertex 13.4947 36.1547 30
    endloop
  endfacet
  facet normal 0 -0 1
    outer loop
      vertex 14.1109 36.8891 30
      vertex 24.2314 82.3453 30
      vertex 13.7868 36.5353 30
    endloop
  endfacet
  facet normal 0 0 1
    outer loop
      vertex 14.4647 37.2132 30
      vertex 25.4666 79.3631 30
      vertex 24.2314 82.3453 30
    endloop
  endfacet
  facet normal 0 0 1
    outer loop
      vertex 14.8453 37.5053 30
      vertex 15.25 37.7631 30
      vertex 25.4666 79.3631 30
    endloop
  endfacet
  facet normal 0 0 1
    outer loop
      vertex 15.25 37.7631 30
      vertex 15.6756 37.9847 30
      vertex 26.9571 76.5 30
    endloop
  endfacet
  facet normal 0 -0 1
    outer loop
      vertex 16.1189 38.1683 30
      vertex 26.9571 76.5 30
      vertex 15.6756 37.9847 30
    endloop
  endfacet
  facet normal 0 0 1
    outer loop
      vertex 28.6914 73.7777 30
      vertex 16.5765 38.3126 30
      vertex 17.0449 38.4164 30
    endloop
  endfacet
  facet normal 0 0 1
    outer loop
      vertex 30.6564 71.2169 30
      vertex 17.0449 38.4164 30
      vertex 17.5206 38.4791 30
    endloop
  endfacet
  facet normal 0 0 1
    outer loop
      vertex 30.6564 71.2169 30
      vertex 17.5206 38.4791 30
      vertex 18 38.5 30
    endloop
  endfacet
  facet normal 0 0 1
    outer loop
      vertex 30.6564 71.2169 30
      vertex 18 38.5 30
      vertex 32.837 68.837 30
    endloop
  endfacet
  facet normal -0 0 1
    outer loop
      vertex 18 38.5 30
      vertex 18.4794 38.4791 30
      vertex 32.837 68.837 30
    endloop
  endfacet
  facet normal -0 0 1
    outer loop
      vertex 18.4794 38.4791 30
      vertex 18.9551 38.4164 30
      vertex 32.837 68.837 30
    endloop
  endfacet
  facet normal -0 0 1
    outer loop
      vertex 18.9551 38.4164 30
      vertex 19.4235 38.3126 30
      vertex 35.2169 66.6564 30
    endloop
  endfacet
  facet normal -0 0 1
    outer loop
      vertex 19.4235 38.3126 30
      vertex 19.8811 38.1683 30
      vertex 35.2169 66.6564 30
    endloop
  endfacet
  facet normal -0 0 1
    outer loop
      vertex 19.8811 38.1683 30
      vertex 20.3244 37.9847 30
      vertex 35.2169 66.6564 30
    endloop
  endfacet
  facet normal 0 0 1
    outer loop
      vertex 20.3244 37.9847 30
      vertex 37.7777 64.6914 30
      vertex 35.2169 66.6564 30
    endloop
  endfacet
  facet normal -0 0 1
    outer loop
      vertex 20.75 37.7631 30
      vertex 21.1547 37.5053 30
      vertex 37.7777 64.6914 30
    endloop
  endfacet
  facet normal 0 0 1
    outer loop
      vertex 21.1547 37.5053 30
      vertex 40.5 62.9571 30
      vertex 37.7777 64.6914 30
    endloop
  endfacet
  facet normal 0 -0 1
    outer loop
      vertex 21.5353 37.2132 30
      vertex 40.5 62.9571 30
      vertex 21.1547 37.5053 30
    endloop
  endfacet
  facet normal 0 -0 1
    outer loop
      vertex 21.8891 36.8891 30
      vertex 40.5 62.9571 30
      vertex 21.5353 37.2132 30
    endloop
  endfacet
  facet normal 0 0 1
    outer loop
      vertex 22.2132 36.5353 30
      vertex 43.3631 61.4666 30
      vertex 40.5 62.9571 30
    endloop
  endfacet
  facet normal 0 -0 1
    outer loop
      vertex 22.5053 36.1547 30
      vertex 43.3631 61.4666 30
      vertex 22.2132 36.5353 30
    endloop
  endfacet
  facet normal 0 -0 1
    outer loop
      vertex 22.7631 35.75 30
      vertex 43.3631 61.4666 30
      vertex 22.5053 36.1547 30
    endloop
  endfacet
  facet normal 0 -0 1
    outer loop
      vertex 22.9847 35.3244 30
      vertex 46.3453 60.2314 30
      vertex 22.7631 35.75 30
    endloop
  endfacet
  facet normal 0 0 1
    outer loop
      vertex 23.1683 34.8811 30
      vertex 49.4237 59.2607 30
      vertex 46.3453 60.2314 30
    endloop
  endfacet
  facet normal -0 0 1
    outer loop
      vertex 23.3126 34.4235 30
      vertex 23.4164 33.9551 30
      vertex 49.4237 59.2607 30
    endloop
  endfacet
  facet normal -0 0 1
    outer loop
      vertex 23.4164 33.9551 30
      vertex 23.4791 33.4794 30
      vertex 49.4237 59.2607 30
    endloop
  endfacet
  facet normal 0 0 1
    outer loop
      vertex 52.575 58.5621 30
      vertex 23.5 33 30
      vertex 23.4791 32.5206 30
    endloop
  endfacet
  facet normal 0 0 1
    outer loop
      vertex 52.575 58.5621 30
      vertex 23.4791 32.5206 30
      vertex 55.7752 58.1408 30
    endloop
  endfacet
  facet normal 0 0 1
    outer loop
      vertex 55.7752 58.1408 30
      vertex 23.4164 32.0449 30
      vertex 59 58 30
    endloop
  endfacet
  facet normal -0 0 1
    outer loop
      vertex 23.4164 32.0449 30
      vertex 23.3126 31.5765 30
      vertex 59 58 30
    endloop
  endfacet
  facet normal 0 0 1
    outer loop
      vertex 23.3126 31.5765 30
      vertex 94.6874 31.5765 30
      vertex 59 58 30
    endloop
  endfacet
  facet normal 0 0 1
    outer loop
      vertex 23.1683 31.1189 30
      vertex 94.6874 31.5765 30
      vertex 23.3126 31.5765 30
    endloop
  endfacet
  facet normal 0 0 1
    outer loop
      vertex 94.8317 31.1189 30
      vertex 94.6874 31.5765 30
      vertex 23.1683 31.1189 30
    endloop
  endfacet
  facet normal 0 0 1
    outer loop
      vertex 94.8317 31.1189 30
      vertex 23.1683 31.1189 30
      vertex 22.9847 30.6756 30
    endloop
  endfacet
  facet normal 0 0 1
    outer loop
      vertex 94.8317 31.1189 30
      vertex 22.9847 30.6756 30
      vertex 95.0153 30.6756 30
    endloop
  endfacet
  facet normal -0 0 1
    outer loop
      vertex 22.7631 30.25 30
      vertex 22.5053 29.8453 30
      vertex 95.2369 30.25 30
    endloop
  endfacet
  facet normal 0 0 1
    outer loop
      vertex 95.0153 30.6756 30
      vertex 22.7631 30.25 30
      vertex 95.2369 30.25 30
    endloop
  endfacet
  facet normal 0 0 1
    outer loop
      vertex 95.2369 30.25 30
      vertex 22.5053 29.8453 30
      vertex 95.4947 29.8453 30
    endloop
  endfacet
  facet normal -0 0 1
    outer loop
      vertex 22.5053 29.8453 30
      vertex 22.2132 29.4647 30
      vertex 95.4947 29.8453 30
    endloop
  endfacet
  facet normal 0 0 1
    outer loop
      vertex 22.2132 29.4647 30
      vertex 95.7868 29.4647 30
      vertex 95.4947 29.8453 30
    endloop
  endfacet
  facet normal 0 0 1
    outer loop
      vertex 12 0 30
      vertex 95.7868 29.4647 30
      vertex 22.2132 29.4647 30
    endloop
  endfacet
  facet normal 0 0 1
    outer loop
      vertex 12 0 30
      vertex 22.2132 29.4647 30
      vertex 21.8891 29.1109 30
    endloop
  endfacet
  facet normal 0 0 1
    outer loop
      vertex 12 0 30
      vertex 21.8891 29.1109 30
      vertex 21.5353 28.7868 30
    endloop
  endfacet
  facet normal 0 0 1
    outer loop
      vertex 12 0 30
      vertex 21.5353 28.7868 30
      vertex 21.1547 28.4947 30
    endloop
  endfacet
  facet normal 0 0 1
    outer loop
      vertex 12 0 30
      vertex 21.1547 28.4947 30
      vertex 20.75 28.2369 30
    endloop
  endfacet
  facet normal 0 0 1
    outer loop
      vertex 12 0 30
      vertex 20.75 28.2369 30
      vertex 20.3244 28.0153 30
    endloop
  endfacet
  facet normal 0 0 1
    outer loop
      vertex 12 0 30
      vertex 20.3244 28.0153 30
      vertex 19.8811 27.8317 30
    endloop
  endfacet
  facet normal 0 0 1
    outer loop
      vertex 12 0 30
      vertex 19.8811 27.8317 30
      vertex 19.4235 27.6874 30
    endloop
  endfacet
  facet normal 0 0 1
    outer loop
      vertex 12 0 30
      vertex 19.4235 27.6874 30
      vertex 18.9551 27.5836 30
    endloop
  endfacet
  facet normal 0 0 1
    outer loop
      vertex 12 0 30
      vertex 18.4794 27.5209 30
      vertex 18 27.5 30
    endloop
  endfacet
  facet normal 0 0 1
    outer loop
      vertex 12 0 30
      vertex 18.9551 27.5836 30
      vertex 18.4794 27.5209 30
    endloop
  endfacet
  facet normal 0.123748 -0.992314 0
    outer loop
      vertex 271.975 0.163696 0
      vertex 270.991 0.0409851 30
      vertex 270.991 0.0409851 0
    endloop
  endfacet
  facet normal 0.123748 -0.992314 0
    outer loop
      vertex 271.975 0.163696 0
      vertex 271.975 0.163696 30
      vertex 270.991 0.0409851 30
    endloop
  endfacet
  facet normal 0.205114 -0.978738 0
    outer loop
      vertex 272.946 0.367188 0
      vertex 271.975 0.163696 30
      vertex 271.975 0.163696 0
    endloop
  endfacet
  facet normal 0.205114 -0.978738 0
    outer loop
      vertex 272.946 0.367188 0
      vertex 272.946 0.367188 30
      vertex 271.975 0.163696 30
    endloop
  endfacet
  facet normal 0.2855 -0.958379 0
    outer loop
      vertex 273.896 0.650192 0
      vertex 272.946 0.367188 30
      vertex 272.946 0.367188 0
    endloop
  endfacet
  facet normal 0.2855 -0.958379 0
    outer loop
      vertex 273.896 0.650192 0
      vertex 273.896 0.650192 30
      vertex 272.946 0.367188 30
    endloop
  endfacet
  facet normal 0.363475 -0.931604 0
    outer loop
      vertex 274.82 1.0107 0
      vertex 273.896 0.650192 30
      vertex 273.896 0.650192 0
    endloop
  endfacet
  facet normal 0.363475 -0.931604 0
    outer loop
      vertex 274.82 1.0107 0
      vertex 274.82 1.0107 30
      vertex 273.896 0.650192 30
    endloop
  endfacet
  facet normal 0.439202 -0.898388 0
    outer loop
      vertex 275.711 1.44629 0
      vertex 274.82 1.0107 30
      vertex 274.82 1.0107 0
    endloop
  endfacet
  facet normal 0.439202 -0.898388 0
    outer loop
      vertex 275.711 1.44629 0
      vertex 275.711 1.44629 30
      vertex 274.82 1.0107 30
    endloop
  endfacet
  facet normal 0.511899 -0.859046 0
    outer loop
      vertex 276.563 1.95399 0
      vertex 275.711 1.44629 30
      vertex 275.711 1.44629 0
    endloop
  endfacet
  facet normal 0.511899 -0.859046 0
    outer loop
      vertex 276.563 1.95399 0
      vertex 276.563 1.95399 30
      vertex 275.711 1.44629 30
    endloop
  endfacet
  facet normal 0.580676 -0.814135 0
    outer loop
      vertex 277.371 2.53029 0
      vertex 276.563 1.95399 30
      vertex 276.563 1.95399 0
    endloop
  endfacet
  facet normal 0.580676 -0.814135 0
    outer loop
      vertex 277.371 2.53029 0
      vertex 277.371 2.53029 30
      vertex 276.563 1.95399 30
    endloop
  endfacet
  facet normal 0.646717 -0.76273 0
    outer loop
      vertex 278.127 3.1713 0
      vertex 277.371 2.53029 30
      vertex 277.371 2.53029 0
    endloop
  endfacet
  facet normal 0.646717 -0.76273 0
    outer loop
      vertex 278.127 3.1713 0
      vertex 278.127 3.1713 30
      vertex 277.371 2.53029 30
    endloop
  endfacet
  facet normal 0.706749 -0.707464 0
    outer loop
      vertex 278.829 3.87259 0
      vertex 278.127 3.1713 30
      vertex 278.127 3.1713 0
    endloop
  endfacet
  facet normal 0.706749 -0.707464 0
    outer loop
      vertex 278.829 3.87259 0
      vertex 278.829 3.87259 30
      vertex 278.127 3.1713 30
    endloop
  endfacet
  facet normal 0.763073 -0.646313 0
    outer loop
      vertex 279.47 4.62939 0
      vertex 278.829 3.87259 30
      vertex 278.829 3.87259 0
    endloop
  endfacet
  facet normal 0.763073 -0.646313 0
    outer loop
      vertex 279.47 4.62939 0
      vertex 279.47 4.62939 30
      vertex 278.829 3.87259 30
    endloop
  endfacet
  facet normal 0.814009 -0.580852 0
    outer loop
      vertex 280.046 5.4366 0
      vertex 279.47 4.62939 30
      vertex 279.47 4.62939 0
    endloop
  endfacet
  facet normal 0.814009 -0.580852 0
    outer loop
      vertex 280.046 5.4366 0
      vertex 280.046 5.4366 30
      vertex 279.47 4.62939 30
    endloop
  endfacet
  facet normal 0.85891 -0.512126 0
    outer loop
      vertex 280.554 6.28859 0
      vertex 280.046 5.4366 30
      vertex 280.046 5.4366 0
    endloop
  endfacet
  facet normal 0.85891 -0.512126 0
    outer loop
      vertex 280.554 6.28859 0
      vertex 280.554 6.28859 30
      vertex 280.046 5.4366 30
    endloop
  endfacet
  facet normal 0.898642 -0.438682 0
    outer loop
      vertex 280.989 7.17969 0
      vertex 280.554 6.28859 30
      vertex 280.554 6.28859 0
    endloop
  endfacet
  facet normal 0.898642 -0.438682 0
    outer loop
      vertex 280.989 7.17969 0
      vertex 280.989 7.17969 30
      vertex 280.554 6.28859 30
    endloop
  endfacet
  facet normal 0.931423 -0.363939 0
    outer loop
      vertex 281.35 8.10359 0
      vertex 280.989 7.17969 30
      vertex 280.989 7.17969 0
    endloop
  endfacet
  facet normal 0.931423 -0.363939 0
    outer loop
      vertex 281.35 8.10359 0
      vertex 281.35 8.10359 30
      vertex 280.989 7.17969 30
    endloop
  endfacet
  facet normal 0.95843 -0.285328 0
    outer loop
      vertex 281.633 9.0542 0
      vertex 281.35 8.10359 30
      vertex 281.35 8.10359 0
    endloop
  endfacet
  facet normal 0.95843 -0.285328 0
    outer loop
      vertex 281.633 9.0542 0
      vertex 281.633 9.0542 30
      vertex 281.35 8.10359 30
    endloop
  endfacet
  facet normal 0.978825 -0.204699 0
    outer loop
      vertex 281.836 10.0249 0
      vertex 281.633 9.0542 30
      vertex 281.633 9.0542 0
    endloop
  endfacet
  facet normal 0.978825 -0.204699 0
    outer loop
      vertex 281.836 10.0249 0
      vertex 281.836 10.0249 30
      vertex 281.633 9.0542 30
    endloop
  endfacet
  facet normal 0.992279 -0.124022 0
    outer loop
      vertex 281.959 11.009 0
      vertex 281.836 10.0249 30
      vertex 281.836 10.0249 0
    endloop
  endfacet
  facet normal 0.992279 -0.124022 0
    outer loop
      vertex 281.959 11.009 0
      vertex 281.959 11.009 30
      vertex 281.836 10.0249 30
    endloop
  endfacet
  facet normal 0.999145 -0.041337 0
    outer loop
      vertex 282 12 0
      vertex 281.959 11.009 30
      vertex 281.959 11.009 0
    endloop
  endfacet
  facet normal 0.999145 -0.041337 0
    outer loop
      vertex 282 12 0
      vertex 282 12 30
      vertex 281.959 11.009 30
    endloop
  endfacet
  facet normal 1 0 0
    outer loop
      vertex 282 178 0
      vertex 282 12 30
      vertex 282 12 0
    endloop
  endfacet
  facet normal 1 0 -0
    outer loop
      vertex 282 178 0
      vertex 282 178 30
      vertex 282 12 30
    endloop
  endfacet
  facet normal 0.999145 0.041337 0
    outer loop
      vertex 281.959 178.991 0
      vertex 282 178 30
      vertex 282 178 0
    endloop
  endfacet
  facet normal 0.999145 0.041337 -0
    outer loop
      vertex 281.959 178.991 0
      vertex 281.959 178.991 30
      vertex 282 178 30
    endloop
  endfacet
  facet normal 0.992278 0.124035 0
    outer loop
      vertex 281.836 179.975 0
      vertex 281.959 178.991 30
      vertex 281.959 178.991 0
    endloop
  endfacet
  facet normal 0.992278 0.124035 -0
    outer loop
      vertex 281.836 179.975 0
      vertex 281.836 179.975 30
      vertex 281.959 178.991 30
    endloop
  endfacet
  facet normal 0.978838 0.204639 0
    outer loop
      vertex 281.633 180.946 0
      vertex 281.836 179.975 30
      vertex 281.836 179.975 0
    endloop
  endfacet
  facet normal 0.978838 0.204639 -0
    outer loop
      vertex 281.633 180.946 0
      vertex 281.633 180.946 30
      vertex 281.836 179.975 30
    endloop
  endfacet
  facet normal 0.95838 0.285496 0
    outer loop
      vertex 281.35 181.896 0
      vertex 281.633 180.946 30
      vertex 281.633 180.946 0
    endloop
  endfacet
  facet normal 0.95838 0.285496 -0
    outer loop
      vertex 281.35 181.896 0
      vertex 281.35 181.896 30
      vertex 281.633 180.946 30
    endloop
  endfacet
  facet normal 0.931436 0.363905 0
    outer loop
      vertex 280.989 182.82 0
      vertex 281.35 181.896 30
      vertex 281.35 181.896 0
    endloop
  endfacet
  facet normal 0.931436 0.363905 -0
    outer loop
      vertex 280.989 182.82 0
      vertex 280.989 182.82 30
      vertex 281.35 181.896 30
    endloop
  endfacet
  facet normal 0.898623 0.438722 0
    outer loop
      vertex 280.554 183.711 0
      vertex 280.989 182.82 30
      vertex 280.989 182.82 0
    endloop
  endfacet
  facet normal 0.898623 0.438722 -0
    outer loop
      vertex 280.554 183.711 0
      vertex 280.554 183.711 30
      vertex 280.989 182.82 30
    endloop
  endfacet
  facet normal 0.858913 0.512122 0
    outer loop
      vertex 280.046 184.563 0
      vertex 280.554 183.711 30
      vertex 280.554 183.711 0
    endloop
  endfacet
  facet normal 0.858913 0.512122 -0
    outer loop
      vertex 280.046 184.563 0
      vertex 280.046 184.563 30
      vertex 280.554 183.711 30
    endloop
  endfacet
  facet normal 0.814278 0.580475 0
    outer loop
      vertex 279.47 185.371 0
      vertex 280.046 184.563 30
      vertex 280.046 184.563 0
    endloop
  endfacet
  facet normal 0.814278 0.580475 -0
    outer loop
      vertex 279.47 185.371 0
      vertex 279.47 185.371 30
      vertex 280.046 184.563 30
    endloop
  endfacet
  facet normal 0.762735 0.646711 0
    outer loop
      vertex 278.829 186.127 0
      vertex 279.47 185.371 30
      vertex 279.47 185.371 0
    endloop
  endfacet
  facet normal 0.762735 0.646711 -0
    outer loop
      vertex 278.829 186.127 0
      vertex 278.829 186.127 30
      vertex 279.47 185.371 30
    endloop
  endfacet
  facet normal 0.707107 0.707107 0
    outer loop
      vertex 278.127 186.829 0
      vertex 278.829 186.127 30
      vertex 278.829 186.127 0
    endloop
  endfacet
  facet normal 0.707107 0.707107 -0
    outer loop
      vertex 278.127 186.829 0
      vertex 278.127 186.829 30
      vertex 278.829 186.127 30
    endloop
  endfacet
  facet normal 0.646711 0.762735 0
    outer loop
      vertex 277.371 187.47 0
      vertex 278.127 186.829 30
      vertex 278.127 186.829 0
    endloop
  endfacet
  facet normal 0.646711 0.762735 -0
    outer loop
      vertex 277.371 187.47 0
      vertex 277.371 187.47 30
      vertex 278.127 186.829 30
    endloop
  endfacet
  facet normal 0.580475 0.814278 0
    outer loop
      vertex 276.563 188.046 0
      vertex 277.371 187.47 30
      vertex 277.371 187.47 0
    endloop
  endfacet
  facet normal 0.580475 0.814278 -0
    outer loop
      vertex 276.563 188.046 0
      vertex 276.563 188.046 30
      vertex 277.371 187.47 30
    endloop
  endfacet
  facet normal 0.512122 0.858913 0
    outer loop
      vertex 275.711 188.554 0
      vertex 276.563 188.046 30
      vertex 276.563 188.046 0
    endloop
  endfacet
  facet normal 0.512122 0.858913 -0
    outer loop
      vertex 275.711 188.554 0
      vertex 275.711 188.554 30
      vertex 276.563 188.046 30
    endloop
  endfacet
  facet normal 0.438722 0.898623 0
    outer loop
      vertex 274.82 188.989 0
      vertex 275.711 188.554 30
      vertex 275.711 188.554 0
    endloop
  endfacet
  facet normal 0.438722 0.898623 -0
    outer loop
      vertex 274.82 188.989 0
      vertex 274.82 188.989 30
      vertex 275.711 188.554 30
    endloop
  endfacet
  facet normal 0.363905 0.931436 0
    outer loop
      vertex 273.896 189.35 0
      vertex 274.82 188.989 30
      vertex 274.82 188.989 0
    endloop
  endfacet
  facet normal 0.363905 0.931436 -0
    outer loop
      vertex 273.896 189.35 0
      vertex 273.896 189.35 30
      vertex 274.82 188.989 30
    endloop
  endfacet
  facet normal 0.285496 0.95838 0
    outer loop
      vertex 272.946 189.633 0
      vertex 273.896 189.35 30
      vertex 273.896 189.35 0
    endloop
  endfacet
  facet normal 0.285496 0.95838 -0
    outer loop
      vertex 272.946 189.633 0
      vertex 272.946 189.633 30
      vertex 273.896 189.35 30
    endloop
  endfacet
  facet normal 0.204639 0.978838 0
    outer loop
      vertex 271.975 189.836 0
      vertex 272.946 189.633 30
      vertex 272.946 189.633 0
    endloop
  endfacet
  facet normal 0.204639 0.978838 -0
    outer loop
      vertex 271.975 189.836 0
      vertex 271.975 189.836 30
      vertex 272.946 189.633 30
    endloop
  endfacet
  facet normal 0.124035 0.992278 0
    outer loop
      vertex 270.991 189.959 0
      vertex 271.975 189.836 30
      vertex 271.975 189.836 0
    endloop
  endfacet
  facet normal 0.124035 0.992278 -0
    outer loop
      vertex 270.991 189.959 0
      vertex 270.991 189.959 30
      vertex 271.975 189.836 30
    endloop
  endfacet
  facet normal 0.041337 0.999145 0
    outer loop
      vertex 270 190 0
      vertex 270.991 189.959 30
      vertex 270.991 189.959 0
    endloop
  endfacet
  facet normal 0.041337 0.999145 -0
    outer loop
      vertex 270 190 0
      vertex 270 190 30
      vertex 270.991 189.959 30
    endloop
  endfacet
  facet normal 0 1 0
    outer loop
      vertex 12 190 0
      vertex 270 190 30
      vertex 270 190 0
    endloop
  endfacet
  facet normal 0 1 0
    outer loop
      vertex 12 190 0
      vertex 12 190 30
      vertex 270 190 30
    endloop
  endfacet
  facet normal -0.041337 0.999145 0
    outer loop
      vertex 11.009 189.959 0
      vertex 12 190 30
      vertex 12 190 0
    endloop
  endfacet
  facet normal -0.041337 0.999145 0
    outer loop
      vertex 11.009 189.959 0
      vertex 11.009 189.959 30
      vertex 12 190 30
    endloop
  endfacet
  facet normal -0.124022 0.992279 0
    outer loop
      vertex 10.0249 189.836 0
      vertex 11.009 189.959 30
      vertex 11.009 189.959 0
    endloop
  endfacet
  facet normal -0.124022 0.992279 0
    outer loop
      vertex 10.0249 189.836 0
      vertex 10.0249 189.836 30
      vertex 11.009 189.959 30
    endloop
  endfacet
  facet normal -0.204699 0.978825 0
    outer loop
      vertex 9.0542 189.633 0
      vertex 10.0249 189.836 30
      vertex 10.0249 189.836 0
    endloop
  endfacet
  facet normal -0.204699 0.978825 0
    outer loop
      vertex 9.0542 189.633 0
      vertex 9.0542 189.633 30
      vertex 10.0249 189.836 30
    endloop
  endfacet
  facet normal -0.285328 0.95843 0
    outer loop
      vertex 8.10359 189.35 0
      vertex 9.0542 189.633 30
      vertex 9.0542 189.633 0
    endloop
  endfacet
  facet normal -0.285328 0.95843 0
    outer loop
      vertex 8.10359 189.35 0
      vertex 8.10359 189.35 30
      vertex 9.0542 189.633 30
    endloop
  endfacet
  facet normal -0.363939 0.931423 0
    outer loop
      vertex 7.17969 188.989 0
      vertex 8.10359 189.35 30
      vertex 8.10359 189.35 0
    endloop
  endfacet
  facet normal -0.363939 0.931423 0
    outer loop
      vertex 7.17969 188.989 0
      vertex 7.17969 188.989 30
      vertex 8.10359 189.35 30
    endloop
  endfacet
  facet normal -0.438682 0.898642 0
    outer loop
      vertex 6.28859 188.554 0
      vertex 7.17969 188.989 30
      vertex 7.17969 188.989 0
    endloop
  endfacet
  facet normal -0.438682 0.898642 0
    outer loop
      vertex 6.28859 188.554 0
      vertex 6.28859 188.554 30
      vertex 7.17969 188.989 30
    endloop
  endfacet
  facet normal -0.512126 0.85891 0
    outer loop
      vertex 5.4366 188.046 0
      vertex 6.28859 188.554 30
      vertex 6.28859 188.554 0
    endloop
  endfacet
  facet normal -0.512126 0.85891 0
    outer loop
      vertex 5.4366 188.046 0
      vertex 5.4366 188.046 30
      vertex 6.28859 188.554 30
    endloop
  endfacet
  facet normal -0.580852 0.814009 0
    outer loop
      vertex 4.62939 187.47 0
      vertex 5.4366 188.046 30
      vertex 5.4366 188.046 0
    endloop
  endfacet
  facet normal -0.580852 0.814009 0
    outer loop
      vertex 4.62939 187.47 0
      vertex 4.62939 187.47 30
      vertex 5.4366 188.046 30
    endloop
  endfacet
  facet normal -0.646313 0.763073 0
    outer loop
      vertex 3.87259 186.829 0
      vertex 4.62939 187.47 30
      vertex 4.62939 187.47 0
    endloop
  endfacet
  facet normal -0.646313 0.763073 0
    outer loop
      vertex 3.87259 186.829 0
      vertex 3.87259 186.829 30
      vertex 4.62939 187.47 30
    endloop
  endfacet
  facet normal -0.707464 0.706749 0
    outer loop
      vertex 3.1713 186.127 0
      vertex 3.87259 186.829 30
      vertex 3.87259 186.829 0
    endloop
  endfacet
  facet normal -0.707464 0.706749 0
    outer loop
      vertex 3.1713 186.127 0
      vertex 3.1713 186.127 30
      vertex 3.87259 186.829 30
    endloop
  endfacet
  facet normal -0.76273 0.646717 0
    outer loop
      vertex 2.53029 185.371 0
      vertex 3.1713 186.127 30
      vertex 3.1713 186.127 0
    endloop
  endfacet
  facet normal -0.76273 0.646717 0
    outer loop
      vertex 2.53029 185.371 0
      vertex 2.53029 185.371 30
      vertex 3.1713 186.127 30
    endloop
  endfacet
  facet normal -0.814135 0.580676 0
    outer loop
      vertex 1.95399 184.563 0
      vertex 2.53029 185.371 30
      vertex 2.53029 185.371 0
    endloop
  endfacet
  facet normal -0.814135 0.580676 0
    outer loop
      vertex 1.95399 184.563 0
      vertex 1.95399 184.563 30
      vertex 2.53029 185.371 30
    endloop
  endfacet
  facet normal -0.859046 0.511899 0
    outer loop
      vertex 1.44629 183.711 0
      vertex 1.95399 184.563 30
      vertex 1.95399 184.563 0
    endloop
  endfacet
  facet normal -0.859046 0.511899 0
    outer loop
      vertex 1.44629 183.711 0
      vertex 1.44629 183.711 30
      vertex 1.95399 184.563 30
    endloop
  endfacet
  facet normal -0.898388 0.439202 0
    outer loop
      vertex 1.0107 182.82 0
      vertex 1.44629 183.711 30
      vertex 1.44629 183.711 0
    endloop
  endfacet
  facet normal -0.898388 0.439202 0
    outer loop
      vertex 1.0107 182.82 0
      vertex 1.0107 182.82 30
      vertex 1.44629 183.711 30
    endloop
  endfacet
  facet normal -0.931604 0.363475 0
    outer loop
      vertex 0.650192 181.896 0
      vertex 1.0107 182.82 30
      vertex 1.0107 182.82 0
    endloop
  endfacet
  facet normal -0.931604 0.363475 0
    outer loop
      vertex 0.650192 181.896 0
      vertex 0.650192 181.896 30
      vertex 1.0107 182.82 30
    endloop
  endfacet
  facet normal -0.958379 0.2855 0
    outer loop
      vertex 0.367188 180.946 0
      vertex 0.650192 181.896 30
      vertex 0.650192 181.896 0
    endloop
  endfacet
  facet normal -0.958379 0.2855 0
    outer loop
      vertex 0.367188 180.946 0
      vertex 0.367188 180.946 30
      vertex 0.650192 181.896 30
    endloop
  endfacet
  facet normal -0.978738 0.205114 0
    outer loop
      vertex 0.163696 179.975 0
      vertex 0.367188 180.946 30
      vertex 0.367188 180.946 0
    endloop
  endfacet
  facet normal -0.978738 0.205114 0
    outer loop
      vertex 0.163696 179.975 0
      vertex 0.163696 179.975 30
      vertex 0.367188 180.946 30
    endloop
  endfacet
  facet normal -0.992314 0.123748 0
    outer loop
      vertex 0.0409851 178.991 0
      vertex 0.163696 179.975 30
      vertex 0.163696 179.975 0
    endloop
  endfacet
  facet normal -0.992314 0.123748 0
    outer loop
      vertex 0.0409851 178.991 0
      vertex 0.0409851 178.991 30
      vertex 0.163696 179.975 30
    endloop
  endfacet
  facet normal -0.999146 0.041322 0
    outer loop
      vertex 0 178 0
      vertex 0.0409851 178.991 30
      vertex 0.0409851 178.991 0
    endloop
  endfacet
  facet normal -0.999146 0.041322 0
    outer loop
      vertex 0 178 0
      vertex 0 178 30
      vertex 0.0409851 178.991 30
    endloop
  endfacet
  facet normal -1 0 0
    outer loop
      vertex 0 12 0
      vertex 0 178 30
      vertex 0 178 0
    endloop
  endfacet
  facet normal -1 0 0
    outer loop
      vertex 0 12 0
      vertex 0 12 30
      vertex 0 178 30
    endloop
  endfacet
  facet normal -0.999146 -0.041322 0
    outer loop
      vertex 0.0409851 11.009 0
      vertex 0 12 30
      vertex 0 12 0
    endloop
  endfacet
  facet normal -0.999146 -0.041322 0
    outer loop
      vertex 0.0409851 11.009 0
      vertex 0.0409851 11.009 30
      vertex 0 12 30
    endloop
  endfacet
  facet normal -0.992315 -0.123735 0
    outer loop
      vertex 0.163696 10.0249 0
      vertex 0.0409851 11.009 30
      vertex 0.0409851 11.009 0
    endloop
  endfacet
  facet normal -0.992315 -0.123735 0
    outer loop
      vertex 0.163696 10.0249 0
      vertex 0.163696 10.0249 30
      vertex 0.0409851 11.009 30
    endloop
  endfacet
  facet normal -0.978725 -0.205174 0
    outer loop
      vertex 0.367188 9.0542 0
      vertex 0.163696 10.0249 30
      vertex 0.163696 10.0249 0
    endloop
  endfacet
  facet normal -0.978725 -0.205174 0
    outer loop
      vertex 0.367188 9.0542 0
      vertex 0.367188 9.0542 30
      vertex 0.163696 10.0249 30
    endloop
  endfacet
  facet normal -0.958429 -0.285332 0
    outer loop
      vertex 0.650192 8.10359 0
      vertex 0.367188 9.0542 30
      vertex 0.367188 9.0542 0
    endloop
  endfacet
  facet normal -0.958429 -0.285332 0
    outer loop
      vertex 0.650192 8.10359 0
      vertex 0.650192 8.10359 30
      vertex 0.367188 9.0542 30
    endloop
  endfacet
  facet normal -0.931591 -0.363509 0
    outer loop
      vertex 1.0107 7.17969 0
      vertex 0.650192 8.10359 30
      vertex 0.650192 8.10359 0
    endloop
  endfacet
  facet normal -0.931591 -0.363509 0
    outer loop
      vertex 1.0107 7.17969 0
      vertex 1.0107 7.17969 30
      vertex 0.650192 8.10359 30
    endloop
  endfacet
  facet normal -0.898408 -0.439162 0
    outer loop
      vertex 1.44629 6.28859 0
      vertex 1.0107 7.17969 30
      vertex 1.0107 7.17969 0
    endloop
  endfacet
  facet normal -0.898408 -0.439162 0
    outer loop
      vertex 1.44629 6.28859 0
      vertex 1.44629 6.28859 30
      vertex 1.0107 7.17969 30
    endloop
  endfacet
  facet normal -0.859043 -0.511903 0
    outer loop
      vertex 1.95399 5.4366 0
      vertex 1.44629 6.28859 30
      vertex 1.44629 6.28859 0
    endloop
  endfacet
  facet normal -0.859043 -0.511903 0
    outer loop
      vertex 1.95399 5.4366 0
      vertex 1.95399 5.4366 30
      vertex 1.44629 6.28859 30
    endloop
  endfacet
  facet normal -0.813866 -0.581052 0
    outer loop
      vertex 2.53029 4.62939 0
      vertex 1.95399 5.4366 30
      vertex 1.95399 5.4366 0
    endloop
  endfacet
  facet normal -0.813866 -0.581052 0
    outer loop
      vertex 2.53029 4.62939 0
      vertex 2.53029 4.62939 30
      vertex 1.95399 5.4366 30
    endloop
  endfacet
  facet normal -0.763068 -0.646319 0
    outer loop
      vertex 3.1713 3.87259 0
      vertex 2.53029 4.62939 30
      vertex 2.53029 4.62939 0
    endloop
  endfacet
  facet normal -0.763068 -0.646319 0
    outer loop
      vertex 3.1713 3.87259 0
      vertex 3.1713 3.87259 30
      vertex 2.53029 4.62939 30
    endloop
  endfacet
  facet normal -0.707107 -0.707107 0
    outer loop
      vertex 3.87259 3.1713 0
      vertex 3.1713 3.87259 30
      vertex 3.1713 3.87259 0
    endloop
  endfacet
  facet normal -0.707107 -0.707107 0
    outer loop
      vertex 3.87259 3.1713 0
      vertex 3.87259 3.1713 30
      vertex 3.1713 3.87259 30
    endloop
  endfacet
  facet normal -0.646319 -0.763068 0
    outer loop
      vertex 4.62939 2.53029 0
      vertex 3.87259 3.1713 30
      vertex 3.87259 3.1713 0
    endloop
  endfacet
  facet normal -0.646319 -0.763068 0
    outer loop
      vertex 4.62939 2.53029 0
      vertex 4.62939 2.53029 30
      vertex 3.87259 3.1713 30
    endloop
  endfacet
  facet normal -0.581052 -0.813866 0
    outer loop
      vertex 5.4366 1.95399 0
      vertex 4.62939 2.53029 30
      vertex 4.62939 2.53029 0
    endloop
  endfacet
  facet normal -0.581052 -0.813866 0
    outer loop
      vertex 5.4366 1.95399 0
      vertex 5.4366 1.95399 30
      vertex 4.62939 2.53029 30
    endloop
  endfacet
  facet normal -0.511903 -0.859043 0
    outer loop
      vertex 6.28859 1.44629 0
      vertex 5.4366 1.95399 30
      vertex 5.4366 1.95399 0
    endloop
  endfacet
  facet normal -0.511903 -0.859043 0
    outer loop
      vertex 6.28859 1.44629 0
      vertex 6.28859 1.44629 30
      vertex 5.4366 1.95399 30
    endloop
  endfacet
  facet normal -0.439162 -0.898408 0
    outer loop
      vertex 7.17969 1.0107 0
      vertex 6.28859 1.44629 30
      vertex 6.28859 1.44629 0
    endloop
  endfacet
  facet normal -0.439162 -0.898408 0
    outer loop
      vertex 7.17969 1.0107 0
      vertex 7.17969 1.0107 30
      vertex 6.28859 1.44629 30
    endloop
  endfacet
  facet normal -0.363509 -0.931591 0
    outer loop
      vertex 8.10359 0.650192 0
      vertex 7.17969 1.0107 30
      vertex 7.17969 1.0107 0
    endloop
  endfacet
  facet normal -0.363509 -0.931591 0
    outer loop
      vertex 8.10359 0.650192 0
      vertex 8.10359 0.650192 30
      vertex 7.17969 1.0107 30
    endloop
  endfacet
  facet normal -0.285332 -0.958429 0
    outer loop
      vertex 9.0542 0.367188 0
      vertex 8.10359 0.650192 30
      vertex 8.10359 0.650192 0
    endloop
  endfacet
  facet normal -0.285332 -0.958429 0
    outer loop
      vertex 9.0542 0.367188 0
      vertex 9.0542 0.367188 30
      vertex 8.10359 0.650192 30
    endloop
  endfacet
  facet normal -0.205174 -0.978725 0
    outer loop
      vertex 10.0249 0.163696 0
      vertex 9.0542 0.367188 30
      vertex 9.0542 0.367188 0
    endloop
  endfacet
  facet normal -0.205174 -0.978725 0
    outer loop
      vertex 10.0249 0.163696 0
      vertex 10.0249 0.163696 30
      vertex 9.0542 0.367188 30
    endloop
  endfacet
  facet normal -0.123735 -0.992315 0
    outer loop
      vertex 11.009 0.0409851 0
      vertex 10.0249 0.163696 30
      vertex 10.0249 0.163696 0
    endloop
  endfacet
  facet normal -0.123735 -0.992315 0
    outer loop
      vertex 11.009 0.0409851 0
      vertex 11.009 0.0409851 30
      vertex 10.0249 0.163696 30
    endloop
  endfacet
  facet normal -0.041322 -0.999146 0
    outer loop
      vertex 12 0 0
      vertex 11.009 0.0409851 30
      vertex 11.009 0.0409851 0
    endloop
  endfacet
  facet normal -0.041322 -0.999146 0
    outer loop
      vertex 12 0 0
      vertex 12 0 30
      vertex 11.009 0.0409851 30
    endloop
  endfacet
  facet normal 0 -1 0
    outer loop
      vertex 270 0 0
      vertex 12 0 30
      vertex 12 0 0
    endloop
  endfacet
  facet normal 0 -1 0
    outer loop
      vertex 270 0 0
      vertex 270 0 30
      vertex 12 0 30
    endloop
  endfacet
  facet normal 0.041322 -0.999146 0
    outer loop
      vertex 270.991 0.0409851 0
      vertex 270 0 30
      vertex 270 0 0
    endloop
  endfacet
  facet normal 0.041322 -0.999146 0
    outer loop
      vertex 270.991 0.0409851 0
      vertex 270.991 0.0409851 30
      vertex 270 0 30
    endloop
  endfacet
  facet normal 0.13129 0.991344 -0
    outer loop
      vertex 17.0449 151.584 0
      vertex 17.0449 151.584 30
      vertex 17.5206 151.521 0
    endloop
  endfacet
  facet normal 0.13129 0.991344 0
    outer loop
      vertex 17.5206 151.521 30
      vertex 17.5206 151.521 0
      vertex 17.0449 151.584 30
    endloop
  endfacet
  facet normal 0.214766 0.976665 -0
    outer loop
      vertex 16.5765 151.687 0
      vertex 16.5765 151.687 30
      vertex 17.0449 151.584 0
    endloop
  endfacet
  facet normal 0.214766 0.976665 0
    outer loop
      vertex 17.0449 151.584 30
      vertex 17.0449 151.584 0
      vertex 16.5765 151.687 30
    endloop
  endfacet
  facet normal 0.302068 0.953286 -0
    outer loop
      vertex 16.1189 151.832 0
      vertex 16.1189 151.832 30
      vertex 16.5765 151.687 0
    endloop
  endfacet
  facet normal 0.302068 0.953286 0
    outer loop
      vertex 16.5765 151.687 30
      vertex 16.5765 151.687 0
      vertex 16.1189 151.832 30
    endloop
  endfacet
  facet normal 0.381578 0.924337 -0
    outer loop
      vertex 15.6756 152.015 0
      vertex 15.6756 152.015 30
      vertex 16.1189 151.832 0
    endloop
  endfacet
  facet normal 0.381578 0.924337 0
    outer loop
      vertex 16.1189 151.832 30
      vertex 16.1189 151.832 0
      vertex 15.6756 152.015 30
    endloop
  endfacet
  facet normal 0.462481 0.886629 -0
    outer loop
      vertex 15.25 152.237 0
      vertex 15.25 152.237 30
      vertex 15.6756 152.015 0
    endloop
  endfacet
  facet normal 0.462481 0.886629 0
    outer loop
      vertex 15.6756 152.015 30
      vertex 15.6756 152.015 0
      vertex 15.25 152.237 30
    endloop
  endfacet
  facet normal 0.537563 0.843224 -0
    outer loop
      vertex 14.8453 152.495 0
      vertex 14.8453 152.495 30
      vertex 15.25 152.237 0
    endloop
  endfacet
  facet normal 0.537563 0.843224 0
    outer loop
      vertex 15.25 152.237 30
      vertex 15.25 152.237 0
      vertex 14.8453 152.495 30
    endloop
  endfacet
  facet normal 0.608703 0.793398 -0
    outer loop
      vertex 14.4647 152.787 0
      vertex 14.4647 152.787 30
      vertex 14.8453 152.495 0
    endloop
  endfacet
  facet normal 0.608703 0.793398 0
    outer loop
      vertex 14.8453 152.495 30
      vertex 14.8453 152.495 0
      vertex 14.4647 152.787 30
    endloop
  endfacet
  facet normal 0.675366 0.737483 -0
    outer loop
      vertex 14.1109 153.111 0
      vertex 14.1109 153.111 30
      vertex 14.4647 152.787 0
    endloop
  endfacet
  facet normal 0.675366 0.737483 0
    outer loop
      vertex 14.4647 152.787 30
      vertex 14.4647 152.787 0
      vertex 14.1109 153.111 30
    endloop
  endfacet
  facet normal 0.737569 0.675272 -0
    outer loop
      vertex 13.7868 153.465 0
      vertex 13.7868 153.465 30
      vertex 14.1109 153.111 0
    endloop
  endfacet
  facet normal 0.737569 0.675272 0
    outer loop
      vertex 14.1109 153.111 30
      vertex 14.1109 153.111 0
      vertex 13.7868 153.465 30
    endloop
  endfacet
  facet normal 0.792833 0.609438 -0
    outer loop
      vertex 13.4947 153.845 0
      vertex 13.4947 153.845 30
      vertex 13.7868 153.465 0
    endloop
  endfacet
  facet normal 0.792833 0.609438 0
    outer loop
      vertex 13.7868 153.465 30
      vertex 13.7868 153.465 0
      vertex 13.4947 153.845 30
    endloop
  endfacet
  facet normal 0.843593 0.536983 -0
    outer loop
      vertex 13.2369 154.25 0
      vertex 13.2369 154.25 30
      vertex 13.4947 153.845 0
    endloop
  endfacet
  facet normal 0.843593 0.536983 0
    outer loop
      vertex 13.4947 153.845 30
      vertex 13.4947 153.845 0
      vertex 13.2369 154.25 30
    endloop
  endfacet
  facet normal 0.887149 0.461484 -0
    outer loop
      vertex 13.0153 154.676 0
      vertex 13.0153 154.676 30
      vertex 13.2369 154.25 0
    endloop
  endfacet
  facet normal 0.887149 0.461484 0
    outer loop
      vertex 13.2369 154.25 30
      vertex 13.2369 154.25 0
      vertex 13.0153 154.676 30
    endloop
  endfacet
  facet normal 0.923803 0.382867 -0
    outer loop
      vertex 12.8317 155.119 0
      vertex 12.8317 155.119 30
      vertex 13.0153 154.676 0
    endloop
  endfacet
  facet normal 0.923803 0.382867 0
    outer loop
      vertex 13.0153 154.676 30
      vertex 13.0153 154.676 0
      vertex 12.8317 155.119 30
    endloop
  endfacet
  facet normal 0.953592 0.301101 -0
    outer loop
      vertex 12.6874 155.576 0
      vertex 12.6874 155.576 30
      vertex 12.8317 155.119 0
    endloop
  endfacet
  facet normal 0.953592 0.301101 0
    outer loop
      vertex 12.8317 155.119 30
      vertex 12.8317 155.119 0
      vertex 12.6874 155.576 30
    endloop
  endfacet
  facet normal 0.976373 0.216093 -0
    outer loop
      vertex 12.5836 156.045 0
      vertex 12.5836 156.045 30
      vertex 12.6874 155.576 0
    endloop
  endfacet
  facet normal 0.976373 0.216093 0
    outer loop
      vertex 12.6874 155.576 30
      vertex 12.6874 155.576 0
      vertex 12.5836 156.045 30
    endloop
  endfacet
  facet normal 0.991436 0.130595 -0
    outer loop
      vertex 12.5209 156.521 0
      vertex 12.5209 156.521 30
      vertex 12.5836 156.045 0
    endloop
  endfacet
  facet normal 0.991436 0.130595 0
    outer loop
      vertex 12.5836 156.045 30
      vertex 12.5836 156.045 0
      vertex 12.5209 156.521 30
    endloop
  endfacet
  facet normal 0.999049 0.0435911 -0
    outer loop
      vertex 12.5 157 0
      vertex 12.5 157 30
      vertex 12.5209 156.521 0
    endloop
  endfacet
  facet normal 0.999049 0.0435911 0
    outer loop
      vertex 12.5209 156.521 30
      vertex 12.5209 156.521 0
      vertex 12.5 157 30
    endloop
  endfacet
  facet normal 0.999049 -0.0435911 0
    outer loop
      vertex 12.5209 157.479 0
      vertex 12.5209 157.479 30
      vertex 12.5 157 0
    endloop
  endfacet
  facet normal 0.999049 -0.0435911 0
    outer loop
      vertex 12.5 157 30
      vertex 12.5 157 0
      vertex 12.5209 157.479 30
    endloop
  endfacet
  facet normal 0.991436 -0.130595 0
    outer loop
      vertex 12.5836 157.955 0
      vertex 12.5836 157.955 30
      vertex 12.5209 157.479 0
    endloop
  endfacet
  facet normal 0.991436 -0.130595 0
    outer loop
      vertex 12.5209 157.479 30
      vertex 12.5209 157.479 0
      vertex 12.5836 157.955 30
    endloop
  endfacet
  facet normal 0.976275 -0.216533 0
    outer loop
      vertex 12.6874 158.423 0
      vertex 12.6874 158.423 30
      vertex 12.5836 157.955 0
    endloop
  endfacet
  facet normal 0.976275 -0.216533 0
    outer loop
      vertex 12.5836 157.955 30
      vertex 12.5836 157.955 0
      vertex 12.6874 158.423 30
    endloop
  endfacet
  facet normal 0.953781 -0.300503 0
    outer loop
      vertex 12.8317 158.881 0
      vertex 12.8317 158.881 30
      vertex 12.6874 158.423 0
    endloop
  endfacet
  facet normal 0.953781 -0.300503 0
    outer loop
      vertex 12.6874 158.423 30
      vertex 12.6874 158.423 0
      vertex 12.8317 158.881 30
    endloop
  endfacet
  facet normal 0.923803 -0.382867 0
    outer loop
      vertex 13.0153 159.324 0
      vertex 13.0153 159.324 30
      vertex 12.8317 158.881 0
    endloop
  endfacet
  facet normal 0.923803 -0.382867 0
    outer loop
      vertex 12.8317 158.881 30
      vertex 12.8317 158.881 0
      vertex 13.0153 159.324 30
    endloop
  endfacet
  facet normal 0.887149 -0.461484 0
    outer loop
      vertex 13.2369 159.75 0
      vertex 13.2369 159.75 30
      vertex 13.0153 159.324 0
    endloop
  endfacet
  facet normal 0.887149 -0.461484 0
    outer loop
      vertex 13.0153 159.324 30
      vertex 13.0153 159.324 0
      vertex 13.2369 159.75 30
    endloop
  endfacet
  facet normal 0.843593 -0.536983 0
    outer loop
      vertex 13.4947 160.155 0
      vertex 13.4947 160.155 30
      vertex 13.2369 159.75 0
    endloop
  endfacet
  facet normal 0.843593 -0.536983 0
    outer loop
      vertex 13.2369 159.75 30
      vertex 13.2369 159.75 0
      vertex 13.4947 160.155 30
    endloop
  endfacet
  facet normal 0.792833 -0.609438 0
    outer loop
      vertex 13.7868 160.535 0
      vertex 13.7868 160.535 30
      vertex 13.4947 160.155 0
    endloop
  endfacet
  facet normal 0.792833 -0.609438 0
    outer loop
      vertex 13.4947 160.155 30
      vertex 13.4947 160.155 0
      vertex 13.7868 160.535 30
    endloop
  endfacet
  facet normal 0.737569 -0.675272 0
    outer loop
      vertex 14.1109 160.889 0
      vertex 14.1109 160.889 30
      vertex 13.7868 160.535 0
    endloop
  endfacet
  facet normal 0.737569 -0.675272 0
    outer loop
      vertex 13.7868 160.535 30
      vertex 13.7868 160.535 0
      vertex 14.1109 160.889 30
    endloop
  endfacet
  facet normal 0.675366 -0.737483 0
    outer loop
      vertex 14.4647 161.213 0
      vertex 14.4647 161.213 30
      vertex 14.1109 160.889 0
    endloop
  endfacet
  facet normal 0.675366 -0.737483 0
    outer loop
      vertex 14.1109 160.889 30
      vertex 14.1109 160.889 0
      vertex 14.4647 161.213 30
    endloop
  endfacet
  facet normal 0.608703 -0.793398 0
    outer loop
      vertex 14.8453 161.505 0
      vertex 14.8453 161.505 30
      vertex 14.4647 161.213 0
    endloop
  endfacet
  facet normal 0.608703 -0.793398 0
    outer loop
      vertex 14.4647 161.213 30
      vertex 14.4647 161.213 0
      vertex 14.8453 161.505 30
    endloop
  endfacet
  facet normal 0.537563 -0.843224 0
    outer loop
      vertex 15.25 161.763 0
      vertex 15.25 161.763 30
      vertex 14.8453 161.505 0
    endloop
  endfacet
  facet normal 0.537563 -0.843224 0
    outer loop
      vertex 14.8453 161.505 30
      vertex 14.8453 161.505 0
      vertex 15.25 161.763 30
    endloop
  endfacet
  facet normal 0.462481 -0.886629 0
    outer loop
      vertex 15.6756 161.985 0
      vertex 15.6756 161.985 30
      vertex 15.25 161.763 0
    endloop
  endfacet
  facet normal 0.462481 -0.886629 0
    outer loop
      vertex 15.25 161.763 30
      vertex 15.25 161.763 0
      vertex 15.6756 161.985 30
    endloop
  endfacet
  facet normal 0.381578 -0.924337 0
    outer loop
      vertex 16.1189 162.168 0
      vertex 16.1189 162.168 30
      vertex 15.6756 161.985 0
    endloop
  endfacet
  facet normal 0.381578 -0.924337 0
    outer loop
      vertex 15.6756 161.985 30
      vertex 15.6756 161.985 0
      vertex 16.1189 162.168 30
    endloop
  endfacet
  facet normal 0.302068 -0.953286 0
    outer loop
      vertex 16.5765 162.313 0
      vertex 16.5765 162.313 30
      vertex 16.1189 162.168 0
    endloop
  endfacet
  facet normal 0.302068 -0.953286 0
    outer loop
      vertex 16.1189 162.168 30
      vertex 16.1189 162.168 0
      vertex 16.5765 162.313 30
    endloop
  endfacet
  facet normal 0.214766 -0.976665 0
    outer loop
      vertex 17.0449 162.416 0
      vertex 17.0449 162.416 30
      vertex 16.5765 162.313 0
    endloop
  endfacet
  facet normal 0.214766 -0.976665 0
    outer loop
      vertex 16.5765 162.313 30
      vertex 16.5765 162.313 0
      vertex 17.0449 162.416 30
    endloop
  endfacet
  facet normal 0.13129 -0.991344 0
    outer loop
      vertex 17.5206 162.479 0
      vertex 17.5206 162.479 30
      vertex 17.0449 162.416 0
    endloop
  endfacet
  facet normal 0.13129 -0.991344 0
    outer loop
      vertex 17.0449 162.416 30
      vertex 17.0449 162.416 0
      vertex 17.5206 162.479 30
    endloop
  endfacet
  facet normal 0.0437628 -0.999042 0
    outer loop
      vertex 18 162.5 0
      vertex 18 162.5 30
      vertex 17.5206 162.479 0
    endloop
  endfacet
  facet normal 0.0437628 -0.999042 0
    outer loop
      vertex 17.5206 162.479 30
      vertex 17.5206 162.479 0
      vertex 18 162.5 30
    endloop
  endfacet
  facet normal -0.0437628 -0.999042 0
    outer loop
      vertex 18.4794 162.479 0
      vertex 18.4794 162.479 30
      vertex 18 162.5 0
    endloop
  endfacet
  facet normal -0.0437628 -0.999042 -0
    outer loop
      vertex 18 162.5 30
      vertex 18 162.5 0
      vertex 18.4794 162.479 30
    endloop
  endfacet
  facet normal -0.13129 -0.991344 0
    outer loop
      vertex 18.9551 162.416 0
      vertex 18.9551 162.416 30
      vertex 18.4794 162.479 0
    endloop
  endfacet
  facet normal -0.13129 -0.991344 -0
    outer loop
      vertex 18.4794 162.479 30
      vertex 18.4794 162.479 0
      vertex 18.9551 162.416 30
    endloop
  endfacet
  facet normal -0.214766 -0.976665 0
    outer loop
      vertex 19.4235 162.313 0
      vertex 19.4235 162.313 30
      vertex 18.9551 162.416 0
    endloop
  endfacet
  facet normal -0.214766 -0.976665 -0
    outer loop
      vertex 18.9551 162.416 30
      vertex 18.9551 162.416 0
      vertex 19.4235 162.313 30
    endloop
  endfacet
  facet normal -0.302068 -0.953286 0
    outer loop
      vertex 19.8811 162.168 0
      vertex 19.8811 162.168 30
      vertex 19.4235 162.313 0
    endloop
  endfacet
  facet normal -0.302068 -0.953286 -0
    outer loop
      vertex 19.4235 162.313 30
      vertex 19.4235 162.313 0
      vertex 19.8811 162.168 30
    endloop
  endfacet
  facet normal -0.381578 -0.924337 0
    outer loop
      vertex 20.3244 161.985 0
      vertex 20.3244 161.985 30
      vertex 19.8811 162.168 0
    endloop
  endfacet
  facet normal -0.381578 -0.924337 -0
    outer loop
      vertex 19.8811 162.168 30
      vertex 19.8811 162.168 0
      vertex 20.3244 161.985 30
    endloop
  endfacet
  facet normal -0.462481 -0.886629 0
    outer loop
      vertex 20.75 161.763 0
      vertex 20.75 161.763 30
      vertex 20.3244 161.985 0
    endloop
  endfacet
  facet normal -0.462481 -0.886629 -0
    outer loop
      vertex 20.3244 161.985 30
      vertex 20.3244 161.985 0
      vertex 20.75 161.763 30
    endloop
  endfacet
  facet normal -0.537563 -0.843224 0
    outer loop
      vertex 21.1547 161.505 0
      vertex 21.1547 161.505 30
      vertex 20.75 161.763 0
    endloop
  endfacet
  facet normal -0.537563 -0.843224 -0
    outer loop
      vertex 20.75 161.763 30
      vertex 20.75 161.763 0
      vertex 21.1547 161.505 30
    endloop
  endfacet
  facet normal -0.608703 -0.793398 0
    outer loop
      vertex 21.5353 161.213 0
      vertex 21.5353 161.213 30
      vertex 21.1547 161.505 0
    endloop
  endfacet
  facet normal -0.608703 -0.793398 -0
    outer loop
      vertex 21.1547 161.505 30
      vertex 21.1547 161.505 0
      vertex 21.5353 161.213 30
    endloop
  endfacet
  facet normal -0.675366 -0.737483 0
    outer loop
      vertex 21.8891 160.889 0
      vertex 21.8891 160.889 30
      vertex 21.5353 161.213 0
    endloop
  endfacet
  facet normal -0.675366 -0.737483 -0
    outer loop
      vertex 21.5353 161.213 30
      vertex 21.5353 161.213 0
      vertex 21.8891 160.889 30
    endloop
  endfacet
  facet normal -0.737569 -0.675272 0
    outer loop
      vertex 22.2132 160.535 0
      vertex 22.2132 160.535 30
      vertex 21.8891 160.889 0
    endloop
  endfacet
  facet normal -0.737569 -0.675272 -0
    outer loop
      vertex 21.8891 160.889 30
      vertex 21.8891 160.889 0
      vertex 22.2132 160.535 30
    endloop
  endfacet
  facet normal -0.792833 -0.609438 0
    outer loop
      vertex 22.5053 160.155 0
      vertex 22.5053 160.155 30
      vertex 22.2132 160.535 0
    endloop
  endfacet
  facet normal -0.792833 -0.609438 -0
    outer loop
      vertex 22.2132 160.535 30
      vertex 22.2132 160.535 0
      vertex 22.5053 160.155 30
    endloop
  endfacet
  facet normal -0.843593 -0.536983 0
    outer loop
      vertex 22.7631 159.75 0
      vertex 22.7631 159.75 30
      vertex 22.5053 160.155 0
    endloop
  endfacet
  facet normal -0.843593 -0.536983 -0
    outer loop
      vertex 22.5053 160.155 30
      vertex 22.5053 160.155 0
      vertex 22.7631 159.75 30
    endloop
  endfacet
  facet normal -0.887149 -0.461484 0
    outer loop
      vertex 22.9847 159.324 0
      vertex 22.9847 159.324 30
      vertex 22.7631 159.75 0
    endloop
  endfacet
  facet normal -0.887149 -0.461484 -0
    outer loop
      vertex 22.7631 159.75 30
      vertex 22.7631 159.75 0
      vertex 22.9847 159.324 30
    endloop
  endfacet
  facet normal -0.923803 -0.382867 0
    outer loop
      vertex 23.1683 158.881 0
      vertex 23.1683 158.881 30
      vertex 22.9847 159.324 0
    endloop
  endfacet
  facet normal -0.923803 -0.382867 -0
    outer loop
      vertex 22.9847 159.324 30
      vertex 22.9847 159.324 0
      vertex 23.1683 158.881 30
    endloop
  endfacet
  facet normal -0.953781 -0.300503 0
    outer loop
      vertex 23.3126 158.423 0
      vertex 23.3126 158.423 30
      vertex 23.1683 158.881 0
    endloop
  endfacet
  facet normal -0.953781 -0.300503 -0
    outer loop
      vertex 23.1683 158.881 30
      vertex 23.1683 158.881 0
      vertex 23.3126 158.423 30
    endloop
  endfacet
  facet normal -0.976275 -0.216533 0
    outer loop
      vertex 23.4164 157.955 0
      vertex 23.4164 157.955 30
      vertex 23.3126 158.423 0
    endloop
  endfacet
  facet normal -0.976275 -0.216533 -0
    outer loop
      vertex 23.3126 158.423 30
      vertex 23.3126 158.423 0
      vertex 23.4164 157.955 30
    endloop
  endfacet
  facet normal -0.991436 -0.130595 0
    outer loop
      vertex 23.4791 157.479 0
      vertex 23.4791 157.479 30
      vertex 23.4164 157.955 0
    endloop
  endfacet
  facet normal -0.991436 -0.130595 -0
    outer loop
      vertex 23.4164 157.955 30
      vertex 23.4164 157.955 0
      vertex 23.4791 157.479 30
    endloop
  endfacet
  facet normal -0.999049 -0.0435911 0
    outer loop
      vertex 23.5 157 0
      vertex 23.5 157 30
      vertex 23.4791 157.479 0
    endloop
  endfacet
  facet normal -0.999049 -0.0435911 -0
    outer loop
      vertex 23.4791 157.479 30
      vertex 23.4791 157.479 0
      vertex 23.5 157 30
    endloop
  endfacet
  facet normal -0.999049 0.0435911 0
    outer loop
      vertex 23.4791 156.521 0
      vertex 23.4791 156.521 30
      vertex 23.5 157 0
    endloop
  endfacet
  facet normal -0.999049 0.0435911 0
    outer loop
      vertex 23.5 157 30
      vertex 23.5 157 0
      vertex 23.4791 156.521 30
    endloop
  endfacet
  facet normal -0.991436 0.130595 0
    outer loop
      vertex 23.4164 156.045 0
      vertex 23.4164 156.045 30
      vertex 23.4791 156.521 0
    endloop
  endfacet
  facet normal -0.991436 0.130595 0
    outer loop
      vertex 23.4791 156.521 30
      vertex 23.4791 156.521 0
      vertex 23.4164 156.045 30
    endloop
  endfacet
  facet normal -0.976373 0.216093 0
    outer loop
      vertex 23.3126 155.576 0
      vertex 23.3126 155.576 30
      vertex 23.4164 156.045 0
    endloop
  endfacet
  facet normal -0.976373 0.216093 0
    outer loop
      vertex 23.4164 156.045 30
      vertex 23.4164 156.045 0
      vertex 23.3126 155.576 30
    endloop
  endfacet
  facet normal -0.953592 0.301101 0
    outer loop
      vertex 23.1683 155.119 0
      vertex 23.1683 155.119 30
      vertex 23.3126 155.576 0
    endloop
  endfacet
  facet normal -0.953592 0.301101 0
    outer loop
      vertex 23.3126 155.576 30
      vertex 23.3126 155.576 0
      vertex 23.1683 155.119 30
    endloop
  endfacet
  facet normal -0.923803 0.382867 0
    outer loop
      vertex 22.9847 154.676 0
      vertex 22.9847 154.676 30
      vertex 23.1683 155.119 0
    endloop
  endfacet
  facet normal -0.923803 0.382867 0
    outer loop
      vertex 23.1683 155.119 30
      vertex 23.1683 155.119 0
      vertex 22.9847 154.676 30
    endloop
  endfacet
  facet normal -0.887149 0.461484 0
    outer loop
      vertex 22.7631 154.25 0
      vertex 22.7631 154.25 30
      vertex 22.9847 154.676 0
    endloop
  endfacet
  facet normal -0.887149 0.461484 0
    outer loop
      vertex 22.9847 154.676 30
      vertex 22.9847 154.676 0
      vertex 22.7631 154.25 30
    endloop
  endfacet
  facet normal -0.843593 0.536983 0
    outer loop
      vertex 22.5053 153.845 0
      vertex 22.5053 153.845 30
      vertex 22.7631 154.25 0
    endloop
  endfacet
  facet normal -0.843593 0.536983 0
    outer loop
      vertex 22.7631 154.25 30
      vertex 22.7631 154.25 0
      vertex 22.5053 153.845 30
    endloop
  endfacet
  facet normal -0.792833 0.609438 0
    outer loop
      vertex 22.2132 153.465 0
      vertex 22.2132 153.465 30
      vertex 22.5053 153.845 0
    endloop
  endfacet
  facet normal -0.792833 0.609438 0
    outer loop
      vertex 22.5053 153.845 30
      vertex 22.5053 153.845 0
      vertex 22.2132 153.465 30
    endloop
  endfacet
  facet normal -0.737569 0.675272 0
    outer loop
      vertex 21.8891 153.111 0
      vertex 21.8891 153.111 30
      vertex 22.2132 153.465 0
    endloop
  endfacet
  facet normal -0.737569 0.675272 0
    outer loop
      vertex 22.2132 153.465 30
      vertex 22.2132 153.465 0
      vertex 21.8891 153.111 30
    endloop
  endfacet
  facet normal -0.675366 0.737483 0
    outer loop
      vertex 21.5353 152.787 0
      vertex 21.5353 152.787 30
      vertex 21.8891 153.111 0
    endloop
  endfacet
  facet normal -0.675366 0.737483 0
    outer loop
      vertex 21.8891 153.111 30
      vertex 21.8891 153.111 0
      vertex 21.5353 152.787 30
    endloop
  endfacet
  facet normal -0.608703 0.793398 0
    outer loop
      vertex 21.1547 152.495 0
      vertex 21.1547 152.495 30
      vertex 21.5353 152.787 0
    endloop
  endfacet
  facet normal -0.608703 0.793398 0
    outer loop
      vertex 21.5353 152.787 30
      vertex 21.5353 152.787 0
      vertex 21.1547 152.495 30
    endloop
  endfacet
  facet normal -0.537563 0.843224 0
    outer loop
      vertex 20.75 152.237 0
      vertex 20.75 152.237 30
      vertex 21.1547 152.495 0
    endloop
  endfacet
  facet normal -0.537563 0.843224 0
    outer loop
      vertex 21.1547 152.495 30
      vertex 21.1547 152.495 0
      vertex 20.75 152.237 30
    endloop
  endfacet
  facet normal -0.462481 0.886629 0
    outer loop
      vertex 20.3244 152.015 0
      vertex 20.3244 152.015 30
      vertex 20.75 152.237 0
    endloop
  endfacet
  facet normal -0.462481 0.886629 0
    outer loop
      vertex 20.75 152.237 30
      vertex 20.75 152.237 0
      vertex 20.3244 152.015 30
    endloop
  endfacet
  facet normal -0.381578 0.924337 0
    outer loop
      vertex 19.8811 151.832 0
      vertex 19.8811 151.832 30
      vertex 20.3244 152.015 0
    endloop
  endfacet
  facet normal -0.381578 0.924337 0
    outer loop
      vertex 20.3244 152.015 30
      vertex 20.3244 152.015 0
      vertex 19.8811 151.832 30
    endloop
  endfacet
  facet normal -0.302068 0.953286 0
    outer loop
      vertex 19.4235 151.687 0
      vertex 19.4235 151.687 30
      vertex 19.8811 151.832 0
    endloop
  endfacet
  facet normal -0.302068 0.953286 0
    outer loop
      vertex 19.8811 151.832 30
      vertex 19.8811 151.832 0
      vertex 19.4235 151.687 30
    endloop
  endfacet
  facet normal -0.214766 0.976665 0
    outer loop
      vertex 18.9551 151.584 0
      vertex 18.9551 151.584 30
      vertex 19.4235 151.687 0
    endloop
  endfacet
  facet normal -0.214766 0.976665 0
    outer loop
      vertex 19.4235 151.687 30
      vertex 19.4235 151.687 0
      vertex 18.9551 151.584 30
    endloop
  endfacet
  facet normal -0.13129 0.991344 0
    outer loop
      vertex 18.4794 151.521 0
      vertex 18.4794 151.521 30
      vertex 18.9551 151.584 0
    endloop
  endfacet
  facet normal -0.13129 0.991344 0
    outer loop
      vertex 18.9551 151.584 30
      vertex 18.9551 151.584 0
      vertex 18.4794 151.521 30
    endloop
  endfacet
  facet normal -0.0437628 0.999042 0
    outer loop
      vertex 18 151.5 0
      vertex 18 151.5 30
      vertex 18.4794 151.521 0
    endloop
  endfacet
  facet normal -0.0437628 0.999042 0
    outer loop
      vertex 18.4794 151.521 30
      vertex 18.4794 151.521 0
      vertex 18 151.5 30
    endloop
  endfacet
  facet normal 0.0437628 0.999042 -0
    outer loop
      vertex 17.5206 151.521 0
      vertex 17.5206 151.521 30
      vertex 18 151.5 0
    endloop
  endfacet
  facet normal 0.0437628 0.999042 0
    outer loop
      vertex 18 151.5 30
      vertex 18 151.5 0
      vertex 17.5206 151.521 30
    endloop
  endfacet
  facet normal 0.13129 0.991344 -0
    outer loop
      vertex 99.0449 151.584 0
      vertex 99.0449 151.584 30
      vertex 99.5206 151.521 0
    endloop
  endfacet
  facet normal 0.13129 0.991344 0
    outer loop
      vertex 99.5206 151.521 30
      vertex 99.5206 151.521 0
      vertex 99.0449 151.584 30
    endloop
  endfacet
  facet normal 0.214766 0.976665 -0
    outer loop
      vertex 98.5765 151.687 0
      vertex 98.5765 151.687 30
      vertex 99.0449 151.584 0
    endloop
  endfacet
  facet normal 0.214766 0.976665 0
    outer loop
      vertex 99.0449 151.584 30
      vertex 99.0449 151.584 0
      vertex 98.5765 151.687 30
    endloop
  endfacet
  facet normal 0.302068 0.953286 -0
    outer loop
      vertex 98.1189 151.832 0
      vertex 98.1189 151.832 30
      vertex 98.5765 151.687 0
    endloop
  endfacet
  facet normal 0.302068 0.953286 0
    outer loop
      vertex 98.5765 151.687 30
      vertex 98.5765 151.687 0
      vertex 98.1189 151.832 30
    endloop
  endfacet
  facet normal 0.381578 0.924337 -0
    outer loop
      vertex 97.6756 152.015 0
      vertex 97.6756 152.015 30
      vertex 98.1189 151.832 0
    endloop
  endfacet
  facet normal 0.381578 0.924337 0
    outer loop
      vertex 98.1189 151.832 30
      vertex 98.1189 151.832 0
      vertex 97.6756 152.015 30
    endloop
  endfacet
  facet normal 0.462481 0.886629 -0
    outer loop
      vertex 97.25 152.237 0
      vertex 97.25 152.237 30
      vertex 97.6756 152.015 0
    endloop
  endfacet
  facet normal 0.462481 0.886629 0
    outer loop
      vertex 97.6756 152.015 30
      vertex 97.6756 152.015 0
      vertex 97.25 152.237 30
    endloop
  endfacet
  facet normal 0.537563 0.843224 -0
    outer loop
      vertex 96.8453 152.495 0
      vertex 96.8453 152.495 30
      vertex 97.25 152.237 0
    endloop
  endfacet
  facet normal 0.537563 0.843224 0
    outer loop
      vertex 97.25 152.237 30
      vertex 97.25 152.237 0
      vertex 96.8453 152.495 30
    endloop
  endfacet
  facet normal 0.608703 0.793398 -0
    outer loop
      vertex 96.4647 152.787 0
      vertex 96.4647 152.787 30
      vertex 96.8453 152.495 0
    endloop
  endfacet
  facet normal 0.608703 0.793398 0
    outer loop
      vertex 96.8453 152.495 30
      vertex 96.8453 152.495 0
      vertex 96.4647 152.787 30
    endloop
  endfacet
  facet normal 0.675366 0.737483 -0
    outer loop
      vertex 96.1109 153.111 0
      vertex 96.1109 153.111 30
      vertex 96.4647 152.787 0
    endloop
  endfacet
  facet normal 0.675366 0.737483 0
    outer loop
      vertex 96.4647 152.787 30
      vertex 96.4647 152.787 0
      vertex 96.1109 153.111 30
    endloop
  endfacet
  facet normal 0.737569 0.675272 -0
    outer loop
      vertex 95.7868 153.465 0
      vertex 95.7868 153.465 30
      vertex 96.1109 153.111 0
    endloop
  endfacet
  facet normal 0.737569 0.675272 0
    outer loop
      vertex 96.1109 153.111 30
      vertex 96.1109 153.111 0
      vertex 95.7868 153.465 30
    endloop
  endfacet
  facet normal 0.792833 0.609438 -0
    outer loop
      vertex 95.4947 153.845 0
      vertex 95.4947 153.845 30
      vertex 95.7868 153.465 0
    endloop
  endfacet
  facet normal 0.792833 0.609438 0
    outer loop
      vertex 95.7868 153.465 30
      vertex 95.7868 153.465 0
      vertex 95.4947 153.845 30
    endloop
  endfacet
  facet normal 0.843593 0.536983 -0
    outer loop
      vertex 95.2369 154.25 0
      vertex 95.2369 154.25 30
      vertex 95.4947 153.845 0
    endloop
  endfacet
  facet normal 0.843593 0.536983 0
    outer loop
      vertex 95.4947 153.845 30
      vertex 95.4947 153.845 0
      vertex 95.2369 154.25 30
    endloop
  endfacet
  facet normal 0.887149 0.461484 -0
    outer loop
      vertex 95.0153 154.676 0
      vertex 95.0153 154.676 30
      vertex 95.2369 154.25 0
    endloop
  endfacet
  facet normal 0.887149 0.461484 0
    outer loop
      vertex 95.2369 154.25 30
      vertex 95.2369 154.25 0
      vertex 95.0153 154.676 30
    endloop
  endfacet
  facet normal 0.923803 0.382867 -0
    outer loop
      vertex 94.8317 155.119 0
      vertex 94.8317 155.119 30
      vertex 95.0153 154.676 0
    endloop
  endfacet
  facet normal 0.923803 0.382867 0
    outer loop
      vertex 95.0153 154.676 30
      vertex 95.0153 154.676 0
      vertex 94.8317 155.119 30
    endloop
  endfacet
  facet normal 0.953592 0.301101 -0
    outer loop
      vertex 94.6874 155.576 0
      vertex 94.6874 155.576 30
      vertex 94.8317 155.119 0
    endloop
  endfacet
  facet normal 0.953592 0.301101 0
    outer loop
      vertex 94.8317 155.119 30
      vertex 94.8317 155.119 0
      vertex 94.6874 155.576 30
    endloop
  endfacet
  facet normal 0.976373 0.216093 -0
    outer loop
      vertex 94.5836 156.045 0
      vertex 94.5836 156.045 30
      vertex 94.6874 155.576 0
    endloop
  endfacet
  facet normal 0.976373 0.216093 0
    outer loop
      vertex 94.6874 155.576 30
      vertex 94.6874 155.576 0
      vertex 94.5836 156.045 30
    endloop
  endfacet
  facet normal 0.991436 0.130595 -0
    outer loop
      vertex 94.5209 156.521 0
      vertex 94.5209 156.521 30
      vertex 94.5836 156.045 0
    endloop
  endfacet
  facet normal 0.991436 0.130595 0
    outer loop
      vertex 94.5836 156.045 30
      vertex 94.5836 156.045 0
      vertex 94.5209 156.521 30
    endloop
  endfacet
  facet normal 0.999049 0.0435911 -0
    outer loop
      vertex 94.5 157 0
      vertex 94.5 157 30
      vertex 94.5209 156.521 0
    endloop
  endfacet
  facet normal 0.999049 0.0435911 0
    outer loop
      vertex 94.5209 156.521 30
      vertex 94.5209 156.521 0
      vertex 94.5 157 30
    endloop
  endfacet
  facet normal 0.999049 -0.0435911 0
    outer loop
      vertex 94.5209 157.479 0
      vertex 94.5209 157.479 30
      vertex 94.5 157 0
    endloop
  endfacet
  facet normal 0.999049 -0.0435911 0
    outer loop
      vertex 94.5 157 30
      vertex 94.5 157 0
      vertex 94.5209 157.479 30
    endloop
  endfacet
  facet normal 0.991436 -0.130595 0
    outer loop
      vertex 94.5836 157.955 0
      vertex 94.5836 157.955 30
      vertex 94.5209 157.479 0
    endloop
  endfacet
  facet normal 0.991436 -0.130595 0
    outer loop
      vertex 94.5209 157.479 30
      vertex 94.5209 157.479 0
      vertex 94.5836 157.955 30
    endloop
  endfacet
  facet normal 0.976275 -0.216533 0
    outer loop
      vertex 94.6874 158.423 0
      vertex 94.6874 158.423 30
      vertex 94.5836 157.955 0
    endloop
  endfacet
  facet normal 0.976275 -0.216533 0
    outer loop
      vertex 94.5836 157.955 30
      vertex 94.5836 157.955 0
      vertex 94.6874 158.423 30
    endloop
  endfacet
  facet normal 0.953781 -0.300503 0
    outer loop
      vertex 94.8317 158.881 0
      vertex 94.8317 158.881 30
      vertex 94.6874 158.423 0
    endloop
  endfacet
  facet normal 0.953781 -0.300503 0
    outer loop
      vertex 94.6874 158.423 30
      vertex 94.6874 158.423 0
      vertex 94.8317 158.881 30
    endloop
  endfacet
  facet normal 0.923803 -0.382867 0
    outer loop
      vertex 95.0153 159.324 0
      vertex 95.0153 159.324 30
      vertex 94.8317 158.881 0
    endloop
  endfacet
  facet normal 0.923803 -0.382867 0
    outer loop
      vertex 94.8317 158.881 30
      vertex 94.8317 158.881 0
      vertex 95.0153 159.324 30
    endloop
  endfacet
  facet normal 0.887149 -0.461484 0
    outer loop
      vertex 95.2369 159.75 0
      vertex 95.2369 159.75 30
      vertex 95.0153 159.324 0
    endloop
  endfacet
  facet normal 0.887149 -0.461484 0
    outer loop
      vertex 95.0153 159.324 30
      vertex 95.0153 159.324 0
      vertex 95.2369 159.75 30
    endloop
  endfacet
  facet normal 0.843593 -0.536983 0
    outer loop
      vertex 95.4947 160.155 0
      vertex 95.4947 160.155 30
      vertex 95.2369 159.75 0
    endloop
  endfacet
  facet normal 0.843593 -0.536983 0
    outer loop
      vertex 95.2369 159.75 30
      vertex 95.2369 159.75 0
      vertex 95.4947 160.155 30
    endloop
  endfacet
  facet normal 0.792833 -0.609438 0
    outer loop
      vertex 95.7868 160.535 0
      vertex 95.7868 160.535 30
      vertex 95.4947 160.155 0
    endloop
  endfacet
  facet normal 0.792833 -0.609438 0
    outer loop
      vertex 95.4947 160.155 30
      vertex 95.4947 160.155 0
      vertex 95.7868 160.535 30
    endloop
  endfacet
  facet normal 0.737569 -0.675272 0
    outer loop
      vertex 96.1109 160.889 0
      vertex 96.1109 160.889 30
      vertex 95.7868 160.535 0
    endloop
  endfacet
  facet normal 0.737569 -0.675272 0
    outer loop
      vertex 95.7868 160.535 30
      vertex 95.7868 160.535 0
      vertex 96.1109 160.889 30
    endloop
  endfacet
  facet normal 0.675366 -0.737483 0
    outer loop
      vertex 96.4647 161.213 0
      vertex 96.4647 161.213 30
      vertex 96.1109 160.889 0
    endloop
  endfacet
  facet normal 0.675366 -0.737483 0
    outer loop
      vertex 96.1109 160.889 30
      vertex 96.1109 160.889 0
      vertex 96.4647 161.213 30
    endloop
  endfacet
  facet normal 0.608703 -0.793398 0
    outer loop
      vertex 96.8453 161.505 0
      vertex 96.8453 161.505 30
      vertex 96.4647 161.213 0
    endloop
  endfacet
  facet normal 0.608703 -0.793398 0
    outer loop
      vertex 96.4647 161.213 30
      vertex 96.4647 161.213 0
      vertex 96.8453 161.505 30
    endloop
  endfacet
  facet normal 0.537563 -0.843224 0
    outer loop
      vertex 97.25 161.763 0
      vertex 97.25 161.763 30
      vertex 96.8453 161.505 0
    endloop
  endfacet
  facet normal 0.537563 -0.843224 0
    outer loop
      vertex 96.8453 161.505 30
      vertex 96.8453 161.505 0
      vertex 97.25 161.763 30
    endloop
  endfacet
  facet normal 0.462481 -0.886629 0
    outer loop
      vertex 97.6756 161.985 0
      vertex 97.6756 161.985 30
      vertex 97.25 161.763 0
    endloop
  endfacet
  facet normal 0.462481 -0.886629 0
    outer loop
      vertex 97.25 161.763 30
      vertex 97.25 161.763 0
      vertex 97.6756 161.985 30
    endloop
  endfacet
  facet normal 0.381578 -0.924337 0
    outer loop
      vertex 98.1189 162.168 0
      vertex 98.1189 162.168 30
      vertex 97.6756 161.985 0
    endloop
  endfacet
  facet normal 0.381578 -0.924337 0
    outer loop
      vertex 97.6756 161.985 30
      vertex 97.6756 161.985 0
      vertex 98.1189 162.168 30
    endloop
  endfacet
  facet normal 0.302068 -0.953286 0
    outer loop
      vertex 98.5765 162.313 0
      vertex 98.5765 162.313 30
      vertex 98.1189 162.168 0
    endloop
  endfacet
  facet normal 0.302068 -0.953286 0
    outer loop
      vertex 98.1189 162.168 30
      vertex 98.1189 162.168 0
      vertex 98.5765 162.313 30
    endloop
  endfacet
  facet normal 0.214766 -0.976665 0
    outer loop
      vertex 99.0449 162.416 0
      vertex 99.0449 162.416 30
      vertex 98.5765 162.313 0
    endloop
  endfacet
  facet normal 0.214766 -0.976665 0
    outer loop
      vertex 98.5765 162.313 30
      vertex 98.5765 162.313 0
      vertex 99.0449 162.416 30
    endloop
  endfacet
  facet normal 0.13129 -0.991344 0
    outer loop
      vertex 99.5206 162.479 0
      vertex 99.5206 162.479 30
      vertex 99.0449 162.416 0
    endloop
  endfacet
  facet normal 0.13129 -0.991344 0
    outer loop
      vertex 99.0449 162.416 30
      vertex 99.0449 162.416 0
      vertex 99.5206 162.479 30
    endloop
  endfacet
  facet normal 0.0437628 -0.999042 0
    outer loop
      vertex 100 162.5 0
      vertex 100 162.5 30
      vertex 99.5206 162.479 0
    endloop
  endfacet
  facet normal 0.0437628 -0.999042 0
    outer loop
      vertex 99.5206 162.479 30
      vertex 99.5206 162.479 0
      vertex 100 162.5 30
    endloop
  endfacet
  facet normal -0.0437993 -0.99904 0
    outer loop
      vertex 100.479 162.479 0
      vertex 100.479 162.479 30
      vertex 100 162.5 0
    endloop
  endfacet
  facet normal -0.0437993 -0.99904 -0
    outer loop
      vertex 100 162.5 30
      vertex 100 162.5 0
      vertex 100.479 162.479 30
    endloop
  endfacet
  facet normal -0.131209 -0.991355 0
    outer loop
      vertex 100.955 162.416 0
      vertex 100.955 162.416 30
      vertex 100.479 162.479 0
    endloop
  endfacet
  facet normal -0.131209 -0.991355 -0
    outer loop
      vertex 100.479 162.479 30
      vertex 100.479 162.479 0
      vertex 100.955 162.416 30
    endloop
  endfacet
  facet normal -0.214941 -0.976627 0
    outer loop
      vertex 101.423 162.313 0
      vertex 101.423 162.313 30
      vertex 100.955 162.416 0
    endloop
  endfacet
  facet normal -0.214941 -0.976627 -0
    outer loop
      vertex 100.955 162.416 30
      vertex 100.955 162.416 0
      vertex 101.423 162.313 30
    endloop
  endfacet
  facet normal -0.301829 -0.953362 0
    outer loop
      vertex 101.881 162.168 0
      vertex 101.881 162.168 30
      vertex 101.423 162.313 0
    endloop
  endfacet
  facet normal -0.301829 -0.953362 -0
    outer loop
      vertex 101.423 162.313 30
      vertex 101.423 162.313 0
      vertex 101.881 162.168 30
    endloop
  endfacet
  facet normal -0.381799 -0.924245 0
    outer loop
      vertex 102.324 161.985 0
      vertex 102.324 161.985 30
      vertex 101.881 162.168 0
    endloop
  endfacet
  facet normal -0.381799 -0.924245 -0
    outer loop
      vertex 101.881 162.168 30
      vertex 101.881 162.168 0
      vertex 102.324 161.985 30
    endloop
  endfacet
  facet normal -0.462139 -0.886807 0
    outer loop
      vertex 102.75 161.763 0
      vertex 102.75 161.763 30
      vertex 102.324 161.985 0
    endloop
  endfacet
  facet normal -0.462139 -0.886807 -0
    outer loop
      vertex 102.324 161.985 30
      vertex 102.324 161.985 0
      vertex 102.75 161.763 30
    endloop
  endfacet
  facet normal -0.53728 -0.843404 0
    outer loop
      vertex 103.155 161.505 0
      vertex 103.155 161.505 30
      vertex 102.75 161.763 0
    endloop
  endfacet
  facet normal -0.53728 -0.843404 -0
    outer loop
      vertex 102.75 161.763 30
      vertex 102.75 161.763 0
      vertex 103.155 161.505 30
    endloop
  endfacet
  facet normal -0.609307 -0.792934 0
    outer loop
      vertex 103.535 161.213 0
      vertex 103.535 161.213 30
      vertex 103.155 161.505 0
    endloop
  endfacet
  facet normal -0.609307 -0.792934 -0
    outer loop
      vertex 103.155 161.505 30
      vertex 103.155 161.505 0
      vertex 103.535 161.213 30
    endloop
  endfacet
  facet normal -0.675158 -0.737673 0
    outer loop
      vertex 103.889 160.889 0
      vertex 103.889 160.889 30
      vertex 103.535 161.213 0
    endloop
  endfacet
  facet normal -0.675158 -0.737673 -0
    outer loop
      vertex 103.535 161.213 30
      vertex 103.535 161.213 0
      vertex 103.889 160.889 30
    endloop
  endfacet
  facet normal -0.737673 -0.675158 0
    outer loop
      vertex 104.213 160.535 0
      vertex 104.213 160.535 30
      vertex 103.889 160.889 0
    endloop
  endfacet
  facet normal -0.737673 -0.675158 -0
    outer loop
      vertex 103.889 160.889 30
      vertex 103.889 160.889 0
      vertex 104.213 160.535 30
    endloop
  endfacet
  facet normal -0.792934 -0.609307 0
    outer loop
      vertex 104.505 160.155 0
      vertex 104.505 160.155 30
      vertex 104.213 160.535 0
    endloop
  endfacet
  facet normal -0.792934 -0.609307 -0
    outer loop
      vertex 104.213 160.535 30
      vertex 104.213 160.535 0
      vertex 104.505 160.155 30
    endloop
  endfacet
  facet normal -0.843404 -0.53728 0
    outer loop
      vertex 104.763 159.75 0
      vertex 104.763 159.75 30
      vertex 104.505 160.155 0
    endloop
  endfacet
  facet normal -0.843404 -0.53728 -0
    outer loop
      vertex 104.505 160.155 30
      vertex 104.505 160.155 0
      vertex 104.763 159.75 30
    endloop
  endfacet
  facet normal -0.886807 -0.462139 0
    outer loop
      vertex 104.985 159.324 0
      vertex 104.985 159.324 30
      vertex 104.763 159.75 0
    endloop
  endfacet
  facet normal -0.886807 -0.462139 -0
    outer loop
      vertex 104.763 159.75 30
      vertex 104.763 159.75 0
      vertex 104.985 159.324 30
    endloop
  endfacet
  facet normal -0.924245 -0.381799 0
    outer loop
      vertex 105.168 158.881 0
      vertex 105.168 158.881 30
      vertex 104.985 159.324 0
    endloop
  endfacet
  facet normal -0.924245 -0.381799 -0
    outer loop
      vertex 104.985 159.324 30
      vertex 104.985 159.324 0
      vertex 105.168 158.881 30
    endloop
  endfacet
  facet normal -0.953362 -0.301829 0
    outer loop
      vertex 105.313 158.423 0
      vertex 105.313 158.423 30
      vertex 105.168 158.881 0
    endloop
  endfacet
  facet normal -0.953362 -0.301829 -0
    outer loop
      vertex 105.168 158.881 30
      vertex 105.168 158.881 0
      vertex 105.313 158.423 30
    endloop
  endfacet
  facet normal -0.976627 -0.214941 0
    outer loop
      vertex 105.416 157.955 0
      vertex 105.416 157.955 30
      vertex 105.313 158.423 0
    endloop
  endfacet
  facet normal -0.976627 -0.214941 -0
    outer loop
      vertex 105.313 158.423 30
      vertex 105.313 158.423 0
      vertex 105.416 157.955 30
    endloop
  endfacet
  facet normal -0.991355 -0.131209 0
    outer loop
      vertex 105.479 157.479 0
      vertex 105.479 157.479 30
      vertex 105.416 157.955 0
    endloop
  endfacet
  facet normal -0.991355 -0.131209 -0
    outer loop
      vertex 105.416 157.955 30
      vertex 105.416 157.955 0
      vertex 105.479 157.479 30
    endloop
  endfacet
  facet normal -0.99904 -0.0437993 0
    outer loop
      vertex 105.5 157 0
      vertex 105.5 157 30
      vertex 105.479 157.479 0
    endloop
  endfacet
  facet normal -0.99904 -0.0437993 -0
    outer loop
      vertex 105.479 157.479 30
      vertex 105.479 157.479 0
      vertex 105.5 157 30
    endloop
  endfacet
  facet normal -0.99904 0.0437993 0
    outer loop
      vertex 105.479 156.521 0
      vertex 105.479 156.521 30
      vertex 105.5 157 0
    endloop
  endfacet
  facet normal -0.99904 0.0437993 0
    outer loop
      vertex 105.5 157 30
      vertex 105.5 157 0
      vertex 105.479 156.521 30
    endloop
  endfacet
  facet normal -0.991355 0.131209 0
    outer loop
      vertex 105.416 156.045 0
      vertex 105.416 156.045 30
      vertex 105.479 156.521 0
    endloop
  endfacet
  facet normal -0.991355 0.131209 0
    outer loop
      vertex 105.479 156.521 30
      vertex 105.479 156.521 0
      vertex 105.416 156.045 30
    endloop
  endfacet
  facet normal -0.976723 0.214504 0
    outer loop
      vertex 105.313 155.576 0
      vertex 105.313 155.576 30
      vertex 105.416 156.045 0
    endloop
  endfacet
  facet normal -0.976723 0.214504 0
    outer loop
      vertex 105.416 156.045 30
      vertex 105.416 156.045 0
      vertex 105.313 155.576 30
    endloop
  endfacet
  facet normal -0.953172 0.302429 0
    outer loop
      vertex 105.168 155.119 0
      vertex 105.168 155.119 30
      vertex 105.313 155.576 0
    endloop
  endfacet
  facet normal -0.953172 0.302429 0
    outer loop
      vertex 105.313 155.576 30
      vertex 105.313 155.576 0
      vertex 105.168 155.119 30
    endloop
  endfacet
  facet normal -0.924245 0.381799 0
    outer loop
      vertex 104.985 154.676 0
      vertex 104.985 154.676 30
      vertex 105.168 155.119 0
    endloop
  endfacet
  facet normal -0.924245 0.381799 0
    outer loop
      vertex 105.168 155.119 30
      vertex 105.168 155.119 0
      vertex 104.985 154.676 30
    endloop
  endfacet
  facet normal -0.886807 0.462139 0
    outer loop
      vertex 104.763 154.25 0
      vertex 104.763 154.25 30
      vertex 104.985 154.676 0
    endloop
  endfacet
  facet normal -0.886807 0.462139 0
    outer loop
      vertex 104.985 154.676 30
      vertex 104.985 154.676 0
      vertex 104.763 154.25 30
    endloop
  endfacet
  facet normal -0.843404 0.53728 0
    outer loop
      vertex 104.505 153.845 0
      vertex 104.505 153.845 30
      vertex 104.763 154.25 0
    endloop
  endfacet
  facet normal -0.843404 0.53728 0
    outer loop
      vertex 104.763 154.25 30
      vertex 104.763 154.25 0
      vertex 104.505 153.845 30
    endloop
  endfacet
  facet normal -0.792934 0.609307 0
    outer loop
      vertex 104.213 153.465 0
      vertex 104.213 153.465 30
      vertex 104.505 153.845 0
    endloop
  endfacet
  facet normal -0.792934 0.609307 0
    outer loop
      vertex 104.505 153.845 30
      vertex 104.505 153.845 0
      vertex 104.213 153.465 30
    endloop
  endfacet
  facet normal -0.737673 0.675158 0
    outer loop
      vertex 103.889 153.111 0
      vertex 103.889 153.111 30
      vertex 104.213 153.465 0
    endloop
  endfacet
  facet normal -0.737673 0.675158 0
    outer loop
      vertex 104.213 153.465 30
      vertex 104.213 153.465 0
      vertex 103.889 153.111 30
    endloop
  endfacet
  facet normal -0.675158 0.737673 0
    outer loop
      vertex 103.535 152.787 0
      vertex 103.535 152.787 30
      vertex 103.889 153.111 0
    endloop
  endfacet
  facet normal -0.675158 0.737673 0
    outer loop
      vertex 103.889 153.111 30
      vertex 103.889 153.111 0
      vertex 103.535 152.787 30
    endloop
  endfacet
  facet normal -0.609307 0.792934 0
    outer loop
      vertex 103.155 152.495 0
      vertex 103.155 152.495 30
      vertex 103.535 152.787 0
    endloop
  endfacet
  facet normal -0.609307 0.792934 0
    outer loop
      vertex 103.535 152.787 30
      vertex 103.535 152.787 0
      vertex 103.155 152.495 30
    endloop
  endfacet
  facet normal -0.53728 0.843404 0
    outer loop
      vertex 102.75 152.237 0
      vertex 102.75 152.237 30
      vertex 103.155 152.495 0
    endloop
  endfacet
  facet normal -0.53728 0.843404 0
    outer loop
      vertex 103.155 152.495 30
      vertex 103.155 152.495 0
      vertex 102.75 152.237 30
    endloop
  endfacet
  facet normal -0.462139 0.886807 0
    outer loop
      vertex 102.324 152.015 0
      vertex 102.324 152.015 30
      vertex 102.75 152.237 0
    endloop
  endfacet
  facet normal -0.462139 0.886807 0
    outer loop
      vertex 102.75 152.237 30
      vertex 102.75 152.237 0
      vertex 102.324 152.015 30
    endloop
  endfacet
  facet normal -0.381799 0.924245 0
    outer loop
      vertex 101.881 151.832 0
      vertex 101.881 151.832 30
      vertex 102.324 152.015 0
    endloop
  endfacet
  facet normal -0.381799 0.924245 0
    outer loop
      vertex 102.324 152.015 30
      vertex 102.324 152.015 0
      vertex 101.881 151.832 30
    endloop
  endfacet
  facet normal -0.301829 0.953362 0
    outer loop
      vertex 101.423 151.687 0
      vertex 101.423 151.687 30
      vertex 101.881 151.832 0
    endloop
  endfacet
  facet normal -0.301829 0.953362 0
    outer loop
      vertex 101.881 151.832 30
      vertex 101.881 151.832 0
      vertex 101.423 151.687 30
    endloop
  endfacet
  facet normal -0.214941 0.976627 0
    outer loop
      vertex 100.955 151.584 0
      vertex 100.955 151.584 30
      vertex 101.423 151.687 0
    endloop
  endfacet
  facet normal -0.214941 0.976627 0
    outer loop
      vertex 101.423 151.687 30
      vertex 101.423 151.687 0
      vertex 100.955 151.584 30
    endloop
  endfacet
  facet normal -0.131209 0.991355 0
    outer loop
      vertex 100.479 151.521 0
      vertex 100.479 151.521 30
      vertex 100.955 151.584 0
    endloop
  endfacet
  facet normal -0.131209 0.991355 0
    outer loop
      vertex 100.955 151.584 30
      vertex 100.955 151.584 0
      vertex 100.479 151.521 30
    endloop
  endfacet
  facet normal -0.0437993 0.99904 0
    outer loop
      vertex 100 151.5 0
      vertex 100 151.5 30
      vertex 100.479 151.521 0
    endloop
  endfacet
  facet normal -0.0437993 0.99904 0
    outer loop
      vertex 100.479 151.521 30
      vertex 100.479 151.521 0
      vertex 100 151.5 30
    endloop
  endfacet
  facet normal 0.0437628 0.999042 -0
    outer loop
      vertex 99.5206 151.521 0
      vertex 99.5206 151.521 30
      vertex 100 151.5 0
    endloop
  endfacet
  facet normal 0.0437628 0.999042 0
    outer loop
      vertex 100 151.5 30
      vertex 100 151.5 0
      vertex 99.5206 151.521 30
    endloop
  endfacet
  facet normal 0.131209 0.991355 -0
    outer loop
      vertex 181.045 151.584 0
      vertex 181.045 151.584 30
      vertex 181.521 151.521 0
    endloop
  endfacet
  facet normal 0.131209 0.991355 0
    outer loop
      vertex 181.521 151.521 30
      vertex 181.521 151.521 0
      vertex 181.045 151.584 30
    endloop
  endfacet
  facet normal 0.214504 0.976723 -0
    outer loop
      vertex 180.576 151.687 0
      vertex 180.576 151.687 30
      vertex 181.045 151.584 0
    endloop
  endfacet
  facet normal 0.214504 0.976723 0
    outer loop
      vertex 181.045 151.584 30
      vertex 181.045 151.584 0
      vertex 180.576 151.687 30
    endloop
  endfacet
  facet normal 0.302429 0.953172 -0
    outer loop
      vertex 180.119 151.832 0
      vertex 180.119 151.832 30
      vertex 180.576 151.687 0
    endloop
  endfacet
  facet normal 0.302429 0.953172 0
    outer loop
      vertex 180.576 151.687 30
      vertex 180.576 151.687 0
      vertex 180.119 151.832 30
    endloop
  endfacet
  facet normal 0.381799 0.924245 -0
    outer loop
      vertex 179.676 152.015 0
      vertex 179.676 152.015 30
      vertex 180.119 151.832 0
    endloop
  endfacet
  facet normal 0.381799 0.924245 0
    outer loop
      vertex 180.119 151.832 30
      vertex 180.119 151.832 0
      vertex 179.676 152.015 30
    endloop
  endfacet
  facet normal 0.462139 0.886807 -0
    outer loop
      vertex 179.25 152.237 0
      vertex 179.25 152.237 30
      vertex 179.676 152.015 0
    endloop
  endfacet
  facet normal 0.462139 0.886807 0
    outer loop
      vertex 179.676 152.015 30
      vertex 179.676 152.015 0
      vertex 179.25 152.237 30
    endloop
  endfacet
  facet normal 0.53728 0.843404 -0
    outer loop
      vertex 178.845 152.495 0
      vertex 178.845 152.495 30
      vertex 179.25 152.237 0
    endloop
  endfacet
  facet normal 0.53728 0.843404 0
    outer loop
      vertex 179.25 152.237 30
      vertex 179.25 152.237 0
      vertex 178.845 152.495 30
    endloop
  endfacet
  facet normal 0.609307 0.792934 -0
    outer loop
      vertex 178.465 152.787 0
      vertex 178.465 152.787 30
      vertex 178.845 152.495 0
    endloop
  endfacet
  facet normal 0.609307 0.792934 0
    outer loop
      vertex 178.845 152.495 30
      vertex 178.845 152.495 0
      vertex 178.465 152.787 30
    endloop
  endfacet
  facet normal 0.675158 0.737673 -0
    outer loop
      vertex 178.111 153.111 0
      vertex 178.111 153.111 30
      vertex 178.465 152.787 0
    endloop
  endfacet
  facet normal 0.675158 0.737673 0
    outer loop
      vertex 178.465 152.787 30
      vertex 178.465 152.787 0
      vertex 178.111 153.111 30
    endloop
  endfacet
  facet normal 0.737673 0.675158 -0
    outer loop
      vertex 177.787 153.465 0
      vertex 177.787 153.465 30
      vertex 178.111 153.111 0
    endloop
  endfacet
  facet normal 0.737673 0.675158 0
    outer loop
      vertex 178.111 153.111 30
      vertex 178.111 153.111 0
      vertex 177.787 153.465 30
    endloop
  endfacet
  facet normal 0.792934 0.609307 -0
    outer loop
      vertex 177.495 153.845 0
      vertex 177.495 153.845 30
      vertex 177.787 153.465 0
    endloop
  endfacet
  facet normal 0.792934 0.609307 0
    outer loop
      vertex 177.787 153.465 30
      vertex 177.787 153.465 0
      vertex 177.495 153.845 30
    endloop
  endfacet
  facet normal 0.843404 0.53728 -0
    outer loop
      vertex 177.237 154.25 0
      vertex 177.237 154.25 30
      vertex 177.495 153.845 0
    endloop
  endfacet
  facet normal 0.843404 0.53728 0
    outer loop
      vertex 177.495 153.845 30
      vertex 177.495 153.845 0
      vertex 177.237 154.25 30
    endloop
  endfacet
  facet normal 0.886807 0.462139 -0
    outer loop
      vertex 177.015 154.676 0
      vertex 177.015 154.676 30
      vertex 177.237 154.25 0
    endloop
  endfacet
  facet normal 0.886807 0.462139 0
    outer loop
      vertex 177.237 154.25 30
      vertex 177.237 154.25 0
      vertex 177.015 154.676 30
    endloop
  endfacet
  facet normal 0.924245 0.381799 -0
    outer loop
      vertex 176.832 155.119 0
      vertex 176.832 155.119 30
      vertex 177.015 154.676 0
    endloop
  endfacet
  facet normal 0.924245 0.381799 0
    outer loop
      vertex 177.015 154.676 30
      vertex 177.015 154.676 0
      vertex 176.832 155.119 30
    endloop
  endfacet
  facet normal 0.953172 0.302429 -0
    outer loop
      vertex 176.687 155.576 0
      vertex 176.687 155.576 30
      vertex 176.832 155.119 0
    endloop
  endfacet
  facet normal 0.953172 0.302429 0
    outer loop
      vertex 176.832 155.119 30
      vertex 176.832 155.119 0
      vertex 176.687 155.576 30
    endloop
  endfacet
  facet normal 0.976723 0.214504 -0
    outer loop
      vertex 176.584 156.045 0
      vertex 176.584 156.045 30
      vertex 176.687 155.576 0
    endloop
  endfacet
  facet normal 0.976723 0.214504 0
    outer loop
      vertex 176.687 155.576 30
      vertex 176.687 155.576 0
      vertex 176.584 156.045 30
    endloop
  endfacet
  facet normal 0.991355 0.131209 -0
    outer loop
      vertex 176.521 156.521 0
      vertex 176.521 156.521 30
      vertex 176.584 156.045 0
    endloop
  endfacet
  facet normal 0.991355 0.131209 0
    outer loop
      vertex 176.584 156.045 30
      vertex 176.584 156.045 0
      vertex 176.521 156.521 30
    endloop
  endfacet
  facet normal 0.99904 0.0437993 -0
    outer loop
      vertex 176.5 157 0
      vertex 176.5 157 30
      vertex 176.521 156.521 0
    endloop
  endfacet
  facet normal 0.99904 0.0437993 0
    outer loop
      vertex 176.521 156.521 30
      vertex 176.521 156.521 0
      vertex 176.5 157 30
    endloop
  endfacet
  facet normal 0.99904 -0.0437993 0
    outer loop
      vertex 176.521 157.479 0
      vertex 176.521 157.479 30
      vertex 176.5 157 0
    endloop
  endfacet
  facet normal 0.99904 -0.0437993 0
    outer loop
      vertex 176.5 157 30
      vertex 176.5 157 0
      vertex 176.521 157.479 30
    endloop
  endfacet
  facet normal 0.991355 -0.131209 0
    outer loop
      vertex 176.584 157.955 0
      vertex 176.584 157.955 30
      vertex 176.521 157.479 0
    endloop
  endfacet
  facet normal 0.991355 -0.131209 0
    outer loop
      vertex 176.521 157.479 30
      vertex 176.521 157.479 0
      vertex 176.584 157.955 30
    endloop
  endfacet
  facet normal 0.976627 -0.214941 0
    outer loop
      vertex 176.687 158.423 0
      vertex 176.687 158.423 30
      vertex 176.584 157.955 0
    endloop
  endfacet
  facet normal 0.976627 -0.214941 0
    outer loop
      vertex 176.584 157.955 30
      vertex 176.584 157.955 0
      vertex 176.687 158.423 30
    endloop
  endfacet
  facet normal 0.953362 -0.301829 0
    outer loop
      vertex 176.832 158.881 0
      vertex 176.832 158.881 30
      vertex 176.687 158.423 0
    endloop
  endfacet
  facet normal 0.953362 -0.301829 0
    outer loop
      vertex 176.687 158.423 30
      vertex 176.687 158.423 0
      vertex 176.832 158.881 30
    endloop
  endfacet
  facet normal 0.924245 -0.381799 0
    outer loop
      vertex 177.015 159.324 0
      vertex 177.015 159.324 30
      vertex 176.832 158.881 0
    endloop
  endfacet
  facet normal 0.924245 -0.381799 0
    outer loop
      vertex 176.832 158.881 30
      vertex 176.832 158.881 0
      vertex 177.015 159.324 30
    endloop
  endfacet
  facet normal 0.886807 -0.462139 0
    outer loop
      vertex 177.237 159.75 0
      vertex 177.237 159.75 30
      vertex 177.015 159.324 0
    endloop
  endfacet
  facet normal 0.886807 -0.462139 0
    outer loop
      vertex 177.015 159.324 30
      vertex 177.015 159.324 0
      vertex 177.237 159.75 30
    endloop
  endfacet
  facet normal 0.843404 -0.53728 0
    outer loop
      vertex 177.495 160.155 0
      vertex 177.495 160.155 30
      vertex 177.237 159.75 0
    endloop
  endfacet
  facet normal 0.843404 -0.53728 0
    outer loop
      vertex 177.237 159.75 30
      vertex 177.237 159.75 0
      vertex 177.495 160.155 30
    endloop
  endfacet
  facet normal 0.792934 -0.609307 0
    outer loop
      vertex 177.787 160.535 0
      vertex 177.787 160.535 30
      vertex 177.495 160.155 0
    endloop
  endfacet
  facet normal 0.792934 -0.609307 0
    outer loop
      vertex 177.495 160.155 30
      vertex 177.495 160.155 0
      vertex 177.787 160.535 30
    endloop
  endfacet
  facet normal 0.737673 -0.675158 0
    outer loop
      vertex 178.111 160.889 0
      vertex 178.111 160.889 30
      vertex 177.787 160.535 0
    endloop
  endfacet
  facet normal 0.737673 -0.675158 0
    outer loop
      vertex 177.787 160.535 30
      vertex 177.787 160.535 0
      vertex 178.111 160.889 30
    endloop
  endfacet
  facet normal 0.675158 -0.737673 0
    outer loop
      vertex 178.465 161.213 0
      vertex 178.465 161.213 30
      vertex 178.111 160.889 0
    endloop
  endfacet
  facet normal 0.675158 -0.737673 0
    outer loop
      vertex 178.111 160.889 30
      vertex 178.111 160.889 0
      vertex 178.465 161.213 30
    endloop
  endfacet
  facet normal 0.609307 -0.792934 0
    outer loop
      vertex 178.845 161.505 0
      vertex 178.845 161.505 30
      vertex 178.465 161.213 0
    endloop
  endfacet
  facet normal 0.609307 -0.792934 0
    outer loop
      vertex 178.465 161.213 30
      vertex 178.465 161.213 0
      vertex 178.845 161.505 30
    endloop
  endfacet
  facet normal 0.53728 -0.843404 0
    outer loop
      vertex 179.25 161.763 0
      vertex 179.25 161.763 30
      vertex 178.845 161.505 0
    endloop
  endfacet
  facet normal 0.53728 -0.843404 0
    outer loop
      vertex 178.845 161.505 30
      vertex 178.845 161.505 0
      vertex 179.25 161.763 30
    endloop
  endfacet
  facet normal 0.462139 -0.886807 0
    outer loop
      vertex 179.676 161.985 0
      vertex 179.676 161.985 30
      vertex 179.25 161.763 0
    endloop
  endfacet
  facet normal 0.462139 -0.886807 0
    outer loop
      vertex 179.25 161.763 30
      vertex 179.25 161.763 0
      vertex 179.676 161.985 30
    endloop
  endfacet
  facet normal 0.381799 -0.924245 0
    outer loop
      vertex 180.119 162.168 0
      vertex 180.119 162.168 30
      vertex 179.676 161.985 0
    endloop
  endfacet
  facet normal 0.381799 -0.924245 0
    outer loop
      vertex 179.676 161.985 30
      vertex 179.676 161.985 0
      vertex 180.119 162.168 30
    endloop
  endfacet
  facet normal 0.302429 -0.953172 0
    outer loop
      vertex 180.576 162.313 0
      vertex 180.576 162.313 30
      vertex 180.119 162.168 0
    endloop
  endfacet
  facet normal 0.302429 -0.953172 0
    outer loop
      vertex 180.119 162.168 30
      vertex 180.119 162.168 0
      vertex 180.576 162.313 30
    endloop
  endfacet
  facet normal 0.214504 -0.976723 0
    outer loop
      vertex 181.045 162.416 0
      vertex 181.045 162.416 30
      vertex 180.576 162.313 0
    endloop
  endfacet
  facet normal 0.214504 -0.976723 0
    outer loop
      vertex 180.576 162.313 30
      vertex 180.576 162.313 0
      vertex 181.045 162.416 30
    endloop
  endfacet
  facet normal 0.131209 -0.991355 0
    outer loop
      vertex 181.521 162.479 0
      vertex 181.521 162.479 30
      vertex 181.045 162.416 0
    endloop
  endfacet
  facet normal 0.131209 -0.991355 0
    outer loop
      vertex 181.045 162.416 30
      vertex 181.045 162.416 0
      vertex 181.521 162.479 30
    endloop
  endfacet
  facet normal 0.0437993 -0.99904 0
    outer loop
      vertex 182 162.5 0
      vertex 182 162.5 30
      vertex 181.521 162.479 0
    endloop
  endfacet
  facet normal 0.0437993 -0.99904 0
    outer loop
      vertex 181.521 162.479 30
      vertex 181.521 162.479 0
      vertex 182 162.5 30
    endloop
  endfacet
  facet normal -0.0437993 -0.99904 0
    outer loop
      vertex 182.479 162.479 0
      vertex 182.479 162.479 30
      vertex 182 162.5 0
    endloop
  endfacet
  facet normal -0.0437993 -0.99904 -0
    outer loop
      vertex 182 162.5 30
      vertex 182 162.5 0
      vertex 182.479 162.479 30
    endloop
  endfacet
  facet normal -0.131209 -0.991355 0
    outer loop
      vertex 182.955 162.416 0
      vertex 182.955 162.416 30
      vertex 182.479 162.479 0
    endloop
  endfacet
  facet normal -0.131209 -0.991355 -0
    outer loop
      vertex 182.479 162.479 30
      vertex 182.479 162.479 0
      vertex 182.955 162.416 30
    endloop
  endfacet
  facet normal -0.214941 -0.976627 0
    outer loop
      vertex 183.423 162.313 0
      vertex 183.423 162.313 30
      vertex 182.955 162.416 0
    endloop
  endfacet
  facet normal -0.214941 -0.976627 -0
    outer loop
      vertex 182.955 162.416 30
      vertex 182.955 162.416 0
      vertex 183.423 162.313 30
    endloop
  endfacet
  facet normal -0.301829 -0.953362 0
    outer loop
      vertex 183.881 162.168 0
      vertex 183.881 162.168 30
      vertex 183.423 162.313 0
    endloop
  endfacet
  facet normal -0.301829 -0.953362 -0
    outer loop
      vertex 183.423 162.313 30
      vertex 183.423 162.313 0
      vertex 183.881 162.168 30
    endloop
  endfacet
  facet normal -0.381799 -0.924245 0
    outer loop
      vertex 184.324 161.985 0
      vertex 184.324 161.985 30
      vertex 183.881 162.168 0
    endloop
  endfacet
  facet normal -0.381799 -0.924245 -0
    outer loop
      vertex 183.881 162.168 30
      vertex 183.881 162.168 0
      vertex 184.324 161.985 30
    endloop
  endfacet
  facet normal -0.462139 -0.886807 0
    outer loop
      vertex 184.75 161.763 0
      vertex 184.75 161.763 30
      vertex 184.324 161.985 0
    endloop
  endfacet
  facet normal -0.462139 -0.886807 -0
    outer loop
      vertex 184.324 161.985 30
      vertex 184.324 161.985 0
      vertex 184.75 161.763 30
    endloop
  endfacet
  facet normal -0.53728 -0.843404 0
    outer loop
      vertex 185.155 161.505 0
      vertex 185.155 161.505 30
      vertex 184.75 161.763 0
    endloop
  endfacet
  facet normal -0.53728 -0.843404 -0
    outer loop
      vertex 184.75 161.763 30
      vertex 184.75 161.763 0
      vertex 185.155 161.505 30
    endloop
  endfacet
  facet normal -0.609307 -0.792934 0
    outer loop
      vertex 185.535 161.213 0
      vertex 185.535 161.213 30
      vertex 185.155 161.505 0
    endloop
  endfacet
  facet normal -0.609307 -0.792934 -0
    outer loop
      vertex 185.155 161.505 30
      vertex 185.155 161.505 0
      vertex 185.535 161.213 30
    endloop
  endfacet
  facet normal -0.675158 -0.737673 0
    outer loop
      vertex 185.889 160.889 0
      vertex 185.889 160.889 30
      vertex 185.535 161.213 0
    endloop
  endfacet
  facet normal -0.675158 -0.737673 -0
    outer loop
      vertex 185.535 161.213 30
      vertex 185.535 161.213 0
      vertex 185.889 160.889 30
    endloop
  endfacet
  facet normal -0.737673 -0.675158 0
    outer loop
      vertex 186.213 160.535 0
      vertex 186.213 160.535 30
      vertex 185.889 160.889 0
    endloop
  endfacet
  facet normal -0.737673 -0.675158 -0
    outer loop
      vertex 185.889 160.889 30
      vertex 185.889 160.889 0
      vertex 186.213 160.535 30
    endloop
  endfacet
  facet normal -0.792934 -0.609307 0
    outer loop
      vertex 186.505 160.155 0
      vertex 186.505 160.155 30
      vertex 186.213 160.535 0
    endloop
  endfacet
  facet normal -0.792934 -0.609307 -0
    outer loop
      vertex 186.213 160.535 30
      vertex 186.213 160.535 0
      vertex 186.505 160.155 30
    endloop
  endfacet
  facet normal -0.843404 -0.53728 0
    outer loop
      vertex 186.763 159.75 0
      vertex 186.763 159.75 30
      vertex 186.505 160.155 0
    endloop
  endfacet
  facet normal -0.843404 -0.53728 -0
    outer loop
      vertex 186.505 160.155 30
      vertex 186.505 160.155 0
      vertex 186.763 159.75 30
    endloop
  endfacet
  facet normal -0.886807 -0.462139 0
    outer loop
      vertex 186.985 159.324 0
      vertex 186.985 159.324 30
      vertex 186.763 159.75 0
    endloop
  endfacet
  facet normal -0.886807 -0.462139 -0
    outer loop
      vertex 186.763 159.75 30
      vertex 186.763 159.75 0
      vertex 186.985 159.324 30
    endloop
  endfacet
  facet normal -0.924245 -0.381799 0
    outer loop
      vertex 187.168 158.881 0
      vertex 187.168 158.881 30
      vertex 186.985 159.324 0
    endloop
  endfacet
  facet normal -0.924245 -0.381799 -0
    outer loop
      vertex 186.985 159.324 30
      vertex 186.985 159.324 0
      vertex 187.168 158.881 30
    endloop
  endfacet
  facet normal -0.953362 -0.301829 0
    outer loop
      vertex 187.313 158.423 0
      vertex 187.313 158.423 30
      vertex 187.168 158.881 0
    endloop
  endfacet
  facet normal -0.953362 -0.301829 -0
    outer loop
      vertex 187.168 158.881 30
      vertex 187.168 158.881 0
      vertex 187.313 158.423 30
    endloop
  endfacet
  facet normal -0.976627 -0.214941 0
    outer loop
      vertex 187.416 157.955 0
      vertex 187.416 157.955 30
      vertex 187.313 158.423 0
    endloop
  endfacet
  facet normal -0.976627 -0.214941 -0
    outer loop
      vertex 187.313 158.423 30
      vertex 187.313 158.423 0
      vertex 187.416 157.955 30
    endloop
  endfacet
  facet normal -0.991355 -0.131209 0
    outer loop
      vertex 187.479 157.479 0
      vertex 187.479 157.479 30
      vertex 187.416 157.955 0
    endloop
  endfacet
  facet normal -0.991355 -0.131209 -0
    outer loop
      vertex 187.416 157.955 30
      vertex 187.416 157.955 0
      vertex 187.479 157.479 30
    endloop
  endfacet
  facet normal -0.99904 -0.0437993 0
    outer loop
      vertex 187.5 157 0
      vertex 187.5 157 30
      vertex 187.479 157.479 0
    endloop
  endfacet
  facet normal -0.99904 -0.0437993 -0
    outer loop
      vertex 187.479 157.479 30
      vertex 187.479 157.479 0
      vertex 187.5 157 30
    endloop
  endfacet
  facet normal -0.99904 0.0437993 0
    outer loop
      vertex 187.479 156.521 0
      vertex 187.479 156.521 30
      vertex 187.5 157 0
    endloop
  endfacet
  facet normal -0.99904 0.0437993 0
    outer loop
      vertex 187.5 157 30
      vertex 187.5 157 0
      vertex 187.479 156.521 30
    endloop
  endfacet
  facet normal -0.991355 0.131209 0
    outer loop
      vertex 187.416 156.045 0
      vertex 187.416 156.045 30
      vertex 187.479 156.521 0
    endloop
  endfacet
  facet normal -0.991355 0.131209 0
    outer loop
      vertex 187.479 156.521 30
      vertex 187.479 156.521 0
      vertex 187.416 156.045 30
    endloop
  endfacet
  facet normal -0.976723 0.214504 0
    outer loop
      vertex 187.313 155.576 0
      vertex 187.313 155.576 30
      vertex 187.416 156.045 0
    endloop
  endfacet
  facet normal -0.976723 0.214504 0
    outer loop
      vertex 187.416 156.045 30
      vertex 187.416 156.045 0
      vertex 187.313 155.576 30
    endloop
  endfacet
  facet normal -0.953172 0.302429 0
    outer loop
      vertex 187.168 155.119 0
      vertex 187.168 155.119 30
      vertex 187.313 155.576 0
    endloop
  endfacet
  facet normal -0.953172 0.302429 0
    outer loop
      vertex 187.313 155.576 30
      vertex 187.313 155.576 0
      vertex 187.168 155.119 30
    endloop
  endfacet
  facet normal -0.924245 0.381799 0
    outer loop
      vertex 186.985 154.676 0
      vertex 186.985 154.676 30
      vertex 187.168 155.119 0
    endloop
  endfacet
  facet normal -0.924245 0.381799 0
    outer loop
      vertex 187.168 155.119 30
      vertex 187.168 155.119 0
      vertex 186.985 154.676 30
    endloop
  endfacet
  facet normal -0.886807 0.462139 0
    outer loop
      vertex 186.763 154.25 0
      vertex 186.763 154.25 30
      vertex 186.985 154.676 0
    endloop
  endfacet
  facet normal -0.886807 0.462139 0
    outer loop
      vertex 186.985 154.676 30
      vertex 186.985 154.676 0
      vertex 186.763 154.25 30
    endloop
  endfacet
  facet normal -0.843404 0.53728 0
    outer loop
      vertex 186.505 153.845 0
      vertex 186.505 153.845 30
      vertex 186.763 154.25 0
    endloop
  endfacet
  facet normal -0.843404 0.53728 0
    outer loop
      vertex 186.763 154.25 30
      vertex 186.763 154.25 0
      vertex 186.505 153.845 30
    endloop
  endfacet
  facet normal -0.792934 0.609307 0
    outer loop
      vertex 186.213 153.465 0
      vertex 186.213 153.465 30
      vertex 186.505 153.845 0
    endloop
  endfacet
  facet normal -0.792934 0.609307 0
    outer loop
      vertex 186.505 153.845 30
      vertex 186.505 153.845 0
      vertex 186.213 153.465 30
    endloop
  endfacet
  facet normal -0.737673 0.675158 0
    outer loop
      vertex 185.889 153.111 0
      vertex 185.889 153.111 30
      vertex 186.213 153.465 0
    endloop
  endfacet
  facet normal -0.737673 0.675158 0
    outer loop
      vertex 186.213 153.465 30
      vertex 186.213 153.465 0
      vertex 185.889 153.111 30
    endloop
  endfacet
  facet normal -0.675158 0.737673 0
    outer loop
      vertex 185.535 152.787 0
      vertex 185.535 152.787 30
      vertex 185.889 153.111 0
    endloop
  endfacet
  facet normal -0.675158 0.737673 0
    outer loop
      vertex 185.889 153.111 30
      vertex 185.889 153.111 0
      vertex 185.535 152.787 30
    endloop
  endfacet
  facet normal -0.609307 0.792934 0
    outer loop
      vertex 185.155 152.495 0
      vertex 185.155 152.495 30
      vertex 185.535 152.787 0
    endloop
  endfacet
  facet normal -0.609307 0.792934 0
    outer loop
      vertex 185.535 152.787 30
      vertex 185.535 152.787 0
      vertex 185.155 152.495 30
    endloop
  endfacet
  facet normal -0.53728 0.843404 0
    outer loop
      vertex 184.75 152.237 0
      vertex 184.75 152.237 30
      vertex 185.155 152.495 0
    endloop
  endfacet
  facet normal -0.53728 0.843404 0
    outer loop
      vertex 185.155 152.495 30
      vertex 185.155 152.495 0
      vertex 184.75 152.237 30
    endloop
  endfacet
  facet normal -0.462139 0.886807 0
    outer loop
      vertex 184.324 152.015 0
      vertex 184.324 152.015 30
      vertex 184.75 152.237 0
    endloop
  endfacet
  facet normal -0.462139 0.886807 0
    outer loop
      vertex 184.75 152.237 30
      vertex 184.75 152.237 0
      vertex 184.324 152.015 30
    endloop
  endfacet
  facet normal -0.381799 0.924245 0
    outer loop
      vertex 183.881 151.832 0
      vertex 183.881 151.832 30
      vertex 184.324 152.015 0
    endloop
  endfacet
  facet normal -0.381799 0.924245 0
    outer loop
      vertex 184.324 152.015 30
      vertex 184.324 152.015 0
      vertex 183.881 151.832 30
    endloop
  endfacet
  facet normal -0.301829 0.953362 0
    outer loop
      vertex 183.423 151.687 0
      vertex 183.423 151.687 30
      vertex 183.881 151.832 0
    endloop
  endfacet
  facet normal -0.301829 0.953362 0
    outer loop
      vertex 183.881 151.832 30
      vertex 183.881 151.832 0
      vertex 183.423 151.687 30
    endloop
  endfacet
  facet normal -0.214941 0.976627 0
    outer loop
      vertex 182.955 151.584 0
      vertex 182.955 151.584 30
      vertex 183.423 151.687 0
    endloop
  endfacet
  facet normal -0.214941 0.976627 0
    outer loop
      vertex 183.423 151.687 30
      vertex 183.423 151.687 0
      vertex 182.955 151.584 30
    endloop
  endfacet
  facet normal -0.131209 0.991355 0
    outer loop
      vertex 182.479 151.521 0
      vertex 182.479 151.521 30
      vertex 182.955 151.584 0
    endloop
  endfacet
  facet normal -0.131209 0.991355 0
    outer loop
      vertex 182.955 151.584 30
      vertex 182.955 151.584 0
      vertex 182.479 151.521 30
    endloop
  endfacet
  facet normal -0.0437993 0.99904 0
    outer loop
      vertex 182 151.5 0
      vertex 182 151.5 30
      vertex 182.479 151.521 0
    endloop
  endfacet
  facet normal -0.0437993 0.99904 0
    outer loop
      vertex 182.479 151.521 30
      vertex 182.479 151.521 0
      vertex 182 151.5 30
    endloop
  endfacet
  facet normal 0.0437993 0.99904 -0
    outer loop
      vertex 181.521 151.521 0
      vertex 181.521 151.521 30
      vertex 182 151.5 0
    endloop
  endfacet
  facet normal 0.0437993 0.99904 0
    outer loop
      vertex 182 151.5 30
      vertex 182 151.5 0
      vertex 181.521 151.521 30
    endloop
  endfacet
  facet normal 0.131209 0.991355 -0
    outer loop
      vertex 263.045 151.584 0
      vertex 263.045 151.584 30
      vertex 263.521 151.521 0
    endloop
  endfacet
  facet normal 0.131209 0.991355 0
    outer loop
      vertex 263.521 151.521 30
      vertex 263.521 151.521 0
      vertex 263.045 151.584 30
    endloop
  endfacet
  facet normal 0.214504 0.976723 -0
    outer loop
      vertex 262.576 151.687 0
      vertex 262.576 151.687 30
      vertex 263.045 151.584 0
    endloop
  endfacet
  facet normal 0.214504 0.976723 0
    outer loop
      vertex 263.045 151.584 30
      vertex 263.045 151.584 0
      vertex 262.576 151.687 30
    endloop
  endfacet
  facet normal 0.302429 0.953172 -0
    outer loop
      vertex 262.119 151.832 0
      vertex 262.119 151.832 30
      vertex 262.576 151.687 0
    endloop
  endfacet
  facet normal 0.302429 0.953172 0
    outer loop
      vertex 262.576 151.687 30
      vertex 262.576 151.687 0
      vertex 262.119 151.832 30
    endloop
  endfacet
  facet normal 0.381799 0.924245 -0
    outer loop
      vertex 261.676 152.015 0
      vertex 261.676 152.015 30
      vertex 262.119 151.832 0
    endloop
  endfacet
  facet normal 0.381799 0.924245 0
    outer loop
      vertex 262.119 151.832 30
      vertex 262.119 151.832 0
      vertex 261.676 152.015 30
    endloop
  endfacet
  facet normal 0.462139 0.886807 -0
    outer loop
      vertex 261.25 152.237 0
      vertex 261.25 152.237 30
      vertex 261.676 152.015 0
    endloop
  endfacet
  facet normal 0.462139 0.886807 0
    outer loop
      vertex 261.676 152.015 30
      vertex 261.676 152.015 0
      vertex 261.25 152.237 30
    endloop
  endfacet
  facet normal 0.53728 0.843404 -0
    outer loop
      vertex 260.845 152.495 0
      vertex 260.845 152.495 30
      vertex 261.25 152.237 0
    endloop
  endfacet
  facet normal 0.53728 0.843404 0
    outer loop
      vertex 261.25 152.237 30
      vertex 261.25 152.237 0
      vertex 260.845 152.495 30
    endloop
  endfacet
  facet normal 0.609307 0.792934 -0
    outer loop
      vertex 260.465 152.787 0
      vertex 260.465 152.787 30
      vertex 260.845 152.495 0
    endloop
  endfacet
  facet normal 0.609307 0.792934 0
    outer loop
      vertex 260.845 152.495 30
      vertex 260.845 152.495 0
      vertex 260.465 152.787 30
    endloop
  endfacet
  facet normal 0.675158 0.737673 -0
    outer loop
      vertex 260.111 153.111 0
      vertex 260.111 153.111 30
      vertex 260.465 152.787 0
    endloop
  endfacet
  facet normal 0.675158 0.737673 0
    outer loop
      vertex 260.465 152.787 30
      vertex 260.465 152.787 0
      vertex 260.111 153.111 30
    endloop
  endfacet
  facet normal 0.737673 0.675158 -0
    outer loop
      vertex 259.787 153.465 0
      vertex 259.787 153.465 30
      vertex 260.111 153.111 0
    endloop
  endfacet
  facet normal 0.737673 0.675158 0
    outer loop
      vertex 260.111 153.111 30
      vertex 260.111 153.111 0
      vertex 259.787 153.465 30
    endloop
  endfacet
  facet normal 0.792934 0.609307 -0
    outer loop
      vertex 259.495 153.845 0
      vertex 259.495 153.845 30
      vertex 259.787 153.465 0
    endloop
  endfacet
  facet normal 0.792934 0.609307 0
    outer loop
      vertex 259.787 153.465 30
      vertex 259.787 153.465 0
      vertex 259.495 153.845 30
    endloop
  endfacet
  facet normal 0.843404 0.53728 -0
    outer loop
      vertex 259.237 154.25 0
      vertex 259.237 154.25 30
      vertex 259.495 153.845 0
    endloop
  endfacet
  facet normal 0.843404 0.53728 0
    outer loop
      vertex 259.495 153.845 30
      vertex 259.495 153.845 0
      vertex 259.237 154.25 30
    endloop
  endfacet
  facet normal 0.886807 0.462139 -0
    outer loop
      vertex 259.015 154.676 0
      vertex 259.015 154.676 30
      vertex 259.237 154.25 0
    endloop
  endfacet
  facet normal 0.886807 0.462139 0
    outer loop
      vertex 259.237 154.25 30
      vertex 259.237 154.25 0
      vertex 259.015 154.676 30
    endloop
  endfacet
  facet normal 0.924245 0.381799 -0
    outer loop
      vertex 258.832 155.119 0
      vertex 258.832 155.119 30
      vertex 259.015 154.676 0
    endloop
  endfacet
  facet normal 0.924245 0.381799 0
    outer loop
      vertex 259.015 154.676 30
      vertex 259.015 154.676 0
      vertex 258.832 155.119 30
    endloop
  endfacet
  facet normal 0.953172 0.302429 -0
    outer loop
      vertex 258.687 155.576 0
      vertex 258.687 155.576 30
      vertex 258.832 155.119 0
    endloop
  endfacet
  facet normal 0.953172 0.302429 0
    outer loop
      vertex 258.832 155.119 30
      vertex 258.832 155.119 0
      vertex 258.687 155.576 30
    endloop
  endfacet
  facet normal 0.976723 0.214504 -0
    outer loop
      vertex 258.584 156.045 0
      vertex 258.584 156.045 30
      vertex 258.687 155.576 0
    endloop
  endfacet
  facet normal 0.976723 0.214504 0
    outer loop
      vertex 258.687 155.576 30
      vertex 258.687 155.576 0
      vertex 258.584 156.045 30
    endloop
  endfacet
  facet normal 0.991355 0.131209 -0
    outer loop
      vertex 258.521 156.521 0
      vertex 258.521 156.521 30
      vertex 258.584 156.045 0
    endloop
  endfacet
  facet normal 0.991355 0.131209 0
    outer loop
      vertex 258.584 156.045 30
      vertex 258.584 156.045 0
      vertex 258.521 156.521 30
    endloop
  endfacet
  facet normal 0.99904 0.0437993 -0
    outer loop
      vertex 258.5 157 0
      vertex 258.5 157 30
      vertex 258.521 156.521 0
    endloop
  endfacet
  facet normal 0.99904 0.0437993 0
    outer loop
      vertex 258.521 156.521 30
      vertex 258.521 156.521 0
      vertex 258.5 157 30
    endloop
  endfacet
  facet normal 0.99904 -0.0437993 0
    outer loop
      vertex 258.521 157.479 0
      vertex 258.521 157.479 30
      vertex 258.5 157 0
    endloop
  endfacet
  facet normal 0.99904 -0.0437993 0
    outer loop
      vertex 258.5 157 30
      vertex 258.5 157 0
      vertex 258.521 157.479 30
    endloop
  endfacet
  facet normal 0.991355 -0.131209 0
    outer loop
      vertex 258.584 157.955 0
      vertex 258.584 157.955 30
      vertex 258.521 157.479 0
    endloop
  endfacet
  facet normal 0.991355 -0.131209 0
    outer loop
      vertex 258.521 157.479 30
      vertex 258.521 157.479 0
      vertex 258.584 157.955 30
    endloop
  endfacet
  facet normal 0.976627 -0.214941 0
    outer loop
      vertex 258.687 158.423 0
      vertex 258.687 158.423 30
      vertex 258.584 157.955 0
    endloop
  endfacet
  facet normal 0.976627 -0.214941 0
    outer loop
      vertex 258.584 157.955 30
      vertex 258.584 157.955 0
      vertex 258.687 158.423 30
    endloop
  endfacet
  facet normal 0.953362 -0.301829 0
    outer loop
      vertex 258.832 158.881 0
      vertex 258.832 158.881 30
      vertex 258.687 158.423 0
    endloop
  endfacet
  facet normal 0.953362 -0.301829 0
    outer loop
      vertex 258.687 158.423 30
      vertex 258.687 158.423 0
      vertex 258.832 158.881 30
    endloop
  endfacet
  facet normal 0.924245 -0.381799 0
    outer loop
      vertex 259.015 159.324 0
      vertex 259.015 159.324 30
      vertex 258.832 158.881 0
    endloop
  endfacet
  facet normal 0.924245 -0.381799 0
    outer loop
      vertex 258.832 158.881 30
      vertex 258.832 158.881 0
      vertex 259.015 159.324 30
    endloop
  endfacet
  facet normal 0.886807 -0.462139 0
    outer loop
      vertex 259.237 159.75 0
      vertex 259.237 159.75 30
      vertex 259.015 159.324 0
    endloop
  endfacet
  facet normal 0.886807 -0.462139 0
    outer loop
      vertex 259.015 159.324 30
      vertex 259.015 159.324 0
      vertex 259.237 159.75 30
    endloop
  endfacet
  facet normal 0.843404 -0.53728 0
    outer loop
      vertex 259.495 160.155 0
      vertex 259.495 160.155 30
      vertex 259.237 159.75 0
    endloop
  endfacet
  facet normal 0.843404 -0.53728 0
    outer loop
      vertex 259.237 159.75 30
      vertex 259.237 159.75 0
      vertex 259.495 160.155 30
    endloop
  endfacet
  facet normal 0.792934 -0.609307 0
    outer loop
      vertex 259.787 160.535 0
      vertex 259.787 160.535 30
      vertex 259.495 160.155 0
    endloop
  endfacet
  facet normal 0.792934 -0.609307 0
    outer loop
      vertex 259.495 160.155 30
      vertex 259.495 160.155 0
      vertex 259.787 160.535 30
    endloop
  endfacet
  facet normal 0.737673 -0.675158 0
    outer loop
      vertex 260.111 160.889 0
      vertex 260.111 160.889 30
      vertex 259.787 160.535 0
    endloop
  endfacet
  facet normal 0.737673 -0.675158 0
    outer loop
      vertex 259.787 160.535 30
      vertex 259.787 160.535 0
      vertex 260.111 160.889 30
    endloop
  endfacet
  facet normal 0.675158 -0.737673 0
    outer loop
      vertex 260.465 161.213 0
      vertex 260.465 161.213 30
      vertex 260.111 160.889 0
    endloop
  endfacet
  facet normal 0.675158 -0.737673 0
    outer loop
      vertex 260.111 160.889 30
      vertex 260.111 160.889 0
      vertex 260.465 161.213 30
    endloop
  endfacet
  facet normal 0.609307 -0.792934 0
    outer loop
      vertex 260.845 161.505 0
      vertex 260.845 161.505 30
      vertex 260.465 161.213 0
    endloop
  endfacet
  facet normal 0.609307 -0.792934 0
    outer loop
      vertex 260.465 161.213 30
      vertex 260.465 161.213 0
      vertex 260.845 161.505 30
    endloop
  endfacet
  facet normal 0.53728 -0.843404 0
    outer loop
      vertex 261.25 161.763 0
      vertex 261.25 161.763 30
      vertex 260.845 161.505 0
    endloop
  endfacet
  facet normal 0.53728 -0.843404 0
    outer loop
      vertex 260.845 161.505 30
      vertex 260.845 161.505 0
      vertex 261.25 161.763 30
    endloop
  endfacet
  facet normal 0.462139 -0.886807 0
    outer loop
      vertex 261.676 161.985 0
      vertex 261.676 161.985 30
      vertex 261.25 161.763 0
    endloop
  endfacet
  facet normal 0.462139 -0.886807 0
    outer loop
      vertex 261.25 161.763 30
      vertex 261.25 161.763 0
      vertex 261.676 161.985 30
    endloop
  endfacet
  facet normal 0.381799 -0.924245 0
    outer loop
      vertex 262.119 162.168 0
      vertex 262.119 162.168 30
      vertex 261.676 161.985 0
    endloop
  endfacet
  facet normal 0.381799 -0.924245 0
    outer loop
      vertex 261.676 161.985 30
      vertex 261.676 161.985 0
      vertex 262.119 162.168 30
    endloop
  endfacet
  facet normal 0.302429 -0.953172 0
    outer loop
      vertex 262.576 162.313 0
      vertex 262.576 162.313 30
      vertex 262.119 162.168 0
    endloop
  endfacet
  facet normal 0.302429 -0.953172 0
    outer loop
      vertex 262.119 162.168 30
      vertex 262.119 162.168 0
      vertex 262.576 162.313 30
    endloop
  endfacet
  facet normal 0.214504 -0.976723 0
    outer loop
      vertex 263.045 162.416 0
      vertex 263.045 162.416 30
      vertex 262.576 162.313 0
    endloop
  endfacet
  facet normal 0.214504 -0.976723 0
    outer loop
      vertex 262.576 162.313 30
      vertex 262.576 162.313 0
      vertex 263.045 162.416 30
    endloop
  endfacet
  facet normal 0.131209 -0.991355 0
    outer loop
      vertex 263.521 162.479 0
      vertex 263.521 162.479 30
      vertex 263.045 162.416 0
    endloop
  endfacet
  facet normal 0.131209 -0.991355 0
    outer loop
      vertex 263.045 162.416 30
      vertex 263.045 162.416 0
      vertex 263.521 162.479 30
    endloop
  endfacet
  facet normal 0.0437993 -0.99904 0
    outer loop
      vertex 264 162.5 0
      vertex 264 162.5 30
      vertex 263.521 162.479 0
    endloop
  endfacet
  facet normal 0.0437993 -0.99904 0
    outer loop
      vertex 263.521 162.479 30
      vertex 263.521 162.479 0
      vertex 264 162.5 30
    endloop
  endfacet
  facet normal -0.0437993 -0.99904 0
    outer loop
      vertex 264.479 162.479 0
      vertex 264.479 162.479 30
      vertex 264 162.5 0
    endloop
  endfacet
  facet normal -0.0437993 -0.99904 -0
    outer loop
      vertex 264 162.5 30
      vertex 264 162.5 0
      vertex 264.479 162.479 30
    endloop
  endfacet
  facet normal -0.131209 -0.991355 0
    outer loop
      vertex 264.955 162.416 0
      vertex 264.955 162.416 30
      vertex 264.479 162.479 0
    endloop
  endfacet
  facet normal -0.131209 -0.991355 -0
    outer loop
      vertex 264.479 162.479 30
      vertex 264.479 162.479 0
      vertex 264.955 162.416 30
    endloop
  endfacet
  facet normal -0.214941 -0.976627 0
    outer loop
      vertex 265.423 162.313 0
      vertex 265.423 162.313 30
      vertex 264.955 162.416 0
    endloop
  endfacet
  facet normal -0.214941 -0.976627 -0
    outer loop
      vertex 264.955 162.416 30
      vertex 264.955 162.416 0
      vertex 265.423 162.313 30
    endloop
  endfacet
  facet normal -0.301829 -0.953362 0
    outer loop
      vertex 265.881 162.168 0
      vertex 265.881 162.168 30
      vertex 265.423 162.313 0
    endloop
  endfacet
  facet normal -0.301829 -0.953362 -0
    outer loop
      vertex 265.423 162.313 30
      vertex 265.423 162.313 0
      vertex 265.881 162.168 30
    endloop
  endfacet
  facet normal -0.381799 -0.924245 0
    outer loop
      vertex 266.324 161.985 0
      vertex 266.324 161.985 30
      vertex 265.881 162.168 0
    endloop
  endfacet
  facet normal -0.381799 -0.924245 -0
    outer loop
      vertex 265.881 162.168 30
      vertex 265.881 162.168 0
      vertex 266.324 161.985 30
    endloop
  endfacet
  facet normal -0.462139 -0.886807 0
    outer loop
      vertex 266.75 161.763 0
      vertex 266.75 161.763 30
      vertex 266.324 161.985 0
    endloop
  endfacet
  facet normal -0.462139 -0.886807 -0
    outer loop
      vertex 266.324 161.985 30
      vertex 266.324 161.985 0
      vertex 266.75 161.763 30
    endloop
  endfacet
  facet normal -0.53728 -0.843404 0
    outer loop
      vertex 267.155 161.505 0
      vertex 267.155 161.505 30
      vertex 266.75 161.763 0
    endloop
  endfacet
  facet normal -0.53728 -0.843404 -0
    outer loop
      vertex 266.75 161.763 30
      vertex 266.75 161.763 0
      vertex 267.155 161.505 30
    endloop
  endfacet
  facet normal -0.609307 -0.792934 0
    outer loop
      vertex 267.535 161.213 0
      vertex 267.535 161.213 30
      vertex 267.155 161.505 0
    endloop
  endfacet
  facet normal -0.609307 -0.792934 -0
    outer loop
      vertex 267.155 161.505 30
      vertex 267.155 161.505 0
      vertex 267.535 161.213 30
    endloop
  endfacet
  facet normal -0.675158 -0.737673 0
    outer loop
      vertex 267.889 160.889 0
      vertex 267.889 160.889 30
      vertex 267.535 161.213 0
    endloop
  endfacet
  facet normal -0.675158 -0.737673 -0
    outer loop
      vertex 267.535 161.213 30
      vertex 267.535 161.213 0
      vertex 267.889 160.889 30
    endloop
  endfacet
  facet normal -0.737673 -0.675158 0
    outer loop
      vertex 268.213 160.535 0
      vertex 268.213 160.535 30
      vertex 267.889 160.889 0
    endloop
  endfacet
  facet normal -0.737673 -0.675158 -0
    outer loop
      vertex 267.889 160.889 30
      vertex 267.889 160.889 0
      vertex 268.213 160.535 30
    endloop
  endfacet
  facet normal -0.792934 -0.609307 0
    outer loop
      vertex 268.505 160.155 0
      vertex 268.505 160.155 30
      vertex 268.213 160.535 0
    endloop
  endfacet
  facet normal -0.792934 -0.609307 -0
    outer loop
      vertex 268.213 160.535 30
      vertex 268.213 160.535 0
      vertex 268.505 160.155 30
    endloop
  endfacet
  facet normal -0.843404 -0.53728 0
    outer loop
      vertex 268.763 159.75 0
      vertex 268.763 159.75 30
      vertex 268.505 160.155 0
    endloop
  endfacet
  facet normal -0.843404 -0.53728 -0
    outer loop
      vertex 268.505 160.155 30
      vertex 268.505 160.155 0
      vertex 268.763 159.75 30
    endloop
  endfacet
  facet normal -0.886807 -0.462139 0
    outer loop
      vertex 268.985 159.324 0
      vertex 268.985 159.324 30
      vertex 268.763 159.75 0
    endloop
  endfacet
  facet normal -0.886807 -0.462139 -0
    outer loop
      vertex 268.763 159.75 30
      vertex 268.763 159.75 0
      vertex 268.985 159.324 30
    endloop
  endfacet
  facet normal -0.924245 -0.381799 0
    outer loop
      vertex 269.168 158.881 0
      vertex 269.168 158.881 30
      vertex 268.985 159.324 0
    endloop
  endfacet
  facet normal -0.924245 -0.381799 -0
    outer loop
      vertex 268.985 159.324 30
      vertex 268.985 159.324 0
      vertex 269.168 158.881 30
    endloop
  endfacet
  facet normal -0.953362 -0.301829 0
    outer loop
      vertex 269.313 158.423 0
      vertex 269.313 158.423 30
      vertex 269.168 158.881 0
    endloop
  endfacet
  facet normal -0.953362 -0.301829 -0
    outer loop
      vertex 269.168 158.881 30
      vertex 269.168 158.881 0
      vertex 269.313 158.423 30
    endloop
  endfacet
  facet normal -0.976627 -0.214941 0
    outer loop
      vertex 269.416 157.955 0
      vertex 269.416 157.955 30
      vertex 269.313 158.423 0
    endloop
  endfacet
  facet normal -0.976627 -0.214941 -0
    outer loop
      vertex 269.313 158.423 30
      vertex 269.313 158.423 0
      vertex 269.416 157.955 30
    endloop
  endfacet
  facet normal -0.991355 -0.131209 0
    outer loop
      vertex 269.479 157.479 0
      vertex 269.479 157.479 30
      vertex 269.416 157.955 0
    endloop
  endfacet
  facet normal -0.991355 -0.131209 -0
    outer loop
      vertex 269.416 157.955 30
      vertex 269.416 157.955 0
      vertex 269.479 157.479 30
    endloop
  endfacet
  facet normal -0.99904 -0.0437993 0
    outer loop
      vertex 269.5 157 0
      vertex 269.5 157 30
      vertex 269.479 157.479 0
    endloop
  endfacet
  facet normal -0.99904 -0.0437993 -0
    outer loop
      vertex 269.479 157.479 30
      vertex 269.479 157.479 0
      vertex 269.5 157 30
    endloop
  endfacet
  facet normal -0.99904 0.0437993 0
    outer loop
      vertex 269.479 156.521 0
      vertex 269.479 156.521 30
      vertex 269.5 157 0
    endloop
  endfacet
  facet normal -0.99904 0.0437993 0
    outer loop
      vertex 269.5 157 30
      vertex 269.5 157 0
      vertex 269.479 156.521 30
    endloop
  endfacet
  facet normal -0.991355 0.131209 0
    outer loop
      vertex 269.416 156.045 0
      vertex 269.416 156.045 30
      vertex 269.479 156.521 0
    endloop
  endfacet
  facet normal -0.991355 0.131209 0
    outer loop
      vertex 269.479 156.521 30
      vertex 269.479 156.521 0
      vertex 269.416 156.045 30
    endloop
  endfacet
  facet normal -0.976723 0.214504 0
    outer loop
      vertex 269.313 155.576 0
      vertex 269.313 155.576 30
      vertex 269.416 156.045 0
    endloop
  endfacet
  facet normal -0.976723 0.214504 0
    outer loop
      vertex 269.416 156.045 30
      vertex 269.416 156.045 0
      vertex 269.313 155.576 30
    endloop
  endfacet
  facet normal -0.953172 0.302429 0
    outer loop
      vertex 269.168 155.119 0
      vertex 269.168 155.119 30
      vertex 269.313 155.576 0
    endloop
  endfacet
  facet normal -0.953172 0.302429 0
    outer loop
      vertex 269.313 155.576 30
      vertex 269.313 155.576 0
      vertex 269.168 155.119 30
    endloop
  endfacet
  facet normal -0.924245 0.381799 0
    outer loop
      vertex 268.985 154.676 0
      vertex 268.985 154.676 30
      vertex 269.168 155.119 0
    endloop
  endfacet
  facet normal -0.924245 0.381799 0
    outer loop
      vertex 269.168 155.119 30
      vertex 269.168 155.119 0
      vertex 268.985 154.676 30
    endloop
  endfacet
  facet normal -0.886807 0.462139 0
    outer loop
      vertex 268.763 154.25 0
      vertex 268.763 154.25 30
      vertex 268.985 154.676 0
    endloop
  endfacet
  facet normal -0.886807 0.462139 0
    outer loop
      vertex 268.985 154.676 30
      vertex 268.985 154.676 0
      vertex 268.763 154.25 30
    endloop
  endfacet
  facet normal -0.843404 0.53728 0
    outer loop
      vertex 268.505 153.845 0
      vertex 268.505 153.845 30
      vertex 268.763 154.25 0
    endloop
  endfacet
  facet normal -0.843404 0.53728 0
    outer loop
      vertex 268.763 154.25 30
      vertex 268.763 154.25 0
      vertex 268.505 153.845 30
    endloop
  endfacet
  facet normal -0.792934 0.609307 0
    outer loop
      vertex 268.213 153.465 0
      vertex 268.213 153.465 30
      vertex 268.505 153.845 0
    endloop
  endfacet
  facet normal -0.792934 0.609307 0
    outer loop
      vertex 268.505 153.845 30
      vertex 268.505 153.845 0
      vertex 268.213 153.465 30
    endloop
  endfacet
  facet normal -0.737673 0.675158 0
    outer loop
      vertex 267.889 153.111 0
      vertex 267.889 153.111 30
      vertex 268.213 153.465 0
    endloop
  endfacet
  facet normal -0.737673 0.675158 0
    outer loop
      vertex 268.213 153.465 30
      vertex 268.213 153.465 0
      vertex 267.889 153.111 30
    endloop
  endfacet
  facet normal -0.675158 0.737673 0
    outer loop
      vertex 267.535 152.787 0
      vertex 267.535 152.787 30
      vertex 267.889 153.111 0
    endloop
  endfacet
  facet normal -0.675158 0.737673 0
    outer loop
      vertex 267.889 153.111 30
      vertex 267.889 153.111 0
      vertex 267.535 152.787 30
    endloop
  endfacet
  facet normal -0.609307 0.792934 0
    outer loop
      vertex 267.155 152.495 0
      vertex 267.155 152.495 30
      vertex 267.535 152.787 0
    endloop
  endfacet
  facet normal -0.609307 0.792934 0
    outer loop
      vertex 267.535 152.787 30
      vertex 267.535 152.787 0
      vertex 267.155 152.495 30
    endloop
  endfacet
  facet normal -0.53728 0.843404 0
    outer loop
      vertex 266.75 152.237 0
      vertex 266.75 152.237 30
      vertex 267.155 152.495 0
    endloop
  endfacet
  facet normal -0.53728 0.843404 0
    outer loop
      vertex 267.155 152.495 30
      vertex 267.155 152.495 0
      vertex 266.75 152.237 30
    endloop
  endfacet
  facet normal -0.462139 0.886807 0
    outer loop
      vertex 266.324 152.015 0
      vertex 266.324 152.015 30
      vertex 266.75 152.237 0
    endloop
  endfacet
  facet normal -0.462139 0.886807 0
    outer loop
      vertex 266.75 152.237 30
      vertex 266.75 152.237 0
      vertex 266.324 152.015 30
    endloop
  endfacet
  facet normal -0.381799 0.924245 0
    outer loop
      vertex 265.881 151.832 0
      vertex 265.881 151.832 30
      vertex 266.324 152.015 0
    endloop
  endfacet
  facet normal -0.381799 0.924245 0
    outer loop
      vertex 266.324 152.015 30
      vertex 266.324 152.015 0
      vertex 265.881 151.832 30
    endloop
  endfacet
  facet normal -0.301829 0.953362 0
    outer loop
      vertex 265.423 151.687 0
      vertex 265.423 151.687 30
      vertex 265.881 151.832 0
    endloop
  endfacet
  facet normal -0.301829 0.953362 0
    outer loop
      vertex 265.881 151.832 30
      vertex 265.881 151.832 0
      vertex 265.423 151.687 30
    endloop
  endfacet
  facet normal -0.214941 0.976627 0
    outer loop
      vertex 264.955 151.584 0
      vertex 264.955 151.584 30
      vertex 265.423 151.687 0
    endloop
  endfacet
  facet normal -0.214941 0.976627 0
    outer loop
      vertex 265.423 151.687 30
      vertex 265.423 151.687 0
      vertex 264.955 151.584 30
    endloop
  endfacet
  facet normal -0.131209 0.991355 0
    outer loop
      vertex 264.479 151.521 0
      vertex 264.479 151.521 30
      vertex 264.955 151.584 0
    endloop
  endfacet
  facet normal -0.131209 0.991355 0
    outer loop
      vertex 264.955 151.584 30
      vertex 264.955 151.584 0
      vertex 264.479 151.521 30
    endloop
  endfacet
  facet normal -0.0437993 0.99904 0
    outer loop
      vertex 264 151.5 0
      vertex 264 151.5 30
      vertex 264.479 151.521 0
    endloop
  endfacet
  facet normal -0.0437993 0.99904 0
    outer loop
      vertex 264.479 151.521 30
      vertex 264.479 151.521 0
      vertex 264 151.5 30
    endloop
  endfacet
  facet normal 0.0437993 0.99904 -0
    outer loop
      vertex 263.521 151.521 0
      vertex 263.521 151.521 30
      vertex 264 151.5 0
    endloop
  endfacet
  facet normal 0.0437993 0.99904 0
    outer loop
      vertex 264 151.5 30
      vertex 264 151.5 0
      vertex 263.521 151.521 30
    endloop
  endfacet
  facet normal 0.131788 0.991278 -0
    outer loop
      vertex 29.3054 141.061 0
      vertex 29.3054 141.061 30
      vertex 29.6514 141.015 0
    endloop
  endfacet
  facet normal 0.131788 0.991278 0
    outer loop
      vertex 29.6514 141.015 30
      vertex 29.6514 141.015 0
      vertex 29.3054 141.061 30
    endloop
  endfacet
  facet normal 0.214988 0.976617 -0
    outer loop
      vertex 28.9647 141.136 0
      vertex 28.9647 141.136 30
      vertex 29.3054 141.061 0
    endloop
  endfacet
  facet normal 0.214988 0.976617 0
    outer loop
      vertex 29.3054 141.061 30
      vertex 29.3054 141.061 0
      vertex 28.9647 141.136 30
    endloop
  endfacet
  facet normal 0.300885 0.953661 -0
    outer loop
      vertex 28.6319 141.241 0
      vertex 28.6319 141.241 30
      vertex 28.9647 141.136 0
    endloop
  endfacet
  facet normal 0.300885 0.953661 0
    outer loop
      vertex 28.9647 141.136 30
      vertex 28.9647 141.136 0
      vertex 28.6319 141.241 30
    endloop
  endfacet
  facet normal 0.383802 0.923416 -0
    outer loop
      vertex 28.3095 141.375 0
      vertex 28.3095 141.375 30
      vertex 28.6319 141.241 0
    endloop
  endfacet
  facet normal 0.383802 0.923416 0
    outer loop
      vertex 28.6319 141.241 30
      vertex 28.6319 141.241 0
      vertex 28.3095 141.375 30
    endloop
  endfacet
  facet normal 0.461488 0.887146 -0
    outer loop
      vertex 28 141.536 0
      vertex 28 141.536 30
      vertex 28.3095 141.375 0
    endloop
  endfacet
  facet normal 0.461488 0.887146 0
    outer loop
      vertex 28.3095 141.375 30
      vertex 28.3095 141.375 0
      vertex 28 141.536 30
    endloop
  endfacet
  facet normal 0.5363 0.844027 -0
    outer loop
      vertex 27.7057 141.723 0
      vertex 27.7057 141.723 30
      vertex 28 141.536 0
    endloop
  endfacet
  facet normal 0.5363 0.844027 0
    outer loop
      vertex 28 141.536 30
      vertex 28 141.536 0
      vertex 27.7057 141.723 30
    endloop
  endfacet
  facet normal 0.609711 0.792624 -0
    outer loop
      vertex 27.4288 141.936 0
      vertex 27.4288 141.936 30
      vertex 27.7057 141.723 0
    endloop
  endfacet
  facet normal 0.609711 0.792624 0
    outer loop
      vertex 27.7057 141.723 30
      vertex 27.7057 141.723 0
      vertex 27.4288 141.936 30
    endloop
  endfacet
  facet normal 0.676088 0.736821 -0
    outer loop
      vertex 27.1716 142.172 0
      vertex 27.1716 142.172 30
      vertex 27.4288 141.936 0
    endloop
  endfacet
  facet normal 0.676088 0.736821 0
    outer loop
      vertex 27.4288 141.936 30
      vertex 27.4288 141.936 0
      vertex 27.1716 142.172 30
    endloop
  endfacet
  facet normal 0.736845 0.676062 -0
    outer loop
      vertex 26.9358 142.429 0
      vertex 26.9358 142.429 30
      vertex 27.1716 142.172 0
    endloop
  endfacet
  facet normal 0.736845 0.676062 0
    outer loop
      vertex 27.1716 142.172 30
      vertex 27.1716 142.172 0
      vertex 26.9358 142.429 30
    endloop
  endfacet
  facet normal 0.79356 0.608492 -0
    outer loop
      vertex 26.7234 142.706 0
      vertex 26.7234 142.706 30
      vertex 26.9358 142.429 0
    endloop
  endfacet
  facet normal 0.79356 0.608492 0
    outer loop
      vertex 26.9358 142.429 30
      vertex 26.9358 142.429 0
      vertex 26.7234 142.706 30
    endloop
  endfacet
  facet normal 0.84313 0.53771 -0
    outer loop
      vertex 26.5359 143 0
      vertex 26.5359 143 30
      vertex 26.7234 142.706 0
    endloop
  endfacet
  facet normal 0.84313 0.53771 0
    outer loop
      vertex 26.7234 142.706 30
      vertex 26.7234 142.706 0
      vertex 26.5359 143 30
    endloop
  endfacet
  facet normal 0.886723 0.462301 -0
    outer loop
      vertex 26.3748 143.309 0
      vertex 26.3748 143.309 30
      vertex 26.5359 143 0
    endloop
  endfacet
  facet normal 0.886723 0.462301 0
    outer loop
      vertex 26.5359 143 30
      vertex 26.5359 143 0
      vertex 26.3748 143.309 30
    endloop
  endfacet
  facet normal 0.924073 0.382217 -0
    outer loop
      vertex 26.2412 143.632 0
      vertex 26.2412 143.632 30
      vertex 26.3748 143.309 0
    endloop
  endfacet
  facet normal 0.924073 0.382217 0
    outer loop
      vertex 26.3748 143.309 30
      vertex 26.3748 143.309 0
      vertex 26.2412 143.632 30
    endloop
  endfacet
  facet normal 0.953795 0.30046 -0
    outer loop
      vertex 26.1363 143.965 0
      vertex 26.1363 143.965 30
      vertex 26.2412 143.632 0
    endloop
  endfacet
  facet normal 0.953795 0.30046 0
    outer loop
      vertex 26.2412 143.632 30
      vertex 26.2412 143.632 0
      vertex 26.1363 143.965 30
    endloop
  endfacet
  facet normal 0.976221 0.216778 -0
    outer loop
      vertex 26.0608 144.305 0
      vertex 26.0608 144.305 30
      vertex 26.1363 143.965 0
    endloop
  endfacet
  facet normal 0.976221 0.216778 0
    outer loop
      vertex 26.1363 143.965 30
      vertex 26.1363 143.965 0
      vertex 26.0608 144.305 30
    endloop
  endfacet
  facet normal 0.991427 0.130662 -0
    outer loop
      vertex 26.0152 144.651 0
      vertex 26.0152 144.651 30
      vertex 26.0608 144.305 0
    endloop
  endfacet
  facet normal 0.991427 0.130662 0
    outer loop
      vertex 26.0608 144.305 30
      vertex 26.0608 144.305 0
      vertex 26.0152 144.651 30
    endloop
  endfacet
  facet normal 0.999053 0.0435118 -0
    outer loop
      vertex 26 145 0
      vertex 26 145 30
      vertex 26.0152 144.651 0
    endloop
  endfacet
  facet normal 0.999053 0.0435118 0
    outer loop
      vertex 26.0152 144.651 30
      vertex 26.0152 144.651 0
      vertex 26 145 30
    endloop
  endfacet
  facet normal 0.999053 -0.0435118 0
    outer loop
      vertex 26.0152 145.349 0
      vertex 26.0152 145.349 30
      vertex 26 145 0
    endloop
  endfacet
  facet normal 0.999053 -0.0435118 0
    outer loop
      vertex 26 145 30
      vertex 26 145 0
      vertex 26.0152 145.349 30
    endloop
  endfacet
  facet normal 0.991427 -0.130662 0
    outer loop
      vertex 26.0608 145.695 0
      vertex 26.0608 145.695 30
      vertex 26.0152 145.349 0
    endloop
  endfacet
  facet normal 0.991427 -0.130662 0
    outer loop
      vertex 26.0152 145.349 30
      vertex 26.0152 145.349 0
      vertex 26.0608 145.695 30
    endloop
  endfacet
  facet normal 0.976221 -0.216778 0
    outer loop
      vertex 26.1363 146.035 0
      vertex 26.1363 146.035 30
      vertex 26.0608 145.695 0
    endloop
  endfacet
  facet normal 0.976221 -0.216778 0
    outer loop
      vertex 26.0608 145.695 30
      vertex 26.0608 145.695 0
      vertex 26.1363 146.035 30
    endloop
  endfacet
  facet normal 0.953795 -0.30046 0
    outer loop
      vertex 26.2412 146.368 0
      vertex 26.2412 146.368 30
      vertex 26.1363 146.035 0
    endloop
  endfacet
  facet normal 0.953795 -0.30046 0
    outer loop
      vertex 26.1363 146.035 30
      vertex 26.1363 146.035 0
      vertex 26.2412 146.368 30
    endloop
  endfacet
  facet normal 0.923653 -0.38323 0
    outer loop
      vertex 26.3748 146.69 0
      vertex 26.3748 146.69 30
      vertex 26.2412 146.368 0
    endloop
  endfacet
  facet normal 0.923653 -0.38323 0
    outer loop
      vertex 26.2412 146.368 30
      vertex 26.2412 146.368 0
      vertex 26.3748 146.69 30
    endloop
  endfacet
  facet normal 0.887334 -0.461127 0
    outer loop
      vertex 26.5359 147 0
      vertex 26.5359 147 30
      vertex 26.3748 146.69 0
    endloop
  endfacet
  facet normal 0.887334 -0.461127 0
    outer loop
      vertex 26.3748 146.69 30
      vertex 26.3748 146.69 0
      vertex 26.5359 147 30
    endloop
  endfacet
  facet normal 0.84313 -0.53771 0
    outer loop
      vertex 26.7234 147.294 0
      vertex 26.7234 147.294 30
      vertex 26.5359 147 0
    endloop
  endfacet
  facet normal 0.84313 -0.53771 0
    outer loop
      vertex 26.5359 147 30
      vertex 26.5359 147 0
      vertex 26.7234 147.294 30
    endloop
  endfacet
  facet normal 0.79356 -0.608492 0
    outer loop
      vertex 26.9358 147.571 0
      vertex 26.9358 147.571 30
      vertex 26.7234 147.294 0
    endloop
  endfacet
  facet normal 0.79356 -0.608492 0
    outer loop
      vertex 26.7234 147.294 30
      vertex 26.7234 147.294 0
      vertex 26.9358 147.571 30
    endloop
  endfacet
  facet normal 0.736845 -0.676062 0
    outer loop
      vertex 27.1716 147.828 0
      vertex 27.1716 147.828 30
      vertex 26.9358 147.571 0
    endloop
  endfacet
  facet normal 0.736845 -0.676062 0
    outer loop
      vertex 26.9358 147.571 30
      vertex 26.9358 147.571 0
      vertex 27.1716 147.828 30
    endloop
  endfacet
  facet normal 0.676088 -0.736821 0
    outer loop
      vertex 27.4288 148.064 0
      vertex 27.4288 148.064 30
      vertex 27.1716 147.828 0
    endloop
  endfacet
  facet normal 0.676088 -0.736821 0
    outer loop
      vertex 27.1716 147.828 30
      vertex 27.1716 147.828 0
      vertex 27.4288 148.064 30
    endloop
  endfacet
  facet normal 0.609711 -0.792624 0
    outer loop
      vertex 27.7057 148.277 0
      vertex 27.7057 148.277 30
      vertex 27.4288 148.064 0
    endloop
  endfacet
  facet normal 0.609711 -0.792624 0
    outer loop
      vertex 27.4288 148.064 30
      vertex 27.4288 148.064 0
      vertex 27.7057 148.277 30
    endloop
  endfacet
  facet normal 0.5363 -0.844027 0
    outer loop
      vertex 28 148.464 0
      vertex 28 148.464 30
      vertex 27.7057 148.277 0
    endloop
  endfacet
  facet normal 0.5363 -0.844027 0
    outer loop
      vertex 27.7057 148.277 30
      vertex 27.7057 148.277 0
      vertex 28 148.464 30
    endloop
  endfacet
  facet normal 0.461488 -0.887146 0
    outer loop
      vertex 28.3095 148.625 0
      vertex 28.3095 148.625 30
      vertex 28 148.464 0
    endloop
  endfacet
  facet normal 0.461488 -0.887146 0
    outer loop
      vertex 28 148.464 30
      vertex 28 148.464 0
      vertex 28.3095 148.625 30
    endloop
  endfacet
  facet normal 0.383802 -0.923416 0
    outer loop
      vertex 28.6319 148.759 0
      vertex 28.6319 148.759 30
      vertex 28.3095 148.625 0
    endloop
  endfacet
  facet normal 0.383802 -0.923416 0
    outer loop
      vertex 28.3095 148.625 30
      vertex 28.3095 148.625 0
      vertex 28.6319 148.759 30
    endloop
  endfacet
  facet normal 0.300885 -0.953661 0
    outer loop
      vertex 28.9647 148.864 0
      vertex 28.9647 148.864 30
      vertex 28.6319 148.759 0
    endloop
  endfacet
  facet normal 0.300885 -0.953661 0
    outer loop
      vertex 28.6319 148.759 30
      vertex 28.6319 148.759 0
      vertex 28.9647 148.864 30
    endloop
  endfacet
  facet normal 0.214988 -0.976617 0
    outer loop
      vertex 29.3054 148.939 0
      vertex 29.3054 148.939 30
      vertex 28.9647 148.864 0
    endloop
  endfacet
  facet normal 0.214988 -0.976617 0
    outer loop
      vertex 28.9647 148.864 30
      vertex 28.9647 148.864 0
      vertex 29.3054 148.939 30
    endloop
  endfacet
  facet normal 0.131788 -0.991278 0
    outer loop
      vertex 29.6514 148.985 0
      vertex 29.6514 148.985 30
      vertex 29.3054 148.939 0
    endloop
  endfacet
  facet normal 0.131788 -0.991278 0
    outer loop
      vertex 29.3054 148.939 30
      vertex 29.3054 148.939 0
      vertex 29.6514 148.985 30
    endloop
  endfacet
  facet normal 0.0429895 -0.999076 0
    outer loop
      vertex 30 149 0
      vertex 30 149 30
      vertex 29.6514 148.985 0
    endloop
  endfacet
  facet normal 0.0429895 -0.999076 0
    outer loop
      vertex 29.6514 148.985 30
      vertex 29.6514 148.985 0
      vertex 30 149 30
    endloop
  endfacet
  facet normal -0.0429895 -0.999076 0
    outer loop
      vertex 30.3486 148.985 0
      vertex 30.3486 148.985 30
      vertex 30 149 0
    endloop
  endfacet
  facet normal -0.0429895 -0.999076 -0
    outer loop
      vertex 30 149 30
      vertex 30 149 0
      vertex 30.3486 148.985 30
    endloop
  endfacet
  facet normal -0.131788 -0.991278 0
    outer loop
      vertex 30.6946 148.939 0
      vertex 30.6946 148.939 30
      vertex 30.3486 148.985 0
    endloop
  endfacet
  facet normal -0.131788 -0.991278 -0
    outer loop
      vertex 30.3486 148.985 30
      vertex 30.3486 148.985 0
      vertex 30.6946 148.939 30
    endloop
  endfacet
  facet normal -0.214988 -0.976617 0
    outer loop
      vertex 31.0353 148.864 0
      vertex 31.0353 148.864 30
      vertex 30.6946 148.939 0
    endloop
  endfacet
  facet normal -0.214988 -0.976617 -0
    outer loop
      vertex 30.6946 148.939 30
      vertex 30.6946 148.939 0
      vertex 31.0353 148.864 30
    endloop
  endfacet
  facet normal -0.300885 -0.953661 0
    outer loop
      vertex 31.3681 148.759 0
      vertex 31.3681 148.759 30
      vertex 31.0353 148.864 0
    endloop
  endfacet
  facet normal -0.300885 -0.953661 -0
    outer loop
      vertex 31.0353 148.864 30
      vertex 31.0353 148.864 0
      vertex 31.3681 148.759 30
    endloop
  endfacet
  facet normal -0.383802 -0.923416 0
    outer loop
      vertex 31.6905 148.625 0
      vertex 31.6905 148.625 30
      vertex 31.3681 148.759 0
    endloop
  endfacet
  facet normal -0.383802 -0.923416 -0
    outer loop
      vertex 31.3681 148.759 30
      vertex 31.3681 148.759 0
      vertex 31.6905 148.625 30
    endloop
  endfacet
  facet normal -0.461488 -0.887146 0
    outer loop
      vertex 32 148.464 0
      vertex 32 148.464 30
      vertex 31.6905 148.625 0
    endloop
  endfacet
  facet normal -0.461488 -0.887146 -0
    outer loop
      vertex 31.6905 148.625 30
      vertex 31.6905 148.625 0
      vertex 32 148.464 30
    endloop
  endfacet
  facet normal -0.5363 -0.844027 0
    outer loop
      vertex 32.2943 148.277 0
      vertex 32.2943 148.277 30
      vertex 32 148.464 0
    endloop
  endfacet
  facet normal -0.5363 -0.844027 -0
    outer loop
      vertex 32 148.464 30
      vertex 32 148.464 0
      vertex 32.2943 148.277 30
    endloop
  endfacet
  facet normal -0.609711 -0.792624 0
    outer loop
      vertex 32.5712 148.064 0
      vertex 32.5712 148.064 30
      vertex 32.2943 148.277 0
    endloop
  endfacet
  facet normal -0.609711 -0.792624 -0
    outer loop
      vertex 32.2943 148.277 30
      vertex 32.2943 148.277 0
      vertex 32.5712 148.064 30
    endloop
  endfacet
  facet normal -0.676088 -0.736821 0
    outer loop
      vertex 32.8284 147.828 0
      vertex 32.8284 147.828 30
      vertex 32.5712 148.064 0
    endloop
  endfacet
  facet normal -0.676088 -0.736821 -0
    outer loop
      vertex 32.5712 148.064 30
      vertex 32.5712 148.064 0
      vertex 32.8284 147.828 30
    endloop
  endfacet
  facet normal -0.736845 -0.676062 0
    outer loop
      vertex 33.0642 147.571 0
      vertex 33.0642 147.571 30
      vertex 32.8284 147.828 0
    endloop
  endfacet
  facet normal -0.736845 -0.676062 -0
    outer loop
      vertex 32.8284 147.828 30
      vertex 32.8284 147.828 0
      vertex 33.0642 147.571 30
    endloop
  endfacet
  facet normal -0.79356 -0.608492 0
    outer loop
      vertex 33.2766 147.294 0
      vertex 33.2766 147.294 30
      vertex 33.0642 147.571 0
    endloop
  endfacet
  facet normal -0.79356 -0.608492 -0
    outer loop
      vertex 33.0642 147.571 30
      vertex 33.0642 147.571 0
      vertex 33.2766 147.294 30
    endloop
  endfacet
  facet normal -0.84313 -0.53771 0
    outer loop
      vertex 33.4641 147 0
      vertex 33.4641 147 30
      vertex 33.2766 147.294 0
    endloop
  endfacet
  facet normal -0.84313 -0.53771 -0
    outer loop
      vertex 33.2766 147.294 30
      vertex 33.2766 147.294 0
      vertex 33.4641 147 30
    endloop
  endfacet
  facet normal -0.887334 -0.461127 0
    outer loop
      vertex 33.6252 146.69 0
      vertex 33.6252 146.69 30
      vertex 33.4641 147 0
    endloop
  endfacet
  facet normal -0.887334 -0.461127 -0
    outer loop
      vertex 33.4641 147 30
      vertex 33.4641 147 0
      vertex 33.6252 146.69 30
    endloop
  endfacet
  facet normal -0.923653 -0.38323 0
    outer loop
      vertex 33.7588 146.368 0
      vertex 33.7588 146.368 30
      vertex 33.6252 146.69 0
    endloop
  endfacet
  facet normal -0.923653 -0.38323 -0
    outer loop
      vertex 33.6252 146.69 30
      vertex 33.6252 146.69 0
      vertex 33.7588 146.368 30
    endloop
  endfacet
  facet normal -0.953795 -0.30046 0
    outer loop
      vertex 33.8637 146.035 0
      vertex 33.8637 146.035 30
      vertex 33.7588 146.368 0
    endloop
  endfacet
  facet normal -0.953795 -0.30046 -0
    outer loop
      vertex 33.7588 146.368 30
      vertex 33.7588 146.368 0
      vertex 33.8637 146.035 30
    endloop
  endfacet
  facet normal -0.976221 -0.216778 0
    outer loop
      vertex 33.9392 145.695 0
      vertex 33.9392 145.695 30
      vertex 33.8637 146.035 0
    endloop
  endfacet
  facet normal -0.976221 -0.216778 -0
    outer loop
      vertex 33.8637 146.035 30
      vertex 33.8637 146.035 0
      vertex 33.9392 145.695 30
    endloop
  endfacet
  facet normal -0.991427 -0.130662 0
    outer loop
      vertex 33.9848 145.349 0
      vertex 33.9848 145.349 30
      vertex 33.9392 145.695 0
    endloop
  endfacet
  facet normal -0.991427 -0.130662 -0
    outer loop
      vertex 33.9392 145.695 30
      vertex 33.9392 145.695 0
      vertex 33.9848 145.349 30
    endloop
  endfacet
  facet normal -0.999053 -0.0435118 0
    outer loop
      vertex 34 145 0
      vertex 34 145 30
      vertex 33.9848 145.349 0
    endloop
  endfacet
  facet normal -0.999053 -0.0435118 -0
    outer loop
      vertex 33.9848 145.349 30
      vertex 33.9848 145.349 0
      vertex 34 145 30
    endloop
  endfacet
  facet normal -0.999053 0.0435118 0
    outer loop
      vertex 33.9848 144.651 0
      vertex 33.9848 144.651 30
      vertex 34 145 0
    endloop
  endfacet
  facet normal -0.999053 0.0435118 0
    outer loop
      vertex 34 145 30
      vertex 34 145 0
      vertex 33.9848 144.651 30
    endloop
  endfacet
  facet normal -0.991427 0.130662 0
    outer loop
      vertex 33.9392 144.305 0
      vertex 33.9392 144.305 30
      vertex 33.9848 144.651 0
    endloop
  endfacet
  facet normal -0.991427 0.130662 0
    outer loop
      vertex 33.9848 144.651 30
      vertex 33.9848 144.651 0
      vertex 33.9392 144.305 30
    endloop
  endfacet
  facet normal -0.976221 0.216778 0
    outer loop
      vertex 33.8637 143.965 0
      vertex 33.8637 143.965 30
      vertex 33.9392 144.305 0
    endloop
  endfacet
  facet normal -0.976221 0.216778 0
    outer loop
      vertex 33.9392 144.305 30
      vertex 33.9392 144.305 0
      vertex 33.8637 143.965 30
    endloop
  endfacet
  facet normal -0.953795 0.30046 0
    outer loop
      vertex 33.7588 143.632 0
      vertex 33.7588 143.632 30
      vertex 33.8637 143.965 0
    endloop
  endfacet
  facet normal -0.953795 0.30046 0
    outer loop
      vertex 33.8637 143.965 30
      vertex 33.8637 143.965 0
      vertex 33.7588 143.632 30
    endloop
  endfacet
  facet normal -0.924073 0.382217 0
    outer loop
      vertex 33.6252 143.309 0
      vertex 33.6252 143.309 30
      vertex 33.7588 143.632 0
    endloop
  endfacet
  facet normal -0.924073 0.382217 0
    outer loop
      vertex 33.7588 143.632 30
      vertex 33.7588 143.632 0
      vertex 33.6252 143.309 30
    endloop
  endfacet
  facet normal -0.886723 0.462301 0
    outer loop
      vertex 33.4641 143 0
      vertex 33.4641 143 30
      vertex 33.6252 143.309 0
    endloop
  endfacet
  facet normal -0.886723 0.462301 0
    outer loop
      vertex 33.6252 143.309 30
      vertex 33.6252 143.309 0
      vertex 33.4641 143 30
    endloop
  endfacet
  facet normal -0.84313 0.53771 0
    outer loop
      vertex 33.2766 142.706 0
      vertex 33.2766 142.706 30
      vertex 33.4641 143 0
    endloop
  endfacet
  facet normal -0.84313 0.53771 0
    outer loop
      vertex 33.4641 143 30
      vertex 33.4641 143 0
      vertex 33.2766 142.706 30
    endloop
  endfacet
  facet normal -0.79356 0.608492 0
    outer loop
      vertex 33.0642 142.429 0
      vertex 33.0642 142.429 30
      vertex 33.2766 142.706 0
    endloop
  endfacet
  facet normal -0.79356 0.608492 0
    outer loop
      vertex 33.2766 142.706 30
      vertex 33.2766 142.706 0
      vertex 33.0642 142.429 30
    endloop
  endfacet
  facet normal -0.736845 0.676062 0
    outer loop
      vertex 32.8284 142.172 0
      vertex 32.8284 142.172 30
      vertex 33.0642 142.429 0
    endloop
  endfacet
  facet normal -0.736845 0.676062 0
    outer loop
      vertex 33.0642 142.429 30
      vertex 33.0642 142.429 0
      vertex 32.8284 142.172 30
    endloop
  endfacet
  facet normal -0.676088 0.736821 0
    outer loop
      vertex 32.5712 141.936 0
      vertex 32.5712 141.936 30
      vertex 32.8284 142.172 0
    endloop
  endfacet
  facet normal -0.676088 0.736821 0
    outer loop
      vertex 32.8284 142.172 30
      vertex 32.8284 142.172 0
      vertex 32.5712 141.936 30
    endloop
  endfacet
  facet normal -0.609711 0.792624 0
    outer loop
      vertex 32.2943 141.723 0
      vertex 32.2943 141.723 30
      vertex 32.5712 141.936 0
    endloop
  endfacet
  facet normal -0.609711 0.792624 0
    outer loop
      vertex 32.5712 141.936 30
      vertex 32.5712 141.936 0
      vertex 32.2943 141.723 30
    endloop
  endfacet
  facet normal -0.5363 0.844027 0
    outer loop
      vertex 32 141.536 0
      vertex 32 141.536 30
      vertex 32.2943 141.723 0
    endloop
  endfacet
  facet normal -0.5363 0.844027 0
    outer loop
      vertex 32.2943 141.723 30
      vertex 32.2943 141.723 0
      vertex 32 141.536 30
    endloop
  endfacet
  facet normal -0.461488 0.887146 0
    outer loop
      vertex 31.6905 141.375 0
      vertex 31.6905 141.375 30
      vertex 32 141.536 0
    endloop
  endfacet
  facet normal -0.461488 0.887146 0
    outer loop
      vertex 32 141.536 30
      vertex 32 141.536 0
      vertex 31.6905 141.375 30
    endloop
  endfacet
  facet normal -0.383802 0.923416 0
    outer loop
      vertex 31.3681 141.241 0
      vertex 31.3681 141.241 30
      vertex 31.6905 141.375 0
    endloop
  endfacet
  facet normal -0.383802 0.923416 0
    outer loop
      vertex 31.6905 141.375 30
      vertex 31.6905 141.375 0
      vertex 31.3681 141.241 30
    endloop
  endfacet
  facet normal -0.300885 0.953661 0
    outer loop
      vertex 31.0353 141.136 0
      vertex 31.0353 141.136 30
      vertex 31.3681 141.241 0
    endloop
  endfacet
  facet normal -0.300885 0.953661 0
    outer loop
      vertex 31.3681 141.241 30
      vertex 31.3681 141.241 0
      vertex 31.0353 141.136 30
    endloop
  endfacet
  facet normal -0.214988 0.976617 0
    outer loop
      vertex 30.6946 141.061 0
      vertex 30.6946 141.061 30
      vertex 31.0353 141.136 0
    endloop
  endfacet
  facet normal -0.214988 0.976617 0
    outer loop
      vertex 31.0353 141.136 30
      vertex 31.0353 141.136 0
      vertex 30.6946 141.061 30
    endloop
  endfacet
  facet normal -0.131788 0.991278 0
    outer loop
      vertex 30.3486 141.015 0
      vertex 30.3486 141.015 30
      vertex 30.6946 141.061 0
    endloop
  endfacet
  facet normal -0.131788 0.991278 0
    outer loop
      vertex 30.6946 141.061 30
      vertex 30.6946 141.061 0
      vertex 30.3486 141.015 30
    endloop
  endfacet
  facet normal -0.0429895 0.999076 0
    outer loop
      vertex 30 141 0
      vertex 30 141 30
      vertex 30.3486 141.015 0
    endloop
  endfacet
  facet normal -0.0429895 0.999076 0
    outer loop
      vertex 30.3486 141.015 30
      vertex 30.3486 141.015 0
      vertex 30 141 30
    endloop
  endfacet
  facet normal 0.0429895 0.999076 -0
    outer loop
      vertex 29.6514 141.015 0
      vertex 29.6514 141.015 30
      vertex 30 141 0
    endloop
  endfacet
  facet normal 0.0429895 0.999076 0
    outer loop
      vertex 30 141 30
      vertex 30 141 0
      vertex 29.6514 141.015 30
    endloop
  endfacet
  facet normal 0.0425843 0.999093 -0
    outer loop
      vertex 90.695 135.513 0
      vertex 90.695 135.513 30
      vertex 91 135.5 0
    endloop
  endfacet
  facet normal 0.0425843 0.999093 0
    outer loop
      vertex 91 135.5 30
      vertex 91 135.5 0
      vertex 90.695 135.513 30
    endloop
  endfacet
  facet normal 0.130963 0.991387 -0
    outer loop
      vertex 90.3922 135.553 0
      vertex 90.3922 135.553 30
      vertex 90.695 135.513 0
    endloop
  endfacet
  facet normal 0.130963 0.991387 0
    outer loop
      vertex 90.695 135.513 30
      vertex 90.695 135.513 0
      vertex 90.3922 135.553 30
    endloop
  endfacet
  facet normal 0.216167 0.976356 -0
    outer loop
      vertex 90.0941 135.619 0
      vertex 90.0941 135.619 30
      vertex 90.3922 135.553 0
    endloop
  endfacet
  facet normal 0.216167 0.976356 0
    outer loop
      vertex 90.3922 135.553 30
      vertex 90.3922 135.553 0
      vertex 90.0941 135.619 30
    endloop
  endfacet
  facet normal 0.301257 0.953543 -0
    outer loop
      vertex 89.8029 135.711 0
      vertex 89.8029 135.711 30
      vertex 90.0941 135.619 0
    endloop
  endfacet
  facet normal 0.301257 0.953543 0
    outer loop
      vertex 90.0941 135.619 30
      vertex 90.0941 135.619 0
      vertex 89.8029 135.711 30
    endloop
  endfacet
  facet normal 0.383104 0.923705 -0
    outer loop
      vertex 89.5208 135.828 0
      vertex 89.5208 135.828 30
      vertex 89.8029 135.711 0
    endloop
  endfacet
  facet normal 0.383104 0.923705 0
    outer loop
      vertex 89.8029 135.711 30
      vertex 89.8029 135.711 0
      vertex 89.5208 135.828 30
    endloop
  endfacet
  facet normal 0.461827 0.88697 -0
    outer loop
      vertex 89.25 135.969 0
      vertex 89.25 135.969 30
      vertex 89.5208 135.828 0
    endloop
  endfacet
  facet normal 0.461827 0.88697 0
    outer loop
      vertex 89.5208 135.828 30
      vertex 89.5208 135.828 0
      vertex 89.25 135.969 30
    endloop
  endfacet
  facet normal 0.537193 0.843459 -0
    outer loop
      vertex 88.9925 136.133 0
      vertex 88.9925 136.133 30
      vertex 89.25 135.969 0
    endloop
  endfacet
  facet normal 0.537193 0.843459 0
    outer loop
      vertex 89.25 135.969 30
      vertex 89.25 135.969 0
      vertex 88.9925 136.133 30
    endloop
  endfacet
  facet normal 0.608919 0.793232 -0
    outer loop
      vertex 88.7502 136.319 0
      vertex 88.7502 136.319 30
      vertex 88.9925 136.133 0
    endloop
  endfacet
  facet normal 0.608919 0.793232 0
    outer loop
      vertex 88.9925 136.133 30
      vertex 88.9925 136.133 0
      vertex 88.7502 136.319 30
    endloop
  endfacet
  facet normal 0.675116 0.737712 -0
    outer loop
      vertex 88.5251 136.525 0
      vertex 88.5251 136.525 30
      vertex 88.7502 136.319 0
    endloop
  endfacet
  facet normal 0.675116 0.737712 0
    outer loop
      vertex 88.7502 136.319 30
      vertex 88.7502 136.319 0
      vertex 88.5251 136.525 30
    endloop
  endfacet
  facet normal 0.737073 0.675814 -0
    outer loop
      vertex 88.3188 136.75 0
      vertex 88.3188 136.75 30
      vertex 88.5251 136.525 0
    endloop
  endfacet
  facet normal 0.737073 0.675814 0
    outer loop
      vertex 88.5251 136.525 30
      vertex 88.5251 136.525 0
      vertex 88.3188 136.75 30
    endloop
  endfacet
  facet normal 0.793184 0.608982 -0
    outer loop
      vertex 88.133 136.992 0
      vertex 88.133 136.992 30
      vertex 88.3188 136.75 0
    endloop
  endfacet
  facet normal 0.793184 0.608982 0
    outer loop
      vertex 88.3188 136.75 30
      vertex 88.3188 136.75 0
      vertex 88.133 136.992 30
    endloop
  endfacet
  facet normal 0.843783 0.536685 -0
    outer loop
      vertex 87.9689 137.25 0
      vertex 87.9689 137.25 30
      vertex 88.133 136.992 0
    endloop
  endfacet
  facet normal 0.843783 0.536685 0
    outer loop
      vertex 88.133 136.992 30
      vertex 88.133 136.992 0
      vertex 87.9689 137.25 30
    endloop
  endfacet
  facet normal 0.88711 0.461559 -0
    outer loop
      vertex 87.8279 137.521 0
      vertex 87.8279 137.521 30
      vertex 87.9689 137.25 0
    endloop
  endfacet
  facet normal 0.88711 0.461559 0
    outer loop
      vertex 87.9689 137.25 30
      vertex 87.9689 137.25 0
      vertex 87.8279 137.521 30
    endloop
  endfacet
  facet normal 0.923889 0.38266 -0
    outer loop
      vertex 87.7111 137.803 0
      vertex 87.7111 137.803 30
      vertex 87.8279 137.521 0
    endloop
  endfacet
  facet normal 0.923889 0.38266 0
    outer loop
      vertex 87.8279 137.521 30
      vertex 87.8279 137.521 0
      vertex 87.7111 137.803 30
    endloop
  endfacet
  facet normal 0.953672 0.300849 -0
    outer loop
      vertex 87.6193 138.094 0
      vertex 87.6193 138.094 30
      vertex 87.7111 137.803 0
    endloop
  endfacet
  facet normal 0.953672 0.300849 0
    outer loop
      vertex 87.7111 137.803 30
      vertex 87.7111 137.803 0
      vertex 87.6193 138.094 30
    endloop
  endfacet
  facet normal 0.976272 0.216549 -0
    outer loop
      vertex 87.5532 138.392 0
      vertex 87.5532 138.392 30
      vertex 87.6193 138.094 0
    endloop
  endfacet
  facet normal 0.976272 0.216549 0
    outer loop
      vertex 87.6193 138.094 30
      vertex 87.6193 138.094 0
      vertex 87.5532 138.392 30
    endloop
  endfacet
  facet normal 0.991441 0.130556 -0
    outer loop
      vertex 87.5133 138.695 0
      vertex 87.5133 138.695 30
      vertex 87.5532 138.392 0
    endloop
  endfacet
  facet normal 0.991441 0.130556 0
    outer loop
      vertex 87.5532 138.392 30
      vertex 87.5532 138.392 0
      vertex 87.5133 138.695 30
    endloop
  endfacet
  facet normal 0.999051 0.0435652 -0
    outer loop
      vertex 87.5 139 0
      vertex 87.5 139 30
      vertex 87.5133 138.695 0
    endloop
  endfacet
  facet normal 0.999051 0.0435652 0
    outer loop
      vertex 87.5133 138.695 30
      vertex 87.5133 138.695 0
      vertex 87.5 139 30
    endloop
  endfacet
  facet normal 0.999051 -0.0435652 0
    outer loop
      vertex 87.5133 139.305 0
      vertex 87.5133 139.305 30
      vertex 87.5 139 0
    endloop
  endfacet
  facet normal 0.999051 -0.0435652 0
    outer loop
      vertex 87.5 139 30
      vertex 87.5 139 0
      vertex 87.5133 139.305 30
    endloop
  endfacet
  facet normal 0.991441 -0.130556 0
    outer loop
      vertex 87.5532 139.608 0
      vertex 87.5532 139.608 30
      vertex 87.5133 139.305 0
    endloop
  endfacet
  facet normal 0.991441 -0.130556 0
    outer loop
      vertex 87.5133 139.305 30
      vertex 87.5133 139.305 0
      vertex 87.5532 139.608 30
    endloop
  endfacet
  facet normal 0.976272 -0.216549 0
    outer loop
      vertex 87.6193 139.906 0
      vertex 87.6193 139.906 30
      vertex 87.5532 139.608 0
    endloop
  endfacet
  facet normal 0.976272 -0.216549 0
    outer loop
      vertex 87.5532 139.608 30
      vertex 87.5532 139.608 0
      vertex 87.6193 139.906 30
    endloop
  endfacet
  facet normal 0.953672 -0.300849 0
    outer loop
      vertex 87.7111 140.197 0
      vertex 87.7111 140.197 30
      vertex 87.6193 139.906 0
    endloop
  endfacet
  facet normal 0.953672 -0.300849 0
    outer loop
      vertex 87.6193 139.906 30
      vertex 87.6193 139.906 0
      vertex 87.7111 140.197 30
    endloop
  endfacet
  facet normal 0.923889 -0.38266 0
    outer loop
      vertex 87.8279 140.479 0
      vertex 87.8279 140.479 30
      vertex 87.7111 140.197 0
    endloop
  endfacet
  facet normal 0.923889 -0.38266 0
    outer loop
      vertex 87.7111 140.197 30
      vertex 87.7111 140.197 0
      vertex 87.8279 140.479 30
    endloop
  endfacet
  facet normal 0.88711 -0.461559 0
    outer loop
      vertex 87.9689 140.75 0
      vertex 87.9689 140.75 30
      vertex 87.8279 140.479 0
    endloop
  endfacet
  facet normal 0.88711 -0.461559 0
    outer loop
      vertex 87.8279 140.479 30
      vertex 87.8279 140.479 0
      vertex 87.9689 140.75 30
    endloop
  endfacet
  facet normal 0.842837 -0.538169 0
    outer loop
      vertex 88.133 141.007 0
      vertex 88.133 141.007 30
      vertex 87.9689 140.75 0
    endloop
  endfacet
  facet normal 0.842837 -0.538169 0
    outer loop
      vertex 87.9689 140.75 30
      vertex 87.9689 140.75 0
      vertex 88.133 141.007 30
    endloop
  endfacet
  facet normal 0.794395 -0.607402 0
    outer loop
      vertex 88.3188 141.25 0
      vertex 88.3188 141.25 30
      vertex 88.133 141.007 0
    endloop
  endfacet
  facet normal 0.794395 -0.607402 0
    outer loop
      vertex 88.133 141.007 30
      vertex 88.133 141.007 0
      vertex 88.3188 141.25 30
    endloop
  endfacet
  facet normal 0.737073 -0.675814 0
    outer loop
      vertex 88.5251 141.475 0
      vertex 88.5251 141.475 30
      vertex 88.3188 141.25 0
    endloop
  endfacet
  facet normal 0.737073 -0.675814 0
    outer loop
      vertex 88.3188 141.25 30
      vertex 88.3188 141.25 0
      vertex 88.5251 141.475 30
    endloop
  endfacet
  facet normal 0.675116 -0.737712 0
    outer loop
      vertex 88.7502 141.681 0
      vertex 88.7502 141.681 30
      vertex 88.5251 141.475 0
    endloop
  endfacet
  facet normal 0.675116 -0.737712 0
    outer loop
      vertex 88.5251 141.475 30
      vertex 88.5251 141.475 0
      vertex 88.7502 141.681 30
    endloop
  endfacet
  facet normal 0.608919 -0.793232 0
    outer loop
      vertex 88.9925 141.867 0
      vertex 88.9925 141.867 30
      vertex 88.7502 141.681 0
    endloop
  endfacet
  facet normal 0.608919 -0.793232 0
    outer loop
      vertex 88.7502 141.681 30
      vertex 88.7502 141.681 0
      vertex 88.9925 141.867 30
    endloop
  endfacet
  facet normal 0.537193 -0.843459 0
    outer loop
      vertex 89.25 142.031 0
      vertex 89.25 142.031 30
      vertex 88.9925 141.867 0
    endloop
  endfacet
  facet normal 0.537193 -0.843459 0
    outer loop
      vertex 88.9925 141.867 30
      vertex 88.9925 141.867 0
      vertex 89.25 142.031 30
    endloop
  endfacet
  facet normal 0.461827 -0.88697 0
    outer loop
      vertex 89.5208 142.172 0
      vertex 89.5208 142.172 30
      vertex 89.25 142.031 0
    endloop
  endfacet
  facet normal 0.461827 -0.88697 0
    outer loop
      vertex 89.25 142.031 30
      vertex 89.25 142.031 0
      vertex 89.5208 142.172 30
    endloop
  endfacet
  facet normal 0.383104 -0.923705 0
    outer loop
      vertex 89.8029 142.289 0
      vertex 89.8029 142.289 30
      vertex 89.5208 142.172 0
    endloop
  endfacet
  facet normal 0.383104 -0.923705 0
    outer loop
      vertex 89.5208 142.172 30
      vertex 89.5208 142.172 0
      vertex 89.8029 142.289 30
    endloop
  endfacet
  facet normal 0.301257 -0.953543 0
    outer loop
      vertex 90.0941 142.381 0
      vertex 90.0941 142.381 30
      vertex 89.8029 142.289 0
    endloop
  endfacet
  facet normal 0.301257 -0.953543 0
    outer loop
      vertex 89.8029 142.289 30
      vertex 89.8029 142.289 0
      vertex 90.0941 142.381 30
    endloop
  endfacet
  facet normal 0.216167 -0.976356 0
    outer loop
      vertex 90.3922 142.447 0
      vertex 90.3922 142.447 30
      vertex 90.0941 142.381 0
    endloop
  endfacet
  facet normal 0.216167 -0.976356 0
    outer loop
      vertex 90.0941 142.381 30
      vertex 90.0941 142.381 0
      vertex 90.3922 142.447 30
    endloop
  endfacet
  facet normal 0.130963 -0.991387 0
    outer loop
      vertex 90.695 142.487 0
      vertex 90.695 142.487 30
      vertex 90.3922 142.447 0
    endloop
  endfacet
  facet normal 0.130963 -0.991387 0
    outer loop
      vertex 90.3922 142.447 30
      vertex 90.3922 142.447 0
      vertex 90.695 142.487 30
    endloop
  endfacet
  facet normal 0.0425843 -0.999093 0
    outer loop
      vertex 91 142.5 0
      vertex 91 142.5 30
      vertex 90.695 142.487 0
    endloop
  endfacet
  facet normal 0.0425843 -0.999093 0
    outer loop
      vertex 90.695 142.487 30
      vertex 90.695 142.487 0
      vertex 91 142.5 30
    endloop
  endfacet
  facet normal 0 -1 0
    outer loop
      vertex 109 142.5 0
      vertex 109 142.5 30
      vertex 91 142.5 0
    endloop
  endfacet
  facet normal 0 -1 0
    outer loop
      vertex 91 142.5 30
      vertex 91 142.5 0
      vertex 109 142.5 30
    endloop
  endfacet
  facet normal -0.0425843 -0.999093 0
    outer loop
      vertex 109.305 142.487 0
      vertex 109.305 142.487 30
      vertex 109 142.5 0
    endloop
  endfacet
  facet normal -0.0425843 -0.999093 -0
    outer loop
      vertex 109 142.5 30
      vertex 109 142.5 0
      vertex 109.305 142.487 30
    endloop
  endfacet
  facet normal -0.130878 -0.991399 0
    outer loop
      vertex 109.608 142.447 0
      vertex 109.608 142.447 30
      vertex 109.305 142.487 0
    endloop
  endfacet
  facet normal -0.130878 -0.991399 -0
    outer loop
      vertex 109.305 142.487 30
      vertex 109.305 142.487 0
      vertex 109.608 142.447 30
    endloop
  endfacet
  facet normal -0.216237 -0.976341 0
    outer loop
      vertex 109.906 142.381 0
      vertex 109.906 142.381 30
      vertex 109.608 142.447 0
    endloop
  endfacet
  facet normal -0.216237 -0.976341 -0
    outer loop
      vertex 109.608 142.447 30
      vertex 109.608 142.447 0
      vertex 109.906 142.381 30
    endloop
  endfacet
  facet normal -0.301445 -0.953484 0
    outer loop
      vertex 110.197 142.289 0
      vertex 110.197 142.289 30
      vertex 109.906 142.381 0
    endloop
  endfacet
  facet normal -0.301445 -0.953484 -0
    outer loop
      vertex 109.906 142.381 30
      vertex 109.906 142.381 0
      vertex 110.197 142.289 30
    endloop
  endfacet
  facet normal -0.38322 -0.923657 0
    outer loop
      vertex 110.479 142.172 0
      vertex 110.479 142.172 30
      vertex 110.197 142.289 0
    endloop
  endfacet
  facet normal -0.38322 -0.923657 -0
    outer loop
      vertex 110.197 142.289 30
      vertex 110.197 142.289 0
      vertex 110.479 142.172 30
    endloop
  endfacet
  facet normal -0.461559 -0.88711 0
    outer loop
      vertex 110.75 142.031 0
      vertex 110.75 142.031 30
      vertex 110.479 142.172 0
    endloop
  endfacet
  facet normal -0.461559 -0.88711 -0
    outer loop
      vertex 110.479 142.172 30
      vertex 110.479 142.172 0
      vertex 110.75 142.031 30
    endloop
  endfacet
  facet normal -0.537936 -0.842986 0
    outer loop
      vertex 111.007 141.867 0
      vertex 111.007 141.867 30
      vertex 110.75 142.031 0
    endloop
  endfacet
  facet normal -0.537936 -0.842986 -0
    outer loop
      vertex 110.75 142.031 30
      vertex 110.75 142.031 0
      vertex 111.007 141.867 30
    endloop
  endfacet
  facet normal -0.607814 -0.794079 0
    outer loop
      vertex 111.25 141.681 0
      vertex 111.25 141.681 30
      vertex 111.007 141.867 0
    endloop
  endfacet
  facet normal -0.607814 -0.794079 -0
    outer loop
      vertex 111.007 141.867 30
      vertex 111.007 141.867 0
      vertex 111.25 141.681 30
    endloop
  endfacet
  facet normal -0.675279 -0.737562 0
    outer loop
      vertex 111.475 141.475 0
      vertex 111.475 141.475 30
      vertex 111.25 141.681 0
    endloop
  endfacet
  facet normal -0.675279 -0.737562 -0
    outer loop
      vertex 111.25 141.681 30
      vertex 111.25 141.681 0
      vertex 111.475 141.475 30
    endloop
  endfacet
  facet normal -0.737562 -0.675279 0
    outer loop
      vertex 111.681 141.25 0
      vertex 111.681 141.25 30
      vertex 111.475 141.475 0
    endloop
  endfacet
  facet normal -0.737562 -0.675279 -0
    outer loop
      vertex 111.475 141.475 30
      vertex 111.475 141.475 0
      vertex 111.681 141.25 30
    endloop
  endfacet
  facet normal -0.794079 -0.607814 0
    outer loop
      vertex 111.867 141.007 0
      vertex 111.867 141.007 30
      vertex 111.681 141.25 0
    endloop
  endfacet
  facet normal -0.794079 -0.607814 -0
    outer loop
      vertex 111.681 141.25 30
      vertex 111.681 141.25 0
      vertex 111.867 141.007 30
    endloop
  endfacet
  facet normal -0.842986 -0.537936 0
    outer loop
      vertex 112.031 140.75 0
      vertex 112.031 140.75 30
      vertex 111.867 141.007 0
    endloop
  endfacet
  facet normal -0.842986 -0.537936 -0
    outer loop
      vertex 111.867 141.007 30
      vertex 111.867 141.007 0
      vertex 112.031 140.75 30
    endloop
  endfacet
  facet normal -0.88711 -0.461559 0
    outer loop
      vertex 112.172 140.479 0
      vertex 112.172 140.479 30
      vertex 112.031 140.75 0
    endloop
  endfacet
  facet normal -0.88711 -0.461559 -0
    outer loop
      vertex 112.031 140.75 30
      vertex 112.031 140.75 0
      vertex 112.172 140.479 30
    endloop
  endfacet
  facet normal -0.923657 -0.38322 0
    outer loop
      vertex 112.289 140.197 0
      vertex 112.289 140.197 30
      vertex 112.172 140.479 0
    endloop
  endfacet
  facet normal -0.923657 -0.38322 -0
    outer loop
      vertex 112.172 140.479 30
      vertex 112.172 140.479 0
      vertex 112.289 140.197 30
    endloop
  endfacet
  facet normal -0.953484 -0.301445 0
    outer loop
      vertex 112.381 139.906 0
      vertex 112.381 139.906 30
      vertex 112.289 140.197 0
    endloop
  endfacet
  facet normal -0.953484 -0.301445 -0
    outer loop
      vertex 112.289 140.197 30
      vertex 112.289 140.197 0
      vertex 112.381 139.906 30
    endloop
  endfacet
  facet normal -0.976341 -0.216237 0
    outer loop
      vertex 112.447 139.608 0
      vertex 112.447 139.608 30
      vertex 112.381 139.906 0
    endloop
  endfacet
  facet normal -0.976341 -0.216237 -0
    outer loop
      vertex 112.381 139.906 30
      vertex 112.381 139.906 0
      vertex 112.447 139.608 30
    endloop
  endfacet
  facet normal -0.991399 -0.130878 0
    outer loop
      vertex 112.487 139.305 0
      vertex 112.487 139.305 30
      vertex 112.447 139.608 0
    endloop
  endfacet
  facet normal -0.991399 -0.130878 -0
    outer loop
      vertex 112.447 139.608 30
      vertex 112.447 139.608 0
      vertex 112.487 139.305 30
    endloop
  endfacet
  facet normal -0.999093 -0.0425843 0
    outer loop
      vertex 112.5 139 0
      vertex 112.5 139 30
      vertex 112.487 139.305 0
    endloop
  endfacet
  facet normal -0.999093 -0.0425843 -0
    outer loop
      vertex 112.487 139.305 30
      vertex 112.487 139.305 0
      vertex 112.5 139 30
    endloop
  endfacet
  facet normal -0.999093 0.0425843 0
    outer loop
      vertex 112.487 138.695 0
      vertex 112.487 138.695 30
      vertex 112.5 139 0
    endloop
  endfacet
  facet normal -0.999093 0.0425843 0
    outer loop
      vertex 112.5 139 30
      vertex 112.5 139 0
      vertex 112.487 138.695 30
    endloop
  endfacet
  facet normal -0.991399 0.130878 0
    outer loop
      vertex 112.447 138.392 0
      vertex 112.447 138.392 30
      vertex 112.487 138.695 0
    endloop
  endfacet
  facet normal -0.991399 0.130878 0
    outer loop
      vertex 112.487 138.695 30
      vertex 112.487 138.695 0
      vertex 112.447 138.392 30
    endloop
  endfacet
  facet normal -0.976341 0.216237 0
    outer loop
      vertex 112.381 138.094 0
      vertex 112.381 138.094 30
      vertex 112.447 138.392 0
    endloop
  endfacet
  facet normal -0.976341 0.216237 0
    outer loop
      vertex 112.447 138.392 30
      vertex 112.447 138.392 0
      vertex 112.381 138.094 30
    endloop
  endfacet
  facet normal -0.953484 0.301445 0
    outer loop
      vertex 112.289 137.803 0
      vertex 112.289 137.803 30
      vertex 112.381 138.094 0
    endloop
  endfacet
  facet normal -0.953484 0.301445 0
    outer loop
      vertex 112.381 138.094 30
      vertex 112.381 138.094 0
      vertex 112.289 137.803 30
    endloop
  endfacet
  facet normal -0.923657 0.38322 0
    outer loop
      vertex 112.172 137.521 0
      vertex 112.172 137.521 30
      vertex 112.289 137.803 0
    endloop
  endfacet
  facet normal -0.923657 0.38322 0
    outer loop
      vertex 112.289 137.803 30
      vertex 112.289 137.803 0
      vertex 112.172 137.521 30
    endloop
  endfacet
  facet normal -0.88711 0.461559 0
    outer loop
      vertex 112.031 137.25 0
      vertex 112.031 137.25 30
      vertex 112.172 137.521 0
    endloop
  endfacet
  facet normal -0.88711 0.461559 0
    outer loop
      vertex 112.172 137.521 30
      vertex 112.172 137.521 0
      vertex 112.031 137.25 30
    endloop
  endfacet
  facet normal -0.843931 0.536452 0
    outer loop
      vertex 111.867 136.992 0
      vertex 111.867 136.992 30
      vertex 112.031 137.25 0
    endloop
  endfacet
  facet normal -0.843931 0.536452 0
    outer loop
      vertex 112.031 137.25 30
      vertex 112.031 137.25 0
      vertex 111.867 136.992 30
    endloop
  endfacet
  facet normal -0.792868 0.609394 0
    outer loop
      vertex 111.681 136.75 0
      vertex 111.681 136.75 30
      vertex 111.867 136.992 0
    endloop
  endfacet
  facet normal -0.792868 0.609394 0
    outer loop
      vertex 111.867 136.992 30
      vertex 111.867 136.992 0
      vertex 111.681 136.75 30
    endloop
  endfacet
  facet normal -0.737562 0.675279 0
    outer loop
      vertex 111.475 136.525 0
      vertex 111.475 136.525 30
      vertex 111.681 136.75 0
    endloop
  endfacet
  facet normal -0.737562 0.675279 0
    outer loop
      vertex 111.681 136.75 30
      vertex 111.681 136.75 0
      vertex 111.475 136.525 30
    endloop
  endfacet
  facet normal -0.675279 0.737562 0
    outer loop
      vertex 111.25 136.319 0
      vertex 111.25 136.319 30
      vertex 111.475 136.525 0
    endloop
  endfacet
  facet normal -0.675279 0.737562 0
    outer loop
      vertex 111.475 136.525 30
      vertex 111.475 136.525 0
      vertex 111.25 136.319 30
    endloop
  endfacet
  facet normal -0.607814 0.794079 0
    outer loop
      vertex 111.007 136.133 0
      vertex 111.007 136.133 30
      vertex 111.25 136.319 0
    endloop
  endfacet
  facet normal -0.607814 0.794079 0
    outer loop
      vertex 111.25 136.319 30
      vertex 111.25 136.319 0
      vertex 111.007 136.133 30
    endloop
  endfacet
  facet normal -0.537936 0.842986 0
    outer loop
      vertex 110.75 135.969 0
      vertex 110.75 135.969 30
      vertex 111.007 136.133 0
    endloop
  endfacet
  facet normal -0.537936 0.842986 0
    outer loop
      vertex 111.007 136.133 30
      vertex 111.007 136.133 0
      vertex 110.75 135.969 30
    endloop
  endfacet
  facet normal -0.461559 0.88711 0
    outer loop
      vertex 110.479 135.828 0
      vertex 110.479 135.828 30
      vertex 110.75 135.969 0
    endloop
  endfacet
  facet normal -0.461559 0.88711 0
    outer loop
      vertex 110.75 135.969 30
      vertex 110.75 135.969 0
      vertex 110.479 135.828 30
    endloop
  endfacet
  facet normal -0.38322 0.923657 0
    outer loop
      vertex 110.197 135.711 0
      vertex 110.197 135.711 30
      vertex 110.479 135.828 0
    endloop
  endfacet
  facet normal -0.38322 0.923657 0
    outer loop
      vertex 110.479 135.828 30
      vertex 110.479 135.828 0
      vertex 110.197 135.711 30
    endloop
  endfacet
  facet normal -0.301445 0.953484 0
    outer loop
      vertex 109.906 135.619 0
      vertex 109.906 135.619 30
      vertex 110.197 135.711 0
    endloop
  endfacet
  facet normal -0.301445 0.953484 0
    outer loop
      vertex 110.197 135.711 30
      vertex 110.197 135.711 0
      vertex 109.906 135.619 30
    endloop
  endfacet
  facet normal -0.216237 0.976341 0
    outer loop
      vertex 109.608 135.553 0
      vertex 109.608 135.553 30
      vertex 109.906 135.619 0
    endloop
  endfacet
  facet normal -0.216237 0.976341 0
    outer loop
      vertex 109.906 135.619 30
      vertex 109.906 135.619 0
      vertex 109.608 135.553 30
    endloop
  endfacet
  facet normal -0.130878 0.991399 0
    outer loop
      vertex 109.305 135.513 0
      vertex 109.305 135.513 30
      vertex 109.608 135.553 0
    endloop
  endfacet
  facet normal -0.130878 0.991399 0
    outer loop
      vertex 109.608 135.553 30
      vertex 109.608 135.553 0
      vertex 109.305 135.513 30
    endloop
  endfacet
  facet normal -0.0425843 0.999093 0
    outer loop
      vertex 109 135.5 0
      vertex 109 135.5 30
      vertex 109.305 135.513 0
    endloop
  endfacet
  facet normal -0.0425843 0.999093 0
    outer loop
      vertex 109.305 135.513 30
      vertex 109.305 135.513 0
      vertex 109 135.5 30
    endloop
  endfacet
  facet normal 0 1 0
    outer loop
      vertex 91 135.5 0
      vertex 91 135.5 30
      vertex 109 135.5 0
    endloop
  endfacet
  facet normal 0 1 0
    outer loop
      vertex 109 135.5 30
      vertex 109 135.5 0
      vertex 91 135.5 30
    endloop
  endfacet
  facet normal 0.0425843 0.999093 -0
    outer loop
      vertex 172.695 135.513 0
      vertex 172.695 135.513 30
      vertex 173 135.5 0
    endloop
  endfacet
  facet normal 0.0425843 0.999093 0
    outer loop
      vertex 173 135.5 30
      vertex 173 135.5 0
      vertex 172.695 135.513 30
    endloop
  endfacet
  facet normal 0.130878 0.991399 -0
    outer loop
      vertex 172.392 135.553 0
      vertex 172.392 135.553 30
      vertex 172.695 135.513 0
    endloop
  endfacet
  facet normal 0.130878 0.991399 0
    outer loop
      vertex 172.695 135.513 30
      vertex 172.695 135.513 0
      vertex 172.392 135.553 30
    endloop
  endfacet
  facet normal 0.216237 0.976341 -0
    outer loop
      vertex 172.094 135.619 0
      vertex 172.094 135.619 30
      vertex 172.392 135.553 0
    endloop
  endfacet
  facet normal 0.216237 0.976341 0
    outer loop
      vertex 172.392 135.553 30
      vertex 172.392 135.553 0
      vertex 172.094 135.619 30
    endloop
  endfacet
  facet normal 0.301445 0.953484 -0
    outer loop
      vertex 171.803 135.711 0
      vertex 171.803 135.711 30
      vertex 172.094 135.619 0
    endloop
  endfacet
  facet normal 0.301445 0.953484 0
    outer loop
      vertex 172.094 135.619 30
      vertex 172.094 135.619 0
      vertex 171.803 135.711 30
    endloop
  endfacet
  facet normal 0.38322 0.923657 -0
    outer loop
      vertex 171.521 135.828 0
      vertex 171.521 135.828 30
      vertex 171.803 135.711 0
    endloop
  endfacet
  facet normal 0.38322 0.923657 0
    outer loop
      vertex 171.803 135.711 30
      vertex 171.803 135.711 0
      vertex 171.521 135.828 30
    endloop
  endfacet
  facet normal 0.461559 0.88711 -0
    outer loop
      vertex 171.25 135.969 0
      vertex 171.25 135.969 30
      vertex 171.521 135.828 0
    endloop
  endfacet
  facet normal 0.461559 0.88711 0
    outer loop
      vertex 171.521 135.828 30
      vertex 171.521 135.828 0
      vertex 171.25 135.969 30
    endloop
  endfacet
  facet normal 0.536452 0.843931 -0
    outer loop
      vertex 170.992 136.133 0
      vertex 170.992 136.133 30
      vertex 171.25 135.969 0
    endloop
  endfacet
  facet normal 0.536452 0.843931 0
    outer loop
      vertex 171.25 135.969 30
      vertex 171.25 135.969 0
      vertex 170.992 136.133 30
    endloop
  endfacet
  facet normal 0.609394 0.792868 -0
    outer loop
      vertex 170.75 136.319 0
      vertex 170.75 136.319 30
      vertex 170.992 136.133 0
    endloop
  endfacet
  facet normal 0.609394 0.792868 0
    outer loop
      vertex 170.992 136.133 30
      vertex 170.992 136.133 0
      vertex 170.75 136.319 30
    endloop
  endfacet
  facet normal 0.675279 0.737562 -0
    outer loop
      vertex 170.525 136.525 0
      vertex 170.525 136.525 30
      vertex 170.75 136.319 0
    endloop
  endfacet
  facet normal 0.675279 0.737562 0
    outer loop
      vertex 170.75 136.319 30
      vertex 170.75 136.319 0
      vertex 170.525 136.525 30
    endloop
  endfacet
  facet normal 0.737562 0.675279 -0
    outer loop
      vertex 170.319 136.75 0
      vertex 170.319 136.75 30
      vertex 170.525 136.525 0
    endloop
  endfacet
  facet normal 0.737562 0.675279 0
    outer loop
      vertex 170.525 136.525 30
      vertex 170.525 136.525 0
      vertex 170.319 136.75 30
    endloop
  endfacet
  facet normal 0.792868 0.609394 -0
    outer loop
      vertex 170.133 136.992 0
      vertex 170.133 136.992 30
      vertex 170.319 136.75 0
    endloop
  endfacet
  facet normal 0.792868 0.609394 0
    outer loop
      vertex 170.319 136.75 30
      vertex 170.319 136.75 0
      vertex 170.133 136.992 30
    endloop
  endfacet
  facet normal 0.843931 0.536452 -0
    outer loop
      vertex 169.969 137.25 0
      vertex 169.969 137.25 30
      vertex 170.133 136.992 0
    endloop
  endfacet
  facet normal 0.843931 0.536452 0
    outer loop
      vertex 170.133 136.992 30
      vertex 170.133 136.992 0
      vertex 169.969 137.25 30
    endloop
  endfacet
  facet normal 0.88711 0.461559 -0
    outer loop
      vertex 169.828 137.521 0
      vertex 169.828 137.521 30
      vertex 169.969 137.25 0
    endloop
  endfacet
  facet normal 0.88711 0.461559 0
    outer loop
      vertex 169.969 137.25 30
      vertex 169.969 137.25 0
      vertex 169.828 137.521 30
    endloop
  endfacet
  facet normal 0.923657 0.38322 -0
    outer loop
      vertex 169.711 137.803 0
      vertex 169.711 137.803 30
      vertex 169.828 137.521 0
    endloop
  endfacet
  facet normal 0.923657 0.38322 0
    outer loop
      vertex 169.828 137.521 30
      vertex 169.828 137.521 0
      vertex 169.711 137.803 30
    endloop
  endfacet
  facet normal 0.953484 0.301445 -0
    outer loop
      vertex 169.619 138.094 0
      vertex 169.619 138.094 30
      vertex 169.711 137.803 0
    endloop
  endfacet
  facet normal 0.953484 0.301445 0
    outer loop
      vertex 169.711 137.803 30
      vertex 169.711 137.803 0
      vertex 169.619 138.094 30
    endloop
  endfacet
  facet normal 0.976341 0.216237 -0
    outer loop
      vertex 169.553 138.392 0
      vertex 169.553 138.392 30
      vertex 169.619 138.094 0
    endloop
  endfacet
  facet normal 0.976341 0.216237 0
    outer loop
      vertex 169.619 138.094 30
      vertex 169.619 138.094 0
      vertex 169.553 138.392 30
    endloop
  endfacet
  facet normal 0.991399 0.130878 -0
    outer loop
      vertex 169.513 138.695 0
      vertex 169.513 138.695 30
      vertex 169.553 138.392 0
    endloop
  endfacet
  facet normal 0.991399 0.130878 0
    outer loop
      vertex 169.553 138.392 30
      vertex 169.553 138.392 0
      vertex 169.513 138.695 30
    endloop
  endfacet
  facet normal 0.999093 0.0425843 -0
    outer loop
      vertex 169.5 139 0
      vertex 169.5 139 30
      vertex 169.513 138.695 0
    endloop
  endfacet
  facet normal 0.999093 0.0425843 0
    outer loop
      vertex 169.513 138.695 30
      vertex 169.513 138.695 0
      vertex 169.5 139 30
    endloop
  endfacet
  facet normal 0.999093 -0.0425843 0
    outer loop
      vertex 169.513 139.305 0
      vertex 169.513 139.305 30
      vertex 169.5 139 0
    endloop
  endfacet
  facet normal 0.999093 -0.0425843 0
    outer loop
      vertex 169.5 139 30
      vertex 169.5 139 0
      vertex 169.513 139.305 30
    endloop
  endfacet
  facet normal 0.991399 -0.130878 0
    outer loop
      vertex 169.553 139.608 0
      vertex 169.553 139.608 30
      vertex 169.513 139.305 0
    endloop
  endfacet
  facet normal 0.991399 -0.130878 0
    outer loop
      vertex 169.513 139.305 30
      vertex 169.513 139.305 0
      vertex 169.553 139.608 30
    endloop
  endfacet
  facet normal 0.976341 -0.216237 0
    outer loop
      vertex 169.619 139.906 0
      vertex 169.619 139.906 30
      vertex 169.553 139.608 0
    endloop
  endfacet
  facet normal 0.976341 -0.216237 0
    outer loop
      vertex 169.553 139.608 30
      vertex 169.553 139.608 0
      vertex 169.619 139.906 30
    endloop
  endfacet
  facet normal 0.953484 -0.301445 0
    outer loop
      vertex 169.711 140.197 0
      vertex 169.711 140.197 30
      vertex 169.619 139.906 0
    endloop
  endfacet
  facet normal 0.953484 -0.301445 0
    outer loop
      vertex 169.619 139.906 30
      vertex 169.619 139.906 0
      vertex 169.711 140.197 30
    endloop
  endfacet
  facet normal 0.923657 -0.38322 0
    outer loop
      vertex 169.828 140.479 0
      vertex 169.828 140.479 30
      vertex 169.711 140.197 0
    endloop
  endfacet
  facet normal 0.923657 -0.38322 0
    outer loop
      vertex 169.711 140.197 30
      vertex 169.711 140.197 0
      vertex 169.828 140.479 30
    endloop
  endfacet
  facet normal 0.88711 -0.461559 0
    outer loop
      vertex 169.969 140.75 0
      vertex 169.969 140.75 30
      vertex 169.828 140.479 0
    endloop
  endfacet
  facet normal 0.88711 -0.461559 0
    outer loop
      vertex 169.828 140.479 30
      vertex 169.828 140.479 0
      vertex 169.969 140.75 30
    endloop
  endfacet
  facet normal 0.842986 -0.537936 0
    outer loop
      vertex 170.133 141.007 0
      vertex 170.133 141.007 30
      vertex 169.969 140.75 0
    endloop
  endfacet
  facet normal 0.842986 -0.537936 0
    outer loop
      vertex 169.969 140.75 30
      vertex 169.969 140.75 0
      vertex 170.133 141.007 30
    endloop
  endfacet
  facet normal 0.794079 -0.607814 0
    outer loop
      vertex 170.319 141.25 0
      vertex 170.319 141.25 30
      vertex 170.133 141.007 0
    endloop
  endfacet
  facet normal 0.794079 -0.607814 0
    outer loop
      vertex 170.133 141.007 30
      vertex 170.133 141.007 0
      vertex 170.319 141.25 30
    endloop
  endfacet
  facet normal 0.737562 -0.675279 0
    outer loop
      vertex 170.525 141.475 0
      vertex 170.525 141.475 30
      vertex 170.319 141.25 0
    endloop
  endfacet
  facet normal 0.737562 -0.675279 0
    outer loop
      vertex 170.319 141.25 30
      vertex 170.319 141.25 0
      vertex 170.525 141.475 30
    endloop
  endfacet
  facet normal 0.675279 -0.737562 0
    outer loop
      vertex 170.75 141.681 0
      vertex 170.75 141.681 30
      vertex 170.525 141.475 0
    endloop
  endfacet
  facet normal 0.675279 -0.737562 0
    outer loop
      vertex 170.525 141.475 30
      vertex 170.525 141.475 0
      vertex 170.75 141.681 30
    endloop
  endfacet
  facet normal 0.609394 -0.792868 0
    outer loop
      vertex 170.992 141.867 0
      vertex 170.992 141.867 30
      vertex 170.75 141.681 0
    endloop
  endfacet
  facet normal 0.609394 -0.792868 0
    outer loop
      vertex 170.75 141.681 30
      vertex 170.75 141.681 0
      vertex 170.992 141.867 30
    endloop
  endfacet
  facet normal 0.536452 -0.843931 0
    outer loop
      vertex 171.25 142.031 0
      vertex 171.25 142.031 30
      vertex 170.992 141.867 0
    endloop
  endfacet
  facet normal 0.536452 -0.843931 0
    outer loop
      vertex 170.992 141.867 30
      vertex 170.992 141.867 0
      vertex 171.25 142.031 30
    endloop
  endfacet
  facet normal 0.461559 -0.88711 0
    outer loop
      vertex 171.521 142.172 0
      vertex 171.521 142.172 30
      vertex 171.25 142.031 0
    endloop
  endfacet
  facet normal 0.461559 -0.88711 0
    outer loop
      vertex 171.25 142.031 30
      vertex 171.25 142.031 0
      vertex 171.521 142.172 30
    endloop
  endfacet
  facet normal 0.38322 -0.923657 0
    outer loop
      vertex 171.803 142.289 0
      vertex 171.803 142.289 30
      vertex 171.521 142.172 0
    endloop
  endfacet
  facet normal 0.38322 -0.923657 0
    outer loop
      vertex 171.521 142.172 30
      vertex 171.521 142.172 0
      vertex 171.803 142.289 30
    endloop
  endfacet
  facet normal 0.301445 -0.953484 0
    outer loop
      vertex 172.094 142.381 0
      vertex 172.094 142.381 30
      vertex 171.803 142.289 0
    endloop
  endfacet
  facet normal 0.301445 -0.953484 0
    outer loop
      vertex 171.803 142.289 30
      vertex 171.803 142.289 0
      vertex 172.094 142.381 30
    endloop
  endfacet
  facet normal 0.216237 -0.976341 0
    outer loop
      vertex 172.392 142.447 0
      vertex 172.392 142.447 30
      vertex 172.094 142.381 0
    endloop
  endfacet
  facet normal 0.216237 -0.976341 0
    outer loop
      vertex 172.094 142.381 30
      vertex 172.094 142.381 0
      vertex 172.392 142.447 30
    endloop
  endfacet
  facet normal 0.130878 -0.991399 0
    outer loop
      vertex 172.695 142.487 0
      vertex 172.695 142.487 30
      vertex 172.392 142.447 0
    endloop
  endfacet
  facet normal 0.130878 -0.991399 0
    outer loop
      vertex 172.392 142.447 30
      vertex 172.392 142.447 0
      vertex 172.695 142.487 30
    endloop
  endfacet
  facet normal 0.0425843 -0.999093 0
    outer loop
      vertex 173 142.5 0
      vertex 173 142.5 30
      vertex 172.695 142.487 0
    endloop
  endfacet
  facet normal 0.0425843 -0.999093 0
    outer loop
      vertex 172.695 142.487 30
      vertex 172.695 142.487 0
      vertex 173 142.5 30
    endloop
  endfacet
  facet normal 0 -1 0
    outer loop
      vertex 191 142.5 0
      vertex 191 142.5 30
      vertex 173 142.5 0
    endloop
  endfacet
  facet normal 0 -1 0
    outer loop
      vertex 173 142.5 30
      vertex 173 142.5 0
      vertex 191 142.5 30
    endloop
  endfacet
  facet normal -0.0425843 -0.999093 0
    outer loop
      vertex 191.305 142.487 0
      vertex 191.305 142.487 30
      vertex 191 142.5 0
    endloop
  endfacet
  facet normal -0.0425843 -0.999093 -0
    outer loop
      vertex 191 142.5 30
      vertex 191 142.5 0
      vertex 191.305 142.487 30
    endloop
  endfacet
  facet normal -0.130878 -0.991399 0
    outer loop
      vertex 191.608 142.447 0
      vertex 191.608 142.447 30
      vertex 191.305 142.487 0
    endloop
  endfacet
  facet normal -0.130878 -0.991399 -0
    outer loop
      vertex 191.305 142.487 30
      vertex 191.305 142.487 0
      vertex 191.608 142.447 30
    endloop
  endfacet
  facet normal -0.216237 -0.976341 0
    outer loop
      vertex 191.906 142.381 0
      vertex 191.906 142.381 30
      vertex 191.608 142.447 0
    endloop
  endfacet
  facet normal -0.216237 -0.976341 -0
    outer loop
      vertex 191.608 142.447 30
      vertex 191.608 142.447 0
      vertex 191.906 142.381 30
    endloop
  endfacet
  facet normal -0.301445 -0.953484 0
    outer loop
      vertex 192.197 142.289 0
      vertex 192.197 142.289 30
      vertex 191.906 142.381 0
    endloop
  endfacet
  facet normal -0.301445 -0.953484 -0
    outer loop
      vertex 191.906 142.381 30
      vertex 191.906 142.381 0
      vertex 192.197 142.289 30
    endloop
  endfacet
  facet normal -0.38322 -0.923657 0
    outer loop
      vertex 192.479 142.172 0
      vertex 192.479 142.172 30
      vertex 192.197 142.289 0
    endloop
  endfacet
  facet normal -0.38322 -0.923657 -0
    outer loop
      vertex 192.197 142.289 30
      vertex 192.197 142.289 0
      vertex 192.479 142.172 30
    endloop
  endfacet
  facet normal -0.461559 -0.88711 0
    outer loop
      vertex 192.75 142.031 0
      vertex 192.75 142.031 30
      vertex 192.479 142.172 0
    endloop
  endfacet
  facet normal -0.461559 -0.88711 -0
    outer loop
      vertex 192.479 142.172 30
      vertex 192.479 142.172 0
      vertex 192.75 142.031 30
    endloop
  endfacet
  facet normal -0.537936 -0.842986 0
    outer loop
      vertex 193.007 141.867 0
      vertex 193.007 141.867 30
      vertex 192.75 142.031 0
    endloop
  endfacet
  facet normal -0.537936 -0.842986 -0
    outer loop
      vertex 192.75 142.031 30
      vertex 192.75 142.031 0
      vertex 193.007 141.867 30
    endloop
  endfacet
  facet normal -0.607814 -0.794079 0
    outer loop
      vertex 193.25 141.681 0
      vertex 193.25 141.681 30
      vertex 193.007 141.867 0
    endloop
  endfacet
  facet normal -0.607814 -0.794079 -0
    outer loop
      vertex 193.007 141.867 30
      vertex 193.007 141.867 0
      vertex 193.25 141.681 30
    endloop
  endfacet
  facet normal -0.675279 -0.737562 0
    outer loop
      vertex 193.475 141.475 0
      vertex 193.475 141.475 30
      vertex 193.25 141.681 0
    endloop
  endfacet
  facet normal -0.675279 -0.737562 -0
    outer loop
      vertex 193.25 141.681 30
      vertex 193.25 141.681 0
      vertex 193.475 141.475 30
    endloop
  endfacet
  facet normal -0.737562 -0.675279 0
    outer loop
      vertex 193.681 141.25 0
      vertex 193.681 141.25 30
      vertex 193.475 141.475 0
    endloop
  endfacet
  facet normal -0.737562 -0.675279 -0
    outer loop
      vertex 193.475 141.475 30
      vertex 193.475 141.475 0
      vertex 193.681 141.25 30
    endloop
  endfacet
  facet normal -0.794079 -0.607814 0
    outer loop
      vertex 193.867 141.007 0
      vertex 193.867 141.007 30
      vertex 193.681 141.25 0
    endloop
  endfacet
  facet normal -0.794079 -0.607814 -0
    outer loop
      vertex 193.681 141.25 30
      vertex 193.681 141.25 0
      vertex 193.867 141.007 30
    endloop
  endfacet
  facet normal -0.842986 -0.537936 0
    outer loop
      vertex 194.031 140.75 0
      vertex 194.031 140.75 30
      vertex 193.867 141.007 0
    endloop
  endfacet
  facet normal -0.842986 -0.537936 -0
    outer loop
      vertex 193.867 141.007 30
      vertex 193.867 141.007 0
      vertex 194.031 140.75 30
    endloop
  endfacet
  facet normal -0.88711 -0.461559 0
    outer loop
      vertex 194.172 140.479 0
      vertex 194.172 140.479 30
      vertex 194.031 140.75 0
    endloop
  endfacet
  facet normal -0.88711 -0.461559 -0
    outer loop
      vertex 194.031 140.75 30
      vertex 194.031 140.75 0
      vertex 194.172 140.479 30
    endloop
  endfacet
  facet normal -0.923657 -0.38322 0
    outer loop
      vertex 194.289 140.197 0
      vertex 194.289 140.197 30
      vertex 194.172 140.479 0
    endloop
  endfacet
  facet normal -0.923657 -0.38322 -0
    outer loop
      vertex 194.172 140.479 30
      vertex 194.172 140.479 0
      vertex 194.289 140.197 30
    endloop
  endfacet
  facet normal -0.953484 -0.301445 0
    outer loop
      vertex 194.381 139.906 0
      vertex 194.381 139.906 30
      vertex 194.289 140.197 0
    endloop
  endfacet
  facet normal -0.953484 -0.301445 -0
    outer loop
      vertex 194.289 140.197 30
      vertex 194.289 140.197 0
      vertex 194.381 139.906 30
    endloop
  endfacet
  facet normal -0.976341 -0.216237 0
    outer loop
      vertex 194.447 139.608 0
      vertex 194.447 139.608 30
      vertex 194.381 139.906 0
    endloop
  endfacet
  facet normal -0.976341 -0.216237 -0
    outer loop
      vertex 194.381 139.906 30
      vertex 194.381 139.906 0
      vertex 194.447 139.608 30
    endloop
  endfacet
  facet normal -0.991399 -0.130878 0
    outer loop
      vertex 194.487 139.305 0
      vertex 194.487 139.305 30
      vertex 194.447 139.608 0
    endloop
  endfacet
  facet normal -0.991399 -0.130878 -0
    outer loop
      vertex 194.447 139.608 30
      vertex 194.447 139.608 0
      vertex 194.487 139.305 30
    endloop
  endfacet
  facet normal -0.999093 -0.0425843 0
    outer loop
      vertex 194.5 139 0
      vertex 194.5 139 30
      vertex 194.487 139.305 0
    endloop
  endfacet
  facet normal -0.999093 -0.0425843 -0
    outer loop
      vertex 194.487 139.305 30
      vertex 194.487 139.305 0
      vertex 194.5 139 30
    endloop
  endfacet
  facet normal -0.999093 0.0425843 0
    outer loop
      vertex 194.487 138.695 0
      vertex 194.487 138.695 30
      vertex 194.5 139 0
    endloop
  endfacet
  facet normal -0.999093 0.0425843 0
    outer loop
      vertex 194.5 139 30
      vertex 194.5 139 0
      vertex 194.487 138.695 30
    endloop
  endfacet
  facet normal -0.991399 0.130878 0
    outer loop
      vertex 194.447 138.392 0
      vertex 194.447 138.392 30
      vertex 194.487 138.695 0
    endloop
  endfacet
  facet normal -0.991399 0.130878 0
    outer loop
      vertex 194.487 138.695 30
      vertex 194.487 138.695 0
      vertex 194.447 138.392 30
    endloop
  endfacet
  facet normal -0.976341 0.216237 0
    outer loop
      vertex 194.381 138.094 0
      vertex 194.381 138.094 30
      vertex 194.447 138.392 0
    endloop
  endfacet
  facet normal -0.976341 0.216237 0
    outer loop
      vertex 194.447 138.392 30
      vertex 194.447 138.392 0
      vertex 194.381 138.094 30
    endloop
  endfacet
  facet normal -0.953484 0.301445 0
    outer loop
      vertex 194.289 137.803 0
      vertex 194.289 137.803 30
      vertex 194.381 138.094 0
    endloop
  endfacet
  facet normal -0.953484 0.301445 0
    outer loop
      vertex 194.381 138.094 30
      vertex 194.381 138.094 0
      vertex 194.289 137.803 30
    endloop
  endfacet
  facet normal -0.923657 0.38322 0
    outer loop
      vertex 194.172 137.521 0
      vertex 194.172 137.521 30
      vertex 194.289 137.803 0
    endloop
  endfacet
  facet normal -0.923657 0.38322 0
    outer loop
      vertex 194.289 137.803 30
      vertex 194.289 137.803 0
      vertex 194.172 137.521 30
    endloop
  endfacet
  facet normal -0.88711 0.461559 0
    outer loop
      vertex 194.031 137.25 0
      vertex 194.031 137.25 30
      vertex 194.172 137.521 0
    endloop
  endfacet
  facet normal -0.88711 0.461559 0
    outer loop
      vertex 194.172 137.521 30
      vertex 194.172 137.521 0
      vertex 194.031 137.25 30
    endloop
  endfacet
  facet normal -0.843931 0.536452 0
    outer loop
      vertex 193.867 136.992 0
      vertex 193.867 136.992 30
      vertex 194.031 137.25 0
    endloop
  endfacet
  facet normal -0.843931 0.536452 0
    outer loop
      vertex 194.031 137.25 30
      vertex 194.031 137.25 0
      vertex 193.867 136.992 30
    endloop
  endfacet
  facet normal -0.792868 0.609394 0
    outer loop
      vertex 193.681 136.75 0
      vertex 193.681 136.75 30
      vertex 193.867 136.992 0
    endloop
  endfacet
  facet normal -0.792868 0.609394 0
    outer loop
      vertex 193.867 136.992 30
      vertex 193.867 136.992 0
      vertex 193.681 136.75 30
    endloop
  endfacet
  facet normal -0.737562 0.675279 0
    outer loop
      vertex 193.475 136.525 0
      vertex 193.475 136.525 30
      vertex 193.681 136.75 0
    endloop
  endfacet
  facet normal -0.737562 0.675279 0
    outer loop
      vertex 193.681 136.75 30
      vertex 193.681 136.75 0
      vertex 193.475 136.525 30
    endloop
  endfacet
  facet normal -0.675279 0.737562 0
    outer loop
      vertex 193.25 136.319 0
      vertex 193.25 136.319 30
      vertex 193.475 136.525 0
    endloop
  endfacet
  facet normal -0.675279 0.737562 0
    outer loop
      vertex 193.475 136.525 30
      vertex 193.475 136.525 0
      vertex 193.25 136.319 30
    endloop
  endfacet
  facet normal -0.607814 0.794079 0
    outer loop
      vertex 193.007 136.133 0
      vertex 193.007 136.133 30
      vertex 193.25 136.319 0
    endloop
  endfacet
  facet normal -0.607814 0.794079 0
    outer loop
      vertex 193.25 136.319 30
      vertex 193.25 136.319 0
      vertex 193.007 136.133 30
    endloop
  endfacet
  facet normal -0.537936 0.842986 0
    outer loop
      vertex 192.75 135.969 0
      vertex 192.75 135.969 30
      vertex 193.007 136.133 0
    endloop
  endfacet
  facet normal -0.537936 0.842986 0
    outer loop
      vertex 193.007 136.133 30
      vertex 193.007 136.133 0
      vertex 192.75 135.969 30
    endloop
  endfacet
  facet normal -0.461559 0.88711 0
    outer loop
      vertex 192.479 135.828 0
      vertex 192.479 135.828 30
      vertex 192.75 135.969 0
    endloop
  endfacet
  facet normal -0.461559 0.88711 0
    outer loop
      vertex 192.75 135.969 30
      vertex 192.75 135.969 0
      vertex 192.479 135.828 30
    endloop
  endfacet
  facet normal -0.38322 0.923657 0
    outer loop
      vertex 192.197 135.711 0
      vertex 192.197 135.711 30
      vertex 192.479 135.828 0
    endloop
  endfacet
  facet normal -0.38322 0.923657 0
    outer loop
      vertex 192.479 135.828 30
      vertex 192.479 135.828 0
      vertex 192.197 135.711 30
    endloop
  endfacet
  facet normal -0.301445 0.953484 0
    outer loop
      vertex 191.906 135.619 0
      vertex 191.906 135.619 30
      vertex 192.197 135.711 0
    endloop
  endfacet
  facet normal -0.301445 0.953484 0
    outer loop
      vertex 192.197 135.711 30
      vertex 192.197 135.711 0
      vertex 191.906 135.619 30
    endloop
  endfacet
  facet normal -0.216237 0.976341 0
    outer loop
      vertex 191.608 135.553 0
      vertex 191.608 135.553 30
      vertex 191.906 135.619 0
    endloop
  endfacet
  facet normal -0.216237 0.976341 0
    outer loop
      vertex 191.906 135.619 30
      vertex 191.906 135.619 0
      vertex 191.608 135.553 30
    endloop
  endfacet
  facet normal -0.130878 0.991399 0
    outer loop
      vertex 191.305 135.513 0
      vertex 191.305 135.513 30
      vertex 191.608 135.553 0
    endloop
  endfacet
  facet normal -0.130878 0.991399 0
    outer loop
      vertex 191.608 135.553 30
      vertex 191.608 135.553 0
      vertex 191.305 135.513 30
    endloop
  endfacet
  facet normal -0.0425843 0.999093 0
    outer loop
      vertex 191 135.5 0
      vertex 191 135.5 30
      vertex 191.305 135.513 0
    endloop
  endfacet
  facet normal -0.0425843 0.999093 0
    outer loop
      vertex 191.305 135.513 30
      vertex 191.305 135.513 0
      vertex 191 135.5 30
    endloop
  endfacet
  facet normal 0 1 0
    outer loop
      vertex 173 135.5 0
      vertex 173 135.5 30
      vertex 191 135.5 0
    endloop
  endfacet
  facet normal 0 1 0
    outer loop
      vertex 191 135.5 30
      vertex 191 135.5 0
      vertex 173 135.5 30
    endloop
  endfacet
  facet normal 0.130522 0.991445 -0
    outer loop
      vertex 52.575 58.5621 0
      vertex 52.575 58.5621 30
      vertex 55.7752 58.1408 0
    endloop
  endfacet
  facet normal 0.130522 0.991445 0
    outer loop
      vertex 55.7752 58.1408 30
      vertex 55.7752 58.1408 0
      vertex 52.575 58.5621 30
    endloop
  endfacet
  facet normal 0.216432 0.976298 -0
    outer loop
      vertex 49.4237 59.2607 0
      vertex 49.4237 59.2607 30
      vertex 52.575 58.5621 0
    endloop
  endfacet
  facet normal 0.216432 0.976298 0
    outer loop
      vertex 52.575 58.5621 30
      vertex 52.575 58.5621 0
      vertex 49.4237 59.2607 30
    endloop
  endfacet
  facet normal 0.30073 0.953709 -0
    outer loop
      vertex 46.3453 60.2314 0
      vertex 46.3453 60.2314 30
      vertex 49.4237 59.2607 0
    endloop
  endfacet
  facet normal 0.30073 0.953709 0
    outer loop
      vertex 49.4237 59.2607 30
      vertex 49.4237 59.2607 0
      vertex 46.3453 60.2314 30
    endloop
  endfacet
  facet normal 0.382666 0.923887 -0
    outer loop
      vertex 43.3631 61.4666 0
      vertex 43.3631 61.4666 30
      vertex 46.3453 60.2314 0
    endloop
  endfacet
  facet normal 0.382666 0.923887 0
    outer loop
      vertex 46.3453 60.2314 30
      vertex 46.3453 60.2314 0
      vertex 43.3631 61.4666 30
    endloop
  endfacet
  facet normal 0.461764 0.887003 -0
    outer loop
      vertex 40.5 62.9571 0
      vertex 40.5 62.9571 30
      vertex 43.3631 61.4666 0
    endloop
  endfacet
  facet normal 0.461764 0.887003 0
    outer loop
      vertex 43.3631 61.4666 30
      vertex 43.3631 61.4666 0
      vertex 40.5 62.9571 30
    endloop
  endfacet
  facet normal 0.5373 0.843391 -0
    outer loop
      vertex 37.7777 64.6914 0
      vertex 37.7777 64.6914 30
      vertex 40.5 62.9571 0
    endloop
  endfacet
  facet normal 0.5373 0.843391 0
    outer loop
      vertex 40.5 62.9571 30
      vertex 40.5 62.9571 0
      vertex 37.7777 64.6914 30
    endloop
  endfacet
  facet normal 0.608767 0.793349 -0
    outer loop
      vertex 35.2169 66.6564 0
      vertex 35.2169 66.6564 30
      vertex 37.7777 64.6914 0
    endloop
  endfacet
  facet normal 0.608767 0.793349 0
    outer loop
      vertex 37.7777 64.6914 30
      vertex 37.7777 64.6914 0
      vertex 35.2169 66.6564 30
    endloop
  endfacet
  facet normal 0.67556 0.737305 -0
    outer loop
      vertex 32.837 68.837 0
      vertex 32.837 68.837 30
      vertex 35.2169 66.6564 0
    endloop
  endfacet
  facet normal 0.67556 0.737305 0
    outer loop
      vertex 35.2169 66.6564 30
      vertex 35.2169 66.6564 0
      vertex 32.837 68.837 30
    endloop
  endfacet
  facet normal 0.737305 0.67556 -0
    outer loop
      vertex 30.6564 71.2169 0
      vertex 30.6564 71.2169 30
      vertex 32.837 68.837 0
    endloop
  endfacet
  facet normal 0.737305 0.67556 0
    outer loop
      vertex 32.837 68.837 30
      vertex 32.837 68.837 0
      vertex 30.6564 71.2169 30
    endloop
  endfacet
  facet normal 0.793349 0.608767 -0
    outer loop
      vertex 28.6914 73.7777 0
      vertex 28.6914 73.7777 30
      vertex 30.6564 71.2169 0
    endloop
  endfacet
  facet normal 0.793349 0.608767 0
    outer loop
      vertex 30.6564 71.2169 30
      vertex 30.6564 71.2169 0
      vertex 28.6914 73.7777 30
    endloop
  endfacet
  facet normal 0.843391 0.5373 -0
    outer loop
      vertex 26.9571 76.5 0
      vertex 26.9571 76.5 30
      vertex 28.6914 73.7777 0
    endloop
  endfacet
  facet normal 0.843391 0.5373 0
    outer loop
      vertex 28.6914 73.7777 30
      vertex 28.6914 73.7777 0
      vertex 26.9571 76.5 30
    endloop
  endfacet
  facet normal 0.887003 0.461764 -0
    outer loop
      vertex 25.4666 79.3631 0
      vertex 25.4666 79.3631 30
      vertex 26.9571 76.5 0
    endloop
  endfacet
  facet normal 0.887003 0.461764 0
    outer loop
      vertex 26.9571 76.5 30
      vertex 26.9571 76.5 0
      vertex 25.4666 79.3631 30
    endloop
  endfacet
  facet normal 0.923887 0.382666 -0
    outer loop
      vertex 24.2314 82.3453 0
      vertex 24.2314 82.3453 30
      vertex 25.4666 79.3631 0
    endloop
  endfacet
  facet normal 0.923887 0.382666 0
    outer loop
      vertex 25.4666 79.3631 30
      vertex 25.4666 79.3631 0
      vertex 24.2314 82.3453 30
    endloop
  endfacet
  facet normal 0.953709 0.30073 -0
    outer loop
      vertex 23.2607 85.4237 0
      vertex 23.2607 85.4237 30
      vertex 24.2314 82.3453 0
    endloop
  endfacet
  facet normal 0.953709 0.30073 0
    outer loop
      vertex 24.2314 82.3453 30
      vertex 24.2314 82.3453 0
      vertex 23.2607 85.4237 30
    endloop
  endfacet
  facet normal 0.976298 0.216432 -0
    outer loop
      vertex 22.5621 88.575 0
      vertex 22.5621 88.575 30
      vertex 23.2607 85.4237 0
    endloop
  endfacet
  facet normal 0.976298 0.216432 0
    outer loop
      vertex 23.2607 85.4237 30
      vertex 23.2607 85.4237 0
      vertex 22.5621 88.575 30
    endloop
  endfacet
  facet normal 0.991445 0.130522 -0
    outer loop
      vertex 22.1408 91.7752 0
      vertex 22.1408 91.7752 30
      vertex 22.5621 88.575 0
    endloop
  endfacet
  facet normal 0.991445 0.130522 0
    outer loop
      vertex 22.5621 88.575 30
      vertex 22.5621 88.575 0
      vertex 22.1408 91.7752 30
    endloop
  endfacet
  facet normal 0.999048 0.0436201 -0
    outer loop
      vertex 22 95 0
      vertex 22 95 30
      vertex 22.1408 91.7752 0
    endloop
  endfacet
  facet normal 0.999048 0.0436201 0
    outer loop
      vertex 22.1408 91.7752 30
      vertex 22.1408 91.7752 0
      vertex 22 95 30
    endloop
  endfacet
  facet normal 0.999048 -0.0436201 0
    outer loop
      vertex 22.1408 98.2248 0
      vertex 22.1408 98.2248 30
      vertex 22 95 0
    endloop
  endfacet
  facet normal 0.999048 -0.0436201 0
    outer loop
      vertex 22 95 30
      vertex 22 95 0
      vertex 22.1408 98.2248 30
    endloop
  endfacet
  facet normal 0.991445 -0.130522 0
    outer loop
      vertex 22.5621 101.425 0
      vertex 22.5621 101.425 30
      vertex 22.1408 98.2248 0
    endloop
  endfacet
  facet normal 0.991445 -0.130522 0
    outer loop
      vertex 22.1408 98.2248 30
      vertex 22.1408 98.2248 0
      vertex 22.5621 101.425 30
    endloop
  endfacet
  facet normal 0.976293 -0.216451 0
    outer loop
      vertex 23.2607 104.576 0
      vertex 23.2607 104.576 30
      vertex 22.5621 101.425 0
    endloop
  endfacet
  facet normal 0.976293 -0.216451 0
    outer loop
      vertex 22.5621 101.425 30
      vertex 22.5621 101.425 0
      vertex 23.2607 104.576 30
    endloop
  endfacet
  facet normal 0.953726 -0.300676 0
    outer loop
      vertex 24.2314 107.655 0
      vertex 24.2314 107.655 30
      vertex 23.2607 104.576 0
    endloop
  endfacet
  facet normal 0.953726 -0.300676 0
    outer loop
      vertex 23.2607 104.576 30
      vertex 23.2607 104.576 0
      vertex 24.2314 107.655 30
    endloop
  endfacet
  facet normal 0.923878 -0.382687 0
    outer loop
      vertex 25.4666 110.637 0
      vertex 25.4666 110.637 30
      vertex 24.2314 107.655 0
    endloop
  endfacet
  facet normal 0.923878 -0.382687 0
    outer loop
      vertex 24.2314 107.655 30
      vertex 24.2314 107.655 0
      vertex 25.4666 110.637 30
    endloop
  endfacet
  facet normal 0.886996 -0.461777 0
    outer loop
      vertex 26.9571 113.5 0
      vertex 26.9571 113.5 30
      vertex 25.4666 110.637 0
    endloop
  endfacet
  facet normal 0.886996 -0.461777 0
    outer loop
      vertex 25.4666 110.637 30
      vertex 25.4666 110.637 0
      vertex 26.9571 113.5 30
    endloop
  endfacet
  facet normal 0.843364 -0.537343 0
    outer loop
      vertex 28.6914 116.222 0
      vertex 28.6914 116.222 30
      vertex 26.9571 113.5 0
    endloop
  endfacet
  facet normal 0.843364 -0.537343 0
    outer loop
      vertex 26.9571 113.5 30
      vertex 26.9571 113.5 0
      vertex 28.6914 116.222 30
    endloop
  endfacet
  facet normal 0.793372 -0.608737 0
    outer loop
      vertex 30.6564 118.783 0
      vertex 30.6564 118.783 30
      vertex 28.6914 116.222 0
    endloop
  endfacet
  facet normal 0.793372 -0.608737 0
    outer loop
      vertex 28.6914 116.222 30
      vertex 28.6914 116.222 0
      vertex 30.6564 118.783 30
    endloop
  endfacet
  facet normal 0.737319 -0.675545 0
    outer loop
      vertex 32.837 121.163 0
      vertex 32.837 121.163 30
      vertex 30.6564 118.783 0
    endloop
  endfacet
  facet normal 0.737319 -0.675545 0
    outer loop
      vertex 30.6564 118.783 30
      vertex 30.6564 118.783 0
      vertex 32.837 121.163 30
    endloop
  endfacet
  facet normal 0.675628 -0.737243 0
    outer loop
      vertex 35.2169 123.344 0
      vertex 35.2169 123.344 30
      vertex 32.837 121.163 0
    endloop
  endfacet
  facet normal 0.675628 -0.737243 0
    outer loop
      vertex 32.837 121.163 30
      vertex 32.837 121.163 0
      vertex 35.2169 123.344 30
    endloop
  endfacet
  facet normal 0.608767 -0.793349 0
    outer loop
      vertex 37.7777 125.309 0
      vertex 37.7777 125.309 30
      vertex 35.2169 123.344 0
    endloop
  endfacet
  facet normal 0.608767 -0.793349 0
    outer loop
      vertex 35.2169 123.344 30
      vertex 35.2169 123.344 0
      vertex 37.7777 125.309 30
    endloop
  endfacet
  facet normal 0.537234 -0.843433 0
    outer loop
      vertex 40.5 127.043 0
      vertex 40.5 127.043 30
      vertex 37.7777 125.309 0
    endloop
  endfacet
  facet normal 0.537234 -0.843433 0
    outer loop
      vertex 37.7777 125.309 30
      vertex 37.7777 125.309 0
      vertex 40.5 127.043 30
    endloop
  endfacet
  facet normal 0.461642 -0.887066 0
    outer loop
      vertex 43.3631 128.533 0
      vertex 43.3631 128.533 30
      vertex 40.5 127.043 0
    endloop
  endfacet
  facet normal 0.461642 -0.887066 0
    outer loop
      vertex 40.5 127.043 30
      vertex 40.5 127.043 0
      vertex 43.3631 128.533 30
    endloop
  endfacet
  facet normal 0.382877 -0.923799 0
    outer loop
      vertex 46.3453 129.769 0
      vertex 46.3453 129.769 30
      vertex 43.3631 128.533 0
    endloop
  endfacet
  facet normal 0.382877 -0.923799 0
    outer loop
      vertex 43.3631 128.533 30
      vertex 43.3631 128.533 0
      vertex 46.3453 129.769 30
    endloop
  endfacet
  facet normal 0.300532 -0.953772 0
    outer loop
      vertex 49.4237 130.739 0
      vertex 49.4237 130.739 30
      vertex 46.3453 129.769 0
    endloop
  endfacet
  facet normal 0.300532 -0.953772 0
    outer loop
      vertex 46.3453 129.769 30
      vertex 46.3453 129.769 0
      vertex 49.4237 130.739 30
    endloop
  endfacet
  facet normal 0.21655 -0.976272 0
    outer loop
      vertex 52.575 131.438 0
      vertex 52.575 131.438 30
      vertex 49.4237 130.739 0
    endloop
  endfacet
  facet normal 0.21655 -0.976272 0
    outer loop
      vertex 49.4237 130.739 30
      vertex 49.4237 130.739 0
      vertex 52.575 131.438 30
    endloop
  endfacet
  facet normal 0.13043 -0.991457 0
    outer loop
      vertex 55.7752 131.859 0
      vertex 55.7752 131.859 30
      vertex 52.575 131.438 0
    endloop
  endfacet
  facet normal 0.13043 -0.991457 0
    outer loop
      vertex 52.575 131.438 30
      vertex 52.575 131.438 0
      vertex 55.7752 131.859 30
    endloop
  endfacet
  facet normal 0.0436819 -0.999045 0
    outer loop
      vertex 59 132 0
      vertex 59 132 30
      vertex 55.7752 131.859 0
    endloop
  endfacet
  facet normal 0.0436819 -0.999045 0
    outer loop
      vertex 55.7752 131.859 30
      vertex 55.7752 131.859 0
      vertex 59 132 30
    endloop
  endfacet
  facet normal -0.0436819 -0.999045 0
    outer loop
      vertex 62.2248 131.859 0
      vertex 62.2248 131.859 30
      vertex 59 132 0
    endloop
  endfacet
  facet normal -0.0436819 -0.999045 -0
    outer loop
      vertex 59 132 30
      vertex 59 132 0
      vertex 62.2248 131.859 30
    endloop
  endfacet
  facet normal -0.13043 -0.991457 0
    outer loop
      vertex 65.425 131.438 0
      vertex 65.425 131.438 30
      vertex 62.2248 131.859 0
    endloop
  endfacet
  facet normal -0.13043 -0.991457 -0
    outer loop
      vertex 62.2248 131.859 30
      vertex 62.2248 131.859 0
      vertex 65.425 131.438 30
    endloop
  endfacet
  facet normal -0.21655 -0.976272 0
    outer loop
      vertex 68.5763 130.739 0
      vertex 68.5763 130.739 30
      vertex 65.425 131.438 0
    endloop
  endfacet
  facet normal -0.21655 -0.976272 -0
    outer loop
      vertex 65.425 131.438 30
      vertex 65.425 131.438 0
      vertex 68.5763 130.739 30
    endloop
  endfacet
  facet normal -0.300532 -0.953772 0
    outer loop
      vertex 71.6547 129.769 0
      vertex 71.6547 129.769 30
      vertex 68.5763 130.739 0
    endloop
  endfacet
  facet normal -0.300532 -0.953772 -0
    outer loop
      vertex 68.5763 130.739 30
      vertex 68.5763 130.739 0
      vertex 71.6547 129.769 30
    endloop
  endfacet
  facet normal -0.382877 -0.923799 0
    outer loop
      vertex 74.6369 128.533 0
      vertex 74.6369 128.533 30
      vertex 71.6547 129.769 0
    endloop
  endfacet
  facet normal -0.382877 -0.923799 -0
    outer loop
      vertex 71.6547 129.769 30
      vertex 71.6547 129.769 0
      vertex 74.6369 128.533 30
    endloop
  endfacet
  facet normal -0.461642 -0.887066 0
    outer loop
      vertex 77.5 127.043 0
      vertex 77.5 127.043 30
      vertex 74.6369 128.533 0
    endloop
  endfacet
  facet normal -0.461642 -0.887066 -0
    outer loop
      vertex 74.6369 128.533 30
      vertex 74.6369 128.533 0
      vertex 77.5 127.043 30
    endloop
  endfacet
  facet normal -0.537234 -0.843433 0
    outer loop
      vertex 80.2223 125.309 0
      vertex 80.2223 125.309 30
      vertex 77.5 127.043 0
    endloop
  endfacet
  facet normal -0.537234 -0.843433 -0
    outer loop
      vertex 77.5 127.043 30
      vertex 77.5 127.043 0
      vertex 80.2223 125.309 30
    endloop
  endfacet
  facet normal -0.608767 -0.793349 0
    outer loop
      vertex 82.7831 123.344 0
      vertex 82.7831 123.344 30
      vertex 80.2223 125.309 0
    endloop
  endfacet
  facet normal -0.608767 -0.793349 -0
    outer loop
      vertex 80.2223 125.309 30
      vertex 80.2223 125.309 0
      vertex 82.7831 123.344 30
    endloop
  endfacet
  facet normal -0.675628 -0.737243 0
    outer loop
      vertex 85.163 121.163 0
      vertex 85.163 121.163 30
      vertex 82.7831 123.344 0
    endloop
  endfacet
  facet normal -0.675628 -0.737243 -0
    outer loop
      vertex 82.7831 123.344 30
      vertex 82.7831 123.344 0
      vertex 85.163 121.163 30
    endloop
  endfacet
  facet normal -0.737319 -0.675545 0
    outer loop
      vertex 87.3436 118.783 0
      vertex 87.3436 118.783 30
      vertex 85.163 121.163 0
    endloop
  endfacet
  facet normal -0.737319 -0.675545 -0
    outer loop
      vertex 85.163 121.163 30
      vertex 85.163 121.163 0
      vertex 87.3436 118.783 30
    endloop
  endfacet
  facet normal -0.793372 -0.608737 0
    outer loop
      vertex 89.3086 116.222 0
      vertex 89.3086 116.222 30
      vertex 87.3436 118.783 0
    endloop
  endfacet
  facet normal -0.793372 -0.608737 -0
    outer loop
      vertex 87.3436 118.783 30
      vertex 87.3436 118.783 0
      vertex 89.3086 116.222 30
    endloop
  endfacet
  facet normal -0.843364 -0.537343 0
    outer loop
      vertex 91.0429 113.5 0
      vertex 91.0429 113.5 30
      vertex 89.3086 116.222 0
    endloop
  endfacet
  facet normal -0.843364 -0.537343 -0
    outer loop
      vertex 89.3086 116.222 30
      vertex 89.3086 116.222 0
      vertex 91.0429 113.5 30
    endloop
  endfacet
  facet normal -0.886996 -0.461777 0
    outer loop
      vertex 92.5334 110.637 0
      vertex 92.5334 110.637 30
      vertex 91.0429 113.5 0
    endloop
  endfacet
  facet normal -0.886996 -0.461777 -0
    outer loop
      vertex 91.0429 113.5 30
      vertex 91.0429 113.5 0
      vertex 92.5334 110.637 30
    endloop
  endfacet
  facet normal -0.923878 -0.382687 0
    outer loop
      vertex 93.7686 107.655 0
      vertex 93.7686 107.655 30
      vertex 92.5334 110.637 0
    endloop
  endfacet
  facet normal -0.923878 -0.382687 -0
    outer loop
      vertex 92.5334 110.637 30
      vertex 92.5334 110.637 0
      vertex 93.7686 107.655 30
    endloop
  endfacet
  facet normal -0.953726 -0.300676 0
    outer loop
      vertex 94.7393 104.576 0
      vertex 94.7393 104.576 30
      vertex 93.7686 107.655 0
    endloop
  endfacet
  facet normal -0.953726 -0.300676 -0
    outer loop
      vertex 93.7686 107.655 30
      vertex 93.7686 107.655 0
      vertex 94.7393 104.576 30
    endloop
  endfacet
  facet normal -0.976293 -0.216451 0
    outer loop
      vertex 95.4379 101.425 0
      vertex 95.4379 101.425 30
      vertex 94.7393 104.576 0
    endloop
  endfacet
  facet normal -0.976293 -0.216451 -0
    outer loop
      vertex 94.7393 104.576 30
      vertex 94.7393 104.576 0
      vertex 95.4379 101.425 30
    endloop
  endfacet
  facet normal -0.991445 -0.130522 0
    outer loop
      vertex 95.8592 98.2248 0
      vertex 95.8592 98.2248 30
      vertex 95.4379 101.425 0
    endloop
  endfacet
  facet normal -0.991445 -0.130522 -0
    outer loop
      vertex 95.4379 101.425 30
      vertex 95.4379 101.425 0
      vertex 95.8592 98.2248 30
    endloop
  endfacet
  facet normal -0.999048 -0.0436201 0
    outer loop
      vertex 96 95 0
      vertex 96 95 30
      vertex 95.8592 98.2248 0
    endloop
  endfacet
  facet normal -0.999048 -0.0436201 -0
    outer loop
      vertex 95.8592 98.2248 30
      vertex 95.8592 98.2248 0
      vertex 96 95 30
    endloop
  endfacet
  facet normal -0.999048 0.0436201 0
    outer loop
      vertex 95.8592 91.7752 0
      vertex 95.8592 91.7752 30
      vertex 96 95 0
    endloop
  endfacet
  facet normal -0.999048 0.0436201 0
    outer loop
      vertex 96 95 30
      vertex 96 95 0
      vertex 95.8592 91.7752 30
    endloop
  endfacet
  facet normal -0.991445 0.130522 0
    outer loop
      vertex 95.4379 88.575 0
      vertex 95.4379 88.575 30
      vertex 95.8592 91.7752 0
    endloop
  endfacet
  facet normal -0.991445 0.130522 0
    outer loop
      vertex 95.8592 91.7752 30
      vertex 95.8592 91.7752 0
      vertex 95.4379 88.575 30
    endloop
  endfacet
  facet normal -0.976298 0.216432 0
    outer loop
      vertex 94.7393 85.4237 0
      vertex 94.7393 85.4237 30
      vertex 95.4379 88.575 0
    endloop
  endfacet
  facet normal -0.976298 0.216432 0
    outer loop
      vertex 95.4379 88.575 30
      vertex 95.4379 88.575 0
      vertex 94.7393 85.4237 30
    endloop
  endfacet
  facet normal -0.953709 0.30073 0
    outer loop
      vertex 93.7686 82.3453 0
      vertex 93.7686 82.3453 30
      vertex 94.7393 85.4237 0
    endloop
  endfacet
  facet normal -0.953709 0.30073 0
    outer loop
      vertex 94.7393 85.4237 30
      vertex 94.7393 85.4237 0
      vertex 93.7686 82.3453 30
    endloop
  endfacet
  facet normal -0.923887 0.382666 0
    outer loop
      vertex 92.5334 79.3631 0
      vertex 92.5334 79.3631 30
      vertex 93.7686 82.3453 0
    endloop
  endfacet
  facet normal -0.923887 0.382666 0
    outer loop
      vertex 93.7686 82.3453 30
      vertex 93.7686 82.3453 0
      vertex 92.5334 79.3631 30
    endloop
  endfacet
  facet normal -0.887003 0.461764 0
    outer loop
      vertex 91.0429 76.5 0
      vertex 91.0429 76.5 30
      vertex 92.5334 79.3631 0
    endloop
  endfacet
  facet normal -0.887003 0.461764 0
    outer loop
      vertex 92.5334 79.3631 30
      vertex 92.5334 79.3631 0
      vertex 91.0429 76.5 30
    endloop
  endfacet
  facet normal -0.843391 0.5373 0
    outer loop
      vertex 89.3086 73.7777 0
      vertex 89.3086 73.7777 30
      vertex 91.0429 76.5 0
    endloop
  endfacet
  facet normal -0.843391 0.5373 0
    outer loop
      vertex 91.0429 76.5 30
      vertex 91.0429 76.5 0
      vertex 89.3086 73.7777 30
    endloop
  endfacet
  facet normal -0.793349 0.608767 0
    outer loop
      vertex 87.3436 71.2169 0
      vertex 87.3436 71.2169 30
      vertex 89.3086 73.7777 0
    endloop
  endfacet
  facet normal -0.793349 0.608767 0
    outer loop
      vertex 89.3086 73.7777 30
      vertex 89.3086 73.7777 0
      vertex 87.3436 71.2169 30
    endloop
  endfacet
  facet normal -0.737305 0.67556 0
    outer loop
      vertex 85.163 68.837 0
      vertex 85.163 68.837 30
      vertex 87.3436 71.2169 0
    endloop
  endfacet
  facet normal -0.737305 0.67556 0
    outer loop
      vertex 87.3436 71.2169 30
      vertex 87.3436 71.2169 0
      vertex 85.163 68.837 30
    endloop
  endfacet
  facet normal -0.67556 0.737305 0
    outer loop
      vertex 82.7831 66.6564 0
      vertex 82.7831 66.6564 30
      vertex 85.163 68.837 0
    endloop
  endfacet
  facet normal -0.67556 0.737305 0
    outer loop
      vertex 85.163 68.837 30
      vertex 85.163 68.837 0
      vertex 82.7831 66.6564 30
    endloop
  endfacet
  facet normal -0.608767 0.793349 0
    outer loop
      vertex 80.2223 64.6914 0
      vertex 80.2223 64.6914 30
      vertex 82.7831 66.6564 0
    endloop
  endfacet
  facet normal -0.608767 0.793349 0
    outer loop
      vertex 82.7831 66.6564 30
      vertex 82.7831 66.6564 0
      vertex 80.2223 64.6914 30
    endloop
  endfacet
  facet normal -0.5373 0.843391 0
    outer loop
      vertex 77.5 62.9571 0
      vertex 77.5 62.9571 30
      vertex 80.2223 64.6914 0
    endloop
  endfacet
  facet normal -0.5373 0.843391 0
    outer loop
      vertex 80.2223 64.6914 30
      vertex 80.2223 64.6914 0
      vertex 77.5 62.9571 30
    endloop
  endfacet
  facet normal -0.461764 0.887003 0
    outer loop
      vertex 74.6369 61.4666 0
      vertex 74.6369 61.4666 30
      vertex 77.5 62.9571 0
    endloop
  endfacet
  facet normal -0.461764 0.887003 0
    outer loop
      vertex 77.5 62.9571 30
      vertex 77.5 62.9571 0
      vertex 74.6369 61.4666 30
    endloop
  endfacet
  facet normal -0.382666 0.923887 0
    outer loop
      vertex 71.6547 60.2314 0
      vertex 71.6547 60.2314 30
      vertex 74.6369 61.4666 0
    endloop
  endfacet
  facet normal -0.382666 0.923887 0
    outer loop
      vertex 74.6369 61.4666 30
      vertex 74.6369 61.4666 0
      vertex 71.6547 60.2314 30
    endloop
  endfacet
  facet normal -0.30073 0.953709 0
    outer loop
      vertex 68.5763 59.2607 0
      vertex 68.5763 59.2607 30
      vertex 71.6547 60.2314 0
    endloop
  endfacet
  facet normal -0.30073 0.953709 0
    outer loop
      vertex 71.6547 60.2314 30
      vertex 71.6547 60.2314 0
      vertex 68.5763 59.2607 30
    endloop
  endfacet
  facet normal -0.216432 0.976298 0
    outer loop
      vertex 65.425 58.5621 0
      vertex 65.425 58.5621 30
      vertex 68.5763 59.2607 0
    endloop
  endfacet
  facet normal -0.216432 0.976298 0
    outer loop
      vertex 68.5763 59.2607 30
      vertex 68.5763 59.2607 0
      vertex 65.425 58.5621 30
    endloop
  endfacet
  facet normal -0.130522 0.991445 0
    outer loop
      vertex 62.2248 58.1408 0
      vertex 62.2248 58.1408 30
      vertex 65.425 58.5621 0
    endloop
  endfacet
  facet normal -0.130522 0.991445 0
    outer loop
      vertex 65.425 58.5621 30
      vertex 65.425 58.5621 0
      vertex 62.2248 58.1408 30
    endloop
  endfacet
  facet normal -0.0436201 0.999048 0
    outer loop
      vertex 59 58 0
      vertex 59 58 30
      vertex 62.2248 58.1408 0
    endloop
  endfacet
  facet normal -0.0436201 0.999048 0
    outer loop
      vertex 62.2248 58.1408 30
      vertex 62.2248 58.1408 0
      vertex 59 58 30
    endloop
  endfacet
  facet normal 0.0436201 0.999048 -0
    outer loop
      vertex 55.7752 58.1408 0
      vertex 55.7752 58.1408 30
      vertex 59 58 0
    endloop
  endfacet
  facet normal 0.0436201 0.999048 0
    outer loop
      vertex 59 58 30
      vertex 59 58 0
      vertex 55.7752 58.1408 30
    endloop
  endfacet
  facet normal 0.13053 0.991444 -0
    outer loop
      vertex 134.575 58.5621 0
      vertex 134.575 58.5621 30
      vertex 137.775 58.1408 0
    endloop
  endfacet
  facet normal 0.13053 0.991444 0
    outer loop
      vertex 137.775 58.1408 30
      vertex 137.775 58.1408 0
      vertex 134.575 58.5621 30
    endloop
  endfacet
  facet normal 0.216451 0.976293 -0
    outer loop
      vertex 131.424 59.2607 0
      vertex 131.424 59.2607 30
      vertex 134.575 58.5621 0
    endloop
  endfacet
  facet normal 0.216451 0.976293 0
    outer loop
      vertex 134.575 58.5621 30
      vertex 134.575 58.5621 0
      vertex 131.424 59.2607 30
    endloop
  endfacet
  facet normal 0.300676 0.953726 -0
    outer loop
      vertex 128.345 60.2314 0
      vertex 128.345 60.2314 30
      vertex 131.424 59.2607 0
    endloop
  endfacet
  facet normal 0.300676 0.953726 0
    outer loop
      vertex 131.424 59.2607 30
      vertex 131.424 59.2607 0
      vertex 128.345 60.2314 30
    endloop
  endfacet
  facet normal 0.382687 0.923878 -0
    outer loop
      vertex 125.363 61.4666 0
      vertex 125.363 61.4666 30
      vertex 128.345 60.2314 0
    endloop
  endfacet
  facet normal 0.382687 0.923878 0
    outer loop
      vertex 128.345 60.2314 30
      vertex 128.345 60.2314 0
      vertex 125.363 61.4666 30
    endloop
  endfacet
  facet normal 0.461777 0.886996 -0
    outer loop
      vertex 122.5 62.9571 0
      vertex 122.5 62.9571 30
      vertex 125.363 61.4666 0
    endloop
  endfacet
  facet normal 0.461777 0.886996 0
    outer loop
      vertex 125.363 61.4666 30
      vertex 125.363 61.4666 0
      vertex 122.5 62.9571 30
    endloop
  endfacet
  facet normal 0.537343 0.843364 -0
    outer loop
      vertex 119.778 64.6914 0
      vertex 119.778 64.6914 30
      vertex 122.5 62.9571 0
    endloop
  endfacet
  facet normal 0.537343 0.843364 0
    outer loop
      vertex 122.5 62.9571 30
      vertex 122.5 62.9571 0
      vertex 119.778 64.6914 30
    endloop
  endfacet
  facet normal 0.608737 0.793372 -0
    outer loop
      vertex 117.217 66.6564 0
      vertex 117.217 66.6564 30
      vertex 119.778 64.6914 0
    endloop
  endfacet
  facet normal 0.608737 0.793372 0
    outer loop
      vertex 119.778 64.6914 30
      vertex 119.778 64.6914 0
      vertex 117.217 66.6564 30
    endloop
  endfacet
  facet normal 0.675545 0.737319 -0
    outer loop
      vertex 114.837 68.837 0
      vertex 114.837 68.837 30
      vertex 117.217 66.6564 0
    endloop
  endfacet
  facet normal 0.675545 0.737319 0
    outer loop
      vertex 117.217 66.6564 30
      vertex 117.217 66.6564 0
      vertex 114.837 68.837 30
    endloop
  endfacet
  facet normal 0.737243 0.675628 -0
    outer loop
      vertex 112.656 71.2169 0
      vertex 112.656 71.2169 30
      vertex 114.837 68.837 0
    endloop
  endfacet
  facet normal 0.737243 0.675628 0
    outer loop
      vertex 114.837 68.837 30
      vertex 114.837 68.837 0
      vertex 112.656 71.2169 30
    endloop
  endfacet
  facet normal 0.793349 0.608767 -0
    outer loop
      vertex 110.691 73.7777 0
      vertex 110.691 73.7777 30
      vertex 112.656 71.2169 0
    endloop
  endfacet
  facet normal 0.793349 0.608767 0
    outer loop
      vertex 112.656 71.2169 30
      vertex 112.656 71.2169 0
      vertex 110.691 73.7777 30
    endloop
  endfacet
  facet normal 0.843433 0.537234 -0
    outer loop
      vertex 108.957 76.5 0
      vertex 108.957 76.5 30
      vertex 110.691 73.7777 0
    endloop
  endfacet
  facet normal 0.843433 0.537234 0
    outer loop
      vertex 110.691 73.7777 30
      vertex 110.691 73.7777 0
      vertex 108.957 76.5 30
    endloop
  endfacet
  facet normal 0.887066 0.461642 -0
    outer loop
      vertex 107.467 79.3631 0
      vertex 107.467 79.3631 30
      vertex 108.957 76.5 0
    endloop
  endfacet
  facet normal 0.887066 0.461642 0
    outer loop
      vertex 108.957 76.5 30
      vertex 108.957 76.5 0
      vertex 107.467 79.3631 30
    endloop
  endfacet
  facet normal 0.923799 0.382877 -0
    outer loop
      vertex 106.231 82.3453 0
      vertex 106.231 82.3453 30
      vertex 107.467 79.3631 0
    endloop
  endfacet
  facet normal 0.923799 0.382877 0
    outer loop
      vertex 107.467 79.3631 30
      vertex 107.467 79.3631 0
      vertex 106.231 82.3453 30
    endloop
  endfacet
  facet normal 0.953772 0.300532 -0
    outer loop
      vertex 105.261 85.4237 0
      vertex 105.261 85.4237 30
      vertex 106.231 82.3453 0
    endloop
  endfacet
  facet normal 0.953772 0.300532 0
    outer loop
      vertex 106.231 82.3453 30
      vertex 106.231 82.3453 0
      vertex 105.261 85.4237 30
    endloop
  endfacet
  facet normal 0.976272 0.21655 -0
    outer loop
      vertex 104.562 88.575 0
      vertex 104.562 88.575 30
      vertex 105.261 85.4237 0
    endloop
  endfacet
  facet normal 0.976272 0.21655 0
    outer loop
      vertex 105.261 85.4237 30
      vertex 105.261 85.4237 0
      vertex 104.562 88.575 30
    endloop
  endfacet
  facet normal 0.991457 0.13043 -0
    outer loop
      vertex 104.141 91.7752 0
      vertex 104.141 91.7752 30
      vertex 104.562 88.575 0
    endloop
  endfacet
  facet normal 0.991457 0.13043 0
    outer loop
      vertex 104.562 88.575 30
      vertex 104.562 88.575 0
      vertex 104.141 91.7752 30
    endloop
  endfacet
  facet normal 0.999045 0.0436819 -0
    outer loop
      vertex 104 95 0
      vertex 104 95 30
      vertex 104.141 91.7752 0
    endloop
  endfacet
  facet normal 0.999045 0.0436819 0
    outer loop
      vertex 104.141 91.7752 30
      vertex 104.141 91.7752 0
      vertex 104 95 30
    endloop
  endfacet
  facet normal 0.999045 -0.0436819 0
    outer loop
      vertex 104.141 98.2248 0
      vertex 104.141 98.2248 30
      vertex 104 95 0
    endloop
  endfacet
  facet normal 0.999045 -0.0436819 0
    outer loop
      vertex 104 95 30
      vertex 104 95 0
      vertex 104.141 98.2248 30
    endloop
  endfacet
  facet normal 0.991457 -0.13043 0
    outer loop
      vertex 104.562 101.425 0
      vertex 104.562 101.425 30
      vertex 104.141 98.2248 0
    endloop
  endfacet
  facet normal 0.991457 -0.13043 0
    outer loop
      vertex 104.141 98.2248 30
      vertex 104.141 98.2248 0
      vertex 104.562 101.425 30
    endloop
  endfacet
  facet normal 0.976267 -0.21657 0
    outer loop
      vertex 105.261 104.576 0
      vertex 105.261 104.576 30
      vertex 104.562 101.425 0
    endloop
  endfacet
  facet normal 0.976267 -0.21657 0
    outer loop
      vertex 104.562 101.425 30
      vertex 104.562 101.425 0
      vertex 105.261 104.576 30
    endloop
  endfacet
  facet normal 0.953788 -0.300479 0
    outer loop
      vertex 106.231 107.655 0
      vertex 106.231 107.655 30
      vertex 105.261 104.576 0
    endloop
  endfacet
  facet normal 0.953788 -0.300479 0
    outer loop
      vertex 105.261 104.576 30
      vertex 105.261 104.576 0
      vertex 106.231 107.655 30
    endloop
  endfacet
  facet normal 0.92379 -0.382899 0
    outer loop
      vertex 107.467 110.637 0
      vertex 107.467 110.637 30
      vertex 106.231 107.655 0
    endloop
  endfacet
  facet normal 0.92379 -0.382899 0
    outer loop
      vertex 106.231 107.655 30
      vertex 106.231 107.655 0
      vertex 107.467 110.637 30
    endloop
  endfacet
  facet normal 0.887059 -0.461655 0
    outer loop
      vertex 108.957 113.5 0
      vertex 108.957 113.5 30
      vertex 107.467 110.637 0
    endloop
  endfacet
  facet normal 0.887059 -0.461655 0
    outer loop
      vertex 107.467 110.637 30
      vertex 107.467 110.637 0
      vertex 108.957 113.5 30
    endloop
  endfacet
  facet normal 0.843406 -0.537276 0
    outer loop
      vertex 110.691 116.222 0
      vertex 110.691 116.222 30
      vertex 108.957 113.5 0
    endloop
  endfacet
  facet normal 0.843406 -0.537276 0
    outer loop
      vertex 108.957 113.5 30
      vertex 108.957 113.5 0
      vertex 110.691 116.222 30
    endloop
  endfacet
  facet normal 0.793372 -0.608737 0
    outer loop
      vertex 112.656 118.783 0
      vertex 112.656 118.783 30
      vertex 110.691 116.222 0
    endloop
  endfacet
  facet normal 0.793372 -0.608737 0
    outer loop
      vertex 110.691 116.222 30
      vertex 110.691 116.222 0
      vertex 112.656 118.783 30
    endloop
  endfacet
  facet normal 0.737257 -0.675612 0
    outer loop
      vertex 114.837 121.163 0
      vertex 114.837 121.163 30
      vertex 112.656 118.783 0
    endloop
  endfacet
  facet normal 0.737257 -0.675612 0
    outer loop
      vertex 112.656 118.783 30
      vertex 112.656 118.783 0
      vertex 114.837 121.163 30
    endloop
  endfacet
  facet normal 0.675612 -0.737257 0
    outer loop
      vertex 117.217 123.344 0
      vertex 117.217 123.344 30
      vertex 114.837 121.163 0
    endloop
  endfacet
  facet normal 0.675612 -0.737257 0
    outer loop
      vertex 114.837 121.163 30
      vertex 114.837 121.163 0
      vertex 117.217 123.344 30
    endloop
  endfacet
  facet normal 0.608737 -0.793372 0
    outer loop
      vertex 119.778 125.309 0
      vertex 119.778 125.309 30
      vertex 117.217 123.344 0
    endloop
  endfacet
  facet normal 0.608737 -0.793372 0
    outer loop
      vertex 117.217 123.344 30
      vertex 117.217 123.344 0
      vertex 119.778 125.309 30
    endloop
  endfacet
  facet normal 0.537276 -0.843406 0
    outer loop
      vertex 122.5 127.043 0
      vertex 122.5 127.043 30
      vertex 119.778 125.309 0
    endloop
  endfacet
  facet normal 0.537276 -0.843406 0
    outer loop
      vertex 119.778 125.309 30
      vertex 119.778 125.309 0
      vertex 122.5 127.043 30
    endloop
  endfacet
  facet normal 0.461655 -0.887059 0
    outer loop
      vertex 125.363 128.533 0
      vertex 125.363 128.533 30
      vertex 122.5 127.043 0
    endloop
  endfacet
  facet normal 0.461655 -0.887059 0
    outer loop
      vertex 122.5 127.043 30
      vertex 122.5 127.043 0
      vertex 125.363 128.533 30
    endloop
  endfacet
  facet normal 0.382899 -0.92379 0
    outer loop
      vertex 128.345 129.769 0
      vertex 128.345 129.769 30
      vertex 125.363 128.533 0
    endloop
  endfacet
  facet normal 0.382899 -0.92379 0
    outer loop
      vertex 125.363 128.533 30
      vertex 125.363 128.533 0
      vertex 128.345 129.769 30
    endloop
  endfacet
  facet normal 0.300479 -0.953788 0
    outer loop
      vertex 131.424 130.739 0
      vertex 131.424 130.739 30
      vertex 128.345 129.769 0
    endloop
  endfacet
  facet normal 0.300479 -0.953788 0
    outer loop
      vertex 128.345 129.769 30
      vertex 128.345 129.769 0
      vertex 131.424 130.739 30
    endloop
  endfacet
  facet normal 0.21657 -0.976267 0
    outer loop
      vertex 134.575 131.438 0
      vertex 134.575 131.438 30
      vertex 131.424 130.739 0
    endloop
  endfacet
  facet normal 0.21657 -0.976267 0
    outer loop
      vertex 131.424 130.739 30
      vertex 131.424 130.739 0
      vertex 134.575 131.438 30
    endloop
  endfacet
  facet normal 0.130438 -0.991456 0
    outer loop
      vertex 137.775 131.859 0
      vertex 137.775 131.859 30
      vertex 134.575 131.438 0
    endloop
  endfacet
  facet normal 0.130438 -0.991456 0
    outer loop
      vertex 134.575 131.438 30
      vertex 134.575 131.438 0
      vertex 137.775 131.859 30
    endloop
  endfacet
  facet normal 0.0436792 -0.999046 0
    outer loop
      vertex 141 132 0
      vertex 141 132 30
      vertex 137.775 131.859 0
    endloop
  endfacet
  facet normal 0.0436792 -0.999046 0
    outer loop
      vertex 137.775 131.859 30
      vertex 137.775 131.859 0
      vertex 141 132 30
    endloop
  endfacet
  facet normal -0.0436792 -0.999046 0
    outer loop
      vertex 144.225 131.859 0
      vertex 144.225 131.859 30
      vertex 141 132 0
    endloop
  endfacet
  facet normal -0.0436792 -0.999046 -0
    outer loop
      vertex 141 132 30
      vertex 141 132 0
      vertex 144.225 131.859 30
    endloop
  endfacet
  facet normal -0.130438 -0.991456 0
    outer loop
      vertex 147.425 131.438 0
      vertex 147.425 131.438 30
      vertex 144.225 131.859 0
    endloop
  endfacet
  facet normal -0.130438 -0.991456 -0
    outer loop
      vertex 144.225 131.859 30
      vertex 144.225 131.859 0
      vertex 147.425 131.438 30
    endloop
  endfacet
  facet normal -0.21657 -0.976267 0
    outer loop
      vertex 150.576 130.739 0
      vertex 150.576 130.739 30
      vertex 147.425 131.438 0
    endloop
  endfacet
  facet normal -0.21657 -0.976267 -0
    outer loop
      vertex 147.425 131.438 30
      vertex 147.425 131.438 0
      vertex 150.576 130.739 30
    endloop
  endfacet
  facet normal -0.300479 -0.953788 0
    outer loop
      vertex 153.655 129.769 0
      vertex 153.655 129.769 30
      vertex 150.576 130.739 0
    endloop
  endfacet
  facet normal -0.300479 -0.953788 -0
    outer loop
      vertex 150.576 130.739 30
      vertex 150.576 130.739 0
      vertex 153.655 129.769 30
    endloop
  endfacet
  facet normal -0.382899 -0.92379 0
    outer loop
      vertex 156.637 128.533 0
      vertex 156.637 128.533 30
      vertex 153.655 129.769 0
    endloop
  endfacet
  facet normal -0.382899 -0.92379 -0
    outer loop
      vertex 153.655 129.769 30
      vertex 153.655 129.769 0
      vertex 156.637 128.533 30
    endloop
  endfacet
  facet normal -0.461655 -0.887059 0
    outer loop
      vertex 159.5 127.043 0
      vertex 159.5 127.043 30
      vertex 156.637 128.533 0
    endloop
  endfacet
  facet normal -0.461655 -0.887059 -0
    outer loop
      vertex 156.637 128.533 30
      vertex 156.637 128.533 0
      vertex 159.5 127.043 30
    endloop
  endfacet
  facet normal -0.537276 -0.843406 0
    outer loop
      vertex 162.222 125.309 0
      vertex 162.222 125.309 30
      vertex 159.5 127.043 0
    endloop
  endfacet
  facet normal -0.537276 -0.843406 -0
    outer loop
      vertex 159.5 127.043 30
      vertex 159.5 127.043 0
      vertex 162.222 125.309 30
    endloop
  endfacet
  facet normal -0.608737 -0.793372 0
    outer loop
      vertex 164.783 123.344 0
      vertex 164.783 123.344 30
      vertex 162.222 125.309 0
    endloop
  endfacet
  facet normal -0.608737 -0.793372 -0
    outer loop
      vertex 162.222 125.309 30
      vertex 162.222 125.309 0
      vertex 164.783 123.344 30
    endloop
  endfacet
  facet normal -0.675612 -0.737257 0
    outer loop
      vertex 167.163 121.163 0
      vertex 167.163 121.163 30
      vertex 164.783 123.344 0
    endloop
  endfacet
  facet normal -0.675612 -0.737257 -0
    outer loop
      vertex 164.783 123.344 30
      vertex 164.783 123.344 0
      vertex 167.163 121.163 30
    endloop
  endfacet
  facet normal -0.737257 -0.675612 0
    outer loop
      vertex 169.344 118.783 0
      vertex 169.344 118.783 30
      vertex 167.163 121.163 0
    endloop
  endfacet
  facet normal -0.737257 -0.675612 -0
    outer loop
      vertex 167.163 121.163 30
      vertex 167.163 121.163 0
      vertex 169.344 118.783 30
    endloop
  endfacet
  facet normal -0.793372 -0.608737 0
    outer loop
      vertex 171.309 116.222 0
      vertex 171.309 116.222 30
      vertex 169.344 118.783 0
    endloop
  endfacet
  facet normal -0.793372 -0.608737 -0
    outer loop
      vertex 169.344 118.783 30
      vertex 169.344 118.783 0
      vertex 171.309 116.222 30
    endloop
  endfacet
  facet normal -0.843406 -0.537276 0
    outer loop
      vertex 173.043 113.5 0
      vertex 173.043 113.5 30
      vertex 171.309 116.222 0
    endloop
  endfacet
  facet normal -0.843406 -0.537276 -0
    outer loop
      vertex 171.309 116.222 30
      vertex 171.309 116.222 0
      vertex 173.043 113.5 30
    endloop
  endfacet
  facet normal -0.887059 -0.461655 0
    outer loop
      vertex 174.533 110.637 0
      vertex 174.533 110.637 30
      vertex 173.043 113.5 0
    endloop
  endfacet
  facet normal -0.887059 -0.461655 -0
    outer loop
      vertex 173.043 113.5 30
      vertex 173.043 113.5 0
      vertex 174.533 110.637 30
    endloop
  endfacet
  facet normal -0.92379 -0.382899 0
    outer loop
      vertex 175.769 107.655 0
      vertex 175.769 107.655 30
      vertex 174.533 110.637 0
    endloop
  endfacet
  facet normal -0.92379 -0.382899 -0
    outer loop
      vertex 174.533 110.637 30
      vertex 174.533 110.637 0
      vertex 175.769 107.655 30
    endloop
  endfacet
  facet normal -0.953788 -0.300479 0
    outer loop
      vertex 176.739 104.576 0
      vertex 176.739 104.576 30
      vertex 175.769 107.655 0
    endloop
  endfacet
  facet normal -0.953788 -0.300479 -0
    outer loop
      vertex 175.769 107.655 30
      vertex 175.769 107.655 0
      vertex 176.739 104.576 30
    endloop
  endfacet
  facet normal -0.976267 -0.21657 0
    outer loop
      vertex 177.438 101.425 0
      vertex 177.438 101.425 30
      vertex 176.739 104.576 0
    endloop
  endfacet
  facet normal -0.976267 -0.21657 -0
    outer loop
      vertex 176.739 104.576 30
      vertex 176.739 104.576 0
      vertex 177.438 101.425 30
    endloop
  endfacet
  facet normal -0.991457 -0.13043 0
    outer loop
      vertex 177.859 98.2248 0
      vertex 177.859 98.2248 30
      vertex 177.438 101.425 0
    endloop
  endfacet
  facet normal -0.991457 -0.13043 -0
    outer loop
      vertex 177.438 101.425 30
      vertex 177.438 101.425 0
      vertex 177.859 98.2248 30
    endloop
  endfacet
  facet normal -0.999045 -0.0436819 0
    outer loop
      vertex 178 95 0
      vertex 178 95 30
      vertex 177.859 98.2248 0
    endloop
  endfacet
  facet normal -0.999045 -0.0436819 -0
    outer loop
      vertex 177.859 98.2248 30
      vertex 177.859 98.2248 0
      vertex 178 95 30
    endloop
  endfacet
  facet normal -0.999045 0.0436819 0
    outer loop
      vertex 177.859 91.7752 0
      vertex 177.859 91.7752 30
      vertex 178 95 0
    endloop
  endfacet
  facet normal -0.999045 0.0436819 0
    outer loop
      vertex 178 95 30
      vertex 178 95 0
      vertex 177.859 91.7752 30
    endloop
  endfacet
  facet normal -0.991457 0.13043 0
    outer loop
      vertex 177.438 88.575 0
      vertex 177.438 88.575 30
      vertex 177.859 91.7752 0
    endloop
  endfacet
  facet normal -0.991457 0.13043 0
    outer loop
      vertex 177.859 91.7752 30
      vertex 177.859 91.7752 0
      vertex 177.438 88.575 30
    endloop
  endfacet
  facet normal -0.976272 0.21655 0
    outer loop
      vertex 176.739 85.4237 0
      vertex 176.739 85.4237 30
      vertex 177.438 88.575 0
    endloop
  endfacet
  facet normal -0.976272 0.21655 0
    outer loop
      vertex 177.438 88.575 30
      vertex 177.438 88.575 0
      vertex 176.739 85.4237 30
    endloop
  endfacet
  facet normal -0.953772 0.300532 0
    outer loop
      vertex 175.769 82.3453 0
      vertex 175.769 82.3453 30
      vertex 176.739 85.4237 0
    endloop
  endfacet
  facet normal -0.953772 0.300532 0
    outer loop
      vertex 176.739 85.4237 30
      vertex 176.739 85.4237 0
      vertex 175.769 82.3453 30
    endloop
  endfacet
  facet normal -0.923799 0.382877 0
    outer loop
      vertex 174.533 79.3631 0
      vertex 174.533 79.3631 30
      vertex 175.769 82.3453 0
    endloop
  endfacet
  facet normal -0.923799 0.382877 0
    outer loop
      vertex 175.769 82.3453 30
      vertex 175.769 82.3453 0
      vertex 174.533 79.3631 30
    endloop
  endfacet
  facet normal -0.887066 0.461642 0
    outer loop
      vertex 173.043 76.5 0
      vertex 173.043 76.5 30
      vertex 174.533 79.3631 0
    endloop
  endfacet
  facet normal -0.887066 0.461642 0
    outer loop
      vertex 174.533 79.3631 30
      vertex 174.533 79.3631 0
      vertex 173.043 76.5 30
    endloop
  endfacet
  facet normal -0.843433 0.537234 0
    outer loop
      vertex 171.309 73.7777 0
      vertex 171.309 73.7777 30
      vertex 173.043 76.5 0
    endloop
  endfacet
  facet normal -0.843433 0.537234 0
    outer loop
      vertex 173.043 76.5 30
      vertex 173.043 76.5 0
      vertex 171.309 73.7777 30
    endloop
  endfacet
  facet normal -0.793349 0.608767 0
    outer loop
      vertex 169.344 71.2169 0
      vertex 169.344 71.2169 30
      vertex 171.309 73.7777 0
    endloop
  endfacet
  facet normal -0.793349 0.608767 0
    outer loop
      vertex 171.309 73.7777 30
      vertex 171.309 73.7777 0
      vertex 169.344 71.2169 30
    endloop
  endfacet
  facet normal -0.737243 0.675628 0
    outer loop
      vertex 167.163 68.837 0
      vertex 167.163 68.837 30
      vertex 169.344 71.2169 0
    endloop
  endfacet
  facet normal -0.737243 0.675628 0
    outer loop
      vertex 169.344 71.2169 30
      vertex 169.344 71.2169 0
      vertex 167.163 68.837 30
    endloop
  endfacet
  facet normal -0.675545 0.737319 0
    outer loop
      vertex 164.783 66.6564 0
      vertex 164.783 66.6564 30
      vertex 167.163 68.837 0
    endloop
  endfacet
  facet normal -0.675545 0.737319 0
    outer loop
      vertex 167.163 68.837 30
      vertex 167.163 68.837 0
      vertex 164.783 66.6564 30
    endloop
  endfacet
  facet normal -0.608737 0.793372 0
    outer loop
      vertex 162.222 64.6914 0
      vertex 162.222 64.6914 30
      vertex 164.783 66.6564 0
    endloop
  endfacet
  facet normal -0.608737 0.793372 0
    outer loop
      vertex 164.783 66.6564 30
      vertex 164.783 66.6564 0
      vertex 162.222 64.6914 30
    endloop
  endfacet
  facet normal -0.537343 0.843364 0
    outer loop
      vertex 159.5 62.9571 0
      vertex 159.5 62.9571 30
      vertex 162.222 64.6914 0
    endloop
  endfacet
  facet normal -0.537343 0.843364 0
    outer loop
      vertex 162.222 64.6914 30
      vertex 162.222 64.6914 0
      vertex 159.5 62.9571 30
    endloop
  endfacet
  facet normal -0.461777 0.886996 0
    outer loop
      vertex 156.637 61.4666 0
      vertex 156.637 61.4666 30
      vertex 159.5 62.9571 0
    endloop
  endfacet
  facet normal -0.461777 0.886996 0
    outer loop
      vertex 159.5 62.9571 30
      vertex 159.5 62.9571 0
      vertex 156.637 61.4666 30
    endloop
  endfacet
  facet normal -0.382687 0.923878 0
    outer loop
      vertex 153.655 60.2314 0
      vertex 153.655 60.2314 30
      vertex 156.637 61.4666 0
    endloop
  endfacet
  facet normal -0.382687 0.923878 0
    outer loop
      vertex 156.637 61.4666 30
      vertex 156.637 61.4666 0
      vertex 153.655 60.2314 30
    endloop
  endfacet
  facet normal -0.300676 0.953726 0
    outer loop
      vertex 150.576 59.2607 0
      vertex 150.576 59.2607 30
      vertex 153.655 60.2314 0
    endloop
  endfacet
  facet normal -0.300676 0.953726 0
    outer loop
      vertex 153.655 60.2314 30
      vertex 153.655 60.2314 0
      vertex 150.576 59.2607 30
    endloop
  endfacet
  facet normal -0.216451 0.976293 0
    outer loop
      vertex 147.425 58.5621 0
      vertex 147.425 58.5621 30
      vertex 150.576 59.2607 0
    endloop
  endfacet
  facet normal -0.216451 0.976293 0
    outer loop
      vertex 150.576 59.2607 30
      vertex 150.576 59.2607 0
      vertex 147.425 58.5621 30
    endloop
  endfacet
  facet normal -0.13053 0.991444 0
    outer loop
      vertex 144.225 58.1408 0
      vertex 144.225 58.1408 30
      vertex 147.425 58.5621 0
    endloop
  endfacet
  facet normal -0.13053 0.991444 0
    outer loop
      vertex 147.425 58.5621 30
      vertex 147.425 58.5621 0
      vertex 144.225 58.1408 30
    endloop
  endfacet
  facet normal -0.0436174 0.999048 0
    outer loop
      vertex 141 58 0
      vertex 141 58 30
      vertex 144.225 58.1408 0
    endloop
  endfacet
  facet normal -0.0436174 0.999048 0
    outer loop
      vertex 144.225 58.1408 30
      vertex 144.225 58.1408 0
      vertex 141 58 30
    endloop
  endfacet
  facet normal 0.0436174 0.999048 -0
    outer loop
      vertex 137.775 58.1408 0
      vertex 137.775 58.1408 30
      vertex 141 58 0
    endloop
  endfacet
  facet normal 0.0436174 0.999048 0
    outer loop
      vertex 141 58 30
      vertex 141 58 0
      vertex 137.775 58.1408 30
    endloop
  endfacet
  facet normal 0.13053 0.991444 -0
    outer loop
      vertex 216.575 58.5621 0
      vertex 216.575 58.5621 30
      vertex 219.775 58.1408 0
    endloop
  endfacet
  facet normal 0.13053 0.991444 0
    outer loop
      vertex 219.775 58.1408 30
      vertex 219.775 58.1408 0
      vertex 216.575 58.5621 30
    endloop
  endfacet
  facet normal 0.216451 0.976293 -0
    outer loop
      vertex 213.424 59.2607 0
      vertex 213.424 59.2607 30
      vertex 216.575 58.5621 0
    endloop
  endfacet
  facet normal 0.216451 0.976293 0
    outer loop
      vertex 216.575 58.5621 30
      vertex 216.575 58.5621 0
      vertex 213.424 59.2607 30
    endloop
  endfacet
  facet normal 0.300676 0.953726 -0
    outer loop
      vertex 210.345 60.2314 0
      vertex 210.345 60.2314 30
      vertex 213.424 59.2607 0
    endloop
  endfacet
  facet normal 0.300676 0.953726 0
    outer loop
      vertex 213.424 59.2607 30
      vertex 213.424 59.2607 0
      vertex 210.345 60.2314 30
    endloop
  endfacet
  facet normal 0.382687 0.923878 -0
    outer loop
      vertex 207.363 61.4666 0
      vertex 207.363 61.4666 30
      vertex 210.345 60.2314 0
    endloop
  endfacet
  facet normal 0.382687 0.923878 0
    outer loop
      vertex 210.345 60.2314 30
      vertex 210.345 60.2314 0
      vertex 207.363 61.4666 30
    endloop
  endfacet
  facet normal 0.461777 0.886996 -0
    outer loop
      vertex 204.5 62.9571 0
      vertex 204.5 62.9571 30
      vertex 207.363 61.4666 0
    endloop
  endfacet
  facet normal 0.461777 0.886996 0
    outer loop
      vertex 207.363 61.4666 30
      vertex 207.363 61.4666 0
      vertex 204.5 62.9571 30
    endloop
  endfacet
  facet normal 0.537343 0.843364 -0
    outer loop
      vertex 201.778 64.6914 0
      vertex 201.778 64.6914 30
      vertex 204.5 62.9571 0
    endloop
  endfacet
  facet normal 0.537343 0.843364 0
    outer loop
      vertex 204.5 62.9571 30
      vertex 204.5 62.9571 0
      vertex 201.778 64.6914 30
    endloop
  endfacet
  facet normal 0.608737 0.793372 -0
    outer loop
      vertex 199.217 66.6564 0
      vertex 199.217 66.6564 30
      vertex 201.778 64.6914 0
    endloop
  endfacet
  facet normal 0.608737 0.793372 0
    outer loop
      vertex 201.778 64.6914 30
      vertex 201.778 64.6914 0
      vertex 199.217 66.6564 30
    endloop
  endfacet
  facet normal 0.675545 0.737319 -0
    outer loop
      vertex 196.837 68.837 0
      vertex 196.837 68.837 30
      vertex 199.217 66.6564 0
    endloop
  endfacet
  facet normal 0.675545 0.737319 0
    outer loop
      vertex 199.217 66.6564 30
      vertex 199.217 66.6564 0
      vertex 196.837 68.837 30
    endloop
  endfacet
  facet normal 0.737243 0.675628 -0
    outer loop
      vertex 194.656 71.2169 0
      vertex 194.656 71.2169 30
      vertex 196.837 68.837 0
    endloop
  endfacet
  facet normal 0.737243 0.675628 0
    outer loop
      vertex 196.837 68.837 30
      vertex 196.837 68.837 0
      vertex 194.656 71.2169 30
    endloop
  endfacet
  facet normal 0.793349 0.608767 -0
    outer loop
      vertex 192.691 73.7777 0
      vertex 192.691 73.7777 30
      vertex 194.656 71.2169 0
    endloop
  endfacet
  facet normal 0.793349 0.608767 0
    outer loop
      vertex 194.656 71.2169 30
      vertex 194.656 71.2169 0
      vertex 192.691 73.7777 30
    endloop
  endfacet
  facet normal 0.843433 0.537234 -0
    outer loop
      vertex 190.957 76.5 0
      vertex 190.957 76.5 30
      vertex 192.691 73.7777 0
    endloop
  endfacet
  facet normal 0.843433 0.537234 0
    outer loop
      vertex 192.691 73.7777 30
      vertex 192.691 73.7777 0
      vertex 190.957 76.5 30
    endloop
  endfacet
  facet normal 0.887066 0.461642 -0
    outer loop
      vertex 189.467 79.3631 0
      vertex 189.467 79.3631 30
      vertex 190.957 76.5 0
    endloop
  endfacet
  facet normal 0.887066 0.461642 0
    outer loop
      vertex 190.957 76.5 30
      vertex 190.957 76.5 0
      vertex 189.467 79.3631 30
    endloop
  endfacet
  facet normal 0.923799 0.382877 -0
    outer loop
      vertex 188.231 82.3453 0
      vertex 188.231 82.3453 30
      vertex 189.467 79.3631 0
    endloop
  endfacet
  facet normal 0.923799 0.382877 0
    outer loop
      vertex 189.467 79.3631 30
      vertex 189.467 79.3631 0
      vertex 188.231 82.3453 30
    endloop
  endfacet
  facet normal 0.953772 0.300532 -0
    outer loop
      vertex 187.261 85.4237 0
      vertex 187.261 85.4237 30
      vertex 188.231 82.3453 0
    endloop
  endfacet
  facet normal 0.953772 0.300532 0
    outer loop
      vertex 188.231 82.3453 30
      vertex 188.231 82.3453 0
      vertex 187.261 85.4237 30
    endloop
  endfacet
  facet normal 0.976272 0.21655 -0
    outer loop
      vertex 186.562 88.575 0
      vertex 186.562 88.575 30
      vertex 187.261 85.4237 0
    endloop
  endfacet
  facet normal 0.976272 0.21655 0
    outer loop
      vertex 187.261 85.4237 30
      vertex 187.261 85.4237 0
      vertex 186.562 88.575 30
    endloop
  endfacet
  facet normal 0.991457 0.13043 -0
    outer loop
      vertex 186.141 91.7752 0
      vertex 186.141 91.7752 30
      vertex 186.562 88.575 0
    endloop
  endfacet
  facet normal 0.991457 0.13043 0
    outer loop
      vertex 186.562 88.575 30
      vertex 186.562 88.575 0
      vertex 186.141 91.7752 30
    endloop
  endfacet
  facet normal 0.999045 0.0436819 -0
    outer loop
      vertex 186 95 0
      vertex 186 95 30
      vertex 186.141 91.7752 0
    endloop
  endfacet
  facet normal 0.999045 0.0436819 0
    outer loop
      vertex 186.141 91.7752 30
      vertex 186.141 91.7752 0
      vertex 186 95 30
    endloop
  endfacet
  facet normal 0.999045 -0.0436819 0
    outer loop
      vertex 186.141 98.2248 0
      vertex 186.141 98.2248 30
      vertex 186 95 0
    endloop
  endfacet
  facet normal 0.999045 -0.0436819 0
    outer loop
      vertex 186 95 30
      vertex 186 95 0
      vertex 186.141 98.2248 30
    endloop
  endfacet
  facet normal 0.991457 -0.13043 0
    outer loop
      vertex 186.562 101.425 0
      vertex 186.562 101.425 30
      vertex 186.141 98.2248 0
    endloop
  endfacet
  facet normal 0.991457 -0.13043 0
    outer loop
      vertex 186.141 98.2248 30
      vertex 186.141 98.2248 0
      vertex 186.562 101.425 30
    endloop
  endfacet
  facet normal 0.976267 -0.21657 0
    outer loop
      vertex 187.261 104.576 0
      vertex 187.261 104.576 30
      vertex 186.562 101.425 0
    endloop
  endfacet
  facet normal 0.976267 -0.21657 0
    outer loop
      vertex 186.562 101.425 30
      vertex 186.562 101.425 0
      vertex 187.261 104.576 30
    endloop
  endfacet
  facet normal 0.953788 -0.300479 0
    outer loop
      vertex 188.231 107.655 0
      vertex 188.231 107.655 30
      vertex 187.261 104.576 0
    endloop
  endfacet
  facet normal 0.953788 -0.300479 0
    outer loop
      vertex 187.261 104.576 30
      vertex 187.261 104.576 0
      vertex 188.231 107.655 30
    endloop
  endfacet
  facet normal 0.92379 -0.382899 0
    outer loop
      vertex 189.467 110.637 0
      vertex 189.467 110.637 30
      vertex 188.231 107.655 0
    endloop
  endfacet
  facet normal 0.92379 -0.382899 0
    outer loop
      vertex 188.231 107.655 30
      vertex 188.231 107.655 0
      vertex 189.467 110.637 30
    endloop
  endfacet
  facet normal 0.887059 -0.461655 0
    outer loop
      vertex 190.957 113.5 0
      vertex 190.957 113.5 30
      vertex 189.467 110.637 0
    endloop
  endfacet
  facet normal 0.887059 -0.461655 0
    outer loop
      vertex 189.467 110.637 30
      vertex 189.467 110.637 0
      vertex 190.957 113.5 30
    endloop
  endfacet
  facet normal 0.843406 -0.537276 0
    outer loop
      vertex 192.691 116.222 0
      vertex 192.691 116.222 30
      vertex 190.957 113.5 0
    endloop
  endfacet
  facet normal 0.843406 -0.537276 0
    outer loop
      vertex 190.957 113.5 30
      vertex 190.957 113.5 0
      vertex 192.691 116.222 30
    endloop
  endfacet
  facet normal 0.793372 -0.608737 0
    outer loop
      vertex 194.656 118.783 0
      vertex 194.656 118.783 30
      vertex 192.691 116.222 0
    endloop
  endfacet
  facet normal 0.793372 -0.608737 0
    outer loop
      vertex 192.691 116.222 30
      vertex 192.691 116.222 0
      vertex 194.656 118.783 30
    endloop
  endfacet
  facet normal 0.737257 -0.675612 0
    outer loop
      vertex 196.837 121.163 0
      vertex 196.837 121.163 30
      vertex 194.656 118.783 0
    endloop
  endfacet
  facet normal 0.737257 -0.675612 0
    outer loop
      vertex 194.656 118.783 30
      vertex 194.656 118.783 0
      vertex 196.837 121.163 30
    endloop
  endfacet
  facet normal 0.675612 -0.737257 0
    outer loop
      vertex 199.217 123.344 0
      vertex 199.217 123.344 30
      vertex 196.837 121.163 0
    endloop
  endfacet
  facet normal 0.675612 -0.737257 0
    outer loop
      vertex 196.837 121.163 30
      vertex 196.837 121.163 0
      vertex 199.217 123.344 30
    endloop
  endfacet
  facet normal 0.608737 -0.793372 0
    outer loop
      vertex 201.778 125.309 0
      vertex 201.778 125.309 30
      vertex 199.217 123.344 0
    endloop
  endfacet
  facet normal 0.608737 -0.793372 0
    outer loop
      vertex 199.217 123.344 30
      vertex 199.217 123.344 0
      vertex 201.778 125.309 30
    endloop
  endfacet
  facet normal 0.537276 -0.843406 0
    outer loop
      vertex 204.5 127.043 0
      vertex 204.5 127.043 30
      vertex 201.778 125.309 0
    endloop
  endfacet
  facet normal 0.537276 -0.843406 0
    outer loop
      vertex 201.778 125.309 30
      vertex 201.778 125.309 0
      vertex 204.5 127.043 30
    endloop
  endfacet
  facet normal 0.461655 -0.887059 0
    outer loop
      vertex 207.363 128.533 0
      vertex 207.363 128.533 30
      vertex 204.5 127.043 0
    endloop
  endfacet
  facet normal 0.461655 -0.887059 0
    outer loop
      vertex 204.5 127.043 30
      vertex 204.5 127.043 0
      vertex 207.363 128.533 30
    endloop
  endfacet
  facet normal 0.382899 -0.92379 0
    outer loop
      vertex 210.345 129.769 0
      vertex 210.345 129.769 30
      vertex 207.363 128.533 0
    endloop
  endfacet
  facet normal 0.382899 -0.92379 0
    outer loop
      vertex 207.363 128.533 30
      vertex 207.363 128.533 0
      vertex 210.345 129.769 30
    endloop
  endfacet
  facet normal 0.300479 -0.953788 0
    outer loop
      vertex 213.424 130.739 0
      vertex 213.424 130.739 30
      vertex 210.345 129.769 0
    endloop
  endfacet
  facet normal 0.300479 -0.953788 0
    outer loop
      vertex 210.345 129.769 30
      vertex 210.345 129.769 0
      vertex 213.424 130.739 30
    endloop
  endfacet
  facet normal 0.21657 -0.976267 0
    outer loop
      vertex 216.575 131.438 0
      vertex 216.575 131.438 30
      vertex 213.424 130.739 0
    endloop
  endfacet
  facet normal 0.21657 -0.976267 0
    outer loop
      vertex 213.424 130.739 30
      vertex 213.424 130.739 0
      vertex 216.575 131.438 30
    endloop
  endfacet
  facet normal 0.130438 -0.991456 0
    outer loop
      vertex 219.775 131.859 0
      vertex 219.775 131.859 30
      vertex 216.575 131.438 0
    endloop
  endfacet
  facet normal 0.130438 -0.991456 0
    outer loop
      vertex 216.575 131.438 30
      vertex 216.575 131.438 0
      vertex 219.775 131.859 30
    endloop
  endfacet
  facet normal 0.0436792 -0.999046 0
    outer loop
      vertex 223 132 0
      vertex 223 132 30
      vertex 219.775 131.859 0
    endloop
  endfacet
  facet normal 0.0436792 -0.999046 0
    outer loop
      vertex 219.775 131.859 30
      vertex 219.775 131.859 0
      vertex 223 132 30
    endloop
  endfacet
  facet normal -0.0436792 -0.999046 0
    outer loop
      vertex 226.225 131.859 0
      vertex 226.225 131.859 30
      vertex 223 132 0
    endloop
  endfacet
  facet normal -0.0436792 -0.999046 -0
    outer loop
      vertex 223 132 30
      vertex 223 132 0
      vertex 226.225 131.859 30
    endloop
  endfacet
  facet normal -0.130438 -0.991456 0
    outer loop
      vertex 229.425 131.438 0
      vertex 229.425 131.438 30
      vertex 226.225 131.859 0
    endloop
  endfacet
  facet normal -0.130438 -0.991456 -0
    outer loop
      vertex 226.225 131.859 30
      vertex 226.225 131.859 0
      vertex 229.425 131.438 30
    endloop
  endfacet
  facet normal -0.21657 -0.976267 0
    outer loop
      vertex 232.576 130.739 0
      vertex 232.576 130.739 30
      vertex 229.425 131.438 0
    endloop
  endfacet
  facet normal -0.21657 -0.976267 -0
    outer loop
      vertex 229.425 131.438 30
      vertex 229.425 131.438 0
      vertex 232.576 130.739 30
    endloop
  endfacet
  facet normal -0.300479 -0.953788 0
    outer loop
      vertex 235.655 129.769 0
      vertex 235.655 129.769 30
      vertex 232.576 130.739 0
    endloop
  endfacet
  facet normal -0.300479 -0.953788 -0
    outer loop
      vertex 232.576 130.739 30
      vertex 232.576 130.739 0
      vertex 235.655 129.769 30
    endloop
  endfacet
  facet normal -0.382899 -0.92379 0
    outer loop
      vertex 238.637 128.533 0
      vertex 238.637 128.533 30
      vertex 235.655 129.769 0
    endloop
  endfacet
  facet normal -0.382899 -0.92379 -0
    outer loop
      vertex 235.655 129.769 30
      vertex 235.655 129.769 0
      vertex 238.637 128.533 30
    endloop
  endfacet
  facet normal -0.461655 -0.887059 0
    outer loop
      vertex 241.5 127.043 0
      vertex 241.5 127.043 30
      vertex 238.637 128.533 0
    endloop
  endfacet
  facet normal -0.461655 -0.887059 -0
    outer loop
      vertex 238.637 128.533 30
      vertex 238.637 128.533 0
      vertex 241.5 127.043 30
    endloop
  endfacet
  facet normal -0.537276 -0.843406 0
    outer loop
      vertex 244.222 125.309 0
      vertex 244.222 125.309 30
      vertex 241.5 127.043 0
    endloop
  endfacet
  facet normal -0.537276 -0.843406 -0
    outer loop
      vertex 241.5 127.043 30
      vertex 241.5 127.043 0
      vertex 244.222 125.309 30
    endloop
  endfacet
  facet normal -0.608737 -0.793372 0
    outer loop
      vertex 246.783 123.344 0
      vertex 246.783 123.344 30
      vertex 244.222 125.309 0
    endloop
  endfacet
  facet normal -0.608737 -0.793372 -0
    outer loop
      vertex 244.222 125.309 30
      vertex 244.222 125.309 0
      vertex 246.783 123.344 30
    endloop
  endfacet
  facet normal -0.675612 -0.737257 0
    outer loop
      vertex 249.163 121.163 0
      vertex 249.163 121.163 30
      vertex 246.783 123.344 0
    endloop
  endfacet
  facet normal -0.675612 -0.737257 -0
    outer loop
      vertex 246.783 123.344 30
      vertex 246.783 123.344 0
      vertex 249.163 121.163 30
    endloop
  endfacet
  facet normal -0.737257 -0.675612 0
    outer loop
      vertex 251.344 118.783 0
      vertex 251.344 118.783 30
      vertex 249.163 121.163 0
    endloop
  endfacet
  facet normal -0.737257 -0.675612 -0
    outer loop
      vertex 249.163 121.163 30
      vertex 249.163 121.163 0
      vertex 251.344 118.783 30
    endloop
  endfacet
  facet normal -0.793372 -0.608737 0
    outer loop
      vertex 253.309 116.222 0
      vertex 253.309 116.222 30
      vertex 251.344 118.783 0
    endloop
  endfacet
  facet normal -0.793372 -0.608737 -0
    outer loop
      vertex 251.344 118.783 30
      vertex 251.344 118.783 0
      vertex 253.309 116.222 30
    endloop
  endfacet
  facet normal -0.843406 -0.537276 0
    outer loop
      vertex 255.043 113.5 0
      vertex 255.043 113.5 30
      vertex 253.309 116.222 0
    endloop
  endfacet
  facet normal -0.843406 -0.537276 -0
    outer loop
      vertex 253.309 116.222 30
      vertex 253.309 116.222 0
      vertex 255.043 113.5 30
    endloop
  endfacet
  facet normal -0.887059 -0.461655 0
    outer loop
      vertex 256.533 110.637 0
      vertex 256.533 110.637 30
      vertex 255.043 113.5 0
    endloop
  endfacet
  facet normal -0.887059 -0.461655 -0
    outer loop
      vertex 255.043 113.5 30
      vertex 255.043 113.5 0
      vertex 256.533 110.637 30
    endloop
  endfacet
  facet normal -0.92379 -0.382899 0
    outer loop
      vertex 257.769 107.655 0
      vertex 257.769 107.655 30
      vertex 256.533 110.637 0
    endloop
  endfacet
  facet normal -0.92379 -0.382899 -0
    outer loop
      vertex 256.533 110.637 30
      vertex 256.533 110.637 0
      vertex 257.769 107.655 30
    endloop
  endfacet
  facet normal -0.953788 -0.300479 0
    outer loop
      vertex 258.739 104.576 0
      vertex 258.739 104.576 30
      vertex 257.769 107.655 0
    endloop
  endfacet
  facet normal -0.953788 -0.300479 -0
    outer loop
      vertex 257.769 107.655 30
      vertex 257.769 107.655 0
      vertex 258.739 104.576 30
    endloop
  endfacet
  facet normal -0.976267 -0.21657 0
    outer loop
      vertex 259.438 101.425 0
      vertex 259.438 101.425 30
      vertex 258.739 104.576 0
    endloop
  endfacet
  facet normal -0.976267 -0.21657 -0
    outer loop
      vertex 258.739 104.576 30
      vertex 258.739 104.576 0
      vertex 259.438 101.425 30
    endloop
  endfacet
  facet normal -0.991457 -0.13043 0
    outer loop
      vertex 259.859 98.2248 0
      vertex 259.859 98.2248 30
      vertex 259.438 101.425 0
    endloop
  endfacet
  facet normal -0.991457 -0.13043 -0
    outer loop
      vertex 259.438 101.425 30
      vertex 259.438 101.425 0
      vertex 259.859 98.2248 30
    endloop
  endfacet
  facet normal -0.999045 -0.0436819 0
    outer loop
      vertex 260 95 0
      vertex 260 95 30
      vertex 259.859 98.2248 0
    endloop
  endfacet
  facet normal -0.999045 -0.0436819 -0
    outer loop
      vertex 259.859 98.2248 30
      vertex 259.859 98.2248 0
      vertex 260 95 30
    endloop
  endfacet
  facet normal -0.999045 0.0436819 0
    outer loop
      vertex 259.859 91.7752 0
      vertex 259.859 91.7752 30
      vertex 260 95 0
    endloop
  endfacet
  facet normal -0.999045 0.0436819 0
    outer loop
      vertex 260 95 30
      vertex 260 95 0
      vertex 259.859 91.7752 30
    endloop
  endfacet
  facet normal -0.991457 0.13043 0
    outer loop
      vertex 259.438 88.575 0
      vertex 259.438 88.575 30
      vertex 259.859 91.7752 0
    endloop
  endfacet
  facet normal -0.991457 0.13043 0
    outer loop
      vertex 259.859 91.7752 30
      vertex 259.859 91.7752 0
      vertex 259.438 88.575 30
    endloop
  endfacet
  facet normal -0.976272 0.21655 0
    outer loop
      vertex 258.739 85.4237 0
      vertex 258.739 85.4237 30
      vertex 259.438 88.575 0
    endloop
  endfacet
  facet normal -0.976272 0.21655 0
    outer loop
      vertex 259.438 88.575 30
      vertex 259.438 88.575 0
      vertex 258.739 85.4237 30
    endloop
  endfacet
  facet normal -0.953772 0.300532 0
    outer loop
      vertex 257.769 82.3453 0
      vertex 257.769 82.3453 30
      vertex 258.739 85.4237 0
    endloop
  endfacet
  facet normal -0.953772 0.300532 0
    outer loop
      vertex 258.739 85.4237 30
      vertex 258.739 85.4237 0
      vertex 257.769 82.3453 30
    endloop
  endfacet
  facet normal -0.923799 0.382877 0
    outer loop
      vertex 256.533 79.3631 0
      vertex 256.533 79.3631 30
      vertex 257.769 82.3453 0
    endloop
  endfacet
  facet normal -0.923799 0.382877 0
    outer loop
      vertex 257.769 82.3453 30
      vertex 257.769 82.3453 0
      vertex 256.533 79.3631 30
    endloop
  endfacet
  facet normal -0.887066 0.461642 0
    outer loop
      vertex 255.043 76.5 0
      vertex 255.043 76.5 30
      vertex 256.533 79.3631 0
    endloop
  endfacet
  facet normal -0.887066 0.461642 0
    outer loop
      vertex 256.533 79.3631 30
      vertex 256.533 79.3631 0
      vertex 255.043 76.5 30
    endloop
  endfacet
  facet normal -0.843433 0.537234 0
    outer loop
      vertex 253.309 73.7777 0
      vertex 253.309 73.7777 30
      vertex 255.043 76.5 0
    endloop
  endfacet
  facet normal -0.843433 0.537234 0
    outer loop
      vertex 255.043 76.5 30
      vertex 255.043 76.5 0
      vertex 253.309 73.7777 30
    endloop
  endfacet
  facet normal -0.793349 0.608767 0
    outer loop
      vertex 251.344 71.2169 0
      vertex 251.344 71.2169 30
      vertex 253.309 73.7777 0
    endloop
  endfacet
  facet normal -0.793349 0.608767 0
    outer loop
      vertex 253.309 73.7777 30
      vertex 253.309 73.7777 0
      vertex 251.344 71.2169 30
    endloop
  endfacet
  facet normal -0.737243 0.675628 0
    outer loop
      vertex 249.163 68.837 0
      vertex 249.163 68.837 30
      vertex 251.344 71.2169 0
    endloop
  endfacet
  facet normal -0.737243 0.675628 0
    outer loop
      vertex 251.344 71.2169 30
      vertex 251.344 71.2169 0
      vertex 249.163 68.837 30
    endloop
  endfacet
  facet normal -0.675545 0.737319 0
    outer loop
      vertex 246.783 66.6564 0
      vertex 246.783 66.6564 30
      vertex 249.163 68.837 0
    endloop
  endfacet
  facet normal -0.675545 0.737319 0
    outer loop
      vertex 249.163 68.837 30
      vertex 249.163 68.837 0
      vertex 246.783 66.6564 30
    endloop
  endfacet
  facet normal -0.608737 0.793372 0
    outer loop
      vertex 244.222 64.6914 0
      vertex 244.222 64.6914 30
      vertex 246.783 66.6564 0
    endloop
  endfacet
  facet normal -0.608737 0.793372 0
    outer loop
      vertex 246.783 66.6564 30
      vertex 246.783 66.6564 0
      vertex 244.222 64.6914 30
    endloop
  endfacet
  facet normal -0.537343 0.843364 0
    outer loop
      vertex 241.5 62.9571 0
      vertex 241.5 62.9571 30
      vertex 244.222 64.6914 0
    endloop
  endfacet
  facet normal -0.537343 0.843364 0
    outer loop
      vertex 244.222 64.6914 30
      vertex 244.222 64.6914 0
      vertex 241.5 62.9571 30
    endloop
  endfacet
  facet normal -0.461777 0.886996 0
    outer loop
      vertex 238.637 61.4666 0
      vertex 238.637 61.4666 30
      vertex 241.5 62.9571 0
    endloop
  endfacet
  facet normal -0.461777 0.886996 0
    outer loop
      vertex 241.5 62.9571 30
      vertex 241.5 62.9571 0
      vertex 238.637 61.4666 30
    endloop
  endfacet
  facet normal -0.382687 0.923878 0
    outer loop
      vertex 235.655 60.2314 0
      vertex 235.655 60.2314 30
      vertex 238.637 61.4666 0
    endloop
  endfacet
  facet normal -0.382687 0.923878 0
    outer loop
      vertex 238.637 61.4666 30
      vertex 238.637 61.4666 0
      vertex 235.655 60.2314 30
    endloop
  endfacet
  facet normal -0.300676 0.953726 0
    outer loop
      vertex 232.576 59.2607 0
      vertex 232.576 59.2607 30
      vertex 235.655 60.2314 0
    endloop
  endfacet
  facet normal -0.300676 0.953726 0
    outer loop
      vertex 235.655 60.2314 30
      vertex 235.655 60.2314 0
      vertex 232.576 59.2607 30
    endloop
  endfacet
  facet normal -0.216451 0.976293 0
    outer loop
      vertex 229.425 58.5621 0
      vertex 229.425 58.5621 30
      vertex 232.576 59.2607 0
    endloop
  endfacet
  facet normal -0.216451 0.976293 0
    outer loop
      vertex 232.576 59.2607 30
      vertex 232.576 59.2607 0
      vertex 229.425 58.5621 30
    endloop
  endfacet
  facet normal -0.13053 0.991444 0
    outer loop
      vertex 226.225 58.1408 0
      vertex 226.225 58.1408 30
      vertex 229.425 58.5621 0
    endloop
  endfacet
  facet normal -0.13053 0.991444 0
    outer loop
      vertex 229.425 58.5621 30
      vertex 229.425 58.5621 0
      vertex 226.225 58.1408 30
    endloop
  endfacet
  facet normal -0.0436174 0.999048 0
    outer loop
      vertex 223 58 0
      vertex 223 58 30
      vertex 226.225 58.1408 0
    endloop
  endfacet
  facet normal -0.0436174 0.999048 0
    outer loop
      vertex 226.225 58.1408 30
      vertex 226.225 58.1408 0
      vertex 223 58 30
    endloop
  endfacet
  facet normal 0.0436174 0.999048 -0
    outer loop
      vertex 219.775 58.1408 0
      vertex 219.775 58.1408 30
      vertex 223 58 0
    endloop
  endfacet
  facet normal 0.0436174 0.999048 0
    outer loop
      vertex 223 58 30
      vertex 223 58 0
      vertex 219.775 58.1408 30
    endloop
  endfacet
  facet normal 0.129911 0.991526 -0
    outer loop
      vertex 98.9581 119.091 0
      vertex 98.9581 119.091 30
      vertex 99.4771 119.023 0
    endloop
  endfacet
  facet normal 0.129911 0.991526 0
    outer loop
      vertex 99.4771 119.023 30
      vertex 99.4771 119.023 0
      vertex 98.9581 119.091 30
    endloop
  endfacet
  facet normal 0.215919 0.976411 -0
    outer loop
      vertex 98.4471 119.204 0
      vertex 98.4471 119.204 30
      vertex 98.9581 119.091 0
    endloop
  endfacet
  facet normal 0.215919 0.976411 0
    outer loop
      vertex 98.9581 119.091 30
      vertex 98.9581 119.091 0
      vertex 98.4471 119.204 30
    endloop
  endfacet
  facet normal 0.301753 0.953386 -0
    outer loop
      vertex 97.9479 119.362 0
      vertex 97.9479 119.362 30
      vertex 98.4471 119.204 0
    endloop
  endfacet
  facet normal 0.301753 0.953386 0
    outer loop
      vertex 98.4471 119.204 30
      vertex 98.4471 119.204 0
      vertex 97.9479 119.362 30
    endloop
  endfacet
  facet normal 0.382172 0.924091 -0
    outer loop
      vertex 97.4643 119.562 0
      vertex 97.4643 119.562 30
      vertex 97.9479 119.362 0
    endloop
  endfacet
  facet normal 0.382172 0.924091 0
    outer loop
      vertex 97.9479 119.362 30
      vertex 97.9479 119.362 0
      vertex 97.4643 119.562 30
    endloop
  endfacet
  facet normal 0.4622 0.886775 -0
    outer loop
      vertex 97 119.804 0
      vertex 97 119.804 30
      vertex 97.4643 119.562 0
    endloop
  endfacet
  facet normal 0.4622 0.886775 0
    outer loop
      vertex 97.4643 119.562 30
      vertex 97.4643 119.562 0
      vertex 97 119.804 30
    endloop
  endfacet
  facet normal 0.536937 0.843622 -0
    outer loop
      vertex 96.5585 120.085 0
      vertex 96.5585 120.085 30
      vertex 97 119.804 0
    endloop
  endfacet
  facet normal 0.536937 0.843622 0
    outer loop
      vertex 97 119.804 30
      vertex 97 119.804 0
      vertex 96.5585 120.085 30
    endloop
  endfacet
  facet normal 0.609249 0.792979 -0
    outer loop
      vertex 96.1433 120.404 0
      vertex 96.1433 120.404 30
      vertex 96.5585 120.085 0
    endloop
  endfacet
  facet normal 0.609249 0.792979 0
    outer loop
      vertex 96.5585 120.085 30
      vertex 96.5585 120.085 0
      vertex 96.1433 120.404 30
    endloop
  endfacet
  facet normal 0.674954 0.73786 -0
    outer loop
      vertex 95.7574 120.757 0
      vertex 95.7574 120.757 30
      vertex 96.1433 120.404 0
    endloop
  endfacet
  facet normal 0.674954 0.73786 0
    outer loop
      vertex 96.1433 120.404 30
      vertex 96.1433 120.404 0
      vertex 95.7574 120.757 30
    endloop
  endfacet
  facet normal 0.737281 0.675586 -0
    outer loop
      vertex 95.4037 121.143 0
      vertex 95.4037 121.143 30
      vertex 95.7574 120.757 0
    endloop
  endfacet
  facet normal 0.737281 0.675586 0
    outer loop
      vertex 95.7574 120.757 30
      vertex 95.7574 120.757 0
      vertex 95.4037 121.143 30
    endloop
  endfacet
  facet normal 0.793206 0.608953 -0
    outer loop
      vertex 95.0851 121.558 0
      vertex 95.0851 121.558 30
      vertex 95.4037 121.143 0
    endloop
  endfacet
  facet normal 0.793206 0.608953 0
    outer loop
      vertex 95.4037 121.143 30
      vertex 95.4037 121.143 0
      vertex 95.0851 121.558 30
    endloop
  endfacet
  facet normal 0.843638 0.536913 -0
    outer loop
      vertex 94.8038 122 0
      vertex 94.8038 122 30
      vertex 95.0851 121.558 0
    endloop
  endfacet
  facet normal 0.843638 0.536913 0
    outer loop
      vertex 95.0851 121.558 30
      vertex 95.0851 121.558 0
      vertex 94.8038 122 30
    endloop
  endfacet
  facet normal 0.886966 0.461834 -0
    outer loop
      vertex 94.5622 122.464 0
      vertex 94.5622 122.464 30
      vertex 94.8038 122 0
    endloop
  endfacet
  facet normal 0.886966 0.461834 0
    outer loop
      vertex 94.8038 122 30
      vertex 94.8038 122 0
      vertex 94.5622 122.464 30
    endloop
  endfacet
  facet normal 0.923933 0.382554 -0
    outer loop
      vertex 94.3618 122.948 0
      vertex 94.3618 122.948 30
      vertex 94.5622 122.464 0
    endloop
  endfacet
  facet normal 0.923933 0.382554 0
    outer loop
      vertex 94.5622 122.464 30
      vertex 94.5622 122.464 0
      vertex 94.3618 122.948 30
    endloop
  endfacet
  facet normal 0.953681 0.30082 -0
    outer loop
      vertex 94.2044 123.447 0
      vertex 94.2044 123.447 30
      vertex 94.3618 122.948 0
    endloop
  endfacet
  facet normal 0.953681 0.30082 0
    outer loop
      vertex 94.3618 122.948 30
      vertex 94.3618 122.948 0
      vertex 94.2044 123.447 30
    endloop
  endfacet
  facet normal 0.976331 0.216283 -0
    outer loop
      vertex 94.0912 123.958 0
      vertex 94.0912 123.958 30
      vertex 94.2044 123.447 0
    endloop
  endfacet
  facet normal 0.976331 0.216283 0
    outer loop
      vertex 94.2044 123.447 30
      vertex 94.2044 123.447 0
      vertex 94.0912 123.958 30
    endloop
  endfacet
  facet normal 0.991427 0.130662 -0
    outer loop
      vertex 94.0228 124.477 0
      vertex 94.0228 124.477 30
      vertex 94.0912 123.958 0
    endloop
  endfacet
  facet normal 0.991427 0.130662 0
    outer loop
      vertex 94.0912 123.958 30
      vertex 94.0912 123.958 0
      vertex 94.0228 124.477 30
    endloop
  endfacet
  facet normal 0.999051 0.0435533 -0
    outer loop
      vertex 94 125 0
      vertex 94 125 30
      vertex 94.0228 124.477 0
    endloop
  endfacet
  facet normal 0.999051 0.0435533 0
    outer loop
      vertex 94.0228 124.477 30
      vertex 94.0228 124.477 0
      vertex 94 125 30
    endloop
  endfacet
  facet normal 0.999051 -0.0435533 0
    outer loop
      vertex 94.0228 125.523 0
      vertex 94.0228 125.523 30
      vertex 94 125 0
    endloop
  endfacet
  facet normal 0.999051 -0.0435533 0
    outer loop
      vertex 94 125 30
      vertex 94 125 0
      vertex 94.0228 125.523 30
    endloop
  endfacet
  facet normal 0.991427 -0.130662 0
    outer loop
      vertex 94.0912 126.042 0
      vertex 94.0912 126.042 30
      vertex 94.0228 125.523 0
    endloop
  endfacet
  facet normal 0.991427 -0.130662 0
    outer loop
      vertex 94.0228 125.523 30
      vertex 94.0228 125.523 0
      vertex 94.0912 126.042 30
    endloop
  endfacet
  facet normal 0.976331 -0.216283 0
    outer loop
      vertex 94.2044 126.553 0
      vertex 94.2044 126.553 30
      vertex 94.0912 126.042 0
    endloop
  endfacet
  facet normal 0.976331 -0.216283 0
    outer loop
      vertex 94.0912 126.042 30
      vertex 94.0912 126.042 0
      vertex 94.2044 126.553 30
    endloop
  endfacet
  facet normal 0.953681 -0.30082 0
    outer loop
      vertex 94.3618 127.052 0
      vertex 94.3618 127.052 30
      vertex 94.2044 126.553 0
    endloop
  endfacet
  facet normal 0.953681 -0.30082 0
    outer loop
      vertex 94.2044 126.553 30
      vertex 94.2044 126.553 0
      vertex 94.3618 127.052 30
    endloop
  endfacet
  facet normal 0.923933 -0.382554 0
    outer loop
      vertex 94.5622 127.536 0
      vertex 94.5622 127.536 30
      vertex 94.3618 127.052 0
    endloop
  endfacet
  facet normal 0.923933 -0.382554 0
    outer loop
      vertex 94.3618 127.052 30
      vertex 94.3618 127.052 0
      vertex 94.5622 127.536 30
    endloop
  endfacet
  facet normal 0.886966 -0.461834 0
    outer loop
      vertex 94.8038 128 0
      vertex 94.8038 128 30
      vertex 94.5622 127.536 0
    endloop
  endfacet
  facet normal 0.886966 -0.461834 0
    outer loop
      vertex 94.5622 127.536 30
      vertex 94.5622 127.536 0
      vertex 94.8038 128 30
    endloop
  endfacet
  facet normal 0.843086 -0.537778 0
    outer loop
      vertex 95.0851 128.441 0
      vertex 95.0851 128.441 30
      vertex 94.8038 128 0
    endloop
  endfacet
  facet normal 0.843086 -0.537778 0
    outer loop
      vertex 94.8038 128 30
      vertex 94.8038 128 0
      vertex 95.0851 128.441 30
    endloop
  endfacet
  facet normal 0.793913 -0.608031 0
    outer loop
      vertex 95.4037 128.857 0
      vertex 95.4037 128.857 30
      vertex 95.0851 128.441 0
    endloop
  endfacet
  facet normal 0.793913 -0.608031 0
    outer loop
      vertex 95.0851 128.441 30
      vertex 95.0851 128.441 0
      vertex 95.4037 128.857 30
    endloop
  endfacet
  facet normal 0.737281 -0.675586 0
    outer loop
      vertex 95.7574 129.243 0
      vertex 95.7574 129.243 30
      vertex 95.4037 128.857 0
    endloop
  endfacet
  facet normal 0.737281 -0.675586 0
    outer loop
      vertex 95.4037 128.857 30
      vertex 95.4037 128.857 0
      vertex 95.7574 129.243 30
    endloop
  endfacet
  facet normal 0.674954 -0.73786 0
    outer loop
      vertex 96.1433 129.596 0
      vertex 96.1433 129.596 30
      vertex 95.7574 129.243 0
    endloop
  endfacet
  facet normal 0.674954 -0.73786 0
    outer loop
      vertex 95.7574 129.243 30
      vertex 95.7574 129.243 0
      vertex 96.1433 129.596 30
    endloop
  endfacet
  facet normal 0.609249 -0.792979 0
    outer loop
      vertex 96.5585 129.915 0
      vertex 96.5585 129.915 30
      vertex 96.1433 129.596 0
    endloop
  endfacet
  facet normal 0.609249 -0.792979 0
    outer loop
      vertex 96.1433 129.596 30
      vertex 96.1433 129.596 0
      vertex 96.5585 129.915 30
    endloop
  endfacet
  facet normal 0.536937 -0.843622 0
    outer loop
      vertex 97 130.196 0
      vertex 97 130.196 30
      vertex 96.5585 129.915 0
    endloop
  endfacet
  facet normal 0.536937 -0.843622 0
    outer loop
      vertex 96.5585 129.915 30
      vertex 96.5585 129.915 0
      vertex 97 130.196 30
    endloop
  endfacet
  facet normal 0.4622 -0.886775 0
    outer loop
      vertex 97.4643 130.438 0
      vertex 97.4643 130.438 30
      vertex 97 130.196 0
    endloop
  endfacet
  facet normal 0.4622 -0.886775 0
    outer loop
      vertex 97 130.196 30
      vertex 97 130.196 0
      vertex 97.4643 130.438 30
    endloop
  endfacet
  facet normal 0.382172 -0.924091 0
    outer loop
      vertex 97.9479 130.638 0
      vertex 97.9479 130.638 30
      vertex 97.4643 130.438 0
    endloop
  endfacet
  facet normal 0.382172 -0.924091 0
    outer loop
      vertex 97.4643 130.438 30
      vertex 97.4643 130.438 0
      vertex 97.9479 130.638 30
    endloop
  endfacet
  facet normal 0.301753 -0.953386 0
    outer loop
      vertex 98.4471 130.796 0
      vertex 98.4471 130.796 30
      vertex 97.9479 130.638 0
    endloop
  endfacet
  facet normal 0.301753 -0.953386 0
    outer loop
      vertex 97.9479 130.638 30
      vertex 97.9479 130.638 0
      vertex 98.4471 130.796 30
    endloop
  endfacet
  facet normal 0.215919 -0.976411 0
    outer loop
      vertex 98.9581 130.909 0
      vertex 98.9581 130.909 30
      vertex 98.4471 130.796 0
    endloop
  endfacet
  facet normal 0.215919 -0.976411 0
    outer loop
      vertex 98.4471 130.796 30
      vertex 98.4471 130.796 0
      vertex 98.9581 130.909 30
    endloop
  endfacet
  facet normal 0.129911 -0.991526 0
    outer loop
      vertex 99.4771 130.977 0
      vertex 99.4771 130.977 30
      vertex 98.9581 130.909 0
    endloop
  endfacet
  facet normal 0.129911 -0.991526 0
    outer loop
      vertex 98.9581 130.909 30
      vertex 98.9581 130.909 0
      vertex 99.4771 130.977 30
    endloop
  endfacet
  facet normal 0.043943 -0.999034 0
    outer loop
      vertex 100 131 0
      vertex 100 131 30
      vertex 99.4771 130.977 0
    endloop
  endfacet
  facet normal 0.043943 -0.999034 0
    outer loop
      vertex 99.4771 130.977 30
      vertex 99.4771 130.977 0
      vertex 100 131 30
    endloop
  endfacet
  facet normal -0.0439346 -0.999034 0
    outer loop
      vertex 100.523 130.977 0
      vertex 100.523 130.977 30
      vertex 100 131 0
    endloop
  endfacet
  facet normal -0.0439346 -0.999034 -0
    outer loop
      vertex 100 131 30
      vertex 100 131 0
      vertex 100.523 130.977 30
    endloop
  endfacet
  facet normal -0.129911 -0.991526 0
    outer loop
      vertex 101.042 130.909 0
      vertex 101.042 130.909 30
      vertex 100.523 130.977 0
    endloop
  endfacet
  facet normal -0.129911 -0.991526 -0
    outer loop
      vertex 100.523 130.977 30
      vertex 100.523 130.977 0
      vertex 101.042 130.909 30
    endloop
  endfacet
  facet normal -0.215919 -0.976411 0
    outer loop
      vertex 101.553 130.796 0
      vertex 101.553 130.796 30
      vertex 101.042 130.909 0
    endloop
  endfacet
  facet normal -0.215919 -0.976411 -0
    outer loop
      vertex 101.042 130.909 30
      vertex 101.042 130.909 0
      vertex 101.553 130.796 30
    endloop
  endfacet
  facet normal -0.301863 -0.953351 0
    outer loop
      vertex 102.052 130.638 0
      vertex 102.052 130.638 30
      vertex 101.553 130.796 0
    endloop
  endfacet
  facet normal -0.301863 -0.953351 -0
    outer loop
      vertex 101.553 130.796 30
      vertex 101.553 130.796 0
      vertex 102.052 130.638 30
    endloop
  endfacet
  facet normal -0.381902 -0.924203 0
    outer loop
      vertex 102.536 130.438 0
      vertex 102.536 130.438 30
      vertex 102.052 130.638 0
    endloop
  endfacet
  facet normal -0.381902 -0.924203 -0
    outer loop
      vertex 102.052 130.638 30
      vertex 102.052 130.638 0
      vertex 102.536 130.438 30
    endloop
  endfacet
  facet normal -0.462435 -0.886653 0
    outer loop
      vertex 103 130.196 0
      vertex 103 130.196 30
      vertex 102.536 130.438 0
    endloop
  endfacet
  facet normal -0.462435 -0.886653 -0
    outer loop
      vertex 102.536 130.438 30
      vertex 102.536 130.438 0
      vertex 103 130.196 30
    endloop
  endfacet
  facet normal -0.53737 -0.843346 0
    outer loop
      vertex 103.441 129.915 0
      vertex 103.441 129.915 30
      vertex 103 130.196 0
    endloop
  endfacet
  facet normal -0.53737 -0.843346 -0
    outer loop
      vertex 103 130.196 30
      vertex 103 130.196 0
      vertex 103.441 129.915 30
    endloop
  endfacet
  facet normal -0.608512 -0.793545 0
    outer loop
      vertex 103.857 129.596 0
      vertex 103.857 129.596 30
      vertex 103.441 129.915 0
    endloop
  endfacet
  facet normal -0.608512 -0.793545 -0
    outer loop
      vertex 103.441 129.915 30
      vertex 103.441 129.915 0
      vertex 103.857 129.596 30
    endloop
  endfacet
  facet normal -0.674858 -0.737947 0
    outer loop
      vertex 104.243 129.243 0
      vertex 104.243 129.243 30
      vertex 103.857 129.596 0
    endloop
  endfacet
  facet normal -0.674858 -0.737947 -0
    outer loop
      vertex 103.857 129.596 30
      vertex 103.857 129.596 0
      vertex 104.243 129.243 30
    endloop
  endfacet
  facet normal -0.737947 -0.674858 0
    outer loop
      vertex 104.596 128.857 0
      vertex 104.596 128.857 30
      vertex 104.243 129.243 0
    endloop
  endfacet
  facet normal -0.737947 -0.674858 -0
    outer loop
      vertex 104.243 129.243 30
      vertex 104.243 129.243 0
      vertex 104.596 128.857 30
    endloop
  endfacet
  facet normal -0.793545 -0.608512 0
    outer loop
      vertex 104.915 128.441 0
      vertex 104.915 128.441 30
      vertex 104.596 128.857 0
    endloop
  endfacet
  facet normal -0.793545 -0.608512 -0
    outer loop
      vertex 104.596 128.857 30
      vertex 104.596 128.857 0
      vertex 104.915 128.441 30
    endloop
  endfacet
  facet normal -0.843346 -0.53737 0
    outer loop
      vertex 105.196 128 0
      vertex 105.196 128 30
      vertex 104.915 128.441 0
    endloop
  endfacet
  facet normal -0.843346 -0.53737 -0
    outer loop
      vertex 104.915 128.441 30
      vertex 104.915 128.441 0
      vertex 105.196 128 30
    endloop
  endfacet
  facet normal -0.886653 -0.462435 0
    outer loop
      vertex 105.438 127.536 0
      vertex 105.438 127.536 30
      vertex 105.196 128 0
    endloop
  endfacet
  facet normal -0.886653 -0.462435 -0
    outer loop
      vertex 105.196 128 30
      vertex 105.196 128 0
      vertex 105.438 127.536 30
    endloop
  endfacet
  facet normal -0.924203 -0.381902 0
    outer loop
      vertex 105.638 127.052 0
      vertex 105.638 127.052 30
      vertex 105.438 127.536 0
    endloop
  endfacet
  facet normal -0.924203 -0.381902 -0
    outer loop
      vertex 105.438 127.536 30
      vertex 105.438 127.536 0
      vertex 105.638 127.052 30
    endloop
  endfacet
  facet normal -0.953351 -0.301863 0
    outer loop
      vertex 105.796 126.553 0
      vertex 105.796 126.553 30
      vertex 105.638 127.052 0
    endloop
  endfacet
  facet normal -0.953351 -0.301863 -0
    outer loop
      vertex 105.638 127.052 30
      vertex 105.638 127.052 0
      vertex 105.796 126.553 30
    endloop
  endfacet
  facet normal -0.976411 -0.215919 0
    outer loop
      vertex 105.909 126.042 0
      vertex 105.909 126.042 30
      vertex 105.796 126.553 0
    endloop
  endfacet
  facet normal -0.976411 -0.215919 -0
    outer loop
      vertex 105.796 126.553 30
      vertex 105.796 126.553 0
      vertex 105.909 126.042 30
    endloop
  endfacet
  facet normal -0.991526 -0.129911 0
    outer loop
      vertex 105.977 125.523 0
      vertex 105.977 125.523 30
      vertex 105.909 126.042 0
    endloop
  endfacet
  facet normal -0.991526 -0.129911 -0
    outer loop
      vertex 105.909 126.042 30
      vertex 105.909 126.042 0
      vertex 105.977 125.523 30
    endloop
  endfacet
  facet normal -0.999034 -0.0439346 0
    outer loop
      vertex 106 125 0
      vertex 106 125 30
      vertex 105.977 125.523 0
    endloop
  endfacet
  facet normal -0.999034 -0.0439346 -0
    outer loop
      vertex 105.977 125.523 30
      vertex 105.977 125.523 0
      vertex 106 125 30
    endloop
  endfacet
  facet normal -0.999034 0.0439346 0
    outer loop
      vertex 105.977 124.477 0
      vertex 105.977 124.477 30
      vertex 106 125 0
    endloop
  endfacet
  facet normal -0.999034 0.0439346 0
    outer loop
      vertex 106 125 30
      vertex 106 125 0
      vertex 105.977 124.477 30
    endloop
  endfacet
  facet normal -0.991526 0.129911 0
    outer loop
      vertex 105.909 123.958 0
      vertex 105.909 123.958 30
      vertex 105.977 124.477 0
    endloop
  endfacet
  facet normal -0.991526 0.129911 0
    outer loop
      vertex 105.977 124.477 30
      vertex 105.977 124.477 0
      vertex 105.909 123.958 30
    endloop
  endfacet
  facet normal -0.976411 0.215919 0
    outer loop
      vertex 105.796 123.447 0
      vertex 105.796 123.447 30
      vertex 105.909 123.958 0
    endloop
  endfacet
  facet normal -0.976411 0.215919 0
    outer loop
      vertex 105.909 123.958 30
      vertex 105.909 123.958 0
      vertex 105.796 123.447 30
    endloop
  endfacet
  facet normal -0.953351 0.301863 0
    outer loop
      vertex 105.638 122.948 0
      vertex 105.638 122.948 30
      vertex 105.796 123.447 0
    endloop
  endfacet
  facet normal -0.953351 0.301863 0
    outer loop
      vertex 105.796 123.447 30
      vertex 105.796 123.447 0
      vertex 105.638 122.948 30
    endloop
  endfacet
  facet normal -0.924203 0.381902 0
    outer loop
      vertex 105.438 122.464 0
      vertex 105.438 122.464 30
      vertex 105.638 122.948 0
    endloop
  endfacet
  facet normal -0.924203 0.381902 0
    outer loop
      vertex 105.638 122.948 30
      vertex 105.638 122.948 0
      vertex 105.438 122.464 30
    endloop
  endfacet
  facet normal -0.886653 0.462435 0
    outer loop
      vertex 105.196 122 0
      vertex 105.196 122 30
      vertex 105.438 122.464 0
    endloop
  endfacet
  facet normal -0.886653 0.462435 0
    outer loop
      vertex 105.438 122.464 30
      vertex 105.438 122.464 0
      vertex 105.196 122 30
    endloop
  endfacet
  facet normal -0.843897 0.536505 0
    outer loop
      vertex 104.915 121.558 0
      vertex 104.915 121.558 30
      vertex 105.196 122 0
    endloop
  endfacet
  facet normal -0.843897 0.536505 0
    outer loop
      vertex 105.196 122 30
      vertex 105.196 122 0
      vertex 104.915 121.558 30
    endloop
  endfacet
  facet normal -0.792837 0.609434 0
    outer loop
      vertex 104.596 121.143 0
      vertex 104.596 121.143 30
      vertex 104.915 121.558 0
    endloop
  endfacet
  facet normal -0.792837 0.609434 0
    outer loop
      vertex 104.915 121.558 30
      vertex 104.915 121.558 0
      vertex 104.596 121.143 30
    endloop
  endfacet
  facet normal -0.737947 0.674858 0
    outer loop
      vertex 104.243 120.757 0
      vertex 104.243 120.757 30
      vertex 104.596 121.143 0
    endloop
  endfacet
  facet normal -0.737947 0.674858 0
    outer loop
      vertex 104.596 121.143 30
      vertex 104.596 121.143 0
      vertex 104.243 120.757 30
    endloop
  endfacet
  facet normal -0.674858 0.737947 0
    outer loop
      vertex 103.857 120.404 0
      vertex 103.857 120.404 30
      vertex 104.243 120.757 0
    endloop
  endfacet
  facet normal -0.674858 0.737947 0
    outer loop
      vertex 104.243 120.757 30
      vertex 104.243 120.757 0
      vertex 103.857 120.404 30
    endloop
  endfacet
  facet normal -0.608512 0.793545 0
    outer loop
      vertex 103.441 120.085 0
      vertex 103.441 120.085 30
      vertex 103.857 120.404 0
    endloop
  endfacet
  facet normal -0.608512 0.793545 0
    outer loop
      vertex 103.857 120.404 30
      vertex 103.857 120.404 0
      vertex 103.441 120.085 30
    endloop
  endfacet
  facet normal -0.53737 0.843346 0
    outer loop
      vertex 103 119.804 0
      vertex 103 119.804 30
      vertex 103.441 120.085 0
    endloop
  endfacet
  facet normal -0.53737 0.843346 0
    outer loop
      vertex 103.441 120.085 30
      vertex 103.441 120.085 0
      vertex 103 119.804 30
    endloop
  endfacet
  facet normal -0.462435 0.886653 0
    outer loop
      vertex 102.536 119.562 0
      vertex 102.536 119.562 30
      vertex 103 119.804 0
    endloop
  endfacet
  facet normal -0.462435 0.886653 0
    outer loop
      vertex 103 119.804 30
      vertex 103 119.804 0
      vertex 102.536 119.562 30
    endloop
  endfacet
  facet normal -0.381902 0.924203 0
    outer loop
      vertex 102.052 119.362 0
      vertex 102.052 119.362 30
      vertex 102.536 119.562 0
    endloop
  endfacet
  facet normal -0.381902 0.924203 0
    outer loop
      vertex 102.536 119.562 30
      vertex 102.536 119.562 0
      vertex 102.052 119.362 30
    endloop
  endfacet
  facet normal -0.301863 0.953351 0
    outer loop
      vertex 101.553 119.204 0
      vertex 101.553 119.204 30
      vertex 102.052 119.362 0
    endloop
  endfacet
  facet normal -0.301863 0.953351 0
    outer loop
      vertex 102.052 119.362 30
      vertex 102.052 119.362 0
      vertex 101.553 119.204 30
    endloop
  endfacet
  facet normal -0.215919 0.976411 0
    outer loop
      vertex 101.042 119.091 0
      vertex 101.042 119.091 30
      vertex 101.553 119.204 0
    endloop
  endfacet
  facet normal -0.215919 0.976411 0
    outer loop
      vertex 101.553 119.204 30
      vertex 101.553 119.204 0
      vertex 101.042 119.091 30
    endloop
  endfacet
  facet normal -0.129911 0.991526 0
    outer loop
      vertex 100.523 119.023 0
      vertex 100.523 119.023 30
      vertex 101.042 119.091 0
    endloop
  endfacet
  facet normal -0.129911 0.991526 0
    outer loop
      vertex 101.042 119.091 30
      vertex 101.042 119.091 0
      vertex 100.523 119.023 30
    endloop
  endfacet
  facet normal -0.0439346 0.999034 0
    outer loop
      vertex 100 119 0
      vertex 100 119 30
      vertex 100.523 119.023 0
    endloop
  endfacet
  facet normal -0.0439346 0.999034 0
    outer loop
      vertex 100.523 119.023 30
      vertex 100.523 119.023 0
      vertex 100 119 30
    endloop
  endfacet
  facet normal 0.043943 0.999034 -0
    outer loop
      vertex 99.4771 119.023 0
      vertex 99.4771 119.023 30
      vertex 100 119 0
    endloop
  endfacet
  facet normal 0.043943 0.999034 0
    outer loop
      vertex 100 119 30
      vertex 100 119 0
      vertex 99.4771 119.023 30
    endloop
  endfacet
  facet normal 0.130662 0.991427 -0
    outer loop
      vertex 180.958 59.0912 0
      vertex 180.958 59.0912 30
      vertex 181.477 59.0228 0
    endloop
  endfacet
  facet normal 0.130662 0.991427 0
    outer loop
      vertex 181.477 59.0228 30
      vertex 181.477 59.0228 0
      vertex 180.958 59.0912 30
    endloop
  endfacet
  facet normal 0.216283 0.976331 -0
    outer loop
      vertex 180.447 59.2044 0
      vertex 180.447 59.2044 30
      vertex 180.958 59.0912 0
    endloop
  endfacet
  facet normal 0.216283 0.976331 0
    outer loop
      vertex 180.958 59.0912 30
      vertex 180.958 59.0912 0
      vertex 180.447 59.2044 30
    endloop
  endfacet
  facet normal 0.30082 0.953681 -0
    outer loop
      vertex 179.948 59.3618 0
      vertex 179.948 59.3618 30
      vertex 180.447 59.2044 0
    endloop
  endfacet
  facet normal 0.30082 0.953681 0
    outer loop
      vertex 180.447 59.2044 30
      vertex 180.447 59.2044 0
      vertex 179.948 59.3618 30
    endloop
  endfacet
  facet normal 0.382554 0.923933 -0
    outer loop
      vertex 179.464 59.5622 0
      vertex 179.464 59.5622 30
      vertex 179.948 59.3618 0
    endloop
  endfacet
  facet normal 0.382554 0.923933 0
    outer loop
      vertex 179.948 59.3618 30
      vertex 179.948 59.3618 0
      vertex 179.464 59.5622 30
    endloop
  endfacet
  facet normal 0.461834 0.886966 -0
    outer loop
      vertex 179 59.8038 0
      vertex 179 59.8038 30
      vertex 179.464 59.5622 0
    endloop
  endfacet
  facet normal 0.461834 0.886966 0
    outer loop
      vertex 179.464 59.5622 30
      vertex 179.464 59.5622 0
      vertex 179 59.8038 30
    endloop
  endfacet
  facet normal 0.536913 0.843638 -0
    outer loop
      vertex 178.558 60.0851 0
      vertex 178.558 60.0851 30
      vertex 179 59.8038 0
    endloop
  endfacet
  facet normal 0.536913 0.843638 0
    outer loop
      vertex 179 59.8038 30
      vertex 179 59.8038 0
      vertex 178.558 60.0851 30
    endloop
  endfacet
  facet normal 0.608953 0.793206 -0
    outer loop
      vertex 178.143 60.4037 0
      vertex 178.143 60.4037 30
      vertex 178.558 60.0851 0
    endloop
  endfacet
  facet normal 0.608953 0.793206 0
    outer loop
      vertex 178.558 60.0851 30
      vertex 178.558 60.0851 0
      vertex 178.143 60.4037 30
    endloop
  endfacet
  facet normal 0.675586 0.737281 -0
    outer loop
      vertex 177.757 60.7574 0
      vertex 177.757 60.7574 30
      vertex 178.143 60.4037 0
    endloop
  endfacet
  facet normal 0.675586 0.737281 0
    outer loop
      vertex 178.143 60.4037 30
      vertex 178.143 60.4037 0
      vertex 177.757 60.7574 30
    endloop
  endfacet
  facet normal 0.73786 0.674954 -0
    outer loop
      vertex 177.404 61.1433 0
      vertex 177.404 61.1433 30
      vertex 177.757 60.7574 0
    endloop
  endfacet
  facet normal 0.73786 0.674954 0
    outer loop
      vertex 177.757 60.7574 30
      vertex 177.757 60.7574 0
      vertex 177.404 61.1433 30
    endloop
  endfacet
  facet normal 0.792979 0.609249 -0
    outer loop
      vertex 177.085 61.5585 0
      vertex 177.085 61.5585 30
      vertex 177.404 61.1433 0
    endloop
  endfacet
  facet normal 0.792979 0.609249 0
    outer loop
      vertex 177.404 61.1433 30
      vertex 177.404 61.1433 0
      vertex 177.085 61.5585 30
    endloop
  endfacet
  facet normal 0.843622 0.536937 -0
    outer loop
      vertex 176.804 62 0
      vertex 176.804 62 30
      vertex 177.085 61.5585 0
    endloop
  endfacet
  facet normal 0.843622 0.536937 0
    outer loop
      vertex 177.085 61.5585 30
      vertex 177.085 61.5585 0
      vertex 176.804 62 30
    endloop
  endfacet
  facet normal 0.886775 0.4622 -0
    outer loop
      vertex 176.562 62.4643 0
      vertex 176.562 62.4643 30
      vertex 176.804 62 0
    endloop
  endfacet
  facet normal 0.886775 0.4622 0
    outer loop
      vertex 176.804 62 30
      vertex 176.804 62 0
      vertex 176.562 62.4643 30
    endloop
  endfacet
  facet normal 0.924091 0.382172 -0
    outer loop
      vertex 176.362 62.9479 0
      vertex 176.362 62.9479 30
      vertex 176.562 62.4643 0
    endloop
  endfacet
  facet normal 0.924091 0.382172 0
    outer loop
      vertex 176.562 62.4643 30
      vertex 176.562 62.4643 0
      vertex 176.362 62.9479 30
    endloop
  endfacet
  facet normal 0.953386 0.301753 -0
    outer loop
      vertex 176.204 63.4471 0
      vertex 176.204 63.4471 30
      vertex 176.362 62.9479 0
    endloop
  endfacet
  facet normal 0.953386 0.301753 0
    outer loop
      vertex 176.362 62.9479 30
      vertex 176.362 62.9479 0
      vertex 176.204 63.4471 30
    endloop
  endfacet
  facet normal 0.976411 0.215919 -0
    outer loop
      vertex 176.091 63.9581 0
      vertex 176.091 63.9581 30
      vertex 176.204 63.4471 0
    endloop
  endfacet
  facet normal 0.976411 0.215919 0
    outer loop
      vertex 176.204 63.4471 30
      vertex 176.204 63.4471 0
      vertex 176.091 63.9581 30
    endloop
  endfacet
  facet normal 0.991526 0.129911 -0
    outer loop
      vertex 176.023 64.4771 0
      vertex 176.023 64.4771 30
      vertex 176.091 63.9581 0
    endloop
  endfacet
  facet normal 0.991526 0.129911 0
    outer loop
      vertex 176.091 63.9581 30
      vertex 176.091 63.9581 0
      vertex 176.023 64.4771 30
    endloop
  endfacet
  facet normal 0.999034 0.043943 -0
    outer loop
      vertex 176 65 0
      vertex 176 65 30
      vertex 176.023 64.4771 0
    endloop
  endfacet
  facet normal 0.999034 0.043943 0
    outer loop
      vertex 176.023 64.4771 30
      vertex 176.023 64.4771 0
      vertex 176 65 30
    endloop
  endfacet
  facet normal 0.999034 -0.043943 0
    outer loop
      vertex 176.023 65.5229 0
      vertex 176.023 65.5229 30
      vertex 176 65 0
    endloop
  endfacet
  facet normal 0.999034 -0.043943 0
    outer loop
      vertex 176 65 30
      vertex 176 65 0
      vertex 176.023 65.5229 30
    endloop
  endfacet
  facet normal 0.991526 -0.129911 0
    outer loop
      vertex 176.091 66.0419 0
      vertex 176.091 66.0419 30
      vertex 176.023 65.5229 0
    endloop
  endfacet
  facet normal 0.991526 -0.129911 0
    outer loop
      vertex 176.023 65.5229 30
      vertex 176.023 65.5229 0
      vertex 176.091 66.0419 30
    endloop
  endfacet
  facet normal 0.976411 -0.215919 0
    outer loop
      vertex 176.204 66.5529 0
      vertex 176.204 66.5529 30
      vertex 176.091 66.0419 0
    endloop
  endfacet
  facet normal 0.976411 -0.215919 0
    outer loop
      vertex 176.091 66.0419 30
      vertex 176.091 66.0419 0
      vertex 176.204 66.5529 30
    endloop
  endfacet
  facet normal 0.953386 -0.301753 0
    outer loop
      vertex 176.362 67.0521 0
      vertex 176.362 67.0521 30
      vertex 176.204 66.5529 0
    endloop
  endfacet
  facet normal 0.953386 -0.301753 0
    outer loop
      vertex 176.204 66.5529 30
      vertex 176.204 66.5529 0
      vertex 176.362 67.0521 30
    endloop
  endfacet
  facet normal 0.924091 -0.382172 0
    outer loop
      vertex 176.562 67.5357 0
      vertex 176.562 67.5357 30
      vertex 176.362 67.0521 0
    endloop
  endfacet
  facet normal 0.924091 -0.382172 0
    outer loop
      vertex 176.362 67.0521 30
      vertex 176.362 67.0521 0
      vertex 176.562 67.5357 30
    endloop
  endfacet
  facet normal 0.886775 -0.4622 0
    outer loop
      vertex 176.804 68 0
      vertex 176.804 68 30
      vertex 176.562 67.5357 0
    endloop
  endfacet
  facet normal 0.886775 -0.4622 0
    outer loop
      vertex 176.562 67.5357 30
      vertex 176.562 67.5357 0
      vertex 176.804 68 30
    endloop
  endfacet
  facet normal 0.843622 -0.536937 0
    outer loop
      vertex 177.085 68.4415 0
      vertex 177.085 68.4415 30
      vertex 176.804 68 0
    endloop
  endfacet
  facet normal 0.843622 -0.536937 0
    outer loop
      vertex 176.804 68 30
      vertex 176.804 68 0
      vertex 177.085 68.4415 30
    endloop
  endfacet
  facet normal 0.792979 -0.609249 0
    outer loop
      vertex 177.404 68.8567 0
      vertex 177.404 68.8567 30
      vertex 177.085 68.4415 0
    endloop
  endfacet
  facet normal 0.792979 -0.609249 0
    outer loop
      vertex 177.085 68.4415 30
      vertex 177.085 68.4415 0
      vertex 177.404 68.8567 30
    endloop
  endfacet
  facet normal 0.73786 -0.674954 0
    outer loop
      vertex 177.757 69.2426 0
      vertex 177.757 69.2426 30
      vertex 177.404 68.8567 0
    endloop
  endfacet
  facet normal 0.73786 -0.674954 0
    outer loop
      vertex 177.404 68.8567 30
      vertex 177.404 68.8567 0
      vertex 177.757 69.2426 30
    endloop
  endfacet
  facet normal 0.675586 -0.737281 0
    outer loop
      vertex 178.143 69.5963 0
      vertex 178.143 69.5963 30
      vertex 177.757 69.2426 0
    endloop
  endfacet
  facet normal 0.675586 -0.737281 0
    outer loop
      vertex 177.757 69.2426 30
      vertex 177.757 69.2426 0
      vertex 178.143 69.5963 30
    endloop
  endfacet
  facet normal 0.608953 -0.793206 0
    outer loop
      vertex 178.558 69.9149 0
      vertex 178.558 69.9149 30
      vertex 178.143 69.5963 0
    endloop
  endfacet
  facet normal 0.608953 -0.793206 0
    outer loop
      vertex 178.143 69.5963 30
      vertex 178.143 69.5963 0
      vertex 178.558 69.9149 30
    endloop
  endfacet
  facet normal 0.536913 -0.843638 0
    outer loop
      vertex 179 70.1962 0
      vertex 179 70.1962 30
      vertex 178.558 69.9149 0
    endloop
  endfacet
  facet normal 0.536913 -0.843638 0
    outer loop
      vertex 178.558 69.9149 30
      vertex 178.558 69.9149 0
      vertex 179 70.1962 30
    endloop
  endfacet
  facet normal 0.461834 -0.886966 0
    outer loop
      vertex 179.464 70.4378 0
      vertex 179.464 70.4378 30
      vertex 179 70.1962 0
    endloop
  endfacet
  facet normal 0.461834 -0.886966 0
    outer loop
      vertex 179 70.1962 30
      vertex 179 70.1962 0
      vertex 179.464 70.4378 30
    endloop
  endfacet
  facet normal 0.382554 -0.923933 0
    outer loop
      vertex 179.948 70.6382 0
      vertex 179.948 70.6382 30
      vertex 179.464 70.4378 0
    endloop
  endfacet
  facet normal 0.382554 -0.923933 0
    outer loop
      vertex 179.464 70.4378 30
      vertex 179.464 70.4378 0
      vertex 179.948 70.6382 30
    endloop
  endfacet
  facet normal 0.30082 -0.953681 0
    outer loop
      vertex 180.447 70.7956 0
      vertex 180.447 70.7956 30
      vertex 179.948 70.6382 0
    endloop
  endfacet
  facet normal 0.30082 -0.953681 0
    outer loop
      vertex 179.948 70.6382 30
      vertex 179.948 70.6382 0
      vertex 180.447 70.7956 30
    endloop
  endfacet
  facet normal 0.216283 -0.976331 0
    outer loop
      vertex 180.958 70.9088 0
      vertex 180.958 70.9088 30
      vertex 180.447 70.7956 0
    endloop
  endfacet
  facet normal 0.216283 -0.976331 0
    outer loop
      vertex 180.447 70.7956 30
      vertex 180.447 70.7956 0
      vertex 180.958 70.9088 30
    endloop
  endfacet
  facet normal 0.130662 -0.991427 0
    outer loop
      vertex 181.477 70.9772 0
      vertex 181.477 70.9772 30
      vertex 180.958 70.9088 0
    endloop
  endfacet
  facet normal 0.130662 -0.991427 0
    outer loop
      vertex 180.958 70.9088 30
      vertex 180.958 70.9088 0
      vertex 181.477 70.9772 30
    endloop
  endfacet
  facet normal 0.0435533 -0.999051 0
    outer loop
      vertex 182 71 0
      vertex 182 71 30
      vertex 181.477 70.9772 0
    endloop
  endfacet
  facet normal 0.0435533 -0.999051 0
    outer loop
      vertex 181.477 70.9772 30
      vertex 181.477 70.9772 0
      vertex 182 71 30
    endloop
  endfacet
  facet normal -0.0435533 -0.999051 0
    outer loop
      vertex 182.523 70.9772 0
      vertex 182.523 70.9772 30
      vertex 182 71 0
    endloop
  endfacet
  facet normal -0.0435533 -0.999051 -0
    outer loop
      vertex 182 71 30
      vertex 182 71 0
      vertex 182.523 70.9772 30
    endloop
  endfacet
  facet normal -0.130662 -0.991427 0
    outer loop
      vertex 183.042 70.9088 0
      vertex 183.042 70.9088 30
      vertex 182.523 70.9772 0
    endloop
  endfacet
  facet normal -0.130662 -0.991427 -0
    outer loop
      vertex 182.523 70.9772 30
      vertex 182.523 70.9772 0
      vertex 183.042 70.9088 30
    endloop
  endfacet
  facet normal -0.216283 -0.976331 0
    outer loop
      vertex 183.553 70.7956 0
      vertex 183.553 70.7956 30
      vertex 183.042 70.9088 0
    endloop
  endfacet
  facet normal -0.216283 -0.976331 -0
    outer loop
      vertex 183.042 70.9088 30
      vertex 183.042 70.9088 0
      vertex 183.553 70.7956 30
    endloop
  endfacet
  facet normal -0.30082 -0.953681 0
    outer loop
      vertex 184.052 70.6382 0
      vertex 184.052 70.6382 30
      vertex 183.553 70.7956 0
    endloop
  endfacet
  facet normal -0.30082 -0.953681 -0
    outer loop
      vertex 183.553 70.7956 30
      vertex 183.553 70.7956 0
      vertex 184.052 70.6382 30
    endloop
  endfacet
  facet normal -0.382554 -0.923933 0
    outer loop
      vertex 184.536 70.4378 0
      vertex 184.536 70.4378 30
      vertex 184.052 70.6382 0
    endloop
  endfacet
  facet normal -0.382554 -0.923933 -0
    outer loop
      vertex 184.052 70.6382 30
      vertex 184.052 70.6382 0
      vertex 184.536 70.4378 30
    endloop
  endfacet
  facet normal -0.461834 -0.886966 0
    outer loop
      vertex 185 70.1962 0
      vertex 185 70.1962 30
      vertex 184.536 70.4378 0
    endloop
  endfacet
  facet normal -0.461834 -0.886966 -0
    outer loop
      vertex 184.536 70.4378 30
      vertex 184.536 70.4378 0
      vertex 185 70.1962 30
    endloop
  endfacet
  facet normal -0.537778 -0.843086 0
    outer loop
      vertex 185.441 69.9149 0
      vertex 185.441 69.9149 30
      vertex 185 70.1962 0
    endloop
  endfacet
  facet normal -0.537778 -0.843086 -0
    outer loop
      vertex 185 70.1962 30
      vertex 185 70.1962 0
      vertex 185.441 69.9149 30
    endloop
  endfacet
  facet normal -0.608031 -0.793913 0
    outer loop
      vertex 185.857 69.5963 0
      vertex 185.857 69.5963 30
      vertex 185.441 69.9149 0
    endloop
  endfacet
  facet normal -0.608031 -0.793913 -0
    outer loop
      vertex 185.441 69.9149 30
      vertex 185.441 69.9149 0
      vertex 185.857 69.5963 30
    endloop
  endfacet
  facet normal -0.675586 -0.737281 0
    outer loop
      vertex 186.243 69.2426 0
      vertex 186.243 69.2426 30
      vertex 185.857 69.5963 0
    endloop
  endfacet
  facet normal -0.675586 -0.737281 -0
    outer loop
      vertex 185.857 69.5963 30
      vertex 185.857 69.5963 0
      vertex 186.243 69.2426 30
    endloop
  endfacet
  facet normal -0.73786 -0.674954 0
    outer loop
      vertex 186.596 68.8567 0
      vertex 186.596 68.8567 30
      vertex 186.243 69.2426 0
    endloop
  endfacet
  facet normal -0.73786 -0.674954 -0
    outer loop
      vertex 186.243 69.2426 30
      vertex 186.243 69.2426 0
      vertex 186.596 68.8567 30
    endloop
  endfacet
  facet normal -0.792979 -0.609249 0
    outer loop
      vertex 186.915 68.4415 0
      vertex 186.915 68.4415 30
      vertex 186.596 68.8567 0
    endloop
  endfacet
  facet normal -0.792979 -0.609249 -0
    outer loop
      vertex 186.596 68.8567 30
      vertex 186.596 68.8567 0
      vertex 186.915 68.4415 30
    endloop
  endfacet
  facet normal -0.843622 -0.536937 0
    outer loop
      vertex 187.196 68 0
      vertex 187.196 68 30
      vertex 186.915 68.4415 0
    endloop
  endfacet
  facet normal -0.843622 -0.536937 -0
    outer loop
      vertex 186.915 68.4415 30
      vertex 186.915 68.4415 0
      vertex 187.196 68 30
    endloop
  endfacet
  facet normal -0.886775 -0.4622 0
    outer loop
      vertex 187.438 67.5357 0
      vertex 187.438 67.5357 30
      vertex 187.196 68 0
    endloop
  endfacet
  facet normal -0.886775 -0.4622 -0
    outer loop
      vertex 187.196 68 30
      vertex 187.196 68 0
      vertex 187.438 67.5357 30
    endloop
  endfacet
  facet normal -0.924091 -0.382172 0
    outer loop
      vertex 187.638 67.0521 0
      vertex 187.638 67.0521 30
      vertex 187.438 67.5357 0
    endloop
  endfacet
  facet normal -0.924091 -0.382172 -0
    outer loop
      vertex 187.438 67.5357 30
      vertex 187.438 67.5357 0
      vertex 187.638 67.0521 30
    endloop
  endfacet
  facet normal -0.953386 -0.301753 0
    outer loop
      vertex 187.796 66.5529 0
      vertex 187.796 66.5529 30
      vertex 187.638 67.0521 0
    endloop
  endfacet
  facet normal -0.953386 -0.301753 -0
    outer loop
      vertex 187.638 67.0521 30
      vertex 187.638 67.0521 0
      vertex 187.796 66.5529 30
    endloop
  endfacet
  facet normal -0.976411 -0.215919 0
    outer loop
      vertex 187.909 66.0419 0
      vertex 187.909 66.0419 30
      vertex 187.796 66.5529 0
    endloop
  endfacet
  facet normal -0.976411 -0.215919 -0
    outer loop
      vertex 187.796 66.5529 30
      vertex 187.796 66.5529 0
      vertex 187.909 66.0419 30
    endloop
  endfacet
  facet normal -0.991526 -0.129911 0
    outer loop
      vertex 187.977 65.5229 0
      vertex 187.977 65.5229 30
      vertex 187.909 66.0419 0
    endloop
  endfacet
  facet normal -0.991526 -0.129911 -0
    outer loop
      vertex 187.909 66.0419 30
      vertex 187.909 66.0419 0
      vertex 187.977 65.5229 30
    endloop
  endfacet
  facet normal -0.999034 -0.043943 0
    outer loop
      vertex 188 65 0
      vertex 188 65 30
      vertex 187.977 65.5229 0
    endloop
  endfacet
  facet normal -0.999034 -0.043943 -0
    outer loop
      vertex 187.977 65.5229 30
      vertex 187.977 65.5229 0
      vertex 188 65 30
    endloop
  endfacet
  facet normal -0.999034 0.043943 0
    outer loop
      vertex 187.977 64.4771 0
      vertex 187.977 64.4771 30
      vertex 188 65 0
    endloop
  endfacet
  facet normal -0.999034 0.043943 0
    outer loop
      vertex 188 65 30
      vertex 188 65 0
      vertex 187.977 64.4771 30
    endloop
  endfacet
  facet normal -0.991526 0.129911 0
    outer loop
      vertex 187.909 63.9581 0
      vertex 187.909 63.9581 30
      vertex 187.977 64.4771 0
    endloop
  endfacet
  facet normal -0.991526 0.129911 0
    outer loop
      vertex 187.977 64.4771 30
      vertex 187.977 64.4771 0
      vertex 187.909 63.9581 30
    endloop
  endfacet
  facet normal -0.976411 0.215919 0
    outer loop
      vertex 187.796 63.4471 0
      vertex 187.796 63.4471 30
      vertex 187.909 63.9581 0
    endloop
  endfacet
  facet normal -0.976411 0.215919 0
    outer loop
      vertex 187.909 63.9581 30
      vertex 187.909 63.9581 0
      vertex 187.796 63.4471 30
    endloop
  endfacet
  facet normal -0.953386 0.301753 0
    outer loop
      vertex 187.638 62.9479 0
      vertex 187.638 62.9479 30
      vertex 187.796 63.4471 0
    endloop
  endfacet
  facet normal -0.953386 0.301753 0
    outer loop
      vertex 187.796 63.4471 30
      vertex 187.796 63.4471 0
      vertex 187.638 62.9479 30
    endloop
  endfacet
  facet normal -0.924091 0.382172 0
    outer loop
      vertex 187.438 62.4643 0
      vertex 187.438 62.4643 30
      vertex 187.638 62.9479 0
    endloop
  endfacet
  facet normal -0.924091 0.382172 0
    outer loop
      vertex 187.638 62.9479 30
      vertex 187.638 62.9479 0
      vertex 187.438 62.4643 30
    endloop
  endfacet
  facet normal -0.886775 0.4622 0
    outer loop
      vertex 187.196 62 0
      vertex 187.196 62 30
      vertex 187.438 62.4643 0
    endloop
  endfacet
  facet normal -0.886775 0.4622 0
    outer loop
      vertex 187.438 62.4643 30
      vertex 187.438 62.4643 0
      vertex 187.196 62 30
    endloop
  endfacet
  facet normal -0.843622 0.536937 0
    outer loop
      vertex 186.915 61.5585 0
      vertex 186.915 61.5585 30
      vertex 187.196 62 0
    endloop
  endfacet
  facet normal -0.843622 0.536937 0
    outer loop
      vertex 187.196 62 30
      vertex 187.196 62 0
      vertex 186.915 61.5585 30
    endloop
  endfacet
  facet normal -0.792979 0.609249 0
    outer loop
      vertex 186.596 61.1433 0
      vertex 186.596 61.1433 30
      vertex 186.915 61.5585 0
    endloop
  endfacet
  facet normal -0.792979 0.609249 0
    outer loop
      vertex 186.915 61.5585 30
      vertex 186.915 61.5585 0
      vertex 186.596 61.1433 30
    endloop
  endfacet
  facet normal -0.73786 0.674954 0
    outer loop
      vertex 186.243 60.7574 0
      vertex 186.243 60.7574 30
      vertex 186.596 61.1433 0
    endloop
  endfacet
  facet normal -0.73786 0.674954 0
    outer loop
      vertex 186.596 61.1433 30
      vertex 186.596 61.1433 0
      vertex 186.243 60.7574 30
    endloop
  endfacet
  facet normal -0.675586 0.737281 0
    outer loop
      vertex 185.857 60.4037 0
      vertex 185.857 60.4037 30
      vertex 186.243 60.7574 0
    endloop
  endfacet
  facet normal -0.675586 0.737281 0
    outer loop
      vertex 186.243 60.7574 30
      vertex 186.243 60.7574 0
      vertex 185.857 60.4037 30
    endloop
  endfacet
  facet normal -0.608031 0.793913 0
    outer loop
      vertex 185.441 60.0851 0
      vertex 185.441 60.0851 30
      vertex 185.857 60.4037 0
    endloop
  endfacet
  facet normal -0.608031 0.793913 0
    outer loop
      vertex 185.857 60.4037 30
      vertex 185.857 60.4037 0
      vertex 185.441 60.0851 30
    endloop
  endfacet
  facet normal -0.537778 0.843086 0
    outer loop
      vertex 185 59.8038 0
      vertex 185 59.8038 30
      vertex 185.441 60.0851 0
    endloop
  endfacet
  facet normal -0.537778 0.843086 0
    outer loop
      vertex 185.441 60.0851 30
      vertex 185.441 60.0851 0
      vertex 185 59.8038 30
    endloop
  endfacet
  facet normal -0.461834 0.886966 0
    outer loop
      vertex 184.536 59.5622 0
      vertex 184.536 59.5622 30
      vertex 185 59.8038 0
    endloop
  endfacet
  facet normal -0.461834 0.886966 0
    outer loop
      vertex 185 59.8038 30
      vertex 185 59.8038 0
      vertex 184.536 59.5622 30
    endloop
  endfacet
  facet normal -0.382554 0.923933 0
    outer loop
      vertex 184.052 59.3618 0
      vertex 184.052 59.3618 30
      vertex 184.536 59.5622 0
    endloop
  endfacet
  facet normal -0.382554 0.923933 0
    outer loop
      vertex 184.536 59.5622 30
      vertex 184.536 59.5622 0
      vertex 184.052 59.3618 30
    endloop
  endfacet
  facet normal -0.30082 0.953681 0
    outer loop
      vertex 183.553 59.2044 0
      vertex 183.553 59.2044 30
      vertex 184.052 59.3618 0
    endloop
  endfacet
  facet normal -0.30082 0.953681 0
    outer loop
      vertex 184.052 59.3618 30
      vertex 184.052 59.3618 0
      vertex 183.553 59.2044 30
    endloop
  endfacet
  facet normal -0.216283 0.976331 0
    outer loop
      vertex 183.042 59.0912 0
      vertex 183.042 59.0912 30
      vertex 183.553 59.2044 0
    endloop
  endfacet
  facet normal -0.216283 0.976331 0
    outer loop
      vertex 183.553 59.2044 30
      vertex 183.553 59.2044 0
      vertex 183.042 59.0912 30
    endloop
  endfacet
  facet normal -0.130662 0.991427 0
    outer loop
      vertex 182.523 59.0228 0
      vertex 182.523 59.0228 30
      vertex 183.042 59.0912 0
    endloop
  endfacet
  facet normal -0.130662 0.991427 0
    outer loop
      vertex 183.042 59.0912 30
      vertex 183.042 59.0912 0
      vertex 182.523 59.0228 30
    endloop
  endfacet
  facet normal -0.0435533 0.999051 0
    outer loop
      vertex 182 59 0
      vertex 182 59 30
      vertex 182.523 59.0228 0
    endloop
  endfacet
  facet normal -0.0435533 0.999051 0
    outer loop
      vertex 182.523 59.0228 30
      vertex 182.523 59.0228 0
      vertex 182 59 30
    endloop
  endfacet
  facet normal 0.0435533 0.999051 -0
    outer loop
      vertex 181.477 59.0228 0
      vertex 181.477 59.0228 30
      vertex 182 59 0
    endloop
  endfacet
  facet normal 0.0435533 0.999051 0
    outer loop
      vertex 182 59 30
      vertex 182 59 0
      vertex 181.477 59.0228 30
    endloop
  endfacet
  facet normal 0.0435652 0.999051 -0
    outer loop
      vertex 90.695 47.5133 0
      vertex 90.695 47.5133 30
      vertex 91 47.5 0
    endloop
  endfacet
  facet normal 0.0435652 0.999051 0
    outer loop
      vertex 91 47.5 30
      vertex 91 47.5 0
      vertex 90.695 47.5133 30
    endloop
  endfacet
  facet normal 0.130641 0.99143 -0
    outer loop
      vertex 90.3922 47.5532 0
      vertex 90.3922 47.5532 30
      vertex 90.695 47.5133 0
    endloop
  endfacet
  facet normal 0.130641 0.99143 0
    outer loop
      vertex 90.695 47.5133 30
      vertex 90.695 47.5133 0
      vertex 90.3922 47.5532 30
    endloop
  endfacet
  facet normal 0.21648 0.976287 -0
    outer loop
      vertex 90.0941 47.6193 0
      vertex 90.0941 47.6193 30
      vertex 90.3922 47.5532 0
    endloop
  endfacet
  facet normal 0.21648 0.976287 0
    outer loop
      vertex 90.3922 47.5532 30
      vertex 90.3922 47.5532 0
      vertex 90.0941 47.6193 30
    endloop
  endfacet
  facet normal 0.300661 0.953731 -0
    outer loop
      vertex 89.8029 47.7111 0
      vertex 89.8029 47.7111 30
      vertex 90.0941 47.6193 0
    endloop
  endfacet
  facet normal 0.300661 0.953731 0
    outer loop
      vertex 90.0941 47.6193 30
      vertex 90.0941 47.6193 0
      vertex 89.8029 47.7111 30
    endloop
  endfacet
  facet normal 0.382545 0.923937 -0
    outer loop
      vertex 89.5208 47.8279 0
      vertex 89.5208 47.8279 30
      vertex 89.8029 47.7111 0
    endloop
  endfacet
  facet normal 0.382545 0.923937 0
    outer loop
      vertex 89.8029 47.7111 30
      vertex 89.8029 47.7111 0
      vertex 89.5208 47.8279 30
    endloop
  endfacet
  facet normal 0.461827 0.88697 -0
    outer loop
      vertex 89.25 47.9689 0
      vertex 89.25 47.9689 30
      vertex 89.5208 47.8279 0
    endloop
  endfacet
  facet normal 0.461827 0.88697 0
    outer loop
      vertex 89.5208 47.8279 30
      vertex 89.5208 47.8279 0
      vertex 89.25 47.9689 30
    endloop
  endfacet
  facet normal 0.537426 0.843311 -0
    outer loop
      vertex 88.9925 48.133 0
      vertex 88.9925 48.133 30
      vertex 89.25 47.9689 0
    endloop
  endfacet
  facet normal 0.537426 0.843311 0
    outer loop
      vertex 89.25 47.9689 30
      vertex 89.25 47.9689 0
      vertex 88.9925 48.133 30
    endloop
  endfacet
  facet normal 0.608507 0.793548 -0
    outer loop
      vertex 88.7502 48.3188 0
      vertex 88.7502 48.3188 30
      vertex 88.9925 48.133 0
    endloop
  endfacet
  facet normal 0.608507 0.793548 0
    outer loop
      vertex 88.9925 48.133 30
      vertex 88.9925 48.133 0
      vertex 88.7502 48.3188 30
    endloop
  endfacet
  facet normal 0.67565 0.737222 -0
    outer loop
      vertex 88.5251 48.5251 0
      vertex 88.5251 48.5251 30
      vertex 88.7502 48.3188 0
    endloop
  endfacet
  facet normal 0.67565 0.737222 0
    outer loop
      vertex 88.7502 48.3188 30
      vertex 88.7502 48.3188 0
      vertex 88.5251 48.5251 30
    endloop
  endfacet
  facet normal 0.737222 0.67565 -0
    outer loop
      vertex 88.3188 48.7502 0
      vertex 88.3188 48.7502 30
      vertex 88.5251 48.5251 0
    endloop
  endfacet
  facet normal 0.737222 0.67565 0
    outer loop
      vertex 88.5251 48.5251 30
      vertex 88.5251 48.5251 0
      vertex 88.3188 48.7502 30
    endloop
  endfacet
  facet normal 0.793548 0.608507 -0
    outer loop
      vertex 88.133 48.9925 0
      vertex 88.133 48.9925 30
      vertex 88.3188 48.7502 0
    endloop
  endfacet
  facet normal 0.793548 0.608507 0
    outer loop
      vertex 88.3188 48.7502 30
      vertex 88.3188 48.7502 0
      vertex 88.133 48.9925 30
    endloop
  endfacet
  facet normal 0.843311 0.537426 -0
    outer loop
      vertex 87.9689 49.25 0
      vertex 87.9689 49.25 30
      vertex 88.133 48.9925 0
    endloop
  endfacet
  facet normal 0.843311 0.537426 0
    outer loop
      vertex 88.133 48.9925 30
      vertex 88.133 48.9925 0
      vertex 87.9689 49.25 30
    endloop
  endfacet
  facet normal 0.88697 0.461827 -0
    outer loop
      vertex 87.8279 49.5208 0
      vertex 87.8279 49.5208 30
      vertex 87.9689 49.25 0
    endloop
  endfacet
  facet normal 0.88697 0.461827 0
    outer loop
      vertex 87.9689 49.25 30
      vertex 87.9689 49.25 0
      vertex 87.8279 49.5208 30
    endloop
  endfacet
  facet normal 0.923937 0.382545 -0
    outer loop
      vertex 87.7111 49.8029 0
      vertex 87.7111 49.8029 30
      vertex 87.8279 49.5208 0
    endloop
  endfacet
  facet normal 0.923937 0.382545 0
    outer loop
      vertex 87.8279 49.5208 30
      vertex 87.8279 49.5208 0
      vertex 87.7111 49.8029 30
    endloop
  endfacet
  facet normal 0.953731 0.300661 -0
    outer loop
      vertex 87.6193 50.0941 0
      vertex 87.6193 50.0941 30
      vertex 87.7111 49.8029 0
    endloop
  endfacet
  facet normal 0.953731 0.300661 0
    outer loop
      vertex 87.7111 49.8029 30
      vertex 87.7111 49.8029 0
      vertex 87.6193 50.0941 30
    endloop
  endfacet
  facet normal 0.976287 0.21648 -0
    outer loop
      vertex 87.5532 50.3922 0
      vertex 87.5532 50.3922 30
      vertex 87.6193 50.0941 0
    endloop
  endfacet
  facet normal 0.976287 0.21648 0
    outer loop
      vertex 87.6193 50.0941 30
      vertex 87.6193 50.0941 0
      vertex 87.5532 50.3922 30
    endloop
  endfacet
  facet normal 0.99143 0.130641 -0
    outer loop
      vertex 87.5133 50.695 0
      vertex 87.5133 50.695 30
      vertex 87.5532 50.3922 0
    endloop
  endfacet
  facet normal 0.99143 0.130641 0
    outer loop
      vertex 87.5532 50.3922 30
      vertex 87.5532 50.3922 0
      vertex 87.5133 50.695 30
    endloop
  endfacet
  facet normal 0.999051 0.0435652 -0
    outer loop
      vertex 87.5 51 0
      vertex 87.5 51 30
      vertex 87.5133 50.695 0
    endloop
  endfacet
  facet normal 0.999051 0.0435652 0
    outer loop
      vertex 87.5133 50.695 30
      vertex 87.5133 50.695 0
      vertex 87.5 51 30
    endloop
  endfacet
  facet normal 0.999051 -0.0435652 0
    outer loop
      vertex 87.5133 51.305 0
      vertex 87.5133 51.305 30
      vertex 87.5 51 0
    endloop
  endfacet
  facet normal 0.999051 -0.0435652 0
    outer loop
      vertex 87.5 51 30
      vertex 87.5 51 0
      vertex 87.5133 51.305 30
    endloop
  endfacet
  facet normal 0.99143 -0.130641 0
    outer loop
      vertex 87.5532 51.6078 0
      vertex 87.5532 51.6078 30
      vertex 87.5133 51.305 0
    endloop
  endfacet
  facet normal 0.99143 -0.130641 0
    outer loop
      vertex 87.5133 51.305 30
      vertex 87.5133 51.305 0
      vertex 87.5532 51.6078 30
    endloop
  endfacet
  facet normal 0.976287 -0.21648 0
    outer loop
      vertex 87.6193 51.9059 0
      vertex 87.6193 51.9059 30
      vertex 87.5532 51.6078 0
    endloop
  endfacet
  facet normal 0.976287 -0.21648 0
    outer loop
      vertex 87.5532 51.6078 30
      vertex 87.5532 51.6078 0
      vertex 87.6193 51.9059 30
    endloop
  endfacet
  facet normal 0.953731 -0.300661 0
    outer loop
      vertex 87.7111 52.1971 0
      vertex 87.7111 52.1971 30
      vertex 87.6193 51.9059 0
    endloop
  endfacet
  facet normal 0.953731 -0.300661 0
    outer loop
      vertex 87.6193 51.9059 30
      vertex 87.6193 51.9059 0
      vertex 87.7111 52.1971 30
    endloop
  endfacet
  facet normal 0.923937 -0.382545 0
    outer loop
      vertex 87.8279 52.4792 0
      vertex 87.8279 52.4792 30
      vertex 87.7111 52.1971 0
    endloop
  endfacet
  facet normal 0.923937 -0.382545 0
    outer loop
      vertex 87.7111 52.1971 30
      vertex 87.7111 52.1971 0
      vertex 87.8279 52.4792 30
    endloop
  endfacet
  facet normal 0.88697 -0.461827 0
    outer loop
      vertex 87.9689 52.75 0
      vertex 87.9689 52.75 30
      vertex 87.8279 52.4792 0
    endloop
  endfacet
  facet normal 0.88697 -0.461827 0
    outer loop
      vertex 87.8279 52.4792 30
      vertex 87.8279 52.4792 0
      vertex 87.9689 52.75 30
    endloop
  endfacet
  facet normal 0.843311 -0.537426 0
    outer loop
      vertex 88.133 53.0075 0
      vertex 88.133 53.0075 30
      vertex 87.9689 52.75 0
    endloop
  endfacet
  facet normal 0.843311 -0.537426 0
    outer loop
      vertex 87.9689 52.75 30
      vertex 87.9689 52.75 0
      vertex 88.133 53.0075 30
    endloop
  endfacet
  facet normal 0.793548 -0.608507 0
    outer loop
      vertex 88.3188 53.2498 0
      vertex 88.3188 53.2498 30
      vertex 88.133 53.0075 0
    endloop
  endfacet
  facet normal 0.793548 -0.608507 0
    outer loop
      vertex 88.133 53.0075 30
      vertex 88.133 53.0075 0
      vertex 88.3188 53.2498 30
    endloop
  endfacet
  facet normal 0.737222 -0.67565 0
    outer loop
      vertex 88.5251 53.4749 0
      vertex 88.5251 53.4749 30
      vertex 88.3188 53.2498 0
    endloop
  endfacet
  facet normal 0.737222 -0.67565 0
    outer loop
      vertex 88.3188 53.2498 30
      vertex 88.3188 53.2498 0
      vertex 88.5251 53.4749 30
    endloop
  endfacet
  facet normal 0.67565 -0.737222 0
    outer loop
      vertex 88.7502 53.6812 0
      vertex 88.7502 53.6812 30
      vertex 88.5251 53.4749 0
    endloop
  endfacet
  facet normal 0.67565 -0.737222 0
    outer loop
      vertex 88.5251 53.4749 30
      vertex 88.5251 53.4749 0
      vertex 88.7502 53.6812 30
    endloop
  endfacet
  facet normal 0.608507 -0.793548 0
    outer loop
      vertex 88.9925 53.867 0
      vertex 88.9925 53.867 30
      vertex 88.7502 53.6812 0
    endloop
  endfacet
  facet normal 0.608507 -0.793548 0
    outer loop
      vertex 88.7502 53.6812 30
      vertex 88.7502 53.6812 0
      vertex 88.9925 53.867 30
    endloop
  endfacet
  facet normal 0.537426 -0.843311 0
    outer loop
      vertex 89.25 54.0311 0
      vertex 89.25 54.0311 30
      vertex 88.9925 53.867 0
    endloop
  endfacet
  facet normal 0.537426 -0.843311 0
    outer loop
      vertex 88.9925 53.867 30
      vertex 88.9925 53.867 0
      vertex 89.25 54.0311 30
    endloop
  endfacet
  facet normal 0.461827 -0.88697 0
    outer loop
      vertex 89.5208 54.1721 0
      vertex 89.5208 54.1721 30
      vertex 89.25 54.0311 0
    endloop
  endfacet
  facet normal 0.461827 -0.88697 0
    outer loop
      vertex 89.25 54.0311 30
      vertex 89.25 54.0311 0
      vertex 89.5208 54.1721 30
    endloop
  endfacet
  facet normal 0.382545 -0.923937 0
    outer loop
      vertex 89.8029 54.2889 0
      vertex 89.8029 54.2889 30
      vertex 89.5208 54.1721 0
    endloop
  endfacet
  facet normal 0.382545 -0.923937 0
    outer loop
      vertex 89.5208 54.1721 30
      vertex 89.5208 54.1721 0
      vertex 89.8029 54.2889 30
    endloop
  endfacet
  facet normal 0.300661 -0.953731 0
    outer loop
      vertex 90.0941 54.3807 0
      vertex 90.0941 54.3807 30
      vertex 89.8029 54.2889 0
    endloop
  endfacet
  facet normal 0.300661 -0.953731 0
    outer loop
      vertex 89.8029 54.2889 30
      vertex 89.8029 54.2889 0
      vertex 90.0941 54.3807 30
    endloop
  endfacet
  facet normal 0.21648 -0.976287 0
    outer loop
      vertex 90.3922 54.4468 0
      vertex 90.3922 54.4468 30
      vertex 90.0941 54.3807 0
    endloop
  endfacet
  facet normal 0.21648 -0.976287 0
    outer loop
      vertex 90.0941 54.3807 30
      vertex 90.0941 54.3807 0
      vertex 90.3922 54.4468 30
    endloop
  endfacet
  facet normal 0.130641 -0.99143 0
    outer loop
      vertex 90.695 54.4867 0
      vertex 90.695 54.4867 30
      vertex 90.3922 54.4468 0
    endloop
  endfacet
  facet normal 0.130641 -0.99143 0
    outer loop
      vertex 90.3922 54.4468 30
      vertex 90.3922 54.4468 0
      vertex 90.695 54.4867 30
    endloop
  endfacet
  facet normal 0.0435652 -0.999051 0
    outer loop
      vertex 91 54.5 0
      vertex 91 54.5 30
      vertex 90.695 54.4867 0
    endloop
  endfacet
  facet normal 0.0435652 -0.999051 0
    outer loop
      vertex 90.695 54.4867 30
      vertex 90.695 54.4867 0
      vertex 91 54.5 30
    endloop
  endfacet
  facet normal 0 -1 0
    outer loop
      vertex 109 54.5 0
      vertex 109 54.5 30
      vertex 91 54.5 0
    endloop
  endfacet
  facet normal 0 -1 0
    outer loop
      vertex 91 54.5 30
      vertex 91 54.5 0
      vertex 109 54.5 30
    endloop
  endfacet
  facet normal -0.0435652 -0.999051 0
    outer loop
      vertex 109.305 54.4867 0
      vertex 109.305 54.4867 30
      vertex 109 54.5 0
    endloop
  endfacet
  facet normal -0.0435652 -0.999051 -0
    outer loop
      vertex 109 54.5 30
      vertex 109 54.5 0
      vertex 109.305 54.4867 30
    endloop
  endfacet
  facet normal -0.130556 -0.991441 0
    outer loop
      vertex 109.608 54.4468 0
      vertex 109.608 54.4468 30
      vertex 109.305 54.4867 0
    endloop
  endfacet
  facet normal -0.130556 -0.991441 -0
    outer loop
      vertex 109.305 54.4867 30
      vertex 109.305 54.4867 0
      vertex 109.608 54.4468 30
    endloop
  endfacet
  facet normal -0.216549 -0.976272 0
    outer loop
      vertex 109.906 54.3807 0
      vertex 109.906 54.3807 30
      vertex 109.608 54.4468 0
    endloop
  endfacet
  facet normal -0.216549 -0.976272 -0
    outer loop
      vertex 109.608 54.4468 30
      vertex 109.608 54.4468 0
      vertex 109.906 54.3807 30
    endloop
  endfacet
  facet normal -0.300849 -0.953672 0
    outer loop
      vertex 110.197 54.2889 0
      vertex 110.197 54.2889 30
      vertex 109.906 54.3807 0
    endloop
  endfacet
  facet normal -0.300849 -0.953672 -0
    outer loop
      vertex 109.906 54.3807 30
      vertex 109.906 54.3807 0
      vertex 110.197 54.2889 30
    endloop
  endfacet
  facet normal -0.38266 -0.923889 0
    outer loop
      vertex 110.479 54.1721 0
      vertex 110.479 54.1721 30
      vertex 110.197 54.2889 0
    endloop
  endfacet
  facet normal -0.38266 -0.923889 -0
    outer loop
      vertex 110.197 54.2889 30
      vertex 110.197 54.2889 0
      vertex 110.479 54.1721 30
    endloop
  endfacet
  facet normal -0.461559 -0.88711 0
    outer loop
      vertex 110.75 54.0311 0
      vertex 110.75 54.0311 30
      vertex 110.479 54.1721 0
    endloop
  endfacet
  facet normal -0.461559 -0.88711 -0
    outer loop
      vertex 110.479 54.1721 30
      vertex 110.479 54.1721 0
      vertex 110.75 54.0311 30
    endloop
  endfacet
  facet normal -0.538169 -0.842837 0
    outer loop
      vertex 111.007 53.867 0
      vertex 111.007 53.867 30
      vertex 110.75 54.0311 0
    endloop
  endfacet
  facet normal -0.538169 -0.842837 -0
    outer loop
      vertex 110.75 54.0311 30
      vertex 110.75 54.0311 0
      vertex 111.007 53.867 30
    endloop
  endfacet
  facet normal -0.607402 -0.794395 0
    outer loop
      vertex 111.25 53.6812 0
      vertex 111.25 53.6812 30
      vertex 111.007 53.867 0
    endloop
  endfacet
  facet normal -0.607402 -0.794395 -0
    outer loop
      vertex 111.007 53.867 30
      vertex 111.007 53.867 0
      vertex 111.25 53.6812 30
    endloop
  endfacet
  facet normal -0.675814 -0.737073 0
    outer loop
      vertex 111.475 53.4749 0
      vertex 111.475 53.4749 30
      vertex 111.25 53.6812 0
    endloop
  endfacet
  facet normal -0.675814 -0.737073 -0
    outer loop
      vertex 111.25 53.6812 30
      vertex 111.25 53.6812 0
      vertex 111.475 53.4749 30
    endloop
  endfacet
  facet normal -0.737712 -0.675116 0
    outer loop
      vertex 111.681 53.2498 0
      vertex 111.681 53.2498 30
      vertex 111.475 53.4749 0
    endloop
  endfacet
  facet normal -0.737712 -0.675116 -0
    outer loop
      vertex 111.475 53.4749 30
      vertex 111.475 53.4749 0
      vertex 111.681 53.2498 30
    endloop
  endfacet
  facet normal -0.793232 -0.608919 0
    outer loop
      vertex 111.867 53.0075 0
      vertex 111.867 53.0075 30
      vertex 111.681 53.2498 0
    endloop
  endfacet
  facet normal -0.793232 -0.608919 -0
    outer loop
      vertex 111.681 53.2498 30
      vertex 111.681 53.2498 0
      vertex 111.867 53.0075 30
    endloop
  endfacet
  facet normal -0.843459 -0.537193 0
    outer loop
      vertex 112.031 52.75 0
      vertex 112.031 52.75 30
      vertex 111.867 53.0075 0
    endloop
  endfacet
  facet normal -0.843459 -0.537193 -0
    outer loop
      vertex 111.867 53.0075 30
      vertex 111.867 53.0075 0
      vertex 112.031 52.75 30
    endloop
  endfacet
  facet normal -0.88697 -0.461827 0
    outer loop
      vertex 112.172 52.4792 0
      vertex 112.172 52.4792 30
      vertex 112.031 52.75 0
    endloop
  endfacet
  facet normal -0.88697 -0.461827 -0
    outer loop
      vertex 112.031 52.75 30
      vertex 112.031 52.75 0
      vertex 112.172 52.4792 30
    endloop
  endfacet
  facet normal -0.923705 -0.383104 0
    outer loop
      vertex 112.289 52.1971 0
      vertex 112.289 52.1971 30
      vertex 112.172 52.4792 0
    endloop
  endfacet
  facet normal -0.923705 -0.383104 -0
    outer loop
      vertex 112.172 52.4792 30
      vertex 112.172 52.4792 0
      vertex 112.289 52.1971 30
    endloop
  endfacet
  facet normal -0.953543 -0.301257 0
    outer loop
      vertex 112.381 51.9059 0
      vertex 112.381 51.9059 30
      vertex 112.289 52.1971 0
    endloop
  endfacet
  facet normal -0.953543 -0.301257 -0
    outer loop
      vertex 112.289 52.1971 30
      vertex 112.289 52.1971 0
      vertex 112.381 51.9059 30
    endloop
  endfacet
  facet normal -0.976356 -0.216167 0
    outer loop
      vertex 112.447 51.6078 0
      vertex 112.447 51.6078 30
      vertex 112.381 51.9059 0
    endloop
  endfacet
  facet normal -0.976356 -0.216167 -0
    outer loop
      vertex 112.381 51.9059 30
      vertex 112.381 51.9059 0
      vertex 112.447 51.6078 30
    endloop
  endfacet
  facet normal -0.991387 -0.130963 0
    outer loop
      vertex 112.487 51.305 0
      vertex 112.487 51.305 30
      vertex 112.447 51.6078 0
    endloop
  endfacet
  facet normal -0.991387 -0.130963 -0
    outer loop
      vertex 112.447 51.6078 30
      vertex 112.447 51.6078 0
      vertex 112.487 51.305 30
    endloop
  endfacet
  facet normal -0.999093 -0.0425843 0
    outer loop
      vertex 112.5 51 0
      vertex 112.5 51 30
      vertex 112.487 51.305 0
    endloop
  endfacet
  facet normal -0.999093 -0.0425843 -0
    outer loop
      vertex 112.487 51.305 30
      vertex 112.487 51.305 0
      vertex 112.5 51 30
    endloop
  endfacet
  facet normal -0.999093 0.0425843 0
    outer loop
      vertex 112.487 50.695 0
      vertex 112.487 50.695 30
      vertex 112.5 51 0
    endloop
  endfacet
  facet normal -0.999093 0.0425843 0
    outer loop
      vertex 112.5 51 30
      vertex 112.5 51 0
      vertex 112.487 50.695 30
    endloop
  endfacet
  facet normal -0.991387 0.130963 0
    outer loop
      vertex 112.447 50.3922 0
      vertex 112.447 50.3922 30
      vertex 112.487 50.695 0
    endloop
  endfacet
  facet normal -0.991387 0.130963 0
    outer loop
      vertex 112.487 50.695 30
      vertex 112.487 50.695 0
      vertex 112.447 50.3922 30
    endloop
  endfacet
  facet normal -0.976356 0.216167 0
    outer loop
      vertex 112.381 50.0941 0
      vertex 112.381 50.0941 30
      vertex 112.447 50.3922 0
    endloop
  endfacet
  facet normal -0.976356 0.216167 0
    outer loop
      vertex 112.447 50.3922 30
      vertex 112.447 50.3922 0
      vertex 112.381 50.0941 30
    endloop
  endfacet
  facet normal -0.953543 0.301257 0
    outer loop
      vertex 112.289 49.8029 0
      vertex 112.289 49.8029 30
      vertex 112.381 50.0941 0
    endloop
  endfacet
  facet normal -0.953543 0.301257 0
    outer loop
      vertex 112.381 50.0941 30
      vertex 112.381 50.0941 0
      vertex 112.289 49.8029 30
    endloop
  endfacet
  facet normal -0.923705 0.383104 0
    outer loop
      vertex 112.172 49.5208 0
      vertex 112.172 49.5208 30
      vertex 112.289 49.8029 0
    endloop
  endfacet
  facet normal -0.923705 0.383104 0
    outer loop
      vertex 112.289 49.8029 30
      vertex 112.289 49.8029 0
      vertex 112.172 49.5208 30
    endloop
  endfacet
  facet normal -0.88697 0.461827 0
    outer loop
      vertex 112.031 49.25 0
      vertex 112.031 49.25 30
      vertex 112.172 49.5208 0
    endloop
  endfacet
  facet normal -0.88697 0.461827 0
    outer loop
      vertex 112.172 49.5208 30
      vertex 112.172 49.5208 0
      vertex 112.031 49.25 30
    endloop
  endfacet
  facet normal -0.843459 0.537193 0
    outer loop
      vertex 111.867 48.9925 0
      vertex 111.867 48.9925 30
      vertex 112.031 49.25 0
    endloop
  endfacet
  facet normal -0.843459 0.537193 0
    outer loop
      vertex 112.031 49.25 30
      vertex 112.031 49.25 0
      vertex 111.867 48.9925 30
    endloop
  endfacet
  facet normal -0.793232 0.608919 0
    outer loop
      vertex 111.681 48.7502 0
      vertex 111.681 48.7502 30
      vertex 111.867 48.9925 0
    endloop
  endfacet
  facet normal -0.793232 0.608919 0
    outer loop
      vertex 111.867 48.9925 30
      vertex 111.867 48.9925 0
      vertex 111.681 48.7502 30
    endloop
  endfacet
  facet normal -0.737712 0.675116 0
    outer loop
      vertex 111.475 48.5251 0
      vertex 111.475 48.5251 30
      vertex 111.681 48.7502 0
    endloop
  endfacet
  facet normal -0.737712 0.675116 0
    outer loop
      vertex 111.681 48.7502 30
      vertex 111.681 48.7502 0
      vertex 111.475 48.5251 30
    endloop
  endfacet
  facet normal -0.675814 0.737073 0
    outer loop
      vertex 111.25 48.3188 0
      vertex 111.25 48.3188 30
      vertex 111.475 48.5251 0
    endloop
  endfacet
  facet normal -0.675814 0.737073 0
    outer loop
      vertex 111.475 48.5251 30
      vertex 111.475 48.5251 0
      vertex 111.25 48.3188 30
    endloop
  endfacet
  facet normal -0.607402 0.794395 0
    outer loop
      vertex 111.007 48.133 0
      vertex 111.007 48.133 30
      vertex 111.25 48.3188 0
    endloop
  endfacet
  facet normal -0.607402 0.794395 0
    outer loop
      vertex 111.25 48.3188 30
      vertex 111.25 48.3188 0
      vertex 111.007 48.133 30
    endloop
  endfacet
  facet normal -0.538169 0.842837 0
    outer loop
      vertex 110.75 47.9689 0
      vertex 110.75 47.9689 30
      vertex 111.007 48.133 0
    endloop
  endfacet
  facet normal -0.538169 0.842837 0
    outer loop
      vertex 111.007 48.133 30
      vertex 111.007 48.133 0
      vertex 110.75 47.9689 30
    endloop
  endfacet
  facet normal -0.461559 0.88711 0
    outer loop
      vertex 110.479 47.8279 0
      vertex 110.479 47.8279 30
      vertex 110.75 47.9689 0
    endloop
  endfacet
  facet normal -0.461559 0.88711 0
    outer loop
      vertex 110.75 47.9689 30
      vertex 110.75 47.9689 0
      vertex 110.479 47.8279 30
    endloop
  endfacet
  facet normal -0.38266 0.923889 0
    outer loop
      vertex 110.197 47.7111 0
      vertex 110.197 47.7111 30
      vertex 110.479 47.8279 0
    endloop
  endfacet
  facet normal -0.38266 0.923889 0
    outer loop
      vertex 110.479 47.8279 30
      vertex 110.479 47.8279 0
      vertex 110.197 47.7111 30
    endloop
  endfacet
  facet normal -0.300849 0.953672 0
    outer loop
      vertex 109.906 47.6193 0
      vertex 109.906 47.6193 30
      vertex 110.197 47.7111 0
    endloop
  endfacet
  facet normal -0.300849 0.953672 0
    outer loop
      vertex 110.197 47.7111 30
      vertex 110.197 47.7111 0
      vertex 109.906 47.6193 30
    endloop
  endfacet
  facet normal -0.216549 0.976272 0
    outer loop
      vertex 109.608 47.5532 0
      vertex 109.608 47.5532 30
      vertex 109.906 47.6193 0
    endloop
  endfacet
  facet normal -0.216549 0.976272 0
    outer loop
      vertex 109.906 47.6193 30
      vertex 109.906 47.6193 0
      vertex 109.608 47.5532 30
    endloop
  endfacet
  facet normal -0.130556 0.991441 0
    outer loop
      vertex 109.305 47.5133 0
      vertex 109.305 47.5133 30
      vertex 109.608 47.5532 0
    endloop
  endfacet
  facet normal -0.130556 0.991441 0
    outer loop
      vertex 109.608 47.5532 30
      vertex 109.608 47.5532 0
      vertex 109.305 47.5133 30
    endloop
  endfacet
  facet normal -0.0435652 0.999051 0
    outer loop
      vertex 109 47.5 0
      vertex 109 47.5 30
      vertex 109.305 47.5133 0
    endloop
  endfacet
  facet normal -0.0435652 0.999051 0
    outer loop
      vertex 109.305 47.5133 30
      vertex 109.305 47.5133 0
      vertex 109 47.5 30
    endloop
  endfacet
  facet normal 0 1 0
    outer loop
      vertex 91 47.5 0
      vertex 91 47.5 30
      vertex 109 47.5 0
    endloop
  endfacet
  facet normal 0 1 0
    outer loop
      vertex 109 47.5 30
      vertex 109 47.5 0
      vertex 91 47.5 30
    endloop
  endfacet
  facet normal 0.0435652 0.999051 -0
    outer loop
      vertex 172.695 47.5133 0
      vertex 172.695 47.5133 30
      vertex 173 47.5 0
    endloop
  endfacet
  facet normal 0.0435652 0.999051 0
    outer loop
      vertex 173 47.5 30
      vertex 173 47.5 0
      vertex 172.695 47.5133 30
    endloop
  endfacet
  facet normal 0.130556 0.991441 -0
    outer loop
      vertex 172.392 47.5532 0
      vertex 172.392 47.5532 30
      vertex 172.695 47.5133 0
    endloop
  endfacet
  facet normal 0.130556 0.991441 0
    outer loop
      vertex 172.695 47.5133 30
      vertex 172.695 47.5133 0
      vertex 172.392 47.5532 30
    endloop
  endfacet
  facet normal 0.216549 0.976272 -0
    outer loop
      vertex 172.094 47.6193 0
      vertex 172.094 47.6193 30
      vertex 172.392 47.5532 0
    endloop
  endfacet
  facet normal 0.216549 0.976272 0
    outer loop
      vertex 172.392 47.5532 30
      vertex 172.392 47.5532 0
      vertex 172.094 47.6193 30
    endloop
  endfacet
  facet normal 0.300849 0.953672 -0
    outer loop
      vertex 171.803 47.7111 0
      vertex 171.803 47.7111 30
      vertex 172.094 47.6193 0
    endloop
  endfacet
  facet normal 0.300849 0.953672 0
    outer loop
      vertex 172.094 47.6193 30
      vertex 172.094 47.6193 0
      vertex 171.803 47.7111 30
    endloop
  endfacet
  facet normal 0.38266 0.923889 -0
    outer loop
      vertex 171.521 47.8279 0
      vertex 171.521 47.8279 30
      vertex 171.803 47.7111 0
    endloop
  endfacet
  facet normal 0.38266 0.923889 0
    outer loop
      vertex 171.803 47.7111 30
      vertex 171.803 47.7111 0
      vertex 171.521 47.8279 30
    endloop
  endfacet
  facet normal 0.461559 0.88711 -0
    outer loop
      vertex 171.25 47.9689 0
      vertex 171.25 47.9689 30
      vertex 171.521 47.8279 0
    endloop
  endfacet
  facet normal 0.461559 0.88711 0
    outer loop
      vertex 171.521 47.8279 30
      vertex 171.521 47.8279 0
      vertex 171.25 47.9689 30
    endloop
  endfacet
  facet normal 0.536685 0.843783 -0
    outer loop
      vertex 170.992 48.133 0
      vertex 170.992 48.133 30
      vertex 171.25 47.9689 0
    endloop
  endfacet
  facet normal 0.536685 0.843783 0
    outer loop
      vertex 171.25 47.9689 30
      vertex 171.25 47.9689 0
      vertex 170.992 48.133 30
    endloop
  endfacet
  facet normal 0.608982 0.793184 -0
    outer loop
      vertex 170.75 48.3188 0
      vertex 170.75 48.3188 30
      vertex 170.992 48.133 0
    endloop
  endfacet
  facet normal 0.608982 0.793184 0
    outer loop
      vertex 170.992 48.133 30
      vertex 170.992 48.133 0
      vertex 170.75 48.3188 30
    endloop
  endfacet
  facet normal 0.675814 0.737073 -0
    outer loop
      vertex 170.525 48.5251 0
      vertex 170.525 48.5251 30
      vertex 170.75 48.3188 0
    endloop
  endfacet
  facet normal 0.675814 0.737073 0
    outer loop
      vertex 170.75 48.3188 30
      vertex 170.75 48.3188 0
      vertex 170.525 48.5251 30
    endloop
  endfacet
  facet normal 0.737712 0.675116 -0
    outer loop
      vertex 170.319 48.7502 0
      vertex 170.319 48.7502 30
      vertex 170.525 48.5251 0
    endloop
  endfacet
  facet normal 0.737712 0.675116 0
    outer loop
      vertex 170.525 48.5251 30
      vertex 170.525 48.5251 0
      vertex 170.319 48.7502 30
    endloop
  endfacet
  facet normal 0.793232 0.608919 -0
    outer loop
      vertex 170.133 48.9925 0
      vertex 170.133 48.9925 30
      vertex 170.319 48.7502 0
    endloop
  endfacet
  facet normal 0.793232 0.608919 0
    outer loop
      vertex 170.319 48.7502 30
      vertex 170.319 48.7502 0
      vertex 170.133 48.9925 30
    endloop
  endfacet
  facet normal 0.843459 0.537193 -0
    outer loop
      vertex 169.969 49.25 0
      vertex 169.969 49.25 30
      vertex 170.133 48.9925 0
    endloop
  endfacet
  facet normal 0.843459 0.537193 0
    outer loop
      vertex 170.133 48.9925 30
      vertex 170.133 48.9925 0
      vertex 169.969 49.25 30
    endloop
  endfacet
  facet normal 0.88697 0.461827 -0
    outer loop
      vertex 169.828 49.5208 0
      vertex 169.828 49.5208 30
      vertex 169.969 49.25 0
    endloop
  endfacet
  facet normal 0.88697 0.461827 0
    outer loop
      vertex 169.969 49.25 30
      vertex 169.969 49.25 0
      vertex 169.828 49.5208 30
    endloop
  endfacet
  facet normal 0.923705 0.383104 -0
    outer loop
      vertex 169.711 49.8029 0
      vertex 169.711 49.8029 30
      vertex 169.828 49.5208 0
    endloop
  endfacet
  facet normal 0.923705 0.383104 0
    outer loop
      vertex 169.828 49.5208 30
      vertex 169.828 49.5208 0
      vertex 169.711 49.8029 30
    endloop
  endfacet
  facet normal 0.953543 0.301257 -0
    outer loop
      vertex 169.619 50.0941 0
      vertex 169.619 50.0941 30
      vertex 169.711 49.8029 0
    endloop
  endfacet
  facet normal 0.953543 0.301257 0
    outer loop
      vertex 169.711 49.8029 30
      vertex 169.711 49.8029 0
      vertex 169.619 50.0941 30
    endloop
  endfacet
  facet normal 0.976356 0.216167 -0
    outer loop
      vertex 169.553 50.3922 0
      vertex 169.553 50.3922 30
      vertex 169.619 50.0941 0
    endloop
  endfacet
  facet normal 0.976356 0.216167 0
    outer loop
      vertex 169.619 50.0941 30
      vertex 169.619 50.0941 0
      vertex 169.553 50.3922 30
    endloop
  endfacet
  facet normal 0.991387 0.130963 -0
    outer loop
      vertex 169.513 50.695 0
      vertex 169.513 50.695 30
      vertex 169.553 50.3922 0
    endloop
  endfacet
  facet normal 0.991387 0.130963 0
    outer loop
      vertex 169.553 50.3922 30
      vertex 169.553 50.3922 0
      vertex 169.513 50.695 30
    endloop
  endfacet
  facet normal 0.999093 0.0425843 -0
    outer loop
      vertex 169.5 51 0
      vertex 169.5 51 30
      vertex 169.513 50.695 0
    endloop
  endfacet
  facet normal 0.999093 0.0425843 0
    outer loop
      vertex 169.513 50.695 30
      vertex 169.513 50.695 0
      vertex 169.5 51 30
    endloop
  endfacet
  facet normal 0.999093 -0.0425843 0
    outer loop
      vertex 169.513 51.305 0
      vertex 169.513 51.305 30
      vertex 169.5 51 0
    endloop
  endfacet
  facet normal 0.999093 -0.0425843 0
    outer loop
      vertex 169.5 51 30
      vertex 169.5 51 0
      vertex 169.513 51.305 30
    endloop
  endfacet
  facet normal 0.991387 -0.130963 0
    outer loop
      vertex 169.553 51.6078 0
      vertex 169.553 51.6078 30
      vertex 169.513 51.305 0
    endloop
  endfacet
  facet normal 0.991387 -0.130963 0
    outer loop
      vertex 169.513 51.305 30
      vertex 169.513 51.305 0
      vertex 169.553 51.6078 30
    endloop
  endfacet
  facet normal 0.976356 -0.216167 0
    outer loop
      vertex 169.619 51.9059 0
      vertex 169.619 51.9059 30
      vertex 169.553 51.6078 0
    endloop
  endfacet
  facet normal 0.976356 -0.216167 0
    outer loop
      vertex 169.553 51.6078 30
      vertex 169.553 51.6078 0
      vertex 169.619 51.9059 30
    endloop
  endfacet
  facet normal 0.953543 -0.301257 0
    outer loop
      vertex 169.711 52.1971 0
      vertex 169.711 52.1971 30
      vertex 169.619 51.9059 0
    endloop
  endfacet
  facet normal 0.953543 -0.301257 0
    outer loop
      vertex 169.619 51.9059 30
      vertex 169.619 51.9059 0
      vertex 169.711 52.1971 30
    endloop
  endfacet
  facet normal 0.923705 -0.383104 0
    outer loop
      vertex 169.828 52.4792 0
      vertex 169.828 52.4792 30
      vertex 169.711 52.1971 0
    endloop
  endfacet
  facet normal 0.923705 -0.383104 0
    outer loop
      vertex 169.711 52.1971 30
      vertex 169.711 52.1971 0
      vertex 169.828 52.4792 30
    endloop
  endfacet
  facet normal 0.88697 -0.461827 0
    outer loop
      vertex 169.969 52.75 0
      vertex 169.969 52.75 30
      vertex 169.828 52.4792 0
    endloop
  endfacet
  facet normal 0.88697 -0.461827 0
    outer loop
      vertex 169.828 52.4792 30
      vertex 169.828 52.4792 0
      vertex 169.969 52.75 30
    endloop
  endfacet
  facet normal 0.843459 -0.537193 0
    outer loop
      vertex 170.133 53.0075 0
      vertex 170.133 53.0075 30
      vertex 169.969 52.75 0
    endloop
  endfacet
  facet normal 0.843459 -0.537193 0
    outer loop
      vertex 169.969 52.75 30
      vertex 169.969 52.75 0
      vertex 170.133 53.0075 30
    endloop
  endfacet
  facet normal 0.793232 -0.608919 0
    outer loop
      vertex 170.319 53.2498 0
      vertex 170.319 53.2498 30
      vertex 170.133 53.0075 0
    endloop
  endfacet
  facet normal 0.793232 -0.608919 0
    outer loop
      vertex 170.133 53.0075 30
      vertex 170.133 53.0075 0
      vertex 170.319 53.2498 30
    endloop
  endfacet
  facet normal 0.737712 -0.675116 0
    outer loop
      vertex 170.525 53.4749 0
      vertex 170.525 53.4749 30
      vertex 170.319 53.2498 0
    endloop
  endfacet
  facet normal 0.737712 -0.675116 0
    outer loop
      vertex 170.319 53.2498 30
      vertex 170.319 53.2498 0
      vertex 170.525 53.4749 30
    endloop
  endfacet
  facet normal 0.675814 -0.737073 0
    outer loop
      vertex 170.75 53.6812 0
      vertex 170.75 53.6812 30
      vertex 170.525 53.4749 0
    endloop
  endfacet
  facet normal 0.675814 -0.737073 0
    outer loop
      vertex 170.525 53.4749 30
      vertex 170.525 53.4749 0
      vertex 170.75 53.6812 30
    endloop
  endfacet
  facet normal 0.608982 -0.793184 0
    outer loop
      vertex 170.992 53.867 0
      vertex 170.992 53.867 30
      vertex 170.75 53.6812 0
    endloop
  endfacet
  facet normal 0.608982 -0.793184 0
    outer loop
      vertex 170.75 53.6812 30
      vertex 170.75 53.6812 0
      vertex 170.992 53.867 30
    endloop
  endfacet
  facet normal 0.536685 -0.843783 0
    outer loop
      vertex 171.25 54.0311 0
      vertex 171.25 54.0311 30
      vertex 170.992 53.867 0
    endloop
  endfacet
  facet normal 0.536685 -0.843783 0
    outer loop
      vertex 170.992 53.867 30
      vertex 170.992 53.867 0
      vertex 171.25 54.0311 30
    endloop
  endfacet
  facet normal 0.461559 -0.88711 0
    outer loop
      vertex 171.521 54.1721 0
      vertex 171.521 54.1721 30
      vertex 171.25 54.0311 0
    endloop
  endfacet
  facet normal 0.461559 -0.88711 0
    outer loop
      vertex 171.25 54.0311 30
      vertex 171.25 54.0311 0
      vertex 171.521 54.1721 30
    endloop
  endfacet
  facet normal 0.38266 -0.923889 0
    outer loop
      vertex 171.803 54.2889 0
      vertex 171.803 54.2889 30
      vertex 171.521 54.1721 0
    endloop
  endfacet
  facet normal 0.38266 -0.923889 0
    outer loop
      vertex 171.521 54.1721 30
      vertex 171.521 54.1721 0
      vertex 171.803 54.2889 30
    endloop
  endfacet
  facet normal 0.300849 -0.953672 0
    outer loop
      vertex 172.094 54.3807 0
      vertex 172.094 54.3807 30
      vertex 171.803 54.2889 0
    endloop
  endfacet
  facet normal 0.300849 -0.953672 0
    outer loop
      vertex 171.803 54.2889 30
      vertex 171.803 54.2889 0
      vertex 172.094 54.3807 30
    endloop
  endfacet
  facet normal 0.216549 -0.976272 0
    outer loop
      vertex 172.392 54.4468 0
      vertex 172.392 54.4468 30
      vertex 172.094 54.3807 0
    endloop
  endfacet
  facet normal 0.216549 -0.976272 0
    outer loop
      vertex 172.094 54.3807 30
      vertex 172.094 54.3807 0
      vertex 172.392 54.4468 30
    endloop
  endfacet
  facet normal 0.130556 -0.991441 0
    outer loop
      vertex 172.695 54.4867 0
      vertex 172.695 54.4867 30
      vertex 172.392 54.4468 0
    endloop
  endfacet
  facet normal 0.130556 -0.991441 0
    outer loop
      vertex 172.392 54.4468 30
      vertex 172.392 54.4468 0
      vertex 172.695 54.4867 30
    endloop
  endfacet
  facet normal 0.0435652 -0.999051 0
    outer loop
      vertex 173 54.5 0
      vertex 173 54.5 30
      vertex 172.695 54.4867 0
    endloop
  endfacet
  facet normal 0.0435652 -0.999051 0
    outer loop
      vertex 172.695 54.4867 30
      vertex 172.695 54.4867 0
      vertex 173 54.5 30
    endloop
  endfacet
  facet normal 0 -1 0
    outer loop
      vertex 191 54.5 0
      vertex 191 54.5 30
      vertex 173 54.5 0
    endloop
  endfacet
  facet normal 0 -1 0
    outer loop
      vertex 173 54.5 30
      vertex 173 54.5 0
      vertex 191 54.5 30
    endloop
  endfacet
  facet normal -0.0435652 -0.999051 0
    outer loop
      vertex 191.305 54.4867 0
      vertex 191.305 54.4867 30
      vertex 191 54.5 0
    endloop
  endfacet
  facet normal -0.0435652 -0.999051 -0
    outer loop
      vertex 191 54.5 30
      vertex 191 54.5 0
      vertex 191.305 54.4867 30
    endloop
  endfacet
  facet normal -0.130556 -0.991441 0
    outer loop
      vertex 191.608 54.4468 0
      vertex 191.608 54.4468 30
      vertex 191.305 54.4867 0
    endloop
  endfacet
  facet normal -0.130556 -0.991441 -0
    outer loop
      vertex 191.305 54.4867 30
      vertex 191.305 54.4867 0
      vertex 191.608 54.4468 30
    endloop
  endfacet
  facet normal -0.216549 -0.976272 0
    outer loop
      vertex 191.906 54.3807 0
      vertex 191.906 54.3807 30
      vertex 191.608 54.4468 0
    endloop
  endfacet
  facet normal -0.216549 -0.976272 -0
    outer loop
      vertex 191.608 54.4468 30
      vertex 191.608 54.4468 0
      vertex 191.906 54.3807 30
    endloop
  endfacet
  facet normal -0.300849 -0.953672 0
    outer loop
      vertex 192.197 54.2889 0
      vertex 192.197 54.2889 30
      vertex 191.906 54.3807 0
    endloop
  endfacet
  facet normal -0.300849 -0.953672 -0
    outer loop
      vertex 191.906 54.3807 30
      vertex 191.906 54.3807 0
      vertex 192.197 54.2889 30
    endloop
  endfacet
  facet normal -0.38266 -0.923889 0
    outer loop
      vertex 192.479 54.1721 0
      vertex 192.479 54.1721 30
      vertex 192.197 54.2889 0
    endloop
  endfacet
  facet normal -0.38266 -0.923889 -0
    outer loop
      vertex 192.197 54.2889 30
      vertex 192.197 54.2889 0
      vertex 192.479 54.1721 30
    endloop
  endfacet
  facet normal -0.461559 -0.88711 0
    outer loop
      vertex 192.75 54.0311 0
      vertex 192.75 54.0311 30
      vertex 192.479 54.1721 0
    endloop
  endfacet
  facet normal -0.461559 -0.88711 -0
    outer loop
      vertex 192.479 54.1721 30
      vertex 192.479 54.1721 0
      vertex 192.75 54.0311 30
    endloop
  endfacet
  facet normal -0.538169 -0.842837 0
    outer loop
      vertex 193.007 53.867 0
      vertex 193.007 53.867 30
      vertex 192.75 54.0311 0
    endloop
  endfacet
  facet normal -0.538169 -0.842837 -0
    outer loop
      vertex 192.75 54.0311 30
      vertex 192.75 54.0311 0
      vertex 193.007 53.867 30
    endloop
  endfacet
  facet normal -0.607402 -0.794395 0
    outer loop
      vertex 193.25 53.6812 0
      vertex 193.25 53.6812 30
      vertex 193.007 53.867 0
    endloop
  endfacet
  facet normal -0.607402 -0.794395 -0
    outer loop
      vertex 193.007 53.867 30
      vertex 193.007 53.867 0
      vertex 193.25 53.6812 30
    endloop
  endfacet
  facet normal -0.675814 -0.737073 0
    outer loop
      vertex 193.475 53.4749 0
      vertex 193.475 53.4749 30
      vertex 193.25 53.6812 0
    endloop
  endfacet
  facet normal -0.675814 -0.737073 -0
    outer loop
      vertex 193.25 53.6812 30
      vertex 193.25 53.6812 0
      vertex 193.475 53.4749 30
    endloop
  endfacet
  facet normal -0.737712 -0.675116 0
    outer loop
      vertex 193.681 53.2498 0
      vertex 193.681 53.2498 30
      vertex 193.475 53.4749 0
    endloop
  endfacet
  facet normal -0.737712 -0.675116 -0
    outer loop
      vertex 193.475 53.4749 30
      vertex 193.475 53.4749 0
      vertex 193.681 53.2498 30
    endloop
  endfacet
  facet normal -0.793232 -0.608919 0
    outer loop
      vertex 193.867 53.0075 0
      vertex 193.867 53.0075 30
      vertex 193.681 53.2498 0
    endloop
  endfacet
  facet normal -0.793232 -0.608919 -0
    outer loop
      vertex 193.681 53.2498 30
      vertex 193.681 53.2498 0
      vertex 193.867 53.0075 30
    endloop
  endfacet
  facet normal -0.843459 -0.537193 0
    outer loop
      vertex 194.031 52.75 0
      vertex 194.031 52.75 30
      vertex 193.867 53.0075 0
    endloop
  endfacet
  facet normal -0.843459 -0.537193 -0
    outer loop
      vertex 193.867 53.0075 30
      vertex 193.867 53.0075 0
      vertex 194.031 52.75 30
    endloop
  endfacet
  facet normal -0.88697 -0.461827 0
    outer loop
      vertex 194.172 52.4792 0
      vertex 194.172 52.4792 30
      vertex 194.031 52.75 0
    endloop
  endfacet
  facet normal -0.88697 -0.461827 -0
    outer loop
      vertex 194.031 52.75 30
      vertex 194.031 52.75 0
      vertex 194.172 52.4792 30
    endloop
  endfacet
  facet normal -0.923705 -0.383104 0
    outer loop
      vertex 194.289 52.1971 0
      vertex 194.289 52.1971 30
      vertex 194.172 52.4792 0
    endloop
  endfacet
  facet normal -0.923705 -0.383104 -0
    outer loop
      vertex 194.172 52.4792 30
      vertex 194.172 52.4792 0
      vertex 194.289 52.1971 30
    endloop
  endfacet
  facet normal -0.953543 -0.301257 0
    outer loop
      vertex 194.381 51.9059 0
      vertex 194.381 51.9059 30
      vertex 194.289 52.1971 0
    endloop
  endfacet
  facet normal -0.953543 -0.301257 -0
    outer loop
      vertex 194.289 52.1971 30
      vertex 194.289 52.1971 0
      vertex 194.381 51.9059 30
    endloop
  endfacet
  facet normal -0.976356 -0.216167 0
    outer loop
      vertex 194.447 51.6078 0
      vertex 194.447 51.6078 30
      vertex 194.381 51.9059 0
    endloop
  endfacet
  facet normal -0.976356 -0.216167 -0
    outer loop
      vertex 194.381 51.9059 30
      vertex 194.381 51.9059 0
      vertex 194.447 51.6078 30
    endloop
  endfacet
  facet normal -0.991387 -0.130963 0
    outer loop
      vertex 194.487 51.305 0
      vertex 194.487 51.305 30
      vertex 194.447 51.6078 0
    endloop
  endfacet
  facet normal -0.991387 -0.130963 -0
    outer loop
      vertex 194.447 51.6078 30
      vertex 194.447 51.6078 0
      vertex 194.487 51.305 30
    endloop
  endfacet
  facet normal -0.999093 -0.0425843 0
    outer loop
      vertex 194.5 51 0
      vertex 194.5 51 30
      vertex 194.487 51.305 0
    endloop
  endfacet
  facet normal -0.999093 -0.0425843 -0
    outer loop
      vertex 194.487 51.305 30
      vertex 194.487 51.305 0
      vertex 194.5 51 30
    endloop
  endfacet
  facet normal -0.999093 0.0425843 0
    outer loop
      vertex 194.487 50.695 0
      vertex 194.487 50.695 30
      vertex 194.5 51 0
    endloop
  endfacet
  facet normal -0.999093 0.0425843 0
    outer loop
      vertex 194.5 51 30
      vertex 194.5 51 0
      vertex 194.487 50.695 30
    endloop
  endfacet
  facet normal -0.991387 0.130963 0
    outer loop
      vertex 194.447 50.3922 0
      vertex 194.447 50.3922 30
      vertex 194.487 50.695 0
    endloop
  endfacet
  facet normal -0.991387 0.130963 0
    outer loop
      vertex 194.487 50.695 30
      vertex 194.487 50.695 0
      vertex 194.447 50.3922 30
    endloop
  endfacet
  facet normal -0.976356 0.216167 0
    outer loop
      vertex 194.381 50.0941 0
      vertex 194.381 50.0941 30
      vertex 194.447 50.3922 0
    endloop
  endfacet
  facet normal -0.976356 0.216167 0
    outer loop
      vertex 194.447 50.3922 30
      vertex 194.447 50.3922 0
      vertex 194.381 50.0941 30
    endloop
  endfacet
  facet normal -0.953543 0.301257 0
    outer loop
      vertex 194.289 49.8029 0
      vertex 194.289 49.8029 30
      vertex 194.381 50.0941 0
    endloop
  endfacet
  facet normal -0.953543 0.301257 0
    outer loop
      vertex 194.381 50.0941 30
      vertex 194.381 50.0941 0
      vertex 194.289 49.8029 30
    endloop
  endfacet
  facet normal -0.923705 0.383104 0
    outer loop
      vertex 194.172 49.5208 0
      vertex 194.172 49.5208 30
      vertex 194.289 49.8029 0
    endloop
  endfacet
  facet normal -0.923705 0.383104 0
    outer loop
      vertex 194.289 49.8029 30
      vertex 194.289 49.8029 0
      vertex 194.172 49.5208 30
    endloop
  endfacet
  facet normal -0.88697 0.461827 0
    outer loop
      vertex 194.031 49.25 0
      vertex 194.031 49.25 30
      vertex 194.172 49.5208 0
    endloop
  endfacet
  facet normal -0.88697 0.461827 0
    outer loop
      vertex 194.172 49.5208 30
      vertex 194.172 49.5208 0
      vertex 194.031 49.25 30
    endloop
  endfacet
  facet normal -0.843459 0.537193 0
    outer loop
      vertex 193.867 48.9925 0
      vertex 193.867 48.9925 30
      vertex 194.031 49.25 0
    endloop
  endfacet
  facet normal -0.843459 0.537193 0
    outer loop
      vertex 194.031 49.25 30
      vertex 194.031 49.25 0
      vertex 193.867 48.9925 30
    endloop
  endfacet
  facet normal -0.793232 0.608919 0
    outer loop
      vertex 193.681 48.7502 0
      vertex 193.681 48.7502 30
      vertex 193.867 48.9925 0
    endloop
  endfacet
  facet normal -0.793232 0.608919 0
    outer loop
      vertex 193.867 48.9925 30
      vertex 193.867 48.9925 0
      vertex 193.681 48.7502 30
    endloop
  endfacet
  facet normal -0.737712 0.675116 0
    outer loop
      vertex 193.475 48.5251 0
      vertex 193.475 48.5251 30
      vertex 193.681 48.7502 0
    endloop
  endfacet
  facet normal -0.737712 0.675116 0
    outer loop
      vertex 193.681 48.7502 30
      vertex 193.681 48.7502 0
      vertex 193.475 48.5251 30
    endloop
  endfacet
  facet normal -0.675814 0.737073 0
    outer loop
      vertex 193.25 48.3188 0
      vertex 193.25 48.3188 30
      vertex 193.475 48.5251 0
    endloop
  endfacet
  facet normal -0.675814 0.737073 0
    outer loop
      vertex 193.475 48.5251 30
      vertex 193.475 48.5251 0
      vertex 193.25 48.3188 30
    endloop
  endfacet
  facet normal -0.607402 0.794395 0
    outer loop
      vertex 193.007 48.133 0
      vertex 193.007 48.133 30
      vertex 193.25 48.3188 0
    endloop
  endfacet
  facet normal -0.607402 0.794395 0
    outer loop
      vertex 193.25 48.3188 30
      vertex 193.25 48.3188 0
      vertex 193.007 48.133 30
    endloop
  endfacet
  facet normal -0.538169 0.842837 0
    outer loop
      vertex 192.75 47.9689 0
      vertex 192.75 47.9689 30
      vertex 193.007 48.133 0
    endloop
  endfacet
  facet normal -0.538169 0.842837 0
    outer loop
      vertex 193.007 48.133 30
      vertex 193.007 48.133 0
      vertex 192.75 47.9689 30
    endloop
  endfacet
  facet normal -0.461559 0.88711 0
    outer loop
      vertex 192.479 47.8279 0
      vertex 192.479 47.8279 30
      vertex 192.75 47.9689 0
    endloop
  endfacet
  facet normal -0.461559 0.88711 0
    outer loop
      vertex 192.75 47.9689 30
      vertex 192.75 47.9689 0
      vertex 192.479 47.8279 30
    endloop
  endfacet
  facet normal -0.38266 0.923889 0
    outer loop
      vertex 192.197 47.7111 0
      vertex 192.197 47.7111 30
      vertex 192.479 47.8279 0
    endloop
  endfacet
  facet normal -0.38266 0.923889 0
    outer loop
      vertex 192.479 47.8279 30
      vertex 192.479 47.8279 0
      vertex 192.197 47.7111 30
    endloop
  endfacet
  facet normal -0.300849 0.953672 0
    outer loop
      vertex 191.906 47.6193 0
      vertex 191.906 47.6193 30
      vertex 192.197 47.7111 0
    endloop
  endfacet
  facet normal -0.300849 0.953672 0
    outer loop
      vertex 192.197 47.7111 30
      vertex 192.197 47.7111 0
      vertex 191.906 47.6193 30
    endloop
  endfacet
  facet normal -0.216549 0.976272 0
    outer loop
      vertex 191.608 47.5532 0
      vertex 191.608 47.5532 30
      vertex 191.906 47.6193 0
    endloop
  endfacet
  facet normal -0.216549 0.976272 0
    outer loop
      vertex 191.906 47.6193 30
      vertex 191.906 47.6193 0
      vertex 191.608 47.5532 30
    endloop
  endfacet
  facet normal -0.130556 0.991441 0
    outer loop
      vertex 191.305 47.5133 0
      vertex 191.305 47.5133 30
      vertex 191.608 47.5532 0
    endloop
  endfacet
  facet normal -0.130556 0.991441 0
    outer loop
      vertex 191.608 47.5532 30
      vertex 191.608 47.5532 0
      vertex 191.305 47.5133 30
    endloop
  endfacet
  facet normal -0.0435652 0.999051 0
    outer loop
      vertex 191 47.5 0
      vertex 191 47.5 30
      vertex 191.305 47.5133 0
    endloop
  endfacet
  facet normal -0.0435652 0.999051 0
    outer loop
      vertex 191.305 47.5133 30
      vertex 191.305 47.5133 0
      vertex 191 47.5 30
    endloop
  endfacet
  facet normal 0 1 0
    outer loop
      vertex 173 47.5 0
      vertex 173 47.5 30
      vertex 191 47.5 0
    endloop
  endfacet
  facet normal 0 1 0
    outer loop
      vertex 191 47.5 30
      vertex 191 47.5 0
      vertex 173 47.5 30
    endloop
  endfacet
  facet normal 0.130662 0.991427 -0
    outer loop
      vertex 251.305 41.0608 0
      vertex 251.305 41.0608 30
      vertex 251.651 41.0152 0
    endloop
  endfacet
  facet normal 0.130662 0.991427 0
    outer loop
      vertex 251.651 41.0152 30
      vertex 251.651 41.0152 0
      vertex 251.305 41.0608 30
    endloop
  endfacet
  facet normal 0.216778 0.976221 -0
    outer loop
      vertex 250.965 41.1363 0
      vertex 250.965 41.1363 30
      vertex 251.305 41.0608 0
    endloop
  endfacet
  facet normal 0.216778 0.976221 0
    outer loop
      vertex 251.305 41.0608 30
      vertex 251.305 41.0608 0
      vertex 250.965 41.1363 30
    endloop
  endfacet
  facet normal 0.30046 0.953795 -0
    outer loop
      vertex 250.632 41.2412 0
      vertex 250.632 41.2412 30
      vertex 250.965 41.1363 0
    endloop
  endfacet
  facet normal 0.30046 0.953795 0
    outer loop
      vertex 250.965 41.1363 30
      vertex 250.965 41.1363 0
      vertex 250.632 41.2412 30
    endloop
  endfacet
  facet normal 0.382217 0.924073 -0
    outer loop
      vertex 250.309 41.3748 0
      vertex 250.309 41.3748 30
      vertex 250.632 41.2412 0
    endloop
  endfacet
  facet normal 0.382217 0.924073 0
    outer loop
      vertex 250.632 41.2412 30
      vertex 250.632 41.2412 0
      vertex 250.309 41.3748 30
    endloop
  endfacet
  facet normal 0.462301 0.886723 -0
    outer loop
      vertex 250 41.5359 0
      vertex 250 41.5359 30
      vertex 250.309 41.3748 0
    endloop
  endfacet
  facet normal 0.462301 0.886723 0
    outer loop
      vertex 250.309 41.3748 30
      vertex 250.309 41.3748 0
      vertex 250 41.5359 30
    endloop
  endfacet
  facet normal 0.53771 0.84313 -0
    outer loop
      vertex 249.706 41.7234 0
      vertex 249.706 41.7234 30
      vertex 250 41.5359 0
    endloop
  endfacet
  facet normal 0.53771 0.84313 0
    outer loop
      vertex 250 41.5359 30
      vertex 250 41.5359 0
      vertex 249.706 41.7234 30
    endloop
  endfacet
  facet normal 0.608492 0.79356 -0
    outer loop
      vertex 249.429 41.9358 0
      vertex 249.429 41.9358 30
      vertex 249.706 41.7234 0
    endloop
  endfacet
  facet normal 0.608492 0.79356 0
    outer loop
      vertex 249.706 41.7234 30
      vertex 249.706 41.7234 0
      vertex 249.429 41.9358 30
    endloop
  endfacet
  facet normal 0.676062 0.736845 -0
    outer loop
      vertex 249.172 42.1716 0
      vertex 249.172 42.1716 30
      vertex 249.429 41.9358 0
    endloop
  endfacet
  facet normal 0.676062 0.736845 0
    outer loop
      vertex 249.429 41.9358 30
      vertex 249.429 41.9358 0
      vertex 249.172 42.1716 30
    endloop
  endfacet
  facet normal 0.736821 0.676088 -0
    outer loop
      vertex 248.936 42.4288 0
      vertex 248.936 42.4288 30
      vertex 249.172 42.1716 0
    endloop
  endfacet
  facet normal 0.736821 0.676088 0
    outer loop
      vertex 249.172 42.1716 30
      vertex 249.172 42.1716 0
      vertex 248.936 42.4288 30
    endloop
  endfacet
  facet normal 0.792624 0.609711 -0
    outer loop
      vertex 248.723 42.7057 0
      vertex 248.723 42.7057 30
      vertex 248.936 42.4288 0
    endloop
  endfacet
  facet normal 0.792624 0.609711 0
    outer loop
      vertex 248.936 42.4288 30
      vertex 248.936 42.4288 0
      vertex 248.723 42.7057 30
    endloop
  endfacet
  facet normal 0.844027 0.5363 -0
    outer loop
      vertex 248.536 43 0
      vertex 248.536 43 30
      vertex 248.723 42.7057 0
    endloop
  endfacet
  facet normal 0.844027 0.5363 0
    outer loop
      vertex 248.723 42.7057 30
      vertex 248.723 42.7057 0
      vertex 248.536 43 30
    endloop
  endfacet
  facet normal 0.887146 0.461488 -0
    outer loop
      vertex 248.375 43.3095 0
      vertex 248.375 43.3095 30
      vertex 248.536 43 0
    endloop
  endfacet
  facet normal 0.887146 0.461488 0
    outer loop
      vertex 248.536 43 30
      vertex 248.536 43 0
      vertex 248.375 43.3095 30
    endloop
  endfacet
  facet normal 0.923416 0.383802 -0
    outer loop
      vertex 248.241 43.6319 0
      vertex 248.241 43.6319 30
      vertex 248.375 43.3095 0
    endloop
  endfacet
  facet normal 0.923416 0.383802 0
    outer loop
      vertex 248.375 43.3095 30
      vertex 248.375 43.3095 0
      vertex 248.241 43.6319 30
    endloop
  endfacet
  facet normal 0.953661 0.300885 -0
    outer loop
      vertex 248.136 43.9647 0
      vertex 248.136 43.9647 30
      vertex 248.241 43.6319 0
    endloop
  endfacet
  facet normal 0.953661 0.300885 0
    outer loop
      vertex 248.241 43.6319 30
      vertex 248.241 43.6319 0
      vertex 248.136 43.9647 30
    endloop
  endfacet
  facet normal 0.976617 0.214988 -0
    outer loop
      vertex 248.061 44.3054 0
      vertex 248.061 44.3054 30
      vertex 248.136 43.9647 0
    endloop
  endfacet
  facet normal 0.976617 0.214988 0
    outer loop
      vertex 248.136 43.9647 30
      vertex 248.136 43.9647 0
      vertex 248.061 44.3054 30
    endloop
  endfacet
  facet normal 0.991278 0.131788 -0
    outer loop
      vertex 248.015 44.6514 0
      vertex 248.015 44.6514 30
      vertex 248.061 44.3054 0
    endloop
  endfacet
  facet normal 0.991278 0.131788 0
    outer loop
      vertex 248.061 44.3054 30
      vertex 248.061 44.3054 0
      vertex 248.015 44.6514 30
    endloop
  endfacet
  facet normal 0.999076 0.0429895 -0
    outer loop
      vertex 248 45 0
      vertex 248 45 30
      vertex 248.015 44.6514 0
    endloop
  endfacet
  facet normal 0.999076 0.0429895 0
    outer loop
      vertex 248.015 44.6514 30
      vertex 248.015 44.6514 0
      vertex 248 45 30
    endloop
  endfacet
  facet normal 0.999076 -0.0429895 0
    outer loop
      vertex 248.015 45.3486 0
      vertex 248.015 45.3486 30
      vertex 248 45 0
    endloop
  endfacet
  facet normal 0.999076 -0.0429895 0
    outer loop
      vertex 248 45 30
      vertex 248 45 0
      vertex 248.015 45.3486 30
    endloop
  endfacet
  facet normal 0.991278 -0.131788 0
    outer loop
      vertex 248.061 45.6946 0
      vertex 248.061 45.6946 30
      vertex 248.015 45.3486 0
    endloop
  endfacet
  facet normal 0.991278 -0.131788 0
    outer loop
      vertex 248.015 45.3486 30
      vertex 248.015 45.3486 0
      vertex 248.061 45.6946 30
    endloop
  endfacet
  facet normal 0.976617 -0.214988 0
    outer loop
      vertex 248.136 46.0353 0
      vertex 248.136 46.0353 30
      vertex 248.061 45.6946 0
    endloop
  endfacet
  facet normal 0.976617 -0.214988 0
    outer loop
      vertex 248.061 45.6946 30
      vertex 248.061 45.6946 0
      vertex 248.136 46.0353 30
    endloop
  endfacet
  facet normal 0.953661 -0.300885 0
    outer loop
      vertex 248.241 46.3681 0
      vertex 248.241 46.3681 30
      vertex 248.136 46.0353 0
    endloop
  endfacet
  facet normal 0.953661 -0.300885 0
    outer loop
      vertex 248.136 46.0353 30
      vertex 248.136 46.0353 0
      vertex 248.241 46.3681 30
    endloop
  endfacet
  facet normal 0.923416 -0.383802 0
    outer loop
      vertex 248.375 46.6905 0
      vertex 248.375 46.6905 30
      vertex 248.241 46.3681 0
    endloop
  endfacet
  facet normal 0.923416 -0.383802 0
    outer loop
      vertex 248.241 46.3681 30
      vertex 248.241 46.3681 0
      vertex 248.375 46.6905 30
    endloop
  endfacet
  facet normal 0.887146 -0.461488 0
    outer loop
      vertex 248.536 47 0
      vertex 248.536 47 30
      vertex 248.375 46.6905 0
    endloop
  endfacet
  facet normal 0.887146 -0.461488 0
    outer loop
      vertex 248.375 46.6905 30
      vertex 248.375 46.6905 0
      vertex 248.536 47 30
    endloop
  endfacet
  facet normal 0.844027 -0.5363 0
    outer loop
      vertex 248.723 47.2943 0
      vertex 248.723 47.2943 30
      vertex 248.536 47 0
    endloop
  endfacet
  facet normal 0.844027 -0.5363 0
    outer loop
      vertex 248.536 47 30
      vertex 248.536 47 0
      vertex 248.723 47.2943 30
    endloop
  endfacet
  facet normal 0.792624 -0.609711 0
    outer loop
      vertex 248.936 47.5712 0
      vertex 248.936 47.5712 30
      vertex 248.723 47.2943 0
    endloop
  endfacet
  facet normal 0.792624 -0.609711 0
    outer loop
      vertex 248.723 47.2943 30
      vertex 248.723 47.2943 0
      vertex 248.936 47.5712 30
    endloop
  endfacet
  facet normal 0.736821 -0.676088 0
    outer loop
      vertex 249.172 47.8284 0
      vertex 249.172 47.8284 30
      vertex 248.936 47.5712 0
    endloop
  endfacet
  facet normal 0.736821 -0.676088 0
    outer loop
      vertex 248.936 47.5712 30
      vertex 248.936 47.5712 0
      vertex 249.172 47.8284 30
    endloop
  endfacet
  facet normal 0.676062 -0.736845 0
    outer loop
      vertex 249.429 48.0642 0
      vertex 249.429 48.0642 30
      vertex 249.172 47.8284 0
    endloop
  endfacet
  facet normal 0.676062 -0.736845 0
    outer loop
      vertex 249.172 47.8284 30
      vertex 249.172 47.8284 0
      vertex 249.429 48.0642 30
    endloop
  endfacet
  facet normal 0.608492 -0.79356 0
    outer loop
      vertex 249.706 48.2766 0
      vertex 249.706 48.2766 30
      vertex 249.429 48.0642 0
    endloop
  endfacet
  facet normal 0.608492 -0.79356 0
    outer loop
      vertex 249.429 48.0642 30
      vertex 249.429 48.0642 0
      vertex 249.706 48.2766 30
    endloop
  endfacet
  facet normal 0.53771 -0.84313 0
    outer loop
      vertex 250 48.4641 0
      vertex 250 48.4641 30
      vertex 249.706 48.2766 0
    endloop
  endfacet
  facet normal 0.53771 -0.84313 0
    outer loop
      vertex 249.706 48.2766 30
      vertex 249.706 48.2766 0
      vertex 250 48.4641 30
    endloop
  endfacet
  facet normal 0.462301 -0.886723 0
    outer loop
      vertex 250.309 48.6252 0
      vertex 250.309 48.6252 30
      vertex 250 48.4641 0
    endloop
  endfacet
  facet normal 0.462301 -0.886723 0
    outer loop
      vertex 250 48.4641 30
      vertex 250 48.4641 0
      vertex 250.309 48.6252 30
    endloop
  endfacet
  facet normal 0.382217 -0.924073 0
    outer loop
      vertex 250.632 48.7588 0
      vertex 250.632 48.7588 30
      vertex 250.309 48.6252 0
    endloop
  endfacet
  facet normal 0.382217 -0.924073 0
    outer loop
      vertex 250.309 48.6252 30
      vertex 250.309 48.6252 0
      vertex 250.632 48.7588 30
    endloop
  endfacet
  facet normal 0.30046 -0.953795 0
    outer loop
      vertex 250.965 48.8637 0
      vertex 250.965 48.8637 30
      vertex 250.632 48.7588 0
    endloop
  endfacet
  facet normal 0.30046 -0.953795 0
    outer loop
      vertex 250.632 48.7588 30
      vertex 250.632 48.7588 0
      vertex 250.965 48.8637 30
    endloop
  endfacet
  facet normal 0.216778 -0.976221 0
    outer loop
      vertex 251.305 48.9392 0
      vertex 251.305 48.9392 30
      vertex 250.965 48.8637 0
    endloop
  endfacet
  facet normal 0.216778 -0.976221 0
    outer loop
      vertex 250.965 48.8637 30
      vertex 250.965 48.8637 0
      vertex 251.305 48.9392 30
    endloop
  endfacet
  facet normal 0.130662 -0.991427 0
    outer loop
      vertex 251.651 48.9848 0
      vertex 251.651 48.9848 30
      vertex 251.305 48.9392 0
    endloop
  endfacet
  facet normal 0.130662 -0.991427 0
    outer loop
      vertex 251.305 48.9392 30
      vertex 251.305 48.9392 0
      vertex 251.651 48.9848 30
    endloop
  endfacet
  facet normal 0.0435118 -0.999053 0
    outer loop
      vertex 252 49 0
      vertex 252 49 30
      vertex 251.651 48.9848 0
    endloop
  endfacet
  facet normal 0.0435118 -0.999053 0
    outer loop
      vertex 251.651 48.9848 30
      vertex 251.651 48.9848 0
      vertex 252 49 30
    endloop
  endfacet
  facet normal -0.0435118 -0.999053 0
    outer loop
      vertex 252.349 48.9848 0
      vertex 252.349 48.9848 30
      vertex 252 49 0
    endloop
  endfacet
  facet normal -0.0435118 -0.999053 -0
    outer loop
      vertex 252 49 30
      vertex 252 49 0
      vertex 252.349 48.9848 30
    endloop
  endfacet
  facet normal -0.130662 -0.991427 0
    outer loop
      vertex 252.695 48.9392 0
      vertex 252.695 48.9392 30
      vertex 252.349 48.9848 0
    endloop
  endfacet
  facet normal -0.130662 -0.991427 -0
    outer loop
      vertex 252.349 48.9848 30
      vertex 252.349 48.9848 0
      vertex 252.695 48.9392 30
    endloop
  endfacet
  facet normal -0.216778 -0.976221 0
    outer loop
      vertex 253.035 48.8637 0
      vertex 253.035 48.8637 30
      vertex 252.695 48.9392 0
    endloop
  endfacet
  facet normal -0.216778 -0.976221 -0
    outer loop
      vertex 252.695 48.9392 30
      vertex 252.695 48.9392 0
      vertex 253.035 48.8637 30
    endloop
  endfacet
  facet normal -0.30046 -0.953795 0
    outer loop
      vertex 253.368 48.7588 0
      vertex 253.368 48.7588 30
      vertex 253.035 48.8637 0
    endloop
  endfacet
  facet normal -0.30046 -0.953795 -0
    outer loop
      vertex 253.035 48.8637 30
      vertex 253.035 48.8637 0
      vertex 253.368 48.7588 30
    endloop
  endfacet
  facet normal -0.38323 -0.923653 0
    outer loop
      vertex 253.69 48.6252 0
      vertex 253.69 48.6252 30
      vertex 253.368 48.7588 0
    endloop
  endfacet
  facet normal -0.38323 -0.923653 -0
    outer loop
      vertex 253.368 48.7588 30
      vertex 253.368 48.7588 0
      vertex 253.69 48.6252 30
    endloop
  endfacet
  facet normal -0.461127 -0.887334 0
    outer loop
      vertex 254 48.4641 0
      vertex 254 48.4641 30
      vertex 253.69 48.6252 0
    endloop
  endfacet
  facet normal -0.461127 -0.887334 -0
    outer loop
      vertex 253.69 48.6252 30
      vertex 253.69 48.6252 0
      vertex 254 48.4641 30
    endloop
  endfacet
  facet normal -0.53771 -0.84313 0
    outer loop
      vertex 254.294 48.2766 0
      vertex 254.294 48.2766 30
      vertex 254 48.4641 0
    endloop
  endfacet
  facet normal -0.53771 -0.84313 -0
    outer loop
      vertex 254 48.4641 30
      vertex 254 48.4641 0
      vertex 254.294 48.2766 30
    endloop
  endfacet
  facet normal -0.608492 -0.79356 0
    outer loop
      vertex 254.571 48.0642 0
      vertex 254.571 48.0642 30
      vertex 254.294 48.2766 0
    endloop
  endfacet
  facet normal -0.608492 -0.79356 -0
    outer loop
      vertex 254.294 48.2766 30
      vertex 254.294 48.2766 0
      vertex 254.571 48.0642 30
    endloop
  endfacet
  facet normal -0.676062 -0.736845 0
    outer loop
      vertex 254.828 47.8284 0
      vertex 254.828 47.8284 30
      vertex 254.571 48.0642 0
    endloop
  endfacet
  facet normal -0.676062 -0.736845 -0
    outer loop
      vertex 254.571 48.0642 30
      vertex 254.571 48.0642 0
      vertex 254.828 47.8284 30
    endloop
  endfacet
  facet normal -0.736821 -0.676088 0
    outer loop
      vertex 255.064 47.5712 0
      vertex 255.064 47.5712 30
      vertex 254.828 47.8284 0
    endloop
  endfacet
  facet normal -0.736821 -0.676088 -0
    outer loop
      vertex 254.828 47.8284 30
      vertex 254.828 47.8284 0
      vertex 255.064 47.5712 30
    endloop
  endfacet
  facet normal -0.792624 -0.609711 0
    outer loop
      vertex 255.277 47.2943 0
      vertex 255.277 47.2943 30
      vertex 255.064 47.5712 0
    endloop
  endfacet
  facet normal -0.792624 -0.609711 -0
    outer loop
      vertex 255.064 47.5712 30
      vertex 255.064 47.5712 0
      vertex 255.277 47.2943 30
    endloop
  endfacet
  facet normal -0.844027 -0.5363 0
    outer loop
      vertex 255.464 47 0
      vertex 255.464 47 30
      vertex 255.277 47.2943 0
    endloop
  endfacet
  facet normal -0.844027 -0.5363 -0
    outer loop
      vertex 255.277 47.2943 30
      vertex 255.277 47.2943 0
      vertex 255.464 47 30
    endloop
  endfacet
  facet normal -0.887146 -0.461488 0
    outer loop
      vertex 255.625 46.6905 0
      vertex 255.625 46.6905 30
      vertex 255.464 47 0
    endloop
  endfacet
  facet normal -0.887146 -0.461488 -0
    outer loop
      vertex 255.464 47 30
      vertex 255.464 47 0
      vertex 255.625 46.6905 30
    endloop
  endfacet
  facet normal -0.923416 -0.383802 0
    outer loop
      vertex 255.759 46.3681 0
      vertex 255.759 46.3681 30
      vertex 255.625 46.6905 0
    endloop
  endfacet
  facet normal -0.923416 -0.383802 -0
    outer loop
      vertex 255.625 46.6905 30
      vertex 255.625 46.6905 0
      vertex 255.759 46.3681 30
    endloop
  endfacet
  facet normal -0.953661 -0.300885 0
    outer loop
      vertex 255.864 46.0353 0
      vertex 255.864 46.0353 30
      vertex 255.759 46.3681 0
    endloop
  endfacet
  facet normal -0.953661 -0.300885 -0
    outer loop
      vertex 255.759 46.3681 30
      vertex 255.759 46.3681 0
      vertex 255.864 46.0353 30
    endloop
  endfacet
  facet normal -0.976617 -0.214988 0
    outer loop
      vertex 255.939 45.6946 0
      vertex 255.939 45.6946 30
      vertex 255.864 46.0353 0
    endloop
  endfacet
  facet normal -0.976617 -0.214988 -0
    outer loop
      vertex 255.864 46.0353 30
      vertex 255.864 46.0353 0
      vertex 255.939 45.6946 30
    endloop
  endfacet
  facet normal -0.991278 -0.131788 0
    outer loop
      vertex 255.985 45.3486 0
      vertex 255.985 45.3486 30
      vertex 255.939 45.6946 0
    endloop
  endfacet
  facet normal -0.991278 -0.131788 -0
    outer loop
      vertex 255.939 45.6946 30
      vertex 255.939 45.6946 0
      vertex 255.985 45.3486 30
    endloop
  endfacet
  facet normal -0.999076 -0.0429895 0
    outer loop
      vertex 256 45 0
      vertex 256 45 30
      vertex 255.985 45.3486 0
    endloop
  endfacet
  facet normal -0.999076 -0.0429895 -0
    outer loop
      vertex 255.985 45.3486 30
      vertex 255.985 45.3486 0
      vertex 256 45 30
    endloop
  endfacet
  facet normal -0.999076 0.0429895 0
    outer loop
      vertex 255.985 44.6514 0
      vertex 255.985 44.6514 30
      vertex 256 45 0
    endloop
  endfacet
  facet normal -0.999076 0.0429895 0
    outer loop
      vertex 256 45 30
      vertex 256 45 0
      vertex 255.985 44.6514 30
    endloop
  endfacet
  facet normal -0.991278 0.131788 0
    outer loop
      vertex 255.939 44.3054 0
      vertex 255.939 44.3054 30
      vertex 255.985 44.6514 0
    endloop
  endfacet
  facet normal -0.991278 0.131788 0
    outer loop
      vertex 255.985 44.6514 30
      vertex 255.985 44.6514 0
      vertex 255.939 44.3054 30
    endloop
  endfacet
  facet normal -0.976617 0.214988 0
    outer loop
      vertex 255.864 43.9647 0
      vertex 255.864 43.9647 30
      vertex 255.939 44.3054 0
    endloop
  endfacet
  facet normal -0.976617 0.214988 0
    outer loop
      vertex 255.939 44.3054 30
      vertex 255.939 44.3054 0
      vertex 255.864 43.9647 30
    endloop
  endfacet
  facet normal -0.953661 0.300885 0
    outer loop
      vertex 255.759 43.6319 0
      vertex 255.759 43.6319 30
      vertex 255.864 43.9647 0
    endloop
  endfacet
  facet normal -0.953661 0.300885 0
    outer loop
      vertex 255.864 43.9647 30
      vertex 255.864 43.9647 0
      vertex 255.759 43.6319 30
    endloop
  endfacet
  facet normal -0.923416 0.383802 0
    outer loop
      vertex 255.625 43.3095 0
      vertex 255.625 43.3095 30
      vertex 255.759 43.6319 0
    endloop
  endfacet
  facet normal -0.923416 0.383802 0
    outer loop
      vertex 255.759 43.6319 30
      vertex 255.759 43.6319 0
      vertex 255.625 43.3095 30
    endloop
  endfacet
  facet normal -0.887146 0.461488 0
    outer loop
      vertex 255.464 43 0
      vertex 255.464 43 30
      vertex 255.625 43.3095 0
    endloop
  endfacet
  facet normal -0.887146 0.461488 0
    outer loop
      vertex 255.625 43.3095 30
      vertex 255.625 43.3095 0
      vertex 255.464 43 30
    endloop
  endfacet
  facet normal -0.844027 0.5363 0
    outer loop
      vertex 255.277 42.7057 0
      vertex 255.277 42.7057 30
      vertex 255.464 43 0
    endloop
  endfacet
  facet normal -0.844027 0.5363 0
    outer loop
      vertex 255.464 43 30
      vertex 255.464 43 0
      vertex 255.277 42.7057 30
    endloop
  endfacet
  facet normal -0.792624 0.609711 0
    outer loop
      vertex 255.064 42.4288 0
      vertex 255.064 42.4288 30
      vertex 255.277 42.7057 0
    endloop
  endfacet
  facet normal -0.792624 0.609711 0
    outer loop
      vertex 255.277 42.7057 30
      vertex 255.277 42.7057 0
      vertex 255.064 42.4288 30
    endloop
  endfacet
  facet normal -0.736821 0.676088 0
    outer loop
      vertex 254.828 42.1716 0
      vertex 254.828 42.1716 30
      vertex 255.064 42.4288 0
    endloop
  endfacet
  facet normal -0.736821 0.676088 0
    outer loop
      vertex 255.064 42.4288 30
      vertex 255.064 42.4288 0
      vertex 254.828 42.1716 30
    endloop
  endfacet
  facet normal -0.676062 0.736845 0
    outer loop
      vertex 254.571 41.9358 0
      vertex 254.571 41.9358 30
      vertex 254.828 42.1716 0
    endloop
  endfacet
  facet normal -0.676062 0.736845 0
    outer loop
      vertex 254.828 42.1716 30
      vertex 254.828 42.1716 0
      vertex 254.571 41.9358 30
    endloop
  endfacet
  facet normal -0.608492 0.79356 0
    outer loop
      vertex 254.294 41.7234 0
      vertex 254.294 41.7234 30
      vertex 254.571 41.9358 0
    endloop
  endfacet
  facet normal -0.608492 0.79356 0
    outer loop
      vertex 254.571 41.9358 30
      vertex 254.571 41.9358 0
      vertex 254.294 41.7234 30
    endloop
  endfacet
  facet normal -0.53771 0.84313 0
    outer loop
      vertex 254 41.5359 0
      vertex 254 41.5359 30
      vertex 254.294 41.7234 0
    endloop
  endfacet
  facet normal -0.53771 0.84313 0
    outer loop
      vertex 254.294 41.7234 30
      vertex 254.294 41.7234 0
      vertex 254 41.5359 30
    endloop
  endfacet
  facet normal -0.461127 0.887334 0
    outer loop
      vertex 253.69 41.3748 0
      vertex 253.69 41.3748 30
      vertex 254 41.5359 0
    endloop
  endfacet
  facet normal -0.461127 0.887334 0
    outer loop
      vertex 254 41.5359 30
      vertex 254 41.5359 0
      vertex 253.69 41.3748 30
    endloop
  endfacet
  facet normal -0.38323 0.923653 0
    outer loop
      vertex 253.368 41.2412 0
      vertex 253.368 41.2412 30
      vertex 253.69 41.3748 0
    endloop
  endfacet
  facet normal -0.38323 0.923653 0
    outer loop
      vertex 253.69 41.3748 30
      vertex 253.69 41.3748 0
      vertex 253.368 41.2412 30
    endloop
  endfacet
  facet normal -0.30046 0.953795 0
    outer loop
      vertex 253.035 41.1363 0
      vertex 253.035 41.1363 30
      vertex 253.368 41.2412 0
    endloop
  endfacet
  facet normal -0.30046 0.953795 0
    outer loop
      vertex 253.368 41.2412 30
      vertex 253.368 41.2412 0
      vertex 253.035 41.1363 30
    endloop
  endfacet
  facet normal -0.216778 0.976221 0
    outer loop
      vertex 252.695 41.0608 0
      vertex 252.695 41.0608 30
      vertex 253.035 41.1363 0
    endloop
  endfacet
  facet normal -0.216778 0.976221 0
    outer loop
      vertex 253.035 41.1363 30
      vertex 253.035 41.1363 0
      vertex 252.695 41.0608 30
    endloop
  endfacet
  facet normal -0.130662 0.991427 0
    outer loop
      vertex 252.349 41.0152 0
      vertex 252.349 41.0152 30
      vertex 252.695 41.0608 0
    endloop
  endfacet
  facet normal -0.130662 0.991427 0
    outer loop
      vertex 252.695 41.0608 30
      vertex 252.695 41.0608 0
      vertex 252.349 41.0152 30
    endloop
  endfacet
  facet normal -0.0435118 0.999053 0
    outer loop
      vertex 252 41 0
      vertex 252 41 30
      vertex 252.349 41.0152 0
    endloop
  endfacet
  facet normal -0.0435118 0.999053 0
    outer loop
      vertex 252.349 41.0152 30
      vertex 252.349 41.0152 0
      vertex 252 41 30
    endloop
  endfacet
  facet normal 0.0435118 0.999053 -0
    outer loop
      vertex 251.651 41.0152 0
      vertex 251.651 41.0152 30
      vertex 252 41 0
    endloop
  endfacet
  facet normal 0.0435118 0.999053 0
    outer loop
      vertex 252 41 30
      vertex 252 41 0
      vertex 251.651 41.0152 30
    endloop
  endfacet
  facet normal 0.130595 0.991436 -0
    outer loop
      vertex 263.045 27.5836 0
      vertex 263.045 27.5836 30
      vertex 263.521 27.5209 0
    endloop
  endfacet
  facet normal 0.130595 0.991436 0
    outer loop
      vertex 263.521 27.5209 30
      vertex 263.521 27.5209 0
      vertex 263.045 27.5836 30
    endloop
  endfacet
  facet normal 0.216093 0.976373 -0
    outer loop
      vertex 262.576 27.6874 0
      vertex 262.576 27.6874 30
      vertex 263.045 27.5836 0
    endloop
  endfacet
  facet normal 0.216093 0.976373 0
    outer loop
      vertex 263.045 27.5836 30
      vertex 263.045 27.5836 0
      vertex 262.576 27.6874 30
    endloop
  endfacet
  facet normal 0.301101 0.953592 -0
    outer loop
      vertex 262.119 27.8317 0
      vertex 262.119 27.8317 30
      vertex 262.576 27.6874 0
    endloop
  endfacet
  facet normal 0.301101 0.953592 0
    outer loop
      vertex 262.576 27.6874 30
      vertex 262.576 27.6874 0
      vertex 262.119 27.8317 30
    endloop
  endfacet
  facet normal 0.382867 0.923803 -0
    outer loop
      vertex 261.676 28.0153 0
      vertex 261.676 28.0153 30
      vertex 262.119 27.8317 0
    endloop
  endfacet
  facet normal 0.382867 0.923803 0
    outer loop
      vertex 262.119 27.8317 30
      vertex 262.119 27.8317 0
      vertex 261.676 28.0153 30
    endloop
  endfacet
  facet normal 0.461484 0.887149 -0
    outer loop
      vertex 261.25 28.2369 0
      vertex 261.25 28.2369 30
      vertex 261.676 28.0153 0
    endloop
  endfacet
  facet normal 0.461484 0.887149 0
    outer loop
      vertex 261.676 28.0153 30
      vertex 261.676 28.0153 0
      vertex 261.25 28.2369 30
    endloop
  endfacet
  facet normal 0.536983 0.843593 -0
    outer loop
      vertex 260.845 28.4947 0
      vertex 260.845 28.4947 30
      vertex 261.25 28.2369 0
    endloop
  endfacet
  facet normal 0.536983 0.843593 0
    outer loop
      vertex 261.25 28.2369 30
      vertex 261.25 28.2369 0
      vertex 260.845 28.4947 30
    endloop
  endfacet
  facet normal 0.609438 0.792833 -0
    outer loop
      vertex 260.465 28.7868 0
      vertex 260.465 28.7868 30
      vertex 260.845 28.4947 0
    endloop
  endfacet
  facet normal 0.609438 0.792833 0
    outer loop
      vertex 260.845 28.4947 30
      vertex 260.845 28.4947 0
      vertex 260.465 28.7868 30
    endloop
  endfacet
  facet normal 0.675272 0.737569 -0
    outer loop
      vertex 260.111 29.1109 0
      vertex 260.111 29.1109 30
      vertex 260.465 28.7868 0
    endloop
  endfacet
  facet normal 0.675272 0.737569 0
    outer loop
      vertex 260.465 28.7868 30
      vertex 260.465 28.7868 0
      vertex 260.111 29.1109 30
    endloop
  endfacet
  facet normal 0.737483 0.675366 -0
    outer loop
      vertex 259.787 29.4647 0
      vertex 259.787 29.4647 30
      vertex 260.111 29.1109 0
    endloop
  endfacet
  facet normal 0.737483 0.675366 0
    outer loop
      vertex 260.111 29.1109 30
      vertex 260.111 29.1109 0
      vertex 259.787 29.4647 30
    endloop
  endfacet
  facet normal 0.793398 0.608703 -0
    outer loop
      vertex 259.495 29.8453 0
      vertex 259.495 29.8453 30
      vertex 259.787 29.4647 0
    endloop
  endfacet
  facet normal 0.793398 0.608703 0
    outer loop
      vertex 259.787 29.4647 30
      vertex 259.787 29.4647 0
      vertex 259.495 29.8453 30
    endloop
  endfacet
  facet normal 0.843224 0.537563 -0
    outer loop
      vertex 259.237 30.25 0
      vertex 259.237 30.25 30
      vertex 259.495 29.8453 0
    endloop
  endfacet
  facet normal 0.843224 0.537563 0
    outer loop
      vertex 259.495 29.8453 30
      vertex 259.495 29.8453 0
      vertex 259.237 30.25 30
    endloop
  endfacet
  facet normal 0.886629 0.462481 -0
    outer loop
      vertex 259.015 30.6756 0
      vertex 259.015 30.6756 30
      vertex 259.237 30.25 0
    endloop
  endfacet
  facet normal 0.886629 0.462481 0
    outer loop
      vertex 259.237 30.25 30
      vertex 259.237 30.25 0
      vertex 259.015 30.6756 30
    endloop
  endfacet
  facet normal 0.924337 0.381578 -0
    outer loop
      vertex 258.832 31.1189 0
      vertex 258.832 31.1189 30
      vertex 259.015 30.6756 0
    endloop
  endfacet
  facet normal 0.924337 0.381578 0
    outer loop
      vertex 259.015 30.6756 30
      vertex 259.015 30.6756 0
      vertex 258.832 31.1189 30
    endloop
  endfacet
  facet normal 0.953286 0.302068 -0
    outer loop
      vertex 258.687 31.5765 0
      vertex 258.687 31.5765 30
      vertex 258.832 31.1189 0
    endloop
  endfacet
  facet normal 0.953286 0.302068 0
    outer loop
      vertex 258.832 31.1189 30
      vertex 258.832 31.1189 0
      vertex 258.687 31.5765 30
    endloop
  endfacet
  facet normal 0.976665 0.214766 -0
    outer loop
      vertex 258.584 32.0449 0
      vertex 258.584 32.0449 30
      vertex 258.687 31.5765 0
    endloop
  endfacet
  facet normal 0.976665 0.214766 0
    outer loop
      vertex 258.687 31.5765 30
      vertex 258.687 31.5765 0
      vertex 258.584 32.0449 30
    endloop
  endfacet
  facet normal 0.991344 0.13129 -0
    outer loop
      vertex 258.521 32.5206 0
      vertex 258.521 32.5206 30
      vertex 258.584 32.0449 0
    endloop
  endfacet
  facet normal 0.991344 0.13129 0
    outer loop
      vertex 258.584 32.0449 30
      vertex 258.584 32.0449 0
      vertex 258.521 32.5206 30
    endloop
  endfacet
  facet normal 0.999042 0.0437628 -0
    outer loop
      vertex 258.5 33 0
      vertex 258.5 33 30
      vertex 258.521 32.5206 0
    endloop
  endfacet
  facet normal 0.999042 0.0437628 0
    outer loop
      vertex 258.521 32.5206 30
      vertex 258.521 32.5206 0
      vertex 258.5 33 30
    endloop
  endfacet
  facet normal 0.999042 -0.0437628 0
    outer loop
      vertex 258.521 33.4794 0
      vertex 258.521 33.4794 30
      vertex 258.5 33 0
    endloop
  endfacet
  facet normal 0.999042 -0.0437628 0
    outer loop
      vertex 258.5 33 30
      vertex 258.5 33 0
      vertex 258.521 33.4794 30
    endloop
  endfacet
  facet normal 0.991344 -0.13129 0
    outer loop
      vertex 258.584 33.9551 0
      vertex 258.584 33.9551 30
      vertex 258.521 33.4794 0
    endloop
  endfacet
  facet normal 0.991344 -0.13129 0
    outer loop
      vertex 258.521 33.4794 30
      vertex 258.521 33.4794 0
      vertex 258.584 33.9551 30
    endloop
  endfacet
  facet normal 0.976665 -0.214766 0
    outer loop
      vertex 258.687 34.4235 0
      vertex 258.687 34.4235 30
      vertex 258.584 33.9551 0
    endloop
  endfacet
  facet normal 0.976665 -0.214766 0
    outer loop
      vertex 258.584 33.9551 30
      vertex 258.584 33.9551 0
      vertex 258.687 34.4235 30
    endloop
  endfacet
  facet normal 0.953286 -0.302068 0
    outer loop
      vertex 258.832 34.8811 0
      vertex 258.832 34.8811 30
      vertex 258.687 34.4235 0
    endloop
  endfacet
  facet normal 0.953286 -0.302068 0
    outer loop
      vertex 258.687 34.4235 30
      vertex 258.687 34.4235 0
      vertex 258.832 34.8811 30
    endloop
  endfacet
  facet normal 0.924337 -0.381578 0
    outer loop
      vertex 259.015 35.3244 0
      vertex 259.015 35.3244 30
      vertex 258.832 34.8811 0
    endloop
  endfacet
  facet normal 0.924337 -0.381578 0
    outer loop
      vertex 258.832 34.8811 30
      vertex 258.832 34.8811 0
      vertex 259.015 35.3244 30
    endloop
  endfacet
  facet normal 0.886629 -0.462481 0
    outer loop
      vertex 259.237 35.75 0
      vertex 259.237 35.75 30
      vertex 259.015 35.3244 0
    endloop
  endfacet
  facet normal 0.886629 -0.462481 0
    outer loop
      vertex 259.015 35.3244 30
      vertex 259.015 35.3244 0
      vertex 259.237 35.75 30
    endloop
  endfacet
  facet normal 0.843224 -0.537563 0
    outer loop
      vertex 259.495 36.1547 0
      vertex 259.495 36.1547 30
      vertex 259.237 35.75 0
    endloop
  endfacet
  facet normal 0.843224 -0.537563 0
    outer loop
      vertex 259.237 35.75 30
      vertex 259.237 35.75 0
      vertex 259.495 36.1547 30
    endloop
  endfacet
  facet normal 0.793398 -0.608703 0
    outer loop
      vertex 259.787 36.5353 0
      vertex 259.787 36.5353 30
      vertex 259.495 36.1547 0
    endloop
  endfacet
  facet normal 0.793398 -0.608703 0
    outer loop
      vertex 259.495 36.1547 30
      vertex 259.495 36.1547 0
      vertex 259.787 36.5353 30
    endloop
  endfacet
  facet normal 0.737483 -0.675366 0
    outer loop
      vertex 260.111 36.8891 0
      vertex 260.111 36.8891 30
      vertex 259.787 36.5353 0
    endloop
  endfacet
  facet normal 0.737483 -0.675366 0
    outer loop
      vertex 259.787 36.5353 30
      vertex 259.787 36.5353 0
      vertex 260.111 36.8891 30
    endloop
  endfacet
  facet normal 0.675272 -0.737569 0
    outer loop
      vertex 260.465 37.2132 0
      vertex 260.465 37.2132 30
      vertex 260.111 36.8891 0
    endloop
  endfacet
  facet normal 0.675272 -0.737569 0
    outer loop
      vertex 260.111 36.8891 30
      vertex 260.111 36.8891 0
      vertex 260.465 37.2132 30
    endloop
  endfacet
  facet normal 0.609438 -0.792833 0
    outer loop
      vertex 260.845 37.5053 0
      vertex 260.845 37.5053 30
      vertex 260.465 37.2132 0
    endloop
  endfacet
  facet normal 0.609438 -0.792833 0
    outer loop
      vertex 260.465 37.2132 30
      vertex 260.465 37.2132 0
      vertex 260.845 37.5053 30
    endloop
  endfacet
  facet normal 0.536983 -0.843593 0
    outer loop
      vertex 261.25 37.7631 0
      vertex 261.25 37.7631 30
      vertex 260.845 37.5053 0
    endloop
  endfacet
  facet normal 0.536983 -0.843593 0
    outer loop
      vertex 260.845 37.5053 30
      vertex 260.845 37.5053 0
      vertex 261.25 37.7631 30
    endloop
  endfacet
  facet normal 0.461484 -0.887149 0
    outer loop
      vertex 261.676 37.9847 0
      vertex 261.676 37.9847 30
      vertex 261.25 37.7631 0
    endloop
  endfacet
  facet normal 0.461484 -0.887149 0
    outer loop
      vertex 261.25 37.7631 30
      vertex 261.25 37.7631 0
      vertex 261.676 37.9847 30
    endloop
  endfacet
  facet normal 0.382867 -0.923803 0
    outer loop
      vertex 262.119 38.1683 0
      vertex 262.119 38.1683 30
      vertex 261.676 37.9847 0
    endloop
  endfacet
  facet normal 0.382867 -0.923803 0
    outer loop
      vertex 261.676 37.9847 30
      vertex 261.676 37.9847 0
      vertex 262.119 38.1683 30
    endloop
  endfacet
  facet normal 0.301101 -0.953592 0
    outer loop
      vertex 262.576 38.3126 0
      vertex 262.576 38.3126 30
      vertex 262.119 38.1683 0
    endloop
  endfacet
  facet normal 0.301101 -0.953592 0
    outer loop
      vertex 262.119 38.1683 30
      vertex 262.119 38.1683 0
      vertex 262.576 38.3126 30
    endloop
  endfacet
  facet normal 0.216093 -0.976373 0
    outer loop
      vertex 263.045 38.4164 0
      vertex 263.045 38.4164 30
      vertex 262.576 38.3126 0
    endloop
  endfacet
  facet normal 0.216093 -0.976373 0
    outer loop
      vertex 262.576 38.3126 30
      vertex 262.576 38.3126 0
      vertex 263.045 38.4164 30
    endloop
  endfacet
  facet normal 0.130595 -0.991436 0
    outer loop
      vertex 263.521 38.4791 0
      vertex 263.521 38.4791 30
      vertex 263.045 38.4164 0
    endloop
  endfacet
  facet normal 0.130595 -0.991436 0
    outer loop
      vertex 263.045 38.4164 30
      vertex 263.045 38.4164 0
      vertex 263.521 38.4791 30
    endloop
  endfacet
  facet normal 0.0435911 -0.999049 0
    outer loop
      vertex 264 38.5 0
      vertex 264 38.5 30
      vertex 263.521 38.4791 0
    endloop
  endfacet
  facet normal 0.0435911 -0.999049 0
    outer loop
      vertex 263.521 38.4791 30
      vertex 263.521 38.4791 0
      vertex 264 38.5 30
    endloop
  endfacet
  facet normal -0.0435911 -0.999049 0
    outer loop
      vertex 264.479 38.4791 0
      vertex 264.479 38.4791 30
      vertex 264 38.5 0
    endloop
  endfacet
  facet normal -0.0435911 -0.999049 -0
    outer loop
      vertex 264 38.5 30
      vertex 264 38.5 0
      vertex 264.479 38.4791 30
    endloop
  endfacet
  facet normal -0.130595 -0.991436 0
    outer loop
      vertex 264.955 38.4164 0
      vertex 264.955 38.4164 30
      vertex 264.479 38.4791 0
    endloop
  endfacet
  facet normal -0.130595 -0.991436 -0
    outer loop
      vertex 264.479 38.4791 30
      vertex 264.479 38.4791 0
      vertex 264.955 38.4164 30
    endloop
  endfacet
  facet normal -0.216533 -0.976275 0
    outer loop
      vertex 265.423 38.3126 0
      vertex 265.423 38.3126 30
      vertex 264.955 38.4164 0
    endloop
  endfacet
  facet normal -0.216533 -0.976275 -0
    outer loop
      vertex 264.955 38.4164 30
      vertex 264.955 38.4164 0
      vertex 265.423 38.3126 30
    endloop
  endfacet
  facet normal -0.300503 -0.953781 0
    outer loop
      vertex 265.881 38.1683 0
      vertex 265.881 38.1683 30
      vertex 265.423 38.3126 0
    endloop
  endfacet
  facet normal -0.300503 -0.953781 -0
    outer loop
      vertex 265.423 38.3126 30
      vertex 265.423 38.3126 0
      vertex 265.881 38.1683 30
    endloop
  endfacet
  facet normal -0.382867 -0.923803 0
    outer loop
      vertex 266.324 37.9847 0
      vertex 266.324 37.9847 30
      vertex 265.881 38.1683 0
    endloop
  endfacet
  facet normal -0.382867 -0.923803 -0
    outer loop
      vertex 265.881 38.1683 30
      vertex 265.881 38.1683 0
      vertex 266.324 37.9847 30
    endloop
  endfacet
  facet normal -0.461484 -0.887149 0
    outer loop
      vertex 266.75 37.7631 0
      vertex 266.75 37.7631 30
      vertex 266.324 37.9847 0
    endloop
  endfacet
  facet normal -0.461484 -0.887149 -0
    outer loop
      vertex 266.324 37.9847 30
      vertex 266.324 37.9847 0
      vertex 266.75 37.7631 30
    endloop
  endfacet
  facet normal -0.536983 -0.843593 0
    outer loop
      vertex 267.155 37.5053 0
      vertex 267.155 37.5053 30
      vertex 266.75 37.7631 0
    endloop
  endfacet
  facet normal -0.536983 -0.843593 -0
    outer loop
      vertex 266.75 37.7631 30
      vertex 266.75 37.7631 0
      vertex 267.155 37.5053 30
    endloop
  endfacet
  facet normal -0.609438 -0.792833 0
    outer loop
      vertex 267.535 37.2132 0
      vertex 267.535 37.2132 30
      vertex 267.155 37.5053 0
    endloop
  endfacet
  facet normal -0.609438 -0.792833 -0
    outer loop
      vertex 267.155 37.5053 30
      vertex 267.155 37.5053 0
      vertex 267.535 37.2132 30
    endloop
  endfacet
  facet normal -0.675272 -0.737569 0
    outer loop
      vertex 267.889 36.8891 0
      vertex 267.889 36.8891 30
      vertex 267.535 37.2132 0
    endloop
  endfacet
  facet normal -0.675272 -0.737569 -0
    outer loop
      vertex 267.535 37.2132 30
      vertex 267.535 37.2132 0
      vertex 267.889 36.8891 30
    endloop
  endfacet
  facet normal -0.737483 -0.675366 0
    outer loop
      vertex 268.213 36.5353 0
      vertex 268.213 36.5353 30
      vertex 267.889 36.8891 0
    endloop
  endfacet
  facet normal -0.737483 -0.675366 -0
    outer loop
      vertex 267.889 36.8891 30
      vertex 267.889 36.8891 0
      vertex 268.213 36.5353 30
    endloop
  endfacet
  facet normal -0.793398 -0.608703 0
    outer loop
      vertex 268.505 36.1547 0
      vertex 268.505 36.1547 30
      vertex 268.213 36.5353 0
    endloop
  endfacet
  facet normal -0.793398 -0.608703 -0
    outer loop
      vertex 268.213 36.5353 30
      vertex 268.213 36.5353 0
      vertex 268.505 36.1547 30
    endloop
  endfacet
  facet normal -0.843224 -0.537563 0
    outer loop
      vertex 268.763 35.75 0
      vertex 268.763 35.75 30
      vertex 268.505 36.1547 0
    endloop
  endfacet
  facet normal -0.843224 -0.537563 -0
    outer loop
      vertex 268.505 36.1547 30
      vertex 268.505 36.1547 0
      vertex 268.763 35.75 30
    endloop
  endfacet
  facet normal -0.886629 -0.462481 0
    outer loop
      vertex 268.985 35.3244 0
      vertex 268.985 35.3244 30
      vertex 268.763 35.75 0
    endloop
  endfacet
  facet normal -0.886629 -0.462481 -0
    outer loop
      vertex 268.763 35.75 30
      vertex 268.763 35.75 0
      vertex 268.985 35.3244 30
    endloop
  endfacet
  facet normal -0.924337 -0.381578 0
    outer loop
      vertex 269.168 34.8811 0
      vertex 269.168 34.8811 30
      vertex 268.985 35.3244 0
    endloop
  endfacet
  facet normal -0.924337 -0.381578 -0
    outer loop
      vertex 268.985 35.3244 30
      vertex 268.985 35.3244 0
      vertex 269.168 34.8811 30
    endloop
  endfacet
  facet normal -0.953286 -0.302068 0
    outer loop
      vertex 269.313 34.4235 0
      vertex 269.313 34.4235 30
      vertex 269.168 34.8811 0
    endloop
  endfacet
  facet normal -0.953286 -0.302068 -0
    outer loop
      vertex 269.168 34.8811 30
      vertex 269.168 34.8811 0
      vertex 269.313 34.4235 30
    endloop
  endfacet
  facet normal -0.976665 -0.214766 0
    outer loop
      vertex 269.416 33.9551 0
      vertex 269.416 33.9551 30
      vertex 269.313 34.4235 0
    endloop
  endfacet
  facet normal -0.976665 -0.214766 -0
    outer loop
      vertex 269.313 34.4235 30
      vertex 269.313 34.4235 0
      vertex 269.416 33.9551 30
    endloop
  endfacet
  facet normal -0.991344 -0.13129 0
    outer loop
      vertex 269.479 33.4794 0
      vertex 269.479 33.4794 30
      vertex 269.416 33.9551 0
    endloop
  endfacet
  facet normal -0.991344 -0.13129 -0
    outer loop
      vertex 269.416 33.9551 30
      vertex 269.416 33.9551 0
      vertex 269.479 33.4794 30
    endloop
  endfacet
  facet normal -0.999042 -0.0437628 0
    outer loop
      vertex 269.5 33 0
      vertex 269.5 33 30
      vertex 269.479 33.4794 0
    endloop
  endfacet
  facet normal -0.999042 -0.0437628 -0
    outer loop
      vertex 269.479 33.4794 30
      vertex 269.479 33.4794 0
      vertex 269.5 33 30
    endloop
  endfacet
  facet normal -0.999042 0.0437628 0
    outer loop
      vertex 269.479 32.5206 0
      vertex 269.479 32.5206 30
      vertex 269.5 33 0
    endloop
  endfacet
  facet normal -0.999042 0.0437628 0
    outer loop
      vertex 269.5 33 30
      vertex 269.5 33 0
      vertex 269.479 32.5206 30
    endloop
  endfacet
  facet normal -0.991344 0.13129 0
    outer loop
      vertex 269.416 32.0449 0
      vertex 269.416 32.0449 30
      vertex 269.479 32.5206 0
    endloop
  endfacet
  facet normal -0.991344 0.13129 0
    outer loop
      vertex 269.479 32.5206 30
      vertex 269.479 32.5206 0
      vertex 269.416 32.0449 30
    endloop
  endfacet
  facet normal -0.976665 0.214766 0
    outer loop
      vertex 269.313 31.5765 0
      vertex 269.313 31.5765 30
      vertex 269.416 32.0449 0
    endloop
  endfacet
  facet normal -0.976665 0.214766 0
    outer loop
      vertex 269.416 32.0449 30
      vertex 269.416 32.0449 0
      vertex 269.313 31.5765 30
    endloop
  endfacet
  facet normal -0.953286 0.302068 0
    outer loop
      vertex 269.168 31.1189 0
      vertex 269.168 31.1189 30
      vertex 269.313 31.5765 0
    endloop
  endfacet
  facet normal -0.953286 0.302068 0
    outer loop
      vertex 269.313 31.5765 30
      vertex 269.313 31.5765 0
      vertex 269.168 31.1189 30
    endloop
  endfacet
  facet normal -0.924337 0.381578 0
    outer loop
      vertex 268.985 30.6756 0
      vertex 268.985 30.6756 30
      vertex 269.168 31.1189 0
    endloop
  endfacet
  facet normal -0.924337 0.381578 0
    outer loop
      vertex 269.168 31.1189 30
      vertex 269.168 31.1189 0
      vertex 268.985 30.6756 30
    endloop
  endfacet
  facet normal -0.886629 0.462481 0
    outer loop
      vertex 268.763 30.25 0
      vertex 268.763 30.25 30
      vertex 268.985 30.6756 0
    endloop
  endfacet
  facet normal -0.886629 0.462481 0
    outer loop
      vertex 268.985 30.6756 30
      vertex 268.985 30.6756 0
      vertex 268.763 30.25 30
    endloop
  endfacet
  facet normal -0.843224 0.537563 0
    outer loop
      vertex 268.505 29.8453 0
      vertex 268.505 29.8453 30
      vertex 268.763 30.25 0
    endloop
  endfacet
  facet normal -0.843224 0.537563 0
    outer loop
      vertex 268.763 30.25 30
      vertex 268.763 30.25 0
      vertex 268.505 29.8453 30
    endloop
  endfacet
  facet normal -0.793398 0.608703 0
    outer loop
      vertex 268.213 29.4647 0
      vertex 268.213 29.4647 30
      vertex 268.505 29.8453 0
    endloop
  endfacet
  facet normal -0.793398 0.608703 0
    outer loop
      vertex 268.505 29.8453 30
      vertex 268.505 29.8453 0
      vertex 268.213 29.4647 30
    endloop
  endfacet
  facet normal -0.737483 0.675366 0
    outer loop
      vertex 267.889 29.1109 0
      vertex 267.889 29.1109 30
      vertex 268.213 29.4647 0
    endloop
  endfacet
  facet normal -0.737483 0.675366 0
    outer loop
      vertex 268.213 29.4647 30
      vertex 268.213 29.4647 0
      vertex 267.889 29.1109 30
    endloop
  endfacet
  facet normal -0.675272 0.737569 0
    outer loop
      vertex 267.535 28.7868 0
      vertex 267.535 28.7868 30
      vertex 267.889 29.1109 0
    endloop
  endfacet
  facet normal -0.675272 0.737569 0
    outer loop
      vertex 267.889 29.1109 30
      vertex 267.889 29.1109 0
      vertex 267.535 28.7868 30
    endloop
  endfacet
  facet normal -0.609438 0.792833 0
    outer loop
      vertex 267.155 28.4947 0
      vertex 267.155 28.4947 30
      vertex 267.535 28.7868 0
    endloop
  endfacet
  facet normal -0.609438 0.792833 0
    outer loop
      vertex 267.535 28.7868 30
      vertex 267.535 28.7868 0
      vertex 267.155 28.4947 30
    endloop
  endfacet
  facet normal -0.536983 0.843593 0
    outer loop
      vertex 266.75 28.2369 0
      vertex 266.75 28.2369 30
      vertex 267.155 28.4947 0
    endloop
  endfacet
  facet normal -0.536983 0.843593 0
    outer loop
      vertex 267.155 28.4947 30
      vertex 267.155 28.4947 0
      vertex 266.75 28.2369 30
    endloop
  endfacet
  facet normal -0.461484 0.887149 0
    outer loop
      vertex 266.324 28.0153 0
      vertex 266.324 28.0153 30
      vertex 266.75 28.2369 0
    endloop
  endfacet
  facet normal -0.461484 0.887149 0
    outer loop
      vertex 266.75 28.2369 30
      vertex 266.75 28.2369 0
      vertex 266.324 28.0153 30
    endloop
  endfacet
  facet normal -0.382867 0.923803 0
    outer loop
      vertex 265.881 27.8317 0
      vertex 265.881 27.8317 30
      vertex 266.324 28.0153 0
    endloop
  endfacet
  facet normal -0.382867 0.923803 0
    outer loop
      vertex 266.324 28.0153 30
      vertex 266.324 28.0153 0
      vertex 265.881 27.8317 30
    endloop
  endfacet
  facet normal -0.300503 0.953781 0
    outer loop
      vertex 265.423 27.6874 0
      vertex 265.423 27.6874 30
      vertex 265.881 27.8317 0
    endloop
  endfacet
  facet normal -0.300503 0.953781 0
    outer loop
      vertex 265.881 27.8317 30
      vertex 265.881 27.8317 0
      vertex 265.423 27.6874 30
    endloop
  endfacet
  facet normal -0.216533 0.976275 0
    outer loop
      vertex 264.955 27.5836 0
      vertex 264.955 27.5836 30
      vertex 265.423 27.6874 0
    endloop
  endfacet
  facet normal -0.216533 0.976275 0
    outer loop
      vertex 265.423 27.6874 30
      vertex 265.423 27.6874 0
      vertex 264.955 27.5836 30
    endloop
  endfacet
  facet normal -0.130595 0.991436 0
    outer loop
      vertex 264.479 27.5209 0
      vertex 264.479 27.5209 30
      vertex 264.955 27.5836 0
    endloop
  endfacet
  facet normal -0.130595 0.991436 0
    outer loop
      vertex 264.955 27.5836 30
      vertex 264.955 27.5836 0
      vertex 264.479 27.5209 30
    endloop
  endfacet
  facet normal -0.0435911 0.999049 0
    outer loop
      vertex 264 27.5 0
      vertex 264 27.5 30
      vertex 264.479 27.5209 0
    endloop
  endfacet
  facet normal -0.0435911 0.999049 0
    outer loop
      vertex 264.479 27.5209 30
      vertex 264.479 27.5209 0
      vertex 264 27.5 30
    endloop
  endfacet
  facet normal 0.0435911 0.999049 -0
    outer loop
      vertex 263.521 27.5209 0
      vertex 263.521 27.5209 30
      vertex 264 27.5 0
    endloop
  endfacet
  facet normal 0.0435911 0.999049 0
    outer loop
      vertex 264 27.5 30
      vertex 264 27.5 0
      vertex 263.521 27.5209 30
    endloop
  endfacet
  facet normal 0.130595 0.991436 -0
    outer loop
      vertex 181.045 27.5836 0
      vertex 181.045 27.5836 30
      vertex 181.521 27.5209 0
    endloop
  endfacet
  facet normal 0.130595 0.991436 0
    outer loop
      vertex 181.521 27.5209 30
      vertex 181.521 27.5209 0
      vertex 181.045 27.5836 30
    endloop
  endfacet
  facet normal 0.216093 0.976373 -0
    outer loop
      vertex 180.576 27.6874 0
      vertex 180.576 27.6874 30
      vertex 181.045 27.5836 0
    endloop
  endfacet
  facet normal 0.216093 0.976373 0
    outer loop
      vertex 181.045 27.5836 30
      vertex 181.045 27.5836 0
      vertex 180.576 27.6874 30
    endloop
  endfacet
  facet normal 0.301101 0.953592 -0
    outer loop
      vertex 180.119 27.8317 0
      vertex 180.119 27.8317 30
      vertex 180.576 27.6874 0
    endloop
  endfacet
  facet normal 0.301101 0.953592 0
    outer loop
      vertex 180.576 27.6874 30
      vertex 180.576 27.6874 0
      vertex 180.119 27.8317 30
    endloop
  endfacet
  facet normal 0.382867 0.923803 -0
    outer loop
      vertex 179.676 28.0153 0
      vertex 179.676 28.0153 30
      vertex 180.119 27.8317 0
    endloop
  endfacet
  facet normal 0.382867 0.923803 0
    outer loop
      vertex 180.119 27.8317 30
      vertex 180.119 27.8317 0
      vertex 179.676 28.0153 30
    endloop
  endfacet
  facet normal 0.461484 0.887149 -0
    outer loop
      vertex 179.25 28.2369 0
      vertex 179.25 28.2369 30
      vertex 179.676 28.0153 0
    endloop
  endfacet
  facet normal 0.461484 0.887149 0
    outer loop
      vertex 179.676 28.0153 30
      vertex 179.676 28.0153 0
      vertex 179.25 28.2369 30
    endloop
  endfacet
  facet normal 0.536983 0.843593 -0
    outer loop
      vertex 178.845 28.4947 0
      vertex 178.845 28.4947 30
      vertex 179.25 28.2369 0
    endloop
  endfacet
  facet normal 0.536983 0.843593 0
    outer loop
      vertex 179.25 28.2369 30
      vertex 179.25 28.2369 0
      vertex 178.845 28.4947 30
    endloop
  endfacet
  facet normal 0.609438 0.792833 -0
    outer loop
      vertex 178.465 28.7868 0
      vertex 178.465 28.7868 30
      vertex 178.845 28.4947 0
    endloop
  endfacet
  facet normal 0.609438 0.792833 0
    outer loop
      vertex 178.845 28.4947 30
      vertex 178.845 28.4947 0
      vertex 178.465 28.7868 30
    endloop
  endfacet
  facet normal 0.675272 0.737569 -0
    outer loop
      vertex 178.111 29.1109 0
      vertex 178.111 29.1109 30
      vertex 178.465 28.7868 0
    endloop
  endfacet
  facet normal 0.675272 0.737569 0
    outer loop
      vertex 178.465 28.7868 30
      vertex 178.465 28.7868 0
      vertex 178.111 29.1109 30
    endloop
  endfacet
  facet normal 0.737483 0.675366 -0
    outer loop
      vertex 177.787 29.4647 0
      vertex 177.787 29.4647 30
      vertex 178.111 29.1109 0
    endloop
  endfacet
  facet normal 0.737483 0.675366 0
    outer loop
      vertex 178.111 29.1109 30
      vertex 178.111 29.1109 0
      vertex 177.787 29.4647 30
    endloop
  endfacet
  facet normal 0.793398 0.608703 -0
    outer loop
      vertex 177.495 29.8453 0
      vertex 177.495 29.8453 30
      vertex 177.787 29.4647 0
    endloop
  endfacet
  facet normal 0.793398 0.608703 0
    outer loop
      vertex 177.787 29.4647 30
      vertex 177.787 29.4647 0
      vertex 177.495 29.8453 30
    endloop
  endfacet
  facet normal 0.843224 0.537563 -0
    outer loop
      vertex 177.237 30.25 0
      vertex 177.237 30.25 30
      vertex 177.495 29.8453 0
    endloop
  endfacet
  facet normal 0.843224 0.537563 0
    outer loop
      vertex 177.495 29.8453 30
      vertex 177.495 29.8453 0
      vertex 177.237 30.25 30
    endloop
  endfacet
  facet normal 0.886629 0.462481 -0
    outer loop
      vertex 177.015 30.6756 0
      vertex 177.015 30.6756 30
      vertex 177.237 30.25 0
    endloop
  endfacet
  facet normal 0.886629 0.462481 0
    outer loop
      vertex 177.237 30.25 30
      vertex 177.237 30.25 0
      vertex 177.015 30.6756 30
    endloop
  endfacet
  facet normal 0.924337 0.381578 -0
    outer loop
      vertex 176.832 31.1189 0
      vertex 176.832 31.1189 30
      vertex 177.015 30.6756 0
    endloop
  endfacet
  facet normal 0.924337 0.381578 0
    outer loop
      vertex 177.015 30.6756 30
      vertex 177.015 30.6756 0
      vertex 176.832 31.1189 30
    endloop
  endfacet
  facet normal 0.953286 0.302068 -0
    outer loop
      vertex 176.687 31.5765 0
      vertex 176.687 31.5765 30
      vertex 176.832 31.1189 0
    endloop
  endfacet
  facet normal 0.953286 0.302068 0
    outer loop
      vertex 176.832 31.1189 30
      vertex 176.832 31.1189 0
      vertex 176.687 31.5765 30
    endloop
  endfacet
  facet normal 0.976665 0.214766 -0
    outer loop
      vertex 176.584 32.0449 0
      vertex 176.584 32.0449 30
      vertex 176.687 31.5765 0
    endloop
  endfacet
  facet normal 0.976665 0.214766 0
    outer loop
      vertex 176.687 31.5765 30
      vertex 176.687 31.5765 0
      vertex 176.584 32.0449 30
    endloop
  endfacet
  facet normal 0.991344 0.13129 -0
    outer loop
      vertex 176.521 32.5206 0
      vertex 176.521 32.5206 30
      vertex 176.584 32.0449 0
    endloop
  endfacet
  facet normal 0.991344 0.13129 0
    outer loop
      vertex 176.584 32.0449 30
      vertex 176.584 32.0449 0
      vertex 176.521 32.5206 30
    endloop
  endfacet
  facet normal 0.999042 0.0437628 -0
    outer loop
      vertex 176.5 33 0
      vertex 176.5 33 30
      vertex 176.521 32.5206 0
    endloop
  endfacet
  facet normal 0.999042 0.0437628 0
    outer loop
      vertex 176.521 32.5206 30
      vertex 176.521 32.5206 0
      vertex 176.5 33 30
    endloop
  endfacet
  facet normal 0.999042 -0.0437628 0
    outer loop
      vertex 176.521 33.4794 0
      vertex 176.521 33.4794 30
      vertex 176.5 33 0
    endloop
  endfacet
  facet normal 0.999042 -0.0437628 0
    outer loop
      vertex 176.5 33 30
      vertex 176.5 33 0
      vertex 176.521 33.4794 30
    endloop
  endfacet
  facet normal 0.991344 -0.13129 0
    outer loop
      vertex 176.584 33.9551 0
      vertex 176.584 33.9551 30
      vertex 176.521 33.4794 0
    endloop
  endfacet
  facet normal 0.991344 -0.13129 0
    outer loop
      vertex 176.521 33.4794 30
      vertex 176.521 33.4794 0
      vertex 176.584 33.9551 30
    endloop
  endfacet
  facet normal 0.976665 -0.214766 0
    outer loop
      vertex 176.687 34.4235 0
      vertex 176.687 34.4235 30
      vertex 176.584 33.9551 0
    endloop
  endfacet
  facet normal 0.976665 -0.214766 0
    outer loop
      vertex 176.584 33.9551 30
      vertex 176.584 33.9551 0
      vertex 176.687 34.4235 30
    endloop
  endfacet
  facet normal 0.953286 -0.302068 0
    outer loop
      vertex 176.832 34.8811 0
      vertex 176.832 34.8811 30
      vertex 176.687 34.4235 0
    endloop
  endfacet
  facet normal 0.953286 -0.302068 0
    outer loop
      vertex 176.687 34.4235 30
      vertex 176.687 34.4235 0
      vertex 176.832 34.8811 30
    endloop
  endfacet
  facet normal 0.924337 -0.381578 0
    outer loop
      vertex 177.015 35.3244 0
      vertex 177.015 35.3244 30
      vertex 176.832 34.8811 0
    endloop
  endfacet
  facet normal 0.924337 -0.381578 0
    outer loop
      vertex 176.832 34.8811 30
      vertex 176.832 34.8811 0
      vertex 177.015 35.3244 30
    endloop
  endfacet
  facet normal 0.886629 -0.462481 0
    outer loop
      vertex 177.237 35.75 0
      vertex 177.237 35.75 30
      vertex 177.015 35.3244 0
    endloop
  endfacet
  facet normal 0.886629 -0.462481 0
    outer loop
      vertex 177.015 35.3244 30
      vertex 177.015 35.3244 0
      vertex 177.237 35.75 30
    endloop
  endfacet
  facet normal 0.843224 -0.537563 0
    outer loop
      vertex 177.495 36.1547 0
      vertex 177.495 36.1547 30
      vertex 177.237 35.75 0
    endloop
  endfacet
  facet normal 0.843224 -0.537563 0
    outer loop
      vertex 177.237 35.75 30
      vertex 177.237 35.75 0
      vertex 177.495 36.1547 30
    endloop
  endfacet
  facet normal 0.793398 -0.608703 0
    outer loop
      vertex 177.787 36.5353 0
      vertex 177.787 36.5353 30
      vertex 177.495 36.1547 0
    endloop
  endfacet
  facet normal 0.793398 -0.608703 0
    outer loop
      vertex 177.495 36.1547 30
      vertex 177.495 36.1547 0
      vertex 177.787 36.5353 30
    endloop
  endfacet
  facet normal 0.737483 -0.675366 0
    outer loop
      vertex 178.111 36.8891 0
      vertex 178.111 36.8891 30
      vertex 177.787 36.5353 0
    endloop
  endfacet
  facet normal 0.737483 -0.675366 0
    outer loop
      vertex 177.787 36.5353 30
      vertex 177.787 36.5353 0
      vertex 178.111 36.8891 30
    endloop
  endfacet
  facet normal 0.675272 -0.737569 0
    outer loop
      vertex 178.465 37.2132 0
      vertex 178.465 37.2132 30
      vertex 178.111 36.8891 0
    endloop
  endfacet
  facet normal 0.675272 -0.737569 0
    outer loop
      vertex 178.111 36.8891 30
      vertex 178.111 36.8891 0
      vertex 178.465 37.2132 30
    endloop
  endfacet
  facet normal 0.609438 -0.792833 0
    outer loop
      vertex 178.845 37.5053 0
      vertex 178.845 37.5053 30
      vertex 178.465 37.2132 0
    endloop
  endfacet
  facet normal 0.609438 -0.792833 0
    outer loop
      vertex 178.465 37.2132 30
      vertex 178.465 37.2132 0
      vertex 178.845 37.5053 30
    endloop
  endfacet
  facet normal 0.536983 -0.843593 0
    outer loop
      vertex 179.25 37.7631 0
      vertex 179.25 37.7631 30
      vertex 178.845 37.5053 0
    endloop
  endfacet
  facet normal 0.536983 -0.843593 0
    outer loop
      vertex 178.845 37.5053 30
      vertex 178.845 37.5053 0
      vertex 179.25 37.7631 30
    endloop
  endfacet
  facet normal 0.461484 -0.887149 0
    outer loop
      vertex 179.676 37.9847 0
      vertex 179.676 37.9847 30
      vertex 179.25 37.7631 0
    endloop
  endfacet
  facet normal 0.461484 -0.887149 0
    outer loop
      vertex 179.25 37.7631 30
      vertex 179.25 37.7631 0
      vertex 179.676 37.9847 30
    endloop
  endfacet
  facet normal 0.382867 -0.923803 0
    outer loop
      vertex 180.119 38.1683 0
      vertex 180.119 38.1683 30
      vertex 179.676 37.9847 0
    endloop
  endfacet
  facet normal 0.382867 -0.923803 0
    outer loop
      vertex 179.676 37.9847 30
      vertex 179.676 37.9847 0
      vertex 180.119 38.1683 30
    endloop
  endfacet
  facet normal 0.301101 -0.953592 0
    outer loop
      vertex 180.576 38.3126 0
      vertex 180.576 38.3126 30
      vertex 180.119 38.1683 0
    endloop
  endfacet
  facet normal 0.301101 -0.953592 0
    outer loop
      vertex 180.119 38.1683 30
      vertex 180.119 38.1683 0
      vertex 180.576 38.3126 30
    endloop
  endfacet
  facet normal 0.216093 -0.976373 0
    outer loop
      vertex 181.045 38.4164 0
      vertex 181.045 38.4164 30
      vertex 180.576 38.3126 0
    endloop
  endfacet
  facet normal 0.216093 -0.976373 0
    outer loop
      vertex 180.576 38.3126 30
      vertex 180.576 38.3126 0
      vertex 181.045 38.4164 30
    endloop
  endfacet
  facet normal 0.130595 -0.991436 0
    outer loop
      vertex 181.521 38.4791 0
      vertex 181.521 38.4791 30
      vertex 181.045 38.4164 0
    endloop
  endfacet
  facet normal 0.130595 -0.991436 0
    outer loop
      vertex 181.045 38.4164 30
      vertex 181.045 38.4164 0
      vertex 181.521 38.4791 30
    endloop
  endfacet
  facet normal 0.0435911 -0.999049 0
    outer loop
      vertex 182 38.5 0
      vertex 182 38.5 30
      vertex 181.521 38.4791 0
    endloop
  endfacet
  facet normal 0.0435911 -0.999049 0
    outer loop
      vertex 181.521 38.4791 30
      vertex 181.521 38.4791 0
      vertex 182 38.5 30
    endloop
  endfacet
  facet normal -0.0435911 -0.999049 0
    outer loop
      vertex 182.479 38.4791 0
      vertex 182.479 38.4791 30
      vertex 182 38.5 0
    endloop
  endfacet
  facet normal -0.0435911 -0.999049 -0
    outer loop
      vertex 182 38.5 30
      vertex 182 38.5 0
      vertex 182.479 38.4791 30
    endloop
  endfacet
  facet normal -0.130595 -0.991436 0
    outer loop
      vertex 182.955 38.4164 0
      vertex 182.955 38.4164 30
      vertex 182.479 38.4791 0
    endloop
  endfacet
  facet normal -0.130595 -0.991436 -0
    outer loop
      vertex 182.479 38.4791 30
      vertex 182.479 38.4791 0
      vertex 182.955 38.4164 30
    endloop
  endfacet
  facet normal -0.216533 -0.976275 0
    outer loop
      vertex 183.423 38.3126 0
      vertex 183.423 38.3126 30
      vertex 182.955 38.4164 0
    endloop
  endfacet
  facet normal -0.216533 -0.976275 -0
    outer loop
      vertex 182.955 38.4164 30
      vertex 182.955 38.4164 0
      vertex 183.423 38.3126 30
    endloop
  endfacet
  facet normal -0.300503 -0.953781 0
    outer loop
      vertex 183.881 38.1683 0
      vertex 183.881 38.1683 30
      vertex 183.423 38.3126 0
    endloop
  endfacet
  facet normal -0.300503 -0.953781 -0
    outer loop
      vertex 183.423 38.3126 30
      vertex 183.423 38.3126 0
      vertex 183.881 38.1683 30
    endloop
  endfacet
  facet normal -0.382867 -0.923803 0
    outer loop
      vertex 184.324 37.9847 0
      vertex 184.324 37.9847 30
      vertex 183.881 38.1683 0
    endloop
  endfacet
  facet normal -0.382867 -0.923803 -0
    outer loop
      vertex 183.881 38.1683 30
      vertex 183.881 38.1683 0
      vertex 184.324 37.9847 30
    endloop
  endfacet
  facet normal -0.461484 -0.887149 0
    outer loop
      vertex 184.75 37.7631 0
      vertex 184.75 37.7631 30
      vertex 184.324 37.9847 0
    endloop
  endfacet
  facet normal -0.461484 -0.887149 -0
    outer loop
      vertex 184.324 37.9847 30
      vertex 184.324 37.9847 0
      vertex 184.75 37.7631 30
    endloop
  endfacet
  facet normal -0.536983 -0.843593 0
    outer loop
      vertex 185.155 37.5053 0
      vertex 185.155 37.5053 30
      vertex 184.75 37.7631 0
    endloop
  endfacet
  facet normal -0.536983 -0.843593 -0
    outer loop
      vertex 184.75 37.7631 30
      vertex 184.75 37.7631 0
      vertex 185.155 37.5053 30
    endloop
  endfacet
  facet normal -0.609438 -0.792833 0
    outer loop
      vertex 185.535 37.2132 0
      vertex 185.535 37.2132 30
      vertex 185.155 37.5053 0
    endloop
  endfacet
  facet normal -0.609438 -0.792833 -0
    outer loop
      vertex 185.155 37.5053 30
      vertex 185.155 37.5053 0
      vertex 185.535 37.2132 30
    endloop
  endfacet
  facet normal -0.675272 -0.737569 0
    outer loop
      vertex 185.889 36.8891 0
      vertex 185.889 36.8891 30
      vertex 185.535 37.2132 0
    endloop
  endfacet
  facet normal -0.675272 -0.737569 -0
    outer loop
      vertex 185.535 37.2132 30
      vertex 185.535 37.2132 0
      vertex 185.889 36.8891 30
    endloop
  endfacet
  facet normal -0.737483 -0.675366 0
    outer loop
      vertex 186.213 36.5353 0
      vertex 186.213 36.5353 30
      vertex 185.889 36.8891 0
    endloop
  endfacet
  facet normal -0.737483 -0.675366 -0
    outer loop
      vertex 185.889 36.8891 30
      vertex 185.889 36.8891 0
      vertex 186.213 36.5353 30
    endloop
  endfacet
  facet normal -0.793398 -0.608703 0
    outer loop
      vertex 186.505 36.1547 0
      vertex 186.505 36.1547 30
      vertex 186.213 36.5353 0
    endloop
  endfacet
  facet normal -0.793398 -0.608703 -0
    outer loop
      vertex 186.213 36.5353 30
      vertex 186.213 36.5353 0
      vertex 186.505 36.1547 30
    endloop
  endfacet
  facet normal -0.843224 -0.537563 0
    outer loop
      vertex 186.763 35.75 0
      vertex 186.763 35.75 30
      vertex 186.505 36.1547 0
    endloop
  endfacet
  facet normal -0.843224 -0.537563 -0
    outer loop
      vertex 186.505 36.1547 30
      vertex 186.505 36.1547 0
      vertex 186.763 35.75 30
    endloop
  endfacet
  facet normal -0.886629 -0.462481 0
    outer loop
      vertex 186.985 35.3244 0
      vertex 186.985 35.3244 30
      vertex 186.763 35.75 0
    endloop
  endfacet
  facet normal -0.886629 -0.462481 -0
    outer loop
      vertex 186.763 35.75 30
      vertex 186.763 35.75 0
      vertex 186.985 35.3244 30
    endloop
  endfacet
  facet normal -0.924337 -0.381578 0
    outer loop
      vertex 187.168 34.8811 0
      vertex 187.168 34.8811 30
      vertex 186.985 35.3244 0
    endloop
  endfacet
  facet normal -0.924337 -0.381578 -0
    outer loop
      vertex 186.985 35.3244 30
      vertex 186.985 35.3244 0
      vertex 187.168 34.8811 30
    endloop
  endfacet
  facet normal -0.953286 -0.302068 0
    outer loop
      vertex 187.313 34.4235 0
      vertex 187.313 34.4235 30
      vertex 187.168 34.8811 0
    endloop
  endfacet
  facet normal -0.953286 -0.302068 -0
    outer loop
      vertex 187.168 34.8811 30
      vertex 187.168 34.8811 0
      vertex 187.313 34.4235 30
    endloop
  endfacet
  facet normal -0.976665 -0.214766 0
    outer loop
      vertex 187.416 33.9551 0
      vertex 187.416 33.9551 30
      vertex 187.313 34.4235 0
    endloop
  endfacet
  facet normal -0.976665 -0.214766 -0
    outer loop
      vertex 187.313 34.4235 30
      vertex 187.313 34.4235 0
      vertex 187.416 33.9551 30
    endloop
  endfacet
  facet normal -0.991344 -0.13129 0
    outer loop
      vertex 187.479 33.4794 0
      vertex 187.479 33.4794 30
      vertex 187.416 33.9551 0
    endloop
  endfacet
  facet normal -0.991344 -0.13129 -0
    outer loop
      vertex 187.416 33.9551 30
      vertex 187.416 33.9551 0
      vertex 187.479 33.4794 30
    endloop
  endfacet
  facet normal -0.999042 -0.0437628 0
    outer loop
      vertex 187.5 33 0
      vertex 187.5 33 30
      vertex 187.479 33.4794 0
    endloop
  endfacet
  facet normal -0.999042 -0.0437628 -0
    outer loop
      vertex 187.479 33.4794 30
      vertex 187.479 33.4794 0
      vertex 187.5 33 30
    endloop
  endfacet
  facet normal -0.999042 0.0437628 0
    outer loop
      vertex 187.479 32.5206 0
      vertex 187.479 32.5206 30
      vertex 187.5 33 0
    endloop
  endfacet
  facet normal -0.999042 0.0437628 0
    outer loop
      vertex 187.5 33 30
      vertex 187.5 33 0
      vertex 187.479 32.5206 30
    endloop
  endfacet
  facet normal -0.991344 0.13129 0
    outer loop
      vertex 187.416 32.0449 0
      vertex 187.416 32.0449 30
      vertex 187.479 32.5206 0
    endloop
  endfacet
  facet normal -0.991344 0.13129 0
    outer loop
      vertex 187.479 32.5206 30
      vertex 187.479 32.5206 0
      vertex 187.416 32.0449 30
    endloop
  endfacet
  facet normal -0.976665 0.214766 0
    outer loop
      vertex 187.313 31.5765 0
      vertex 187.313 31.5765 30
      vertex 187.416 32.0449 0
    endloop
  endfacet
  facet normal -0.976665 0.214766 0
    outer loop
      vertex 187.416 32.0449 30
      vertex 187.416 32.0449 0
      vertex 187.313 31.5765 30
    endloop
  endfacet
  facet normal -0.953286 0.302068 0
    outer loop
      vertex 187.168 31.1189 0
      vertex 187.168 31.1189 30
      vertex 187.313 31.5765 0
    endloop
  endfacet
  facet normal -0.953286 0.302068 0
    outer loop
      vertex 187.313 31.5765 30
      vertex 187.313 31.5765 0
      vertex 187.168 31.1189 30
    endloop
  endfacet
  facet normal -0.924337 0.381578 0
    outer loop
      vertex 186.985 30.6756 0
      vertex 186.985 30.6756 30
      vertex 187.168 31.1189 0
    endloop
  endfacet
  facet normal -0.924337 0.381578 0
    outer loop
      vertex 187.168 31.1189 30
      vertex 187.168 31.1189 0
      vertex 186.985 30.6756 30
    endloop
  endfacet
  facet normal -0.886629 0.462481 0
    outer loop
      vertex 186.763 30.25 0
      vertex 186.763 30.25 30
      vertex 186.985 30.6756 0
    endloop
  endfacet
  facet normal -0.886629 0.462481 0
    outer loop
      vertex 186.985 30.6756 30
      vertex 186.985 30.6756 0
      vertex 186.763 30.25 30
    endloop
  endfacet
  facet normal -0.843224 0.537563 0
    outer loop
      vertex 186.505 29.8453 0
      vertex 186.505 29.8453 30
      vertex 186.763 30.25 0
    endloop
  endfacet
  facet normal -0.843224 0.537563 0
    outer loop
      vertex 186.763 30.25 30
      vertex 186.763 30.25 0
      vertex 186.505 29.8453 30
    endloop
  endfacet
  facet normal -0.793398 0.608703 0
    outer loop
      vertex 186.213 29.4647 0
      vertex 186.213 29.4647 30
      vertex 186.505 29.8453 0
    endloop
  endfacet
  facet normal -0.793398 0.608703 0
    outer loop
      vertex 186.505 29.8453 30
      vertex 186.505 29.8453 0
      vertex 186.213 29.4647 30
    endloop
  endfacet
  facet normal -0.737483 0.675366 0
    outer loop
      vertex 185.889 29.1109 0
      vertex 185.889 29.1109 30
      vertex 186.213 29.4647 0
    endloop
  endfacet
  facet normal -0.737483 0.675366 0
    outer loop
      vertex 186.213 29.4647 30
      vertex 186.213 29.4647 0
      vertex 185.889 29.1109 30
    endloop
  endfacet
  facet normal -0.675272 0.737569 0
    outer loop
      vertex 185.535 28.7868 0
      vertex 185.535 28.7868 30
      vertex 185.889 29.1109 0
    endloop
  endfacet
  facet normal -0.675272 0.737569 0
    outer loop
      vertex 185.889 29.1109 30
      vertex 185.889 29.1109 0
      vertex 185.535 28.7868 30
    endloop
  endfacet
  facet normal -0.609438 0.792833 0
    outer loop
      vertex 185.155 28.4947 0
      vertex 185.155 28.4947 30
      vertex 185.535 28.7868 0
    endloop
  endfacet
  facet normal -0.609438 0.792833 0
    outer loop
      vertex 185.535 28.7868 30
      vertex 185.535 28.7868 0
      vertex 185.155 28.4947 30
    endloop
  endfacet
  facet normal -0.536983 0.843593 0
    outer loop
      vertex 184.75 28.2369 0
      vertex 184.75 28.2369 30
      vertex 185.155 28.4947 0
    endloop
  endfacet
  facet normal -0.536983 0.843593 0
    outer loop
      vertex 185.155 28.4947 30
      vertex 185.155 28.4947 0
      vertex 184.75 28.2369 30
    endloop
  endfacet
  facet normal -0.461484 0.887149 0
    outer loop
      vertex 184.324 28.0153 0
      vertex 184.324 28.0153 30
      vertex 184.75 28.2369 0
    endloop
  endfacet
  facet normal -0.461484 0.887149 0
    outer loop
      vertex 184.75 28.2369 30
      vertex 184.75 28.2369 0
      vertex 184.324 28.0153 30
    endloop
  endfacet
  facet normal -0.382867 0.923803 0
    outer loop
      vertex 183.881 27.8317 0
      vertex 183.881 27.8317 30
      vertex 184.324 28.0153 0
    endloop
  endfacet
  facet normal -0.382867 0.923803 0
    outer loop
      vertex 184.324 28.0153 30
      vertex 184.324 28.0153 0
      vertex 183.881 27.8317 30
    endloop
  endfacet
  facet normal -0.300503 0.953781 0
    outer loop
      vertex 183.423 27.6874 0
      vertex 183.423 27.6874 30
      vertex 183.881 27.8317 0
    endloop
  endfacet
  facet normal -0.300503 0.953781 0
    outer loop
      vertex 183.881 27.8317 30
      vertex 183.881 27.8317 0
      vertex 183.423 27.6874 30
    endloop
  endfacet
  facet normal -0.216533 0.976275 0
    outer loop
      vertex 182.955 27.5836 0
      vertex 182.955 27.5836 30
      vertex 183.423 27.6874 0
    endloop
  endfacet
  facet normal -0.216533 0.976275 0
    outer loop
      vertex 183.423 27.6874 30
      vertex 183.423 27.6874 0
      vertex 182.955 27.5836 30
    endloop
  endfacet
  facet normal -0.130595 0.991436 0
    outer loop
      vertex 182.479 27.5209 0
      vertex 182.479 27.5209 30
      vertex 182.955 27.5836 0
    endloop
  endfacet
  facet normal -0.130595 0.991436 0
    outer loop
      vertex 182.955 27.5836 30
      vertex 182.955 27.5836 0
      vertex 182.479 27.5209 30
    endloop
  endfacet
  facet normal -0.0435911 0.999049 0
    outer loop
      vertex 182 27.5 0
      vertex 182 27.5 30
      vertex 182.479 27.5209 0
    endloop
  endfacet
  facet normal -0.0435911 0.999049 0
    outer loop
      vertex 182.479 27.5209 30
      vertex 182.479 27.5209 0
      vertex 182 27.5 30
    endloop
  endfacet
  facet normal 0.0435911 0.999049 -0
    outer loop
      vertex 181.521 27.5209 0
      vertex 181.521 27.5209 30
      vertex 182 27.5 0
    endloop
  endfacet
  facet normal 0.0435911 0.999049 0
    outer loop
      vertex 182 27.5 30
      vertex 182 27.5 0
      vertex 181.521 27.5209 30
    endloop
  endfacet
  facet normal 0.130676 0.991425 -0
    outer loop
      vertex 99.0449 27.5836 0
      vertex 99.0449 27.5836 30
      vertex 99.5206 27.5209 0
    endloop
  endfacet
  facet normal 0.130676 0.991425 0
    outer loop
      vertex 99.5206 27.5209 30
      vertex 99.5206 27.5209 0
      vertex 99.0449 27.5836 30
    endloop
  endfacet
  facet normal 0.216357 0.976314 -0
    outer loop
      vertex 98.5765 27.6874 0
      vertex 98.5765 27.6874 30
      vertex 99.0449 27.5836 0
    endloop
  endfacet
  facet normal 0.216357 0.976314 0
    outer loop
      vertex 99.0449 27.5836 30
      vertex 99.0449 27.5836 0
      vertex 98.5765 27.6874 30
    endloop
  endfacet
  facet normal 0.300742 0.953705 -0
    outer loop
      vertex 98.1189 27.8317 0
      vertex 98.1189 27.8317 30
      vertex 98.5765 27.6874 0
    endloop
  endfacet
  facet normal 0.300742 0.953705 0
    outer loop
      vertex 98.5765 27.6874 30
      vertex 98.5765 27.6874 0
      vertex 98.1189 27.8317 30
    endloop
  endfacet
  facet normal 0.382646 0.923895 -0
    outer loop
      vertex 97.6756 28.0153 0
      vertex 97.6756 28.0153 30
      vertex 98.1189 27.8317 0
    endloop
  endfacet
  facet normal 0.382646 0.923895 0
    outer loop
      vertex 98.1189 27.8317 30
      vertex 98.1189 27.8317 0
      vertex 97.6756 28.0153 30
    endloop
  endfacet
  facet normal 0.461825 0.886971 -0
    outer loop
      vertex 97.25 28.2369 0
      vertex 97.25 28.2369 30
      vertex 97.6756 28.0153 0
    endloop
  endfacet
  facet normal 0.461825 0.886971 0
    outer loop
      vertex 97.6756 28.0153 30
      vertex 97.6756 28.0153 0
      vertex 97.25 28.2369 30
    endloop
  endfacet
  facet normal 0.537266 0.843413 -0
    outer loop
      vertex 96.8453 28.4947 0
      vertex 96.8453 28.4947 30
      vertex 97.25 28.2369 0
    endloop
  endfacet
  facet normal 0.537266 0.843413 0
    outer loop
      vertex 97.25 28.2369 30
      vertex 97.25 28.2369 0
      vertex 96.8453 28.4947 30
    endloop
  endfacet
  facet normal 0.608834 0.793298 -0
    outer loop
      vertex 96.4647 28.7868 0
      vertex 96.4647 28.7868 30
      vertex 96.8453 28.4947 0
    endloop
  endfacet
  facet normal 0.608834 0.793298 0
    outer loop
      vertex 96.8453 28.4947 30
      vertex 96.8453 28.4947 0
      vertex 96.4647 28.7868 30
    endloop
  endfacet
  facet normal 0.675479 0.737379 -0
    outer loop
      vertex 96.1109 29.1109 0
      vertex 96.1109 29.1109 30
      vertex 96.4647 28.7868 0
    endloop
  endfacet
  facet normal 0.675479 0.737379 0
    outer loop
      vertex 96.4647 28.7868 30
      vertex 96.4647 28.7868 0
      vertex 96.1109 29.1109 30
    endloop
  endfacet
  facet normal 0.737379 0.675479 -0
    outer loop
      vertex 95.7868 29.4647 0
      vertex 95.7868 29.4647 30
      vertex 96.1109 29.1109 0
    endloop
  endfacet
  facet normal 0.737379 0.675479 0
    outer loop
      vertex 96.1109 29.1109 30
      vertex 96.1109 29.1109 0
      vertex 95.7868 29.4647 30
    endloop
  endfacet
  facet normal 0.793298 0.608834 -0
    outer loop
      vertex 95.4947 29.8453 0
      vertex 95.4947 29.8453 30
      vertex 95.7868 29.4647 0
    endloop
  endfacet
  facet normal 0.793298 0.608834 0
    outer loop
      vertex 95.7868 29.4647 30
      vertex 95.7868 29.4647 0
      vertex 95.4947 29.8453 30
    endloop
  endfacet
  facet normal 0.843413 0.537266 -0
    outer loop
      vertex 95.2369 30.25 0
      vertex 95.2369 30.25 30
      vertex 95.4947 29.8453 0
    endloop
  endfacet
  facet normal 0.843413 0.537266 0
    outer loop
      vertex 95.4947 29.8453 30
      vertex 95.4947 29.8453 0
      vertex 95.2369 30.25 30
    endloop
  endfacet
  facet normal 0.886971 0.461825 -0
    outer loop
      vertex 95.0153 30.6756 0
      vertex 95.0153 30.6756 30
      vertex 95.2369 30.25 0
    endloop
  endfacet
  facet normal 0.886971 0.461825 0
    outer loop
      vertex 95.2369 30.25 30
      vertex 95.2369 30.25 0
      vertex 95.0153 30.6756 30
    endloop
  endfacet
  facet normal 0.923895 0.382646 -0
    outer loop
      vertex 94.8317 31.1189 0
      vertex 94.8317 31.1189 30
      vertex 95.0153 30.6756 0
    endloop
  endfacet
  facet normal 0.923895 0.382646 0
    outer loop
      vertex 95.0153 30.6756 30
      vertex 95.0153 30.6756 0
      vertex 94.8317 31.1189 30
    endloop
  endfacet
  facet normal 0.953705 0.300742 -0
    outer loop
      vertex 94.6874 31.5765 0
      vertex 94.6874 31.5765 30
      vertex 94.8317 31.1189 0
    endloop
  endfacet
  facet normal 0.953705 0.300742 0
    outer loop
      vertex 94.8317 31.1189 30
      vertex 94.8317 31.1189 0
      vertex 94.6874 31.5765 30
    endloop
  endfacet
  facet normal 0.976314 0.216357 -0
    outer loop
      vertex 94.5836 32.0449 0
      vertex 94.5836 32.0449 30
      vertex 94.6874 31.5765 0
    endloop
  endfacet
  facet normal 0.976314 0.216357 0
    outer loop
      vertex 94.6874 31.5765 30
      vertex 94.6874 31.5765 0
      vertex 94.5836 32.0449 30
    endloop
  endfacet
  facet normal 0.991425 0.130676 -0
    outer loop
      vertex 94.5209 32.5206 0
      vertex 94.5209 32.5206 30
      vertex 94.5836 32.0449 0
    endloop
  endfacet
  facet normal 0.991425 0.130676 0
    outer loop
      vertex 94.5836 32.0449 30
      vertex 94.5836 32.0449 0
      vertex 94.5209 32.5206 30
    endloop
  endfacet
  facet normal 0.999051 0.0435548 -0
    outer loop
      vertex 94.5 33 0
      vertex 94.5 33 30
      vertex 94.5209 32.5206 0
    endloop
  endfacet
  facet normal 0.999051 0.0435548 0
    outer loop
      vertex 94.5209 32.5206 30
      vertex 94.5209 32.5206 0
      vertex 94.5 33 30
    endloop
  endfacet
  facet normal 0.999051 -0.0435548 0
    outer loop
      vertex 94.5209 33.4794 0
      vertex 94.5209 33.4794 30
      vertex 94.5 33 0
    endloop
  endfacet
  facet normal 0.999051 -0.0435548 0
    outer loop
      vertex 94.5 33 30
      vertex 94.5 33 0
      vertex 94.5209 33.4794 30
    endloop
  endfacet
  facet normal 0.991425 -0.130676 0
    outer loop
      vertex 94.5836 33.9551 0
      vertex 94.5836 33.9551 30
      vertex 94.5209 33.4794 0
    endloop
  endfacet
  facet normal 0.991425 -0.130676 0
    outer loop
      vertex 94.5209 33.4794 30
      vertex 94.5209 33.4794 0
      vertex 94.5836 33.9551 30
    endloop
  endfacet
  facet normal 0.976314 -0.216357 0
    outer loop
      vertex 94.6874 34.4235 0
      vertex 94.6874 34.4235 30
      vertex 94.5836 33.9551 0
    endloop
  endfacet
  facet normal 0.976314 -0.216357 0
    outer loop
      vertex 94.5836 33.9551 30
      vertex 94.5836 33.9551 0
      vertex 94.6874 34.4235 30
    endloop
  endfacet
  facet normal 0.953705 -0.300742 0
    outer loop
      vertex 94.8317 34.8811 0
      vertex 94.8317 34.8811 30
      vertex 94.6874 34.4235 0
    endloop
  endfacet
  facet normal 0.953705 -0.300742 0
    outer loop
      vertex 94.6874 34.4235 30
      vertex 94.6874 34.4235 0
      vertex 94.8317 34.8811 30
    endloop
  endfacet
  facet normal 0.923895 -0.382646 0
    outer loop
      vertex 95.0153 35.3244 0
      vertex 95.0153 35.3244 30
      vertex 94.8317 34.8811 0
    endloop
  endfacet
  facet normal 0.923895 -0.382646 0
    outer loop
      vertex 94.8317 34.8811 30
      vertex 94.8317 34.8811 0
      vertex 95.0153 35.3244 30
    endloop
  endfacet
  facet normal 0.886971 -0.461825 0
    outer loop
      vertex 95.2369 35.75 0
      vertex 95.2369 35.75 30
      vertex 95.0153 35.3244 0
    endloop
  endfacet
  facet normal 0.886971 -0.461825 0
    outer loop
      vertex 95.0153 35.3244 30
      vertex 95.0153 35.3244 0
      vertex 95.2369 35.75 30
    endloop
  endfacet
  facet normal 0.843413 -0.537266 0
    outer loop
      vertex 95.4947 36.1547 0
      vertex 95.4947 36.1547 30
      vertex 95.2369 35.75 0
    endloop
  endfacet
  facet normal 0.843413 -0.537266 0
    outer loop
      vertex 95.2369 35.75 30
      vertex 95.2369 35.75 0
      vertex 95.4947 36.1547 30
    endloop
  endfacet
  facet normal 0.793298 -0.608834 0
    outer loop
      vertex 95.7868 36.5353 0
      vertex 95.7868 36.5353 30
      vertex 95.4947 36.1547 0
    endloop
  endfacet
  facet normal 0.793298 -0.608834 0
    outer loop
      vertex 95.4947 36.1547 30
      vertex 95.4947 36.1547 0
      vertex 95.7868 36.5353 30
    endloop
  endfacet
  facet normal 0.737379 -0.675479 0
    outer loop
      vertex 96.1109 36.8891 0
      vertex 96.1109 36.8891 30
      vertex 95.7868 36.5353 0
    endloop
  endfacet
  facet normal 0.737379 -0.675479 0
    outer loop
      vertex 95.7868 36.5353 30
      vertex 95.7868 36.5353 0
      vertex 96.1109 36.8891 30
    endloop
  endfacet
  facet normal 0.675479 -0.737379 0
    outer loop
      vertex 96.4647 37.2132 0
      vertex 96.4647 37.2132 30
      vertex 96.1109 36.8891 0
    endloop
  endfacet
  facet normal 0.675479 -0.737379 0
    outer loop
      vertex 96.1109 36.8891 30
      vertex 96.1109 36.8891 0
      vertex 96.4647 37.2132 30
    endloop
  endfacet
  facet normal 0.608834 -0.793298 0
    outer loop
      vertex 96.8453 37.5053 0
      vertex 96.8453 37.5053 30
      vertex 96.4647 37.2132 0
    endloop
  endfacet
  facet normal 0.608834 -0.793298 0
    outer loop
      vertex 96.4647 37.2132 30
      vertex 96.4647 37.2132 0
      vertex 96.8453 37.5053 30
    endloop
  endfacet
  facet normal 0.537266 -0.843413 0
    outer loop
      vertex 97.25 37.7631 0
      vertex 97.25 37.7631 30
      vertex 96.8453 37.5053 0
    endloop
  endfacet
  facet normal 0.537266 -0.843413 0
    outer loop
      vertex 96.8453 37.5053 30
      vertex 96.8453 37.5053 0
      vertex 97.25 37.7631 30
    endloop
  endfacet
  facet normal 0.461825 -0.886971 0
    outer loop
      vertex 97.6756 37.9847 0
      vertex 97.6756 37.9847 30
      vertex 97.25 37.7631 0
    endloop
  endfacet
  facet normal 0.461825 -0.886971 0
    outer loop
      vertex 97.25 37.7631 30
      vertex 97.25 37.7631 0
      vertex 97.6756 37.9847 30
    endloop
  endfacet
  facet normal 0.382646 -0.923895 0
    outer loop
      vertex 98.1189 38.1683 0
      vertex 98.1189 38.1683 30
      vertex 97.6756 37.9847 0
    endloop
  endfacet
  facet normal 0.382646 -0.923895 0
    outer loop
      vertex 97.6756 37.9847 30
      vertex 97.6756 37.9847 0
      vertex 98.1189 38.1683 30
    endloop
  endfacet
  facet normal 0.300742 -0.953705 0
    outer loop
      vertex 98.5765 38.3126 0
      vertex 98.5765 38.3126 30
      vertex 98.1189 38.1683 0
    endloop
  endfacet
  facet normal 0.300742 -0.953705 0
    outer loop
      vertex 98.1189 38.1683 30
      vertex 98.1189 38.1683 0
      vertex 98.5765 38.3126 30
    endloop
  endfacet
  facet normal 0.216357 -0.976314 0
    outer loop
      vertex 99.0449 38.4164 0
      vertex 99.0449 38.4164 30
      vertex 98.5765 38.3126 0
    endloop
  endfacet
  facet normal 0.216357 -0.976314 0
    outer loop
      vertex 98.5765 38.3126 30
      vertex 98.5765 38.3126 0
      vertex 99.0449 38.4164 30
    endloop
  endfacet
  facet normal 0.130676 -0.991425 0
    outer loop
      vertex 99.5206 38.4791 0
      vertex 99.5206 38.4791 30
      vertex 99.0449 38.4164 0
    endloop
  endfacet
  facet normal 0.130676 -0.991425 0
    outer loop
      vertex 99.0449 38.4164 30
      vertex 99.0449 38.4164 0
      vertex 99.5206 38.4791 30
    endloop
  endfacet
  facet normal 0.0435548 -0.999051 0
    outer loop
      vertex 100 38.5 0
      vertex 100 38.5 30
      vertex 99.5206 38.4791 0
    endloop
  endfacet
  facet normal 0.0435548 -0.999051 0
    outer loop
      vertex 99.5206 38.4791 30
      vertex 99.5206 38.4791 0
      vertex 100 38.5 30
    endloop
  endfacet
  facet normal -0.0435911 -0.999049 0
    outer loop
      vertex 100.479 38.4791 0
      vertex 100.479 38.4791 30
      vertex 100 38.5 0
    endloop
  endfacet
  facet normal -0.0435911 -0.999049 -0
    outer loop
      vertex 100 38.5 30
      vertex 100 38.5 0
      vertex 100.479 38.4791 30
    endloop
  endfacet
  facet normal -0.130595 -0.991436 0
    outer loop
      vertex 100.955 38.4164 0
      vertex 100.955 38.4164 30
      vertex 100.479 38.4791 0
    endloop
  endfacet
  facet normal -0.130595 -0.991436 -0
    outer loop
      vertex 100.479 38.4791 30
      vertex 100.479 38.4791 0
      vertex 100.955 38.4164 30
    endloop
  endfacet
  facet normal -0.216533 -0.976275 0
    outer loop
      vertex 101.423 38.3126 0
      vertex 101.423 38.3126 30
      vertex 100.955 38.4164 0
    endloop
  endfacet
  facet normal -0.216533 -0.976275 -0
    outer loop
      vertex 100.955 38.4164 30
      vertex 100.955 38.4164 0
      vertex 101.423 38.3126 30
    endloop
  endfacet
  facet normal -0.300503 -0.953781 0
    outer loop
      vertex 101.881 38.1683 0
      vertex 101.881 38.1683 30
      vertex 101.423 38.3126 0
    endloop
  endfacet
  facet normal -0.300503 -0.953781 -0
    outer loop
      vertex 101.423 38.3126 30
      vertex 101.423 38.3126 0
      vertex 101.881 38.1683 30
    endloop
  endfacet
  facet normal -0.382867 -0.923803 0
    outer loop
      vertex 102.324 37.9847 0
      vertex 102.324 37.9847 30
      vertex 101.881 38.1683 0
    endloop
  endfacet
  facet normal -0.382867 -0.923803 -0
    outer loop
      vertex 101.881 38.1683 30
      vertex 101.881 38.1683 0
      vertex 102.324 37.9847 30
    endloop
  endfacet
  facet normal -0.461484 -0.887149 0
    outer loop
      vertex 102.75 37.7631 0
      vertex 102.75 37.7631 30
      vertex 102.324 37.9847 0
    endloop
  endfacet
  facet normal -0.461484 -0.887149 -0
    outer loop
      vertex 102.324 37.9847 30
      vertex 102.324 37.9847 0
      vertex 102.75 37.7631 30
    endloop
  endfacet
  facet normal -0.536983 -0.843593 0
    outer loop
      vertex 103.155 37.5053 0
      vertex 103.155 37.5053 30
      vertex 102.75 37.7631 0
    endloop
  endfacet
  facet normal -0.536983 -0.843593 -0
    outer loop
      vertex 102.75 37.7631 30
      vertex 102.75 37.7631 0
      vertex 103.155 37.5053 30
    endloop
  endfacet
  facet normal -0.609438 -0.792833 0
    outer loop
      vertex 103.535 37.2132 0
      vertex 103.535 37.2132 30
      vertex 103.155 37.5053 0
    endloop
  endfacet
  facet normal -0.609438 -0.792833 -0
    outer loop
      vertex 103.155 37.5053 30
      vertex 103.155 37.5053 0
      vertex 103.535 37.2132 30
    endloop
  endfacet
  facet normal -0.675272 -0.737569 0
    outer loop
      vertex 103.889 36.8891 0
      vertex 103.889 36.8891 30
      vertex 103.535 37.2132 0
    endloop
  endfacet
  facet normal -0.675272 -0.737569 -0
    outer loop
      vertex 103.535 37.2132 30
      vertex 103.535 37.2132 0
      vertex 103.889 36.8891 30
    endloop
  endfacet
  facet normal -0.737483 -0.675366 0
    outer loop
      vertex 104.213 36.5353 0
      vertex 104.213 36.5353 30
      vertex 103.889 36.8891 0
    endloop
  endfacet
  facet normal -0.737483 -0.675366 -0
    outer loop
      vertex 103.889 36.8891 30
      vertex 103.889 36.8891 0
      vertex 104.213 36.5353 30
    endloop
  endfacet
  facet normal -0.793398 -0.608703 0
    outer loop
      vertex 104.505 36.1547 0
      vertex 104.505 36.1547 30
      vertex 104.213 36.5353 0
    endloop
  endfacet
  facet normal -0.793398 -0.608703 -0
    outer loop
      vertex 104.213 36.5353 30
      vertex 104.213 36.5353 0
      vertex 104.505 36.1547 30
    endloop
  endfacet
  facet normal -0.843224 -0.537563 0
    outer loop
      vertex 104.763 35.75 0
      vertex 104.763 35.75 30
      vertex 104.505 36.1547 0
    endloop
  endfacet
  facet normal -0.843224 -0.537563 -0
    outer loop
      vertex 104.505 36.1547 30
      vertex 104.505 36.1547 0
      vertex 104.763 35.75 30
    endloop
  endfacet
  facet normal -0.886629 -0.462481 0
    outer loop
      vertex 104.985 35.3244 0
      vertex 104.985 35.3244 30
      vertex 104.763 35.75 0
    endloop
  endfacet
  facet normal -0.886629 -0.462481 -0
    outer loop
      vertex 104.763 35.75 30
      vertex 104.763 35.75 0
      vertex 104.985 35.3244 30
    endloop
  endfacet
  facet normal -0.924337 -0.381578 0
    outer loop
      vertex 105.168 34.8811 0
      vertex 105.168 34.8811 30
      vertex 104.985 35.3244 0
    endloop
  endfacet
  facet normal -0.924337 -0.381578 -0
    outer loop
      vertex 104.985 35.3244 30
      vertex 104.985 35.3244 0
      vertex 105.168 34.8811 30
    endloop
  endfacet
  facet normal -0.953286 -0.302068 0
    outer loop
      vertex 105.313 34.4235 0
      vertex 105.313 34.4235 30
      vertex 105.168 34.8811 0
    endloop
  endfacet
  facet normal -0.953286 -0.302068 -0
    outer loop
      vertex 105.168 34.8811 30
      vertex 105.168 34.8811 0
      vertex 105.313 34.4235 30
    endloop
  endfacet
  facet normal -0.976665 -0.214766 0
    outer loop
      vertex 105.416 33.9551 0
      vertex 105.416 33.9551 30
      vertex 105.313 34.4235 0
    endloop
  endfacet
  facet normal -0.976665 -0.214766 -0
    outer loop
      vertex 105.313 34.4235 30
      vertex 105.313 34.4235 0
      vertex 105.416 33.9551 30
    endloop
  endfacet
  facet normal -0.991344 -0.13129 0
    outer loop
      vertex 105.479 33.4794 0
      vertex 105.479 33.4794 30
      vertex 105.416 33.9551 0
    endloop
  endfacet
  facet normal -0.991344 -0.13129 -0
    outer loop
      vertex 105.416 33.9551 30
      vertex 105.416 33.9551 0
      vertex 105.479 33.4794 30
    endloop
  endfacet
  facet normal -0.999042 -0.0437628 0
    outer loop
      vertex 105.5 33 0
      vertex 105.5 33 30
      vertex 105.479 33.4794 0
    endloop
  endfacet
  facet normal -0.999042 -0.0437628 -0
    outer loop
      vertex 105.479 33.4794 30
      vertex 105.479 33.4794 0
      vertex 105.5 33 30
    endloop
  endfacet
  facet normal -0.999042 0.0437628 0
    outer loop
      vertex 105.479 32.5206 0
      vertex 105.479 32.5206 30
      vertex 105.5 33 0
    endloop
  endfacet
  facet normal -0.999042 0.0437628 0
    outer loop
      vertex 105.5 33 30
      vertex 105.5 33 0
      vertex 105.479 32.5206 30
    endloop
  endfacet
  facet normal -0.991344 0.13129 0
    outer loop
      vertex 105.416 32.0449 0
      vertex 105.416 32.0449 30
      vertex 105.479 32.5206 0
    endloop
  endfacet
  facet normal -0.991344 0.13129 0
    outer loop
      vertex 105.479 32.5206 30
      vertex 105.479 32.5206 0
      vertex 105.416 32.0449 30
    endloop
  endfacet
  facet normal -0.976665 0.214766 0
    outer loop
      vertex 105.313 31.5765 0
      vertex 105.313 31.5765 30
      vertex 105.416 32.0449 0
    endloop
  endfacet
  facet normal -0.976665 0.214766 0
    outer loop
      vertex 105.416 32.0449 30
      vertex 105.416 32.0449 0
      vertex 105.313 31.5765 30
    endloop
  endfacet
  facet normal -0.953286 0.302068 0
    outer loop
      vertex 105.168 31.1189 0
      vertex 105.168 31.1189 30
      vertex 105.313 31.5765 0
    endloop
  endfacet
  facet normal -0.953286 0.302068 0
    outer loop
      vertex 105.313 31.5765 30
      vertex 105.313 31.5765 0
      vertex 105.168 31.1189 30
    endloop
  endfacet
  facet normal -0.924337 0.381578 0
    outer loop
      vertex 104.985 30.6756 0
      vertex 104.985 30.6756 30
      vertex 105.168 31.1189 0
    endloop
  endfacet
  facet normal -0.924337 0.381578 0
    outer loop
      vertex 105.168 31.1189 30
      vertex 105.168 31.1189 0
      vertex 104.985 30.6756 30
    endloop
  endfacet
  facet normal -0.886629 0.462481 0
    outer loop
      vertex 104.763 30.25 0
      vertex 104.763 30.25 30
      vertex 104.985 30.6756 0
    endloop
  endfacet
  facet normal -0.886629 0.462481 0
    outer loop
      vertex 104.985 30.6756 30
      vertex 104.985 30.6756 0
      vertex 104.763 30.25 30
    endloop
  endfacet
  facet normal -0.843224 0.537563 0
    outer loop
      vertex 104.505 29.8453 0
      vertex 104.505 29.8453 30
      vertex 104.763 30.25 0
    endloop
  endfacet
  facet normal -0.843224 0.537563 0
    outer loop
      vertex 104.763 30.25 30
      vertex 104.763 30.25 0
      vertex 104.505 29.8453 30
    endloop
  endfacet
  facet normal -0.793398 0.608703 0
    outer loop
      vertex 104.213 29.4647 0
      vertex 104.213 29.4647 30
      vertex 104.505 29.8453 0
    endloop
  endfacet
  facet normal -0.793398 0.608703 0
    outer loop
      vertex 104.505 29.8453 30
      vertex 104.505 29.8453 0
      vertex 104.213 29.4647 30
    endloop
  endfacet
  facet normal -0.737483 0.675366 0
    outer loop
      vertex 103.889 29.1109 0
      vertex 103.889 29.1109 30
      vertex 104.213 29.4647 0
    endloop
  endfacet
  facet normal -0.737483 0.675366 0
    outer loop
      vertex 104.213 29.4647 30
      vertex 104.213 29.4647 0
      vertex 103.889 29.1109 30
    endloop
  endfacet
  facet normal -0.675272 0.737569 0
    outer loop
      vertex 103.535 28.7868 0
      vertex 103.535 28.7868 30
      vertex 103.889 29.1109 0
    endloop
  endfacet
  facet normal -0.675272 0.737569 0
    outer loop
      vertex 103.889 29.1109 30
      vertex 103.889 29.1109 0
      vertex 103.535 28.7868 30
    endloop
  endfacet
  facet normal -0.609438 0.792833 0
    outer loop
      vertex 103.155 28.4947 0
      vertex 103.155 28.4947 30
      vertex 103.535 28.7868 0
    endloop
  endfacet
  facet normal -0.609438 0.792833 0
    outer loop
      vertex 103.535 28.7868 30
      vertex 103.535 28.7868 0
      vertex 103.155 28.4947 30
    endloop
  endfacet
  facet normal -0.536983 0.843593 0
    outer loop
      vertex 102.75 28.2369 0
      vertex 102.75 28.2369 30
      vertex 103.155 28.4947 0
    endloop
  endfacet
  facet normal -0.536983 0.843593 0
    outer loop
      vertex 103.155 28.4947 30
      vertex 103.155 28.4947 0
      vertex 102.75 28.2369 30
    endloop
  endfacet
  facet normal -0.461484 0.887149 0
    outer loop
      vertex 102.324 28.0153 0
      vertex 102.324 28.0153 30
      vertex 102.75 28.2369 0
    endloop
  endfacet
  facet normal -0.461484 0.887149 0
    outer loop
      vertex 102.75 28.2369 30
      vertex 102.75 28.2369 0
      vertex 102.324 28.0153 30
    endloop
  endfacet
  facet normal -0.382867 0.923803 0
    outer loop
      vertex 101.881 27.8317 0
      vertex 101.881 27.8317 30
      vertex 102.324 28.0153 0
    endloop
  endfacet
  facet normal -0.382867 0.923803 0
    outer loop
      vertex 102.324 28.0153 30
      vertex 102.324 28.0153 0
      vertex 101.881 27.8317 30
    endloop
  endfacet
  facet normal -0.300503 0.953781 0
    outer loop
      vertex 101.423 27.6874 0
      vertex 101.423 27.6874 30
      vertex 101.881 27.8317 0
    endloop
  endfacet
  facet normal -0.300503 0.953781 0
    outer loop
      vertex 101.881 27.8317 30
      vertex 101.881 27.8317 0
      vertex 101.423 27.6874 30
    endloop
  endfacet
  facet normal -0.216533 0.976275 0
    outer loop
      vertex 100.955 27.5836 0
      vertex 100.955 27.5836 30
      vertex 101.423 27.6874 0
    endloop
  endfacet
  facet normal -0.216533 0.976275 0
    outer loop
      vertex 101.423 27.6874 30
      vertex 101.423 27.6874 0
      vertex 100.955 27.5836 30
    endloop
  endfacet
  facet normal -0.130595 0.991436 0
    outer loop
      vertex 100.479 27.5209 0
      vertex 100.479 27.5209 30
      vertex 100.955 27.5836 0
    endloop
  endfacet
  facet normal -0.130595 0.991436 0
    outer loop
      vertex 100.955 27.5836 30
      vertex 100.955 27.5836 0
      vertex 100.479 27.5209 30
    endloop
  endfacet
  facet normal -0.0435911 0.999049 0
    outer loop
      vertex 100 27.5 0
      vertex 100 27.5 30
      vertex 100.479 27.5209 0
    endloop
  endfacet
  facet normal -0.0435911 0.999049 0
    outer loop
      vertex 100.479 27.5209 30
      vertex 100.479 27.5209 0
      vertex 100 27.5 30
    endloop
  endfacet
  facet normal 0.0435548 0.999051 -0
    outer loop
      vertex 99.5206 27.5209 0
      vertex 99.5206 27.5209 30
      vertex 100 27.5 0
    endloop
  endfacet
  facet normal 0.0435548 0.999051 0
    outer loop
      vertex 100 27.5 30
      vertex 100 27.5 0
      vertex 99.5206 27.5209 30
    endloop
  endfacet
  facet normal 0.130676 0.991425 -0
    outer loop
      vertex 17.0449 27.5836 0
      vertex 17.0449 27.5836 30
      vertex 17.5206 27.5209 0
    endloop
  endfacet
  facet normal 0.130676 0.991425 0
    outer loop
      vertex 17.5206 27.5209 30
      vertex 17.5206 27.5209 0
      vertex 17.0449 27.5836 30
    endloop
  endfacet
  facet normal 0.216357 0.976314 -0
    outer loop
      vertex 16.5765 27.6874 0
      vertex 16.5765 27.6874 30
      vertex 17.0449 27.5836 0
    endloop
  endfacet
  facet normal 0.216357 0.976314 0
    outer loop
      vertex 17.0449 27.5836 30
      vertex 17.0449 27.5836 0
      vertex 16.5765 27.6874 30
    endloop
  endfacet
  facet normal 0.300742 0.953705 -0
    outer loop
      vertex 16.1189 27.8317 0
      vertex 16.1189 27.8317 30
      vertex 16.5765 27.6874 0
    endloop
  endfacet
  facet normal 0.300742 0.953705 0
    outer loop
      vertex 16.5765 27.6874 30
      vertex 16.5765 27.6874 0
      vertex 16.1189 27.8317 30
    endloop
  endfacet
  facet normal 0.382646 0.923895 -0
    outer loop
      vertex 15.6756 28.0153 0
      vertex 15.6756 28.0153 30
      vertex 16.1189 27.8317 0
    endloop
  endfacet
  facet normal 0.382646 0.923895 0
    outer loop
      vertex 16.1189 27.8317 30
      vertex 16.1189 27.8317 0
      vertex 15.6756 28.0153 30
    endloop
  endfacet
  facet normal 0.461825 0.886971 -0
    outer loop
      vertex 15.25 28.2369 0
      vertex 15.25 28.2369 30
      vertex 15.6756 28.0153 0
    endloop
  endfacet
  facet normal 0.461825 0.886971 0
    outer loop
      vertex 15.6756 28.0153 30
      vertex 15.6756 28.0153 0
      vertex 15.25 28.2369 30
    endloop
  endfacet
  facet normal 0.537266 0.843413 -0
    outer loop
      vertex 14.8453 28.4947 0
      vertex 14.8453 28.4947 30
      vertex 15.25 28.2369 0
    endloop
  endfacet
  facet normal 0.537266 0.843413 0
    outer loop
      vertex 15.25 28.2369 30
      vertex 15.25 28.2369 0
      vertex 14.8453 28.4947 30
    endloop
  endfacet
  facet normal 0.608834 0.793298 -0
    outer loop
      vertex 14.4647 28.7868 0
      vertex 14.4647 28.7868 30
      vertex 14.8453 28.4947 0
    endloop
  endfacet
  facet normal 0.608834 0.793298 0
    outer loop
      vertex 14.8453 28.4947 30
      vertex 14.8453 28.4947 0
      vertex 14.4647 28.7868 30
    endloop
  endfacet
  facet normal 0.675479 0.737379 -0
    outer loop
      vertex 14.1109 29.1109 0
      vertex 14.1109 29.1109 30
      vertex 14.4647 28.7868 0
    endloop
  endfacet
  facet normal 0.675479 0.737379 0
    outer loop
      vertex 14.4647 28.7868 30
      vertex 14.4647 28.7868 0
      vertex 14.1109 29.1109 30
    endloop
  endfacet
  facet normal 0.737379 0.675479 -0
    outer loop
      vertex 13.7868 29.4647 0
      vertex 13.7868 29.4647 30
      vertex 14.1109 29.1109 0
    endloop
  endfacet
  facet normal 0.737379 0.675479 0
    outer loop
      vertex 14.1109 29.1109 30
      vertex 14.1109 29.1109 0
      vertex 13.7868 29.4647 30
    endloop
  endfacet
  facet normal 0.793298 0.608834 -0
    outer loop
      vertex 13.4947 29.8453 0
      vertex 13.4947 29.8453 30
      vertex 13.7868 29.4647 0
    endloop
  endfacet
  facet normal 0.793298 0.608834 0
    outer loop
      vertex 13.7868 29.4647 30
      vertex 13.7868 29.4647 0
      vertex 13.4947 29.8453 30
    endloop
  endfacet
  facet normal 0.843413 0.537266 -0
    outer loop
      vertex 13.2369 30.25 0
      vertex 13.2369 30.25 30
      vertex 13.4947 29.8453 0
    endloop
  endfacet
  facet normal 0.843413 0.537266 0
    outer loop
      vertex 13.4947 29.8453 30
      vertex 13.4947 29.8453 0
      vertex 13.2369 30.25 30
    endloop
  endfacet
  facet normal 0.886971 0.461825 -0
    outer loop
      vertex 13.0153 30.6756 0
      vertex 13.0153 30.6756 30
      vertex 13.2369 30.25 0
    endloop
  endfacet
  facet normal 0.886971 0.461825 0
    outer loop
      vertex 13.2369 30.25 30
      vertex 13.2369 30.25 0
      vertex 13.0153 30.6756 30
    endloop
  endfacet
  facet normal 0.923895 0.382646 -0
    outer loop
      vertex 12.8317 31.1189 0
      vertex 12.8317 31.1189 30
      vertex 13.0153 30.6756 0
    endloop
  endfacet
  facet normal 0.923895 0.382646 0
    outer loop
      vertex 13.0153 30.6756 30
      vertex 13.0153 30.6756 0
      vertex 12.8317 31.1189 30
    endloop
  endfacet
  facet normal 0.953705 0.300742 -0
    outer loop
      vertex 12.6874 31.5765 0
      vertex 12.6874 31.5765 30
      vertex 12.8317 31.1189 0
    endloop
  endfacet
  facet normal 0.953705 0.300742 0
    outer loop
      vertex 12.8317 31.1189 30
      vertex 12.8317 31.1189 0
      vertex 12.6874 31.5765 30
    endloop
  endfacet
  facet normal 0.976314 0.216357 -0
    outer loop
      vertex 12.5836 32.0449 0
      vertex 12.5836 32.0449 30
      vertex 12.6874 31.5765 0
    endloop
  endfacet
  facet normal 0.976314 0.216357 0
    outer loop
      vertex 12.6874 31.5765 30
      vertex 12.6874 31.5765 0
      vertex 12.5836 32.0449 30
    endloop
  endfacet
  facet normal 0.991425 0.130676 -0
    outer loop
      vertex 12.5209 32.5206 0
      vertex 12.5209 32.5206 30
      vertex 12.5836 32.0449 0
    endloop
  endfacet
  facet normal 0.991425 0.130676 0
    outer loop
      vertex 12.5836 32.0449 30
      vertex 12.5836 32.0449 0
      vertex 12.5209 32.5206 30
    endloop
  endfacet
  facet normal 0.999051 0.0435548 -0
    outer loop
      vertex 12.5 33 0
      vertex 12.5 33 30
      vertex 12.5209 32.5206 0
    endloop
  endfacet
  facet normal 0.999051 0.0435548 0
    outer loop
      vertex 12.5209 32.5206 30
      vertex 12.5209 32.5206 0
      vertex 12.5 33 30
    endloop
  endfacet
  facet normal 0.999051 -0.0435548 0
    outer loop
      vertex 12.5209 33.4794 0
      vertex 12.5209 33.4794 30
      vertex 12.5 33 0
    endloop
  endfacet
  facet normal 0.999051 -0.0435548 0
    outer loop
      vertex 12.5 33 30
      vertex 12.5 33 0
      vertex 12.5209 33.4794 30
    endloop
  endfacet
  facet normal 0.991425 -0.130676 0
    outer loop
      vertex 12.5836 33.9551 0
      vertex 12.5836 33.9551 30
      vertex 12.5209 33.4794 0
    endloop
  endfacet
  facet normal 0.991425 -0.130676 0
    outer loop
      vertex 12.5209 33.4794 30
      vertex 12.5209 33.4794 0
      vertex 12.5836 33.9551 30
    endloop
  endfacet
  facet normal 0.976314 -0.216357 0
    outer loop
      vertex 12.6874 34.4235 0
      vertex 12.6874 34.4235 30
      vertex 12.5836 33.9551 0
    endloop
  endfacet
  facet normal 0.976314 -0.216357 0
    outer loop
      vertex 12.5836 33.9551 30
      vertex 12.5836 33.9551 0
      vertex 12.6874 34.4235 30
    endloop
  endfacet
  facet normal 0.953705 -0.300742 0
    outer loop
      vertex 12.8317 34.8811 0
      vertex 12.8317 34.8811 30
      vertex 12.6874 34.4235 0
    endloop
  endfacet
  facet normal 0.953705 -0.300742 0
    outer loop
      vertex 12.6874 34.4235 30
      vertex 12.6874 34.4235 0
      vertex 12.8317 34.8811 30
    endloop
  endfacet
  facet normal 0.923895 -0.382646 0
    outer loop
      vertex 13.0153 35.3244 0
      vertex 13.0153 35.3244 30
      vertex 12.8317 34.8811 0
    endloop
  endfacet
  facet normal 0.923895 -0.382646 0
    outer loop
      vertex 12.8317 34.8811 30
      vertex 12.8317 34.8811 0
      vertex 13.0153 35.3244 30
    endloop
  endfacet
  facet normal 0.886971 -0.461825 0
    outer loop
      vertex 13.2369 35.75 0
      vertex 13.2369 35.75 30
      vertex 13.0153 35.3244 0
    endloop
  endfacet
  facet normal 0.886971 -0.461825 0
    outer loop
      vertex 13.0153 35.3244 30
      vertex 13.0153 35.3244 0
      vertex 13.2369 35.75 30
    endloop
  endfacet
  facet normal 0.843413 -0.537266 0
    outer loop
      vertex 13.4947 36.1547 0
      vertex 13.4947 36.1547 30
      vertex 13.2369 35.75 0
    endloop
  endfacet
  facet normal 0.843413 -0.537266 0
    outer loop
      vertex 13.2369 35.75 30
      vertex 13.2369 35.75 0
      vertex 13.4947 36.1547 30
    endloop
  endfacet
  facet normal 0.793298 -0.608834 0
    outer loop
      vertex 13.7868 36.5353 0
      vertex 13.7868 36.5353 30
      vertex 13.4947 36.1547 0
    endloop
  endfacet
  facet normal 0.793298 -0.608834 0
    outer loop
      vertex 13.4947 36.1547 30
      vertex 13.4947 36.1547 0
      vertex 13.7868 36.5353 30
    endloop
  endfacet
  facet normal 0.737379 -0.675479 0
    outer loop
      vertex 14.1109 36.8891 0
      vertex 14.1109 36.8891 30
      vertex 13.7868 36.5353 0
    endloop
  endfacet
  facet normal 0.737379 -0.675479 0
    outer loop
      vertex 13.7868 36.5353 30
      vertex 13.7868 36.5353 0
      vertex 14.1109 36.8891 30
    endloop
  endfacet
  facet normal 0.675479 -0.737379 0
    outer loop
      vertex 14.4647 37.2132 0
      vertex 14.4647 37.2132 30
      vertex 14.1109 36.8891 0
    endloop
  endfacet
  facet normal 0.675479 -0.737379 0
    outer loop
      vertex 14.1109 36.8891 30
      vertex 14.1109 36.8891 0
      vertex 14.4647 37.2132 30
    endloop
  endfacet
  facet normal 0.608834 -0.793298 0
    outer loop
      vertex 14.8453 37.5053 0
      vertex 14.8453 37.5053 30
      vertex 14.4647 37.2132 0
    endloop
  endfacet
  facet normal 0.608834 -0.793298 0
    outer loop
      vertex 14.4647 37.2132 30
      vertex 14.4647 37.2132 0
      vertex 14.8453 37.5053 30
    endloop
  endfacet
  facet normal 0.537266 -0.843413 0
    outer loop
      vertex 15.25 37.7631 0
      vertex 15.25 37.7631 30
      vertex 14.8453 37.5053 0
    endloop
  endfacet
  facet normal 0.537266 -0.843413 0
    outer loop
      vertex 14.8453 37.5053 30
      vertex 14.8453 37.5053 0
      vertex 15.25 37.7631 30
    endloop
  endfacet
  facet normal 0.461825 -0.886971 0
    outer loop
      vertex 15.6756 37.9847 0
      vertex 15.6756 37.9847 30
      vertex 15.25 37.7631 0
    endloop
  endfacet
  facet normal 0.461825 -0.886971 0
    outer loop
      vertex 15.25 37.7631 30
      vertex 15.25 37.7631 0
      vertex 15.6756 37.9847 30
    endloop
  endfacet
  facet normal 0.382646 -0.923895 0
    outer loop
      vertex 16.1189 38.1683 0
      vertex 16.1189 38.1683 30
      vertex 15.6756 37.9847 0
    endloop
  endfacet
  facet normal 0.382646 -0.923895 0
    outer loop
      vertex 15.6756 37.9847 30
      vertex 15.6756 37.9847 0
      vertex 16.1189 38.1683 30
    endloop
  endfacet
  facet normal 0.300742 -0.953705 0
    outer loop
      vertex 16.5765 38.3126 0
      vertex 16.5765 38.3126 30
      vertex 16.1189 38.1683 0
    endloop
  endfacet
  facet normal 0.300742 -0.953705 0
    outer loop
      vertex 16.1189 38.1683 30
      vertex 16.1189 38.1683 0
      vertex 16.5765 38.3126 30
    endloop
  endfacet
  facet normal 0.216357 -0.976314 0
    outer loop
      vertex 17.0449 38.4164 0
      vertex 17.0449 38.4164 30
      vertex 16.5765 38.3126 0
    endloop
  endfacet
  facet normal 0.216357 -0.976314 0
    outer loop
      vertex 16.5765 38.3126 30
      vertex 16.5765 38.3126 0
      vertex 17.0449 38.4164 30
    endloop
  endfacet
  facet normal 0.130676 -0.991425 0
    outer loop
      vertex 17.5206 38.4791 0
      vertex 17.5206 38.4791 30
      vertex 17.0449 38.4164 0
    endloop
  endfacet
  facet normal 0.130676 -0.991425 0
    outer loop
      vertex 17.0449 38.4164 30
      vertex 17.0449 38.4164 0
      vertex 17.5206 38.4791 30
    endloop
  endfacet
  facet normal 0.0435548 -0.999051 0
    outer loop
      vertex 18 38.5 0
      vertex 18 38.5 30
      vertex 17.5206 38.4791 0
    endloop
  endfacet
  facet normal 0.0435548 -0.999051 0
    outer loop
      vertex 17.5206 38.4791 30
      vertex 17.5206 38.4791 0
      vertex 18 38.5 30
    endloop
  endfacet
  facet normal -0.0435548 -0.999051 0
    outer loop
      vertex 18.4794 38.4791 0
      vertex 18.4794 38.4791 30
      vertex 18 38.5 0
    endloop
  endfacet
  facet normal -0.0435548 -0.999051 -0
    outer loop
      vertex 18 38.5 30
      vertex 18 38.5 0
      vertex 18.4794 38.4791 30
    endloop
  endfacet
  facet normal -0.130676 -0.991425 0
    outer loop
      vertex 18.9551 38.4164 0
      vertex 18.9551 38.4164 30
      vertex 18.4794 38.4791 0
    endloop
  endfacet
  facet normal -0.130676 -0.991425 -0
    outer loop
      vertex 18.4794 38.4791 30
      vertex 18.4794 38.4791 0
      vertex 18.9551 38.4164 30
    endloop
  endfacet
  facet normal -0.216357 -0.976314 0
    outer loop
      vertex 19.4235 38.3126 0
      vertex 19.4235 38.3126 30
      vertex 18.9551 38.4164 0
    endloop
  endfacet
  facet normal -0.216357 -0.976314 -0
    outer loop
      vertex 18.9551 38.4164 30
      vertex 18.9551 38.4164 0
      vertex 19.4235 38.3126 30
    endloop
  endfacet
  facet normal -0.300742 -0.953705 0
    outer loop
      vertex 19.8811 38.1683 0
      vertex 19.8811 38.1683 30
      vertex 19.4235 38.3126 0
    endloop
  endfacet
  facet normal -0.300742 -0.953705 -0
    outer loop
      vertex 19.4235 38.3126 30
      vertex 19.4235 38.3126 0
      vertex 19.8811 38.1683 30
    endloop
  endfacet
  facet normal -0.382646 -0.923895 0
    outer loop
      vertex 20.3244 37.9847 0
      vertex 20.3244 37.9847 30
      vertex 19.8811 38.1683 0
    endloop
  endfacet
  facet normal -0.382646 -0.923895 -0
    outer loop
      vertex 19.8811 38.1683 30
      vertex 19.8811 38.1683 0
      vertex 20.3244 37.9847 30
    endloop
  endfacet
  facet normal -0.461825 -0.886971 0
    outer loop
      vertex 20.75 37.7631 0
      vertex 20.75 37.7631 30
      vertex 20.3244 37.9847 0
    endloop
  endfacet
  facet normal -0.461825 -0.886971 -0
    outer loop
      vertex 20.3244 37.9847 30
      vertex 20.3244 37.9847 0
      vertex 20.75 37.7631 30
    endloop
  endfacet
  facet normal -0.537266 -0.843413 0
    outer loop
      vertex 21.1547 37.5053 0
      vertex 21.1547 37.5053 30
      vertex 20.75 37.7631 0
    endloop
  endfacet
  facet normal -0.537266 -0.843413 -0
    outer loop
      vertex 20.75 37.7631 30
      vertex 20.75 37.7631 0
      vertex 21.1547 37.5053 30
    endloop
  endfacet
  facet normal -0.608834 -0.793298 0
    outer loop
      vertex 21.5353 37.2132 0
      vertex 21.5353 37.2132 30
      vertex 21.1547 37.5053 0
    endloop
  endfacet
  facet normal -0.608834 -0.793298 -0
    outer loop
      vertex 21.1547 37.5053 30
      vertex 21.1547 37.5053 0
      vertex 21.5353 37.2132 30
    endloop
  endfacet
  facet normal -0.675479 -0.737379 0
    outer loop
      vertex 21.8891 36.8891 0
      vertex 21.8891 36.8891 30
      vertex 21.5353 37.2132 0
    endloop
  endfacet
  facet normal -0.675479 -0.737379 -0
    outer loop
      vertex 21.5353 37.2132 30
      vertex 21.5353 37.2132 0
      vertex 21.8891 36.8891 30
    endloop
  endfacet
  facet normal -0.737379 -0.675479 0
    outer loop
      vertex 22.2132 36.5353 0
      vertex 22.2132 36.5353 30
      vertex 21.8891 36.8891 0
    endloop
  endfacet
  facet normal -0.737379 -0.675479 -0
    outer loop
      vertex 21.8891 36.8891 30
      vertex 21.8891 36.8891 0
      vertex 22.2132 36.5353 30
    endloop
  endfacet
  facet normal -0.793298 -0.608834 0
    outer loop
      vertex 22.5053 36.1547 0
      vertex 22.5053 36.1547 30
      vertex 22.2132 36.5353 0
    endloop
  endfacet
  facet normal -0.793298 -0.608834 -0
    outer loop
      vertex 22.2132 36.5353 30
      vertex 22.2132 36.5353 0
      vertex 22.5053 36.1547 30
    endloop
  endfacet
  facet normal -0.843413 -0.537266 0
    outer loop
      vertex 22.7631 35.75 0
      vertex 22.7631 35.75 30
      vertex 22.5053 36.1547 0
    endloop
  endfacet
  facet normal -0.843413 -0.537266 -0
    outer loop
      vertex 22.5053 36.1547 30
      vertex 22.5053 36.1547 0
      vertex 22.7631 35.75 30
    endloop
  endfacet
  facet normal -0.886971 -0.461825 0
    outer loop
      vertex 22.9847 35.3244 0
      vertex 22.9847 35.3244 30
      vertex 22.7631 35.75 0
    endloop
  endfacet
  facet normal -0.886971 -0.461825 -0
    outer loop
      vertex 22.7631 35.75 30
      vertex 22.7631 35.75 0
      vertex 22.9847 35.3244 30
    endloop
  endfacet
  facet normal -0.923895 -0.382646 0
    outer loop
      vertex 23.1683 34.8811 0
      vertex 23.1683 34.8811 30
      vertex 22.9847 35.3244 0
    endloop
  endfacet
  facet normal -0.923895 -0.382646 -0
    outer loop
      vertex 22.9847 35.3244 30
      vertex 22.9847 35.3244 0
      vertex 23.1683 34.8811 30
    endloop
  endfacet
  facet normal -0.953705 -0.300742 0
    outer loop
      vertex 23.3126 34.4235 0
      vertex 23.3126 34.4235 30
      vertex 23.1683 34.8811 0
    endloop
  endfacet
  facet normal -0.953705 -0.300742 -0
    outer loop
      vertex 23.1683 34.8811 30
      vertex 23.1683 34.8811 0
      vertex 23.3126 34.4235 30
    endloop
  endfacet
  facet normal -0.976314 -0.216357 0
    outer loop
      vertex 23.4164 33.9551 0
      vertex 23.4164 33.9551 30
      vertex 23.3126 34.4235 0
    endloop
  endfacet
  facet normal -0.976314 -0.216357 -0
    outer loop
      vertex 23.3126 34.4235 30
      vertex 23.3126 34.4235 0
      vertex 23.4164 33.9551 30
    endloop
  endfacet
  facet normal -0.991425 -0.130676 0
    outer loop
      vertex 23.4791 33.4794 0
      vertex 23.4791 33.4794 30
      vertex 23.4164 33.9551 0
    endloop
  endfacet
  facet normal -0.991425 -0.130676 -0
    outer loop
      vertex 23.4164 33.9551 30
      vertex 23.4164 33.9551 0
      vertex 23.4791 33.4794 30
    endloop
  endfacet
  facet normal -0.999051 -0.0435548 0
    outer loop
      vertex 23.5 33 0
      vertex 23.5 33 30
      vertex 23.4791 33.4794 0
    endloop
  endfacet
  facet normal -0.999051 -0.0435548 -0
    outer loop
      vertex 23.4791 33.4794 30
      vertex 23.4791 33.4794 0
      vertex 23.5 33 30
    endloop
  endfacet
  facet normal -0.999051 0.0435548 0
    outer loop
      vertex 23.4791 32.5206 0
      vertex 23.4791 32.5206 30
      vertex 23.5 33 0
    endloop
  endfacet
  facet normal -0.999051 0.0435548 0
    outer loop
      vertex 23.5 33 30
      vertex 23.5 33 0
      vertex 23.4791 32.5206 30
    endloop
  endfacet
  facet normal -0.991425 0.130676 0
    outer loop
      vertex 23.4164 32.0449 0
      vertex 23.4164 32.0449 30
      vertex 23.4791 32.5206 0
    endloop
  endfacet
  facet normal -0.991425 0.130676 0
    outer loop
      vertex 23.4791 32.5206 30
      vertex 23.4791 32.5206 0
      vertex 23.4164 32.0449 30
    endloop
  endfacet
  facet normal -0.976314 0.216357 0
    outer loop
      vertex 23.3126 31.5765 0
      vertex 23.3126 31.5765 30
      vertex 23.4164 32.0449 0
    endloop
  endfacet
  facet normal -0.976314 0.216357 0
    outer loop
      vertex 23.4164 32.0449 30
      vertex 23.4164 32.0449 0
      vertex 23.3126 31.5765 30
    endloop
  endfacet
  facet normal -0.953705 0.300742 0
    outer loop
      vertex 23.1683 31.1189 0
      vertex 23.1683 31.1189 30
      vertex 23.3126 31.5765 0
    endloop
  endfacet
  facet normal -0.953705 0.300742 0
    outer loop
      vertex 23.3126 31.5765 30
      vertex 23.3126 31.5765 0
      vertex 23.1683 31.1189 30
    endloop
  endfacet
  facet normal -0.923895 0.382646 0
    outer loop
      vertex 22.9847 30.6756 0
      vertex 22.9847 30.6756 30
      vertex 23.1683 31.1189 0
    endloop
  endfacet
  facet normal -0.923895 0.382646 0
    outer loop
      vertex 23.1683 31.1189 30
      vertex 23.1683 31.1189 0
      vertex 22.9847 30.6756 30
    endloop
  endfacet
  facet normal -0.886971 0.461825 0
    outer loop
      vertex 22.7631 30.25 0
      vertex 22.7631 30.25 30
      vertex 22.9847 30.6756 0
    endloop
  endfacet
  facet normal -0.886971 0.461825 0
    outer loop
      vertex 22.9847 30.6756 30
      vertex 22.9847 30.6756 0
      vertex 22.7631 30.25 30
    endloop
  endfacet
  facet normal -0.843413 0.537266 0
    outer loop
      vertex 22.5053 29.8453 0
      vertex 22.5053 29.8453 30
      vertex 22.7631 30.25 0
    endloop
  endfacet
  facet normal -0.843413 0.537266 0
    outer loop
      vertex 22.7631 30.25 30
      vertex 22.7631 30.25 0
      vertex 22.5053 29.8453 30
    endloop
  endfacet
  facet normal -0.793298 0.608834 0
    outer loop
      vertex 22.2132 29.4647 0
      vertex 22.2132 29.4647 30
      vertex 22.5053 29.8453 0
    endloop
  endfacet
  facet normal -0.793298 0.608834 0
    outer loop
      vertex 22.5053 29.8453 30
      vertex 22.5053 29.8453 0
      vertex 22.2132 29.4647 30
    endloop
  endfacet
  facet normal -0.737379 0.675479 0
    outer loop
      vertex 21.8891 29.1109 0
      vertex 21.8891 29.1109 30
      vertex 22.2132 29.4647 0
    endloop
  endfacet
  facet normal -0.737379 0.675479 0
    outer loop
      vertex 22.2132 29.4647 30
      vertex 22.2132 29.4647 0
      vertex 21.8891 29.1109 30
    endloop
  endfacet
  facet normal -0.675479 0.737379 0
    outer loop
      vertex 21.5353 28.7868 0
      vertex 21.5353 28.7868 30
      vertex 21.8891 29.1109 0
    endloop
  endfacet
  facet normal -0.675479 0.737379 0
    outer loop
      vertex 21.8891 29.1109 30
      vertex 21.8891 29.1109 0
      vertex 21.5353 28.7868 30
    endloop
  endfacet
  facet normal -0.608834 0.793298 0
    outer loop
      vertex 21.1547 28.4947 0
      vertex 21.1547 28.4947 30
      vertex 21.5353 28.7868 0
    endloop
  endfacet
  facet normal -0.608834 0.793298 0
    outer loop
      vertex 21.5353 28.7868 30
      vertex 21.5353 28.7868 0
      vertex 21.1547 28.4947 30
    endloop
  endfacet
  facet normal -0.537266 0.843413 0
    outer loop
      vertex 20.75 28.2369 0
      vertex 20.75 28.2369 30
      vertex 21.1547 28.4947 0
    endloop
  endfacet
  facet normal -0.537266 0.843413 0
    outer loop
      vertex 21.1547 28.4947 30
      vertex 21.1547 28.4947 0
      vertex 20.75 28.2369 30
    endloop
  endfacet
  facet normal -0.461825 0.886971 0
    outer loop
      vertex 20.3244 28.0153 0
      vertex 20.3244 28.0153 30
      vertex 20.75 28.2369 0
    endloop
  endfacet
  facet normal -0.461825 0.886971 0
    outer loop
      vertex 20.75 28.2369 30
      vertex 20.75 28.2369 0
      vertex 20.3244 28.0153 30
    endloop
  endfacet
  facet normal -0.382646 0.923895 0
    outer loop
      vertex 19.8811 27.8317 0
      vertex 19.8811 27.8317 30
      vertex 20.3244 28.0153 0
    endloop
  endfacet
  facet normal -0.382646 0.923895 0
    outer loop
      vertex 20.3244 28.0153 30
      vertex 20.3244 28.0153 0
      vertex 19.8811 27.8317 30
    endloop
  endfacet
  facet normal -0.300742 0.953705 0
    outer loop
      vertex 19.4235 27.6874 0
      vertex 19.4235 27.6874 30
      vertex 19.8811 27.8317 0
    endloop
  endfacet
  facet normal -0.300742 0.953705 0
    outer loop
      vertex 19.8811 27.8317 30
      vertex 19.8811 27.8317 0
      vertex 19.4235 27.6874 30
    endloop
  endfacet
  facet normal -0.216357 0.976314 0
    outer loop
      vertex 18.9551 27.5836 0
      vertex 18.9551 27.5836 30
      vertex 19.4235 27.6874 0
    endloop
  endfacet
  facet normal -0.216357 0.976314 0
    outer loop
      vertex 19.4235 27.6874 30
      vertex 19.4235 27.6874 0
      vertex 18.9551 27.5836 30
    endloop
  endfacet
  facet normal -0.130676 0.991425 0
    outer loop
      vertex 18.4794 27.5209 0
      vertex 18.4794 27.5209 30
      vertex 18.9551 27.5836 0
    endloop
  endfacet
  facet normal -0.130676 0.991425 0
    outer loop
      vertex 18.9551 27.5836 30
      vertex 18.9551 27.5836 0
      vertex 18.4794 27.5209 30
    endloop
  endfacet
  facet normal -0.0435548 0.999051 0
    outer loop
      vertex 18 27.5 0
      vertex 18 27.5 30
      vertex 18.4794 27.5209 0
    endloop
  endfacet
  facet normal -0.0435548 0.999051 0
    outer loop
      vertex 18.4794 27.5209 30
      vertex 18.4794 27.5209 0
      vertex 18 27.5 30
    endloop
  endfacet
  facet normal 0.0435548 0.999051 -0
    outer loop
      vertex 17.5206 27.5209 0
      vertex 17.5206 27.5209 30
      vertex 18 27.5 0
    endloop
  endfacet
  facet normal 0.0435548 0.999051 0
    outer loop
      vertex 18 27.5 30
      vertex 18 27.5 0
      vertex 17.5206 27.5209 30
    endloop
  endfacet
endsolid OpenSCAD_Model
