solid OpenSCAD_Model
  facet normal -0 0 -1
    outer loop
      vertex 7.76459 -28.9778 0
      vertex 6.2374 -29.3444 0
      vertex 2.32939 -8.6933 0
    endloop
  endfacet
  facet normal 0 0 -1
    outer loop
      vertex 1.5701 -29.9589 0
      vertex 0.784393 -8.96579 0
      vertex 3.13589 -29.8357 0
    endloop
  endfacet
  facet normal 0 -0 -1
    outer loop
      vertex 1.56279 -8.8633 0
      vertex 4.69299 -29.6307 0
      vertex 0.784393 -8.96579 0
    endloop
  endfacet
  facet normal 0 0 -1
    outer loop
      vertex 10.751 -28.0074 0
      vertex 3.07819 -8.4572 0
      vertex 3.80359 -8.1568 0
    endloop
  endfacet
  facet normal 0 0 -1
    outer loop
      vertex 12.2021 -27.4064 0
      vertex 3.80359 -8.1568 0
      vertex 13.6197 -26.7302 0
    endloop
  endfacet
  facet normal 0 0 -1
    outer loop
      vertex -13.6197 -26.7302 0
      vertex -15 -25.9808 0
      vertex -4.5 -7.79419 0
    endloop
  endfacet
  facet normal 0 0 -1
    outer loop
      vertex 5.16219 -7.37239 0
      vertex 17.6336 -24.2705 0
      vertex 16.3392 -25.1601 0
    endloop
  endfacet
  facet normal 0 -0 -1
    outer loop
      vertex 5.7851 -6.89439 0
      vertex 18.8796 -23.3144 0
      vertex 5.16219 -7.37239 0
    endloop
  endfacet
  facet normal 0 -0 -1
    outer loop
      vertex 6.364 -6.364 0
      vertex 20.0739 -22.2943 0
      vertex 5.7851 -6.89439 0
    endloop
  endfacet
  facet normal -0 -0 -1
    outer loop
      vertex 17.7385 -2.98859 0
      vertex 24.2705 -17.6336 0
      vertex 17.4791 -2.95439 0
    endloop
  endfacet
  facet normal -0 -0 -1
    outer loop
      vertex 18 -3 0
      vertex 25.1601 -16.3392 0
      vertex 17.7385 -2.98859 0
    endloop
  endfacet
  facet normal -0 0 -1
    outer loop
      vertex 22.2943 -20.0739 0
      vertex 21.2132 -21.2132 0
      vertex 6.364 -6.364 0
    endloop
  endfacet
  facet normal -0 0 -1
    outer loop
      vertex -5.7851 -6.89439 0
      vertex -20.0739 -22.2943 0
      vertex -6.364 -6.364 0
    endloop
  endfacet
  facet normal 0 0 -1
    outer loop
      vertex 22.2943 -20.0739 0
      vertex 17.2235 -2.8978 0
      vertex 23.3144 -18.8796 0
    endloop
  endfacet
  facet normal -0 0 -1
    outer loop
      vertex 17.2235 -2.8978 0
      vertex 6.89439 -5.7851 0
      vertex 16.9739 -2.81909 0
    endloop
  endfacet
  facet normal 0 -0 -1
    outer loop
      vertex 20.8978 -0.776489 0
      vertex 29.8357 -3.13589 0
      vertex 20.8191 -1.02609 0
    endloop
  endfacet
  facet normal 0 -0 -1
    outer loop
      vertex 15.8787 -2.12129 0
      vertex 16.0716 -2.2981 0
      vertex 8.1568 -3.80359 0
    endloop
  endfacet
  facet normal 0 0 -1
    outer loop
      vertex 20.5981 1.5 0
      vertex 29.6836 4.70139 0
      vertex 20.7189 1.2679 0
    endloop
  endfacet
  facet normal -0 0 -1
    outer loop
      vertex 30 0 0
      vertex 20.9886 -0.26149 0
      vertex 21 0 0
    endloop
  endfacet
  facet normal -0 0 -1
    outer loop
      vertex 28.9246 9.39819 0
      vertex 19.2679 2.71889 0
      vertex 28.609 10.9819 0
    endloop
  endfacet
  facet normal 0 0 -1
    outer loop
      vertex 19.5 -2.5981 0
      vertex 19.7207 -2.45749 0
      vertex 28.5317 -9.27049 0
    endloop
  endfacet
  facet normal 0 0 -1
    outer loop
      vertex 18.5209 2.95439 0
      vertex 18.2615 2.98859 0
      vertex 27.8974 14.2144 0
    endloop
  endfacet
  facet normal -0 0 -1
    outer loop
      vertex 16.9739 2.81909 0
      vertex 16.7321 2.71889 0
      vertex 7.37239 5.16219 0
    endloop
  endfacet
  facet normal 0 0 -1
    outer loop
      vertex 8.8633 -1.56279 0
      vertex 15.1022 -0.776489 0
      vertex 15.1809 -1.02609 0
    endloop
  endfacet
  facet normal 0 0 -1
    outer loop
      vertex 15.0114 -0.26149 0
      vertex 9 0 0
      vertex 15 0 0
    endloop
  endfacet
  facet normal -0 0 -1
    outer loop
      vertex 15.2811 1.2679 0
      vertex 15.1809 1.02609 0
      vertex 8.8633 1.56279 0
    endloop
  endfacet
  facet normal 0 0 -1
    outer loop
      vertex -25.9808 -15 0
      vertex -18 -3 0
      vertex -25.1601 -16.3392 0
    endloop
  endfacet
  facet normal 0 0 -1
    outer loop
      vertex -8.96579 -0.784393 0
      vertex -15.0456 -0.520889 0
      vertex -15.0114 -0.26149 0
    endloop
  endfacet
  facet normal 0 0 -1
    outer loop
      vertex -28.0074 -10.751 0
      vertex -19.0261 -2.81909 0
      vertex -27.4064 -12.2021 0
    endloop
  endfacet
  facet normal 0 0 -1
    outer loop
      vertex -25.1601 -16.3392 0
      vertex -18 -3 0
      vertex -17.7385 -2.98859 0
    endloop
  endfacet
  facet normal 0 0 -1
    outer loop
      vertex 3.07819 8.4572 0
      vertex 21.9909 30.2678 0
      vertex 3.80359 8.1568 0
    endloop
  endfacet
  facet normal -0 0 -1
    outer loop
      vertex 19.5466 33.8558 0
      vertex 2.32939 8.6933 0
      vertex 18.1156 35.5539 0
    endloop
  endfacet
  facet normal 0 0 -1
    outer loop
      vertex 2.32939 8.6933 0
      vertex 1.56279 8.8633 0
      vertex 16.5435 37.1574 0
    endloop
  endfacet
  facet normal 0 0 -1
    outer loop
      vertex -30 0 0
      vertex -21 0 0
      vertex -20.9886 -0.26149 0
    endloop
  endfacet
  facet normal 0 0 -1
    outer loop
      vertex 0 9 0
      vertex 2.29979 43.8823 0
      vertex 4.57529 43.5314 0
    endloop
  endfacet
  facet normal 0 -0 -1
    outer loop
      vertex -2.29979 43.8823 0
      vertex 0 9 0
      vertex -4.57529 43.5314 0
    endloop
  endfacet
  facet normal -0 0 -1
    outer loop
      vertex -5.7851 6.89439 0
      vertex -6.364 6.364 0
      vertex -26.5706 19.3047 0
    endloop
  endfacet
  facet normal -0 0 -1
    outer loop
      vertex -4.5 7.79419 0
      vertex -5.16219 7.37239 0
      vertex -24.7132 24.7132 0
    endloop
  endfacet
  facet normal 0 0 -1
    outer loop
      vertex -4.5 7.79419 0
      vertex -24.7132 24.7132 0
      vertex -23.9186 26.5643 0
    endloop
  endfacet
  facet normal 0 0 -1
    outer loop
      vertex -3.80359 8.1568 0
      vertex -21.9909 30.2678 0
      vertex -3.07819 8.4572 0
    endloop
  endfacet
  facet normal 0 0 -1
    outer loop
      vertex -3.07819 8.4572 0
      vertex -20.8371 32.0863 0
      vertex -2.32939 8.6933 0
    endloop
  endfacet
  facet normal 0 0 -1
    outer loop
      vertex -4.5 7.79419 0
      vertex -23.9186 26.5643 0
      vertex -3.80359 8.1568 0
    endloop
  endfacet
  facet normal 0 0 -1
    outer loop
      vertex -2.32939 8.6933 0
      vertex -20.8371 32.0863 0
      vertex -19.5466 33.8558 0
    endloop
  endfacet
  facet normal 0 -0 -1
    outer loop
      vertex -16.5435 37.1574 0
      vertex -2.32939 8.6933 0
      vertex -18.1156 35.5539 0
    endloop
  endfacet
  facet normal 0 -0 -1
    outer loop
      vertex -24.7132 24.7132 0
      vertex -5.16219 7.37239 0
      vertex -25.4113 22.8805 0
    endloop
  endfacet
  facet normal -0 0 -1
    outer loop
      vertex -5.16219 7.37239 0
      vertex -5.7851 6.89439 0
      vertex -26.0261 21.0755 0
    endloop
  endfacet
  facet normal 0 0 -1
    outer loop
      vertex -27.057 17.571 0
      vertex -26.5706 19.3047 0
      vertex -6.364 6.364 0
    endloop
  endfacet
  facet normal 0 -0 -1
    outer loop
      vertex -6.80319 42.9538 0
      vertex -0.784393 8.96579 0
      vertex -8.9614 42.1602 0
    endloop
  endfacet
  facet normal 0 -0 -1
    outer loop
      vertex -4.57529 43.5314 0
      vertex -0.784393 8.96579 0
      vertex -6.80319 42.9538 0
    endloop
  endfacet
  facet normal 0 0 -1
    outer loop
      vertex -19.7207 2.45749 0
      vertex -29.2122 7.82739 0
      vertex -28.9246 9.39819 0
    endloop
  endfacet
  facet normal 0 0 -1
    outer loop
      vertex -2.29979 43.8823 0
      vertex 0 44 0
      vertex 0 9 0
    endloop
  endfacet
  facet normal 0 0 -1
    outer loop
      vertex -27.4963 15.875 0
      vertex -27.057 17.571 0
      vertex -17.7385 2.98859 0
    endloop
  endfacet
  facet normal 0 0 -1
    outer loop
      vertex -27.057 17.571 0
      vertex -17.4791 2.95439 0
      vertex -17.7385 2.98859 0
    endloop
  endfacet
  facet normal 0 0 -1
    outer loop
      vertex 0.784393 8.96579 0
      vertex 11.0301 41.165 0
      vertex 12.9921 39.9856 0
    endloop
  endfacet
  facet normal 0 0 -1
    outer loop
      vertex 1.56279 8.8633 0
      vertex 12.9921 39.9856 0
      vertex 14.8334 38.6424 0
    endloop
  endfacet
  facet normal 0 0 -1
    outer loop
      vertex -7.37239 5.16219 0
      vertex -16.7321 2.71889 0
      vertex -16.9739 2.81909 0
    endloop
  endfacet
  facet normal -0 0 -1
    outer loop
      vertex -20.7189 -1.2679 0
      vertex -29.8357 -3.13589 0
      vertex -20.8191 -1.02609 0
    endloop
  endfacet
  facet normal -0 0 -1
    outer loop
      vertex 18.1156 35.5539 0
      vertex 2.32939 8.6933 0
      vertex 16.5435 37.1574 0
    endloop
  endfacet
  facet normal 0 0 -1
    outer loop
      vertex -7.37239 5.16219 0
      vertex -16.5 2.5981 0
      vertex -16.7321 2.71889 0
    endloop
  endfacet
  facet normal 0 0 -1
    outer loop
      vertex -7.79419 4.5 0
      vertex -16.2793 2.45749 0
      vertex -16.5 2.5981 0
    endloop
  endfacet
  facet normal -0 0 -1
    outer loop
      vertex 23.9186 26.5643 0
      vertex 3.80359 8.1568 0
      vertex 23.0149 28.4211 0
    endloop
  endfacet
  facet normal -0 0 -1
    outer loop
      vertex 24.7132 24.7132 0
      vertex 4.5 7.79419 0
      vertex 23.9186 26.5643 0
    endloop
  endfacet
  facet normal 0 -0 -1
    outer loop
      vertex -19.2679 -2.71889 0
      vertex -19.0261 -2.81909 0
      vertex -28.0074 -10.751 0
    endloop
  endfacet
  facet normal 0 0 -1
    outer loop
      vertex 24.7132 24.7132 0
      vertex 5.16219 7.37239 0
      vertex 4.5 7.79419 0
    endloop
  endfacet
  facet normal -0 0 -1
    outer loop
      vertex 25.4113 22.8805 0
      vertex 5.16219 7.37239 0
      vertex 24.7132 24.7132 0
    endloop
  endfacet
  facet normal 0 0 -1
    outer loop
      vertex -26.7302 -13.6197 0
      vertex -27.4064 -12.2021 0
      vertex -18.7765 -2.8978 0
    endloop
  endfacet
  facet normal 0 0 -1
    outer loop
      vertex 5.16219 7.37239 0
      vertex 26.0261 21.0755 0
      vertex 5.7851 6.89439 0
    endloop
  endfacet
  facet normal 0 0 -1
    outer loop
      vertex -26.7302 -13.6197 0
      vertex -18.5209 -2.95439 0
      vertex -25.9808 -15 0
    endloop
  endfacet
  facet normal 0 0 -1
    outer loop
      vertex 16.5 2.5981 0
      vertex 7.79419 4.5 0
      vertex 7.37239 5.16219 0
    endloop
  endfacet
  facet normal 0 0 -1
    outer loop
      vertex 16.0716 2.2981 0
      vertex 7.79419 4.5 0
      vertex 16.2793 2.45749 0
    endloop
  endfacet
  facet normal 0 -0 -1
    outer loop
      vertex -18.2615 -2.98859 0
      vertex -18 -3 0
      vertex -25.9808 -15 0
    endloop
  endfacet
  facet normal 0 0 -1
    outer loop
      vertex 8.4572 3.07819 0
      vertex 15.7019 1.92839 0
      vertex 15.5425 1.72069 0
    endloop
  endfacet
  facet normal 0 0 -1
    outer loop
      vertex 18 -3 0
      vertex 25.9808 -15 0
      vertex 25.1601 -16.3392 0
    endloop
  endfacet
  facet normal 0 -0 -1
    outer loop
      vertex -15.8787 -2.12129 0
      vertex -8.1568 -3.80359 0
      vertex -16.0716 -2.2981 0
    endloop
  endfacet
  facet normal 0 -0 -1
    outer loop
      vertex -16.9739 -2.81909 0
      vertex -6.89439 -5.7851 0
      vertex -17.2235 -2.8978 0
    endloop
  endfacet
  facet normal 0 0 -1
    outer loop
      vertex -23.3144 -18.8796 0
      vertex -17.4791 -2.95439 0
      vertex -17.2235 -2.8978 0
    endloop
  endfacet
  facet normal 0 0 -1
    outer loop
      vertex -13.6197 -26.7302 0
      vertex -3.80359 -8.1568 0
      vertex -12.2021 -27.4064 0
    endloop
  endfacet
  facet normal 0 0 -1
    outer loop
      vertex -6.364 -6.364 0
      vertex -21.2132 -21.2132 0
      vertex -22.2943 -20.0739 0
    endloop
  endfacet
  facet normal 0 0 -1
    outer loop
      vertex -6.364 -6.364 0
      vertex -20.0739 -22.2943 0
      vertex -21.2132 -21.2132 0
    endloop
  endfacet
  facet normal 0 0 -1
    outer loop
      vertex -17.6336 -24.2705 0
      vertex -5.16219 -7.37239 0
      vertex -16.3392 -25.1601 0
    endloop
  endfacet
  facet normal 0 0 -1
    outer loop
      vertex -20.0739 -22.2943 0
      vertex -5.7851 -6.89439 0
      vertex -18.8796 -23.3144 0
    endloop
  endfacet
  facet normal 0 0 -1
    outer loop
      vertex -18.8796 -23.3144 0
      vertex -5.7851 -6.89439 0
      vertex -5.16219 -7.37239 0
    endloop
  endfacet
  facet normal 0 0 -1
    outer loop
      vertex -17.6336 -24.2705 0
      vertex -18.8796 -23.3144 0
      vertex -5.16219 -7.37239 0
    endloop
  endfacet
  facet normal 0 0 -1
    outer loop
      vertex -16.3392 -25.1601 0
      vertex -5.16219 -7.37239 0
      vertex -4.5 -7.79419 0
    endloop
  endfacet
  facet normal 0 0 -1
    outer loop
      vertex -15 -25.9808 0
      vertex -16.3392 -25.1601 0
      vertex -4.5 -7.79419 0
    endloop
  endfacet
  facet normal 0 0 -1
    outer loop
      vertex 4.5 -7.79419 0
      vertex 16.3392 -25.1601 0
      vertex 15 -25.9808 0
    endloop
  endfacet
  facet normal 0 0 -1
    outer loop
      vertex -6.2374 -29.3444 0
      vertex -2.32939 -8.6933 0
      vertex -1.56279 -8.8633 0
    endloop
  endfacet
  facet normal 0 -0 -1
    outer loop
      vertex -4.5 -7.79419 0
      vertex -3.80359 -8.1568 0
      vertex -13.6197 -26.7302 0
    endloop
  endfacet
  facet normal 0 0 -1
    outer loop
      vertex -10.751 -28.0074 0
      vertex -3.07819 -8.4572 0
      vertex -9.27049 -28.5317 0
    endloop
  endfacet
  facet normal 0 0 -1
    outer loop
      vertex -12.2021 -27.4064 0
      vertex -3.80359 -8.1568 0
      vertex -10.751 -28.0074 0
    endloop
  endfacet
  facet normal 0 0 -1
    outer loop
      vertex -10.751 -28.0074 0
      vertex -3.80359 -8.1568 0
      vertex -3.07819 -8.4572 0
    endloop
  endfacet
  facet normal 0 0 -1
    outer loop
      vertex -7.76459 -28.9778 0
      vertex -9.27049 -28.5317 0
      vertex -2.32939 -8.6933 0
    endloop
  endfacet
  facet normal -0 0 -1
    outer loop
      vertex -2.32939 -8.6933 0
      vertex -9.27049 -28.5317 0
      vertex -3.07819 -8.4572 0
    endloop
  endfacet
  facet normal 0 -0 -1
    outer loop
      vertex 3.07819 -8.4572 0
      vertex 9.27049 -28.5317 0
      vertex 2.32939 -8.6933 0
    endloop
  endfacet
  facet normal 0 0 -1
    outer loop
      vertex -2.32939 -8.6933 0
      vertex -6.2374 -29.3444 0
      vertex -7.76459 -28.9778 0
    endloop
  endfacet
  facet normal 0 0 -1
    outer loop
      vertex -4.69299 -29.6307 0
      vertex -0.784393 -8.96579 0
      vertex -3.13589 -29.8357 0
    endloop
  endfacet
  facet normal 0 0 -1
    outer loop
      vertex -6.2374 -29.3444 0
      vertex -1.56279 -8.8633 0
      vertex -4.69299 -29.6307 0
    endloop
  endfacet
  facet normal 0 0 -1
    outer loop
      vertex -4.69299 -29.6307 0
      vertex -1.56279 -8.8633 0
      vertex -0.784393 -8.96579 0
    endloop
  endfacet
  facet normal -0 0 -1
    outer loop
      vertex 1.5701 -29.9589 0
      vertex 0 -30 0
      vertex 0 -9 0
    endloop
  endfacet
  facet normal 0 0 -1
    outer loop
      vertex -1.5701 -29.9589 0
      vertex -3.13589 -29.8357 0
      vertex -0.784393 -8.96579 0
    endloop
  endfacet
  facet normal -0 0 -1
    outer loop
      vertex 0 -9 0
      vertex -1.5701 -29.9589 0
      vertex -0.784393 -8.96579 0
    endloop
  endfacet
  facet normal 0 -0 -1
    outer loop
      vertex 0 -9 0
      vertex 0 -30 0
      vertex -1.5701 -29.9589 0
    endloop
  endfacet
  facet normal 0 -0 -1
    outer loop
      vertex 15.5425 -1.72069 0
      vertex 15.7019 -1.92839 0
      vertex 8.4572 -3.07819 0
    endloop
  endfacet
  facet normal -0 0 -1
    outer loop
      vertex -6.364 -6.364 0
      vertex -22.2943 -20.0739 0
      vertex -6.89439 -5.7851 0
    endloop
  endfacet
  facet normal 0 0 -1
    outer loop
      vertex -6.89439 -5.7851 0
      vertex -16.9739 -2.81909 0
      vertex -7.37239 -5.16219 0
    endloop
  endfacet
  facet normal 0 0 -1
    outer loop
      vertex -7.79419 -4.5 0
      vertex -16.5 -2.5981 0
      vertex -16.2793 -2.45749 0
    endloop
  endfacet
  facet normal 0 0 -1
    outer loop
      vertex -24.2705 -17.6336 0
      vertex -25.1601 -16.3392 0
      vertex -17.7385 -2.98859 0
    endloop
  endfacet
  facet normal 0 0 -1
    outer loop
      vertex -8.4572 -3.07819 0
      vertex -15.5425 -1.72069 0
      vertex -8.6933 -2.32939 0
    endloop
  endfacet
  facet normal 0 0 -1
    outer loop
      vertex -15.2811 -1.2679 0
      vertex -15.1809 -1.02609 0
      vertex -8.8633 -1.56279 0
    endloop
  endfacet
  facet normal 0 0 -1
    outer loop
      vertex -25.9808 -15 0
      vertex -18.5209 -2.95439 0
      vertex -18.2615 -2.98859 0
    endloop
  endfacet
  facet normal -0 0 -1
    outer loop
      vertex -18.5209 -2.95439 0
      vertex -26.7302 -13.6197 0
      vertex -18.7765 -2.8978 0
    endloop
  endfacet
  facet normal 0 0 -1
    outer loop
      vertex -15.0456 0.520889 0
      vertex -8.96579 0.784393 0
      vertex -15.0114 0.26149 0
    endloop
  endfacet
  facet normal 0 0 -1
    outer loop
      vertex -15.7019 1.92839 0
      vertex -15.8787 2.12129 0
      vertex -8.4572 3.07819 0
    endloop
  endfacet
  facet normal 0 -0 -1
    outer loop
      vertex -20.2981 -1.92839 0
      vertex -20.1213 -2.12129 0
      vertex -29.3444 -6.2374 0
    endloop
  endfacet
  facet normal -0 0 -1
    outer loop
      vertex -20.8191 -1.02609 0
      vertex -29.8357 -3.13589 0
      vertex -20.8978 -0.776489 0
    endloop
  endfacet
  facet normal -0 0 -1
    outer loop
      vertex -20.9544 -0.520889 0
      vertex -29.9589 -1.5701 0
      vertex -20.9886 -0.26149 0
    endloop
  endfacet
  facet normal 0 0 -1
    outer loop
      vertex -29.9609 1.57019 0
      vertex -20.8978 0.776489 0
      vertex -20.9544 0.520889 0
    endloop
  endfacet
  facet normal 0 -0 -1
    outer loop
      vertex -29.4675 6.26349 0
      vertex -20.4575 1.72069 0
      vertex -29.6836 4.70139 0
    endloop
  endfacet
  facet normal -0 0 -1
    outer loop
      vertex -18.2615 2.98859 0
      vertex -18.5209 2.95439 0
      vertex -27.8974 14.2144 0
    endloop
  endfacet
  facet normal 0 0 -1
    outer loop
      vertex -28.609 10.9819 0
      vertex -28.267 12.5853 0
      vertex -18.7765 2.8978 0
    endloop
  endfacet
  facet normal 0 -0 -1
    outer loop
      vertex -26.0261 21.0755 0
      vertex -5.7851 6.89439 0
      vertex -26.5706 19.3047 0
    endloop
  endfacet
  facet normal 0 0 -1
    outer loop
      vertex -14.8334 38.6424 0
      vertex -12.9921 39.9856 0
      vertex -1.56279 8.8633 0
    endloop
  endfacet
  facet normal 0 -0 -1
    outer loop
      vertex -25.4113 22.8805 0
      vertex -5.16219 7.37239 0
      vertex -26.0261 21.0755 0
    endloop
  endfacet
  facet normal -0 0 -1
    outer loop
      vertex -1.56279 8.8633 0
      vertex -2.32939 8.6933 0
      vertex -16.5435 37.1574 0
    endloop
  endfacet
  facet normal 0 0 -1
    outer loop
      vertex -23.0149 28.4211 0
      vertex -21.9909 30.2678 0
      vertex -3.80359 8.1568 0
    endloop
  endfacet
  facet normal 0 -0 -1
    outer loop
      vertex -23.0149 28.4211 0
      vertex -3.80359 8.1568 0
      vertex -23.9186 26.5643 0
    endloop
  endfacet
  facet normal 0 0 -1
    outer loop
      vertex -21.9909 30.2678 0
      vertex -20.8371 32.0863 0
      vertex -3.07819 8.4572 0
    endloop
  endfacet
  facet normal 0 -0 -1
    outer loop
      vertex -18.1156 35.5539 0
      vertex -2.32939 8.6933 0
      vertex -19.5466 33.8558 0
    endloop
  endfacet
  facet normal 0 -0 -1
    outer loop
      vertex -14.8334 38.6424 0
      vertex -1.56279 8.8633 0
      vertex -16.5435 37.1574 0
    endloop
  endfacet
  facet normal 0 0 -1
    outer loop
      vertex -12.9921 39.9856 0
      vertex -11.0301 41.165 0
      vertex -0.784393 8.96579 0
    endloop
  endfacet
  facet normal 0 0 -1
    outer loop
      vertex -12.9921 39.9856 0
      vertex -0.784393 8.96579 0
      vertex -1.56279 8.8633 0
    endloop
  endfacet
  facet normal 0 0 -1
    outer loop
      vertex -0.784393 8.96579 0
      vertex -11.0301 41.165 0
      vertex -8.9614 42.1602 0
    endloop
  endfacet
  facet normal -0 0 -1
    outer loop
      vertex 0 9 0
      vertex -0.784393 8.96579 0
      vertex -4.57529 43.5314 0
    endloop
  endfacet
  facet normal 0 0 -1
    outer loop
      vertex 0 9 0
      vertex 0 44 0
      vertex 2.29979 43.8823 0
    endloop
  endfacet
  facet normal -0 0 -1
    outer loop
      vertex 6.80319 42.9538 0
      vertex 0.784393 8.96579 0
      vertex 4.57529 43.5314 0
    endloop
  endfacet
  facet normal 0 0 -1
    outer loop
      vertex 0.784393 8.96579 0
      vertex 0 9 0
      vertex 4.57529 43.5314 0
    endloop
  endfacet
  facet normal 0 -0 -1
    outer loop
      vertex 8.9614 42.1602 0
      vertex 11.0301 41.165 0
      vertex 0.784393 8.96579 0
    endloop
  endfacet
  facet normal -0 0 -1
    outer loop
      vertex 8.9614 42.1602 0
      vertex 0.784393 8.96579 0
      vertex 6.80319 42.9538 0
    endloop
  endfacet
  facet normal 0 0 -1
    outer loop
      vertex 0.784393 8.96579 0
      vertex 12.9921 39.9856 0
      vertex 1.56279 8.8633 0
    endloop
  endfacet
  facet normal 0 0 -1
    outer loop
      vertex 1.56279 8.8633 0
      vertex 14.8334 38.6424 0
      vertex 16.5435 37.1574 0
    endloop
  endfacet
  facet normal 0 -0 -1
    outer loop
      vertex 19.5466 33.8558 0
      vertex 20.8371 32.0863 0
      vertex 2.32939 8.6933 0
    endloop
  endfacet
  facet normal 0 0 -1
    outer loop
      vertex 3.07819 8.4572 0
      vertex 20.8371 32.0863 0
      vertex 21.9909 30.2678 0
    endloop
  endfacet
  facet normal 0 0 -1
    outer loop
      vertex 2.32939 8.6933 0
      vertex 20.8371 32.0863 0
      vertex 3.07819 8.4572 0
    endloop
  endfacet
  facet normal 0 0 -1
    outer loop
      vertex 3.80359 8.1568 0
      vertex 21.9909 30.2678 0
      vertex 23.0149 28.4211 0
    endloop
  endfacet
  facet normal 0 0 -1
    outer loop
      vertex 4.5 7.79419 0
      vertex 3.80359 8.1568 0
      vertex 23.9186 26.5643 0
    endloop
  endfacet
  facet normal 0 -0 -1
    outer loop
      vertex 25.4113 22.8805 0
      vertex 26.0261 21.0755 0
      vertex 5.16219 7.37239 0
    endloop
  endfacet
  facet normal 0 0 -1
    outer loop
      vertex 5.7851 6.89439 0
      vertex 26.5706 19.3047 0
      vertex 6.364 6.364 0
    endloop
  endfacet
  facet normal 0 -0 -1
    outer loop
      vertex 26.0261 21.0755 0
      vertex 26.5706 19.3047 0
      vertex 5.7851 6.89439 0
    endloop
  endfacet
  facet normal 0 0 -1
    outer loop
      vertex 6.364 6.364 0
      vertex 26.5706 19.3047 0
      vertex 27.057 17.571 0
    endloop
  endfacet
  facet normal 0 0 -1
    outer loop
      vertex 8.4572 3.07819 0
      vertex 15.8787 2.12129 0
      vertex 15.7019 1.92839 0
    endloop
  endfacet
  facet normal -0 0 -1
    outer loop
      vertex 15.0114 0.26149 0
      vertex 9 0 0
      vertex 8.96579 0.784393 0
    endloop
  endfacet
  facet normal 0 0 -1
    outer loop
      vertex 8.8633 -1.56279 0
      vertex 8.96579 -0.784393 0
      vertex 15.1022 -0.776489 0
    endloop
  endfacet
  facet normal -0 0 -1
    outer loop
      vertex 15.4019 -1.5 0
      vertex 8.6933 -2.32939 0
      vertex 15.2811 -1.2679 0
    endloop
  endfacet
  facet normal 0 0 -1
    outer loop
      vertex 27.057 17.571 0
      vertex 17.4791 2.95439 0
      vertex 6.364 6.364 0
    endloop
  endfacet
  facet normal -0 0 -1
    outer loop
      vertex 15.5425 -1.72069 0
      vertex 8.6933 -2.32939 0
      vertex 15.4019 -1.5 0
    endloop
  endfacet
  facet normal -0 0 -1
    outer loop
      vertex 28.267 12.5853 0
      vertex 18.5209 2.95439 0
      vertex 27.8974 14.2144 0
    endloop
  endfacet
  facet normal -0 0 -1
    outer loop
      vertex 28.609 10.9819 0
      vertex 18.7765 2.8978 0
      vertex 28.267 12.5853 0
    endloop
  endfacet
  facet normal 0 -0 -1
    outer loop
      vertex 8.4572 -3.07819 0
      vertex 15.8787 -2.12129 0
      vertex 8.1568 -3.80359 0
    endloop
  endfacet
  facet normal 0 0 -1
    outer loop
      vertex 6.89439 -5.7851 0
      vertex 7.37239 -5.16219 0
      vertex 16.9739 -2.81909 0
    endloop
  endfacet
  facet normal 0 0 -1
    outer loop
      vertex 20.4575 -1.72069 0
      vertex 20.5981 -1.5 0
      vertex 29.6307 -4.69299 0
    endloop
  endfacet
  facet normal 0 0 -1
    outer loop
      vertex 28.9778 -7.76459 0
      vertex 20.1213 -2.12129 0
      vertex 29.3444 -6.2374 0
    endloop
  endfacet
  facet normal 0 0 -1
    outer loop
      vertex 6.89439 -5.7851 0
      vertex 17.2235 -2.8978 0
      vertex 22.2943 -20.0739 0
    endloop
  endfacet
  facet normal 0 0 -1
    outer loop
      vertex 19.0261 -2.81909 0
      vertex 28.0074 -10.751 0
      vertex 27.4064 -12.2021 0
    endloop
  endfacet
  facet normal 0 0 -1
    outer loop
      vertex 18.5209 -2.95439 0
      vertex 18.7765 -2.8978 0
      vertex 26.7302 -13.6197 0
    endloop
  endfacet
  facet normal -0 -0 -1
    outer loop
      vertex 17.4791 -2.95439 0
      vertex 23.3144 -18.8796 0
      vertex 17.2235 -2.8978 0
    endloop
  endfacet
  facet normal 0 0 -1
    outer loop
      vertex 24.2705 -17.6336 0
      vertex 17.7385 -2.98859 0
      vertex 25.1601 -16.3392 0
    endloop
  endfacet
  facet normal 0 0 -1
    outer loop
      vertex 23.3144 -18.8796 0
      vertex 17.4791 -2.95439 0
      vertex 24.2705 -17.6336 0
    endloop
  endfacet
  facet normal 0 -0 -1
    outer loop
      vertex 6.89439 -5.7851 0
      vertex 22.2943 -20.0739 0
      vertex 6.364 -6.364 0
    endloop
  endfacet
  facet normal 0 0 -1
    outer loop
      vertex 6.364 -6.364 0
      vertex 21.2132 -21.2132 0
      vertex 20.0739 -22.2943 0
    endloop
  endfacet
  facet normal 0 0 -1
    outer loop
      vertex 5.7851 -6.89439 0
      vertex 20.0739 -22.2943 0
      vertex 18.8796 -23.3144 0
    endloop
  endfacet
  facet normal 0 0 -1
    outer loop
      vertex 5.16219 -7.37239 0
      vertex 18.8796 -23.3144 0
      vertex 17.6336 -24.2705 0
    endloop
  endfacet
  facet normal 0 0 -1
    outer loop
      vertex 4.5 -7.79419 0
      vertex 5.16219 -7.37239 0
      vertex 16.3392 -25.1601 0
    endloop
  endfacet
  facet normal 0 0 -1
    outer loop
      vertex 13.6197 -26.7302 0
      vertex 4.5 -7.79419 0
      vertex 15 -25.9808 0
    endloop
  endfacet
  facet normal 0 0 -1
    outer loop
      vertex 13.6197 -26.7302 0
      vertex 3.80359 -8.1568 0
      vertex 4.5 -7.79419 0
    endloop
  endfacet
  facet normal -0 0 -1
    outer loop
      vertex 12.2021 -27.4064 0
      vertex 10.751 -28.0074 0
      vertex 3.80359 -8.1568 0
    endloop
  endfacet
  facet normal -0 0 -1
    outer loop
      vertex 10.751 -28.0074 0
      vertex 9.27049 -28.5317 0
      vertex 3.07819 -8.4572 0
    endloop
  endfacet
  facet normal -0 0 -1
    outer loop
      vertex 9.27049 -28.5317 0
      vertex 7.76459 -28.9778 0
      vertex 2.32939 -8.6933 0
    endloop
  endfacet
  facet normal 0 -0 -1
    outer loop
      vertex 2.32939 -8.6933 0
      vertex 6.2374 -29.3444 0
      vertex 1.56279 -8.8633 0
    endloop
  endfacet
  facet normal 0 0 -1
    outer loop
      vertex 1.56279 -8.8633 0
      vertex 6.2374 -29.3444 0
      vertex 4.69299 -29.6307 0
    endloop
  endfacet
  facet normal 0 0 -1
    outer loop
      vertex 0 -9 0
      vertex 0.784393 -8.96579 0
      vertex 1.5701 -29.9589 0
    endloop
  endfacet
  facet normal 0 0 -1
    outer loop
      vertex 0.784393 -8.96579 0
      vertex 4.69299 -29.6307 0
      vertex 3.13589 -29.8357 0
    endloop
  endfacet
  facet normal 0 -0 -1
    outer loop
      vertex -19.0261 -2.81909 0
      vertex -18.7765 -2.8978 0
      vertex -27.4064 -12.2021 0
    endloop
  endfacet
  facet normal 0 0 -1
    outer loop
      vertex -8.6933 2.32939 0
      vertex -8.8633 1.56279 0
      vertex -15.2811 1.2679 0
    endloop
  endfacet
  facet normal 0 0 -1
    outer loop
      vertex -28.0074 -10.751 0
      vertex -28.5317 -9.27049 0
      vertex -19.5 -2.5981 0
    endloop
  endfacet
  facet normal 0 0 -1
    outer loop
      vertex -28.0074 -10.751 0
      vertex -19.5 -2.5981 0
      vertex -19.2679 -2.71889 0
    endloop
  endfacet
  facet normal 0 0 -1
    outer loop
      vertex -28.5317 -9.27049 0
      vertex -19.7207 -2.45749 0
      vertex -19.5 -2.5981 0
    endloop
  endfacet
  facet normal 0 0 -1
    outer loop
      vertex -28.5317 -9.27049 0
      vertex -28.9778 -7.76459 0
      vertex -19.9284 -2.2981 0
    endloop
  endfacet
  facet normal 0 0 -1
    outer loop
      vertex -28.5317 -9.27049 0
      vertex -19.9284 -2.2981 0
      vertex -19.7207 -2.45749 0
    endloop
  endfacet
  facet normal 0 0 -1
    outer loop
      vertex -28.9778 -7.76459 0
      vertex -29.3444 -6.2374 0
      vertex -20.1213 -2.12129 0
    endloop
  endfacet
  facet normal 0 0 -1
    outer loop
      vertex -28.9778 -7.76459 0
      vertex -20.1213 -2.12129 0
      vertex -19.9284 -2.2981 0
    endloop
  endfacet
  facet normal 0 -0 -1
    outer loop
      vertex -20.4575 -1.72069 0
      vertex -20.2981 -1.92839 0
      vertex -29.3444 -6.2374 0
    endloop
  endfacet
  facet normal 0 0 -1
    outer loop
      vertex -29.6307 -4.69299 0
      vertex -20.4575 -1.72069 0
      vertex -29.3444 -6.2374 0
    endloop
  endfacet
  facet normal 0 0 -1
    outer loop
      vertex -29.6307 -4.69299 0
      vertex -20.7189 -1.2679 0
      vertex -20.5981 -1.5 0
    endloop
  endfacet
  facet normal 0 0 -1
    outer loop
      vertex -29.6307 -4.69299 0
      vertex -20.5981 -1.5 0
      vertex -20.4575 -1.72069 0
    endloop
  endfacet
  facet normal 0 0 -1
    outer loop
      vertex -29.6307 -4.69299 0
      vertex -29.8357 -3.13589 0
      vertex -20.7189 -1.2679 0
    endloop
  endfacet
  facet normal 0 0 -1
    outer loop
      vertex -20.8978 -0.776489 0
      vertex -29.8357 -3.13589 0
      vertex -29.9589 -1.5701 0
    endloop
  endfacet
  facet normal 0 -0 -1
    outer loop
      vertex -20.9544 -0.520889 0
      vertex -20.8978 -0.776489 0
      vertex -29.9589 -1.5701 0
    endloop
  endfacet
  facet normal -0 0 -1
    outer loop
      vertex -20.9886 -0.26149 0
      vertex -29.9589 -1.5701 0
      vertex -30 0 0
    endloop
  endfacet
  facet normal 0 0 -1
    outer loop
      vertex -21 0 0
      vertex -30 0 0
      vertex -20.9886 0.26149 0
    endloop
  endfacet
  facet normal -0 0 -1
    outer loop
      vertex -20.9886 0.26149 0
      vertex -30 0 0
      vertex -29.9609 1.57019 0
    endloop
  endfacet
  facet normal 0 0 -1
    outer loop
      vertex -29.9609 1.57019 0
      vertex -20.9544 0.520889 0
      vertex -20.9886 0.26149 0
    endloop
  endfacet
  facet normal 0 -0 -1
    outer loop
      vertex -29.8516 3.1375 0
      vertex -20.8978 0.776489 0
      vertex -29.9609 1.57019 0
    endloop
  endfacet
  facet normal 0 0 -1
    outer loop
      vertex -29.8516 3.1375 0
      vertex -20.8191 1.02609 0
      vertex -20.8978 0.776489 0
    endloop
  endfacet
  facet normal 0 0 -1
    outer loop
      vertex -29.8516 3.1375 0
      vertex -20.7189 1.2679 0
      vertex -20.8191 1.02609 0
    endloop
  endfacet
  facet normal 0 0 -1
    outer loop
      vertex -29.8516 3.1375 0
      vertex -29.6836 4.70139 0
      vertex -20.7189 1.2679 0
    endloop
  endfacet
  facet normal 0 0 -1
    outer loop
      vertex -20.7189 1.2679 0
      vertex -29.6836 4.70139 0
      vertex -20.5981 1.5 0
    endloop
  endfacet
  facet normal 0 0 -1
    outer loop
      vertex -20.5981 1.5 0
      vertex -29.6836 4.70139 0
      vertex -20.4575 1.72069 0
    endloop
  endfacet
  facet normal 0 0 -1
    outer loop
      vertex -20.4575 1.72069 0
      vertex -29.4675 6.26349 0
      vertex -20.2981 1.92839 0
    endloop
  endfacet
  facet normal 0 0 -1
    outer loop
      vertex -20.2981 1.92839 0
      vertex -29.4675 6.26349 0
      vertex -20.1213 2.12129 0
    endloop
  endfacet
  facet normal 0 0 -1
    outer loop
      vertex -20.1213 2.12129 0
      vertex -29.4675 6.26349 0
      vertex -29.2122 7.82739 0
    endloop
  endfacet
  facet normal -0 0 -1
    outer loop
      vertex -19.9284 2.2981 0
      vertex -20.1213 2.12129 0
      vertex -29.2122 7.82739 0
    endloop
  endfacet
  facet normal -0 0 -1
    outer loop
      vertex -19.7207 2.45749 0
      vertex -19.9284 2.2981 0
      vertex -29.2122 7.82739 0
    endloop
  endfacet
  facet normal 0 0 -1
    outer loop
      vertex -19.7207 2.45749 0
      vertex -28.9246 9.39819 0
      vertex -19.5 2.5981 0
    endloop
  endfacet
  facet normal 0 0 -1
    outer loop
      vertex -19.5 2.5981 0
      vertex -28.9246 9.39819 0
      vertex -19.2679 2.71889 0
    endloop
  endfacet
  facet normal 0 0 -1
    outer loop
      vertex -19.2679 2.71889 0
      vertex -28.9246 9.39819 0
      vertex -28.609 10.9819 0
    endloop
  endfacet
  facet normal -0 0 -1
    outer loop
      vertex -19.0261 2.81909 0
      vertex -19.2679 2.71889 0
      vertex -28.609 10.9819 0
    endloop
  endfacet
  facet normal -0 0 -1
    outer loop
      vertex -18.7765 2.8978 0
      vertex -19.0261 2.81909 0
      vertex -28.609 10.9819 0
    endloop
  endfacet
  facet normal -0 0 -1
    outer loop
      vertex -18.5209 2.95439 0
      vertex -18.7765 2.8978 0
      vertex -28.267 12.5853 0
    endloop
  endfacet
  facet normal 0 -0 -1
    outer loop
      vertex -27.4963 15.875 0
      vertex -18 3 0
      vertex -27.8974 14.2144 0
    endloop
  endfacet
  facet normal 0 -0 -1
    outer loop
      vertex -27.8974 14.2144 0
      vertex -18.5209 2.95439 0
      vertex -28.267 12.5853 0
    endloop
  endfacet
  facet normal -0 0 -1
    outer loop
      vertex -18 3 0
      vertex -18.2615 2.98859 0
      vertex -27.8974 14.2144 0
    endloop
  endfacet
  facet normal 0 0 -1
    outer loop
      vertex -27.4963 15.875 0
      vertex -17.7385 2.98859 0
      vertex -18 3 0
    endloop
  endfacet
  facet normal 0 0 -1
    outer loop
      vertex -17.2235 2.8978 0
      vertex -17.4791 2.95439 0
      vertex -6.364 6.364 0
    endloop
  endfacet
  facet normal 0 0 -1
    outer loop
      vertex -17.4791 2.95439 0
      vertex -27.057 17.571 0
      vertex -6.364 6.364 0
    endloop
  endfacet
  facet normal 0 0 -1
    outer loop
      vertex -16.9739 2.81909 0
      vertex -17.2235 2.8978 0
      vertex -6.89439 5.7851 0
    endloop
  endfacet
  facet normal 0 0 -1
    outer loop
      vertex -17.2235 2.8978 0
      vertex -6.364 6.364 0
      vertex -6.89439 5.7851 0
    endloop
  endfacet
  facet normal -0 0 -1
    outer loop
      vertex -7.37239 5.16219 0
      vertex -16.9739 2.81909 0
      vertex -6.89439 5.7851 0
    endloop
  endfacet
  facet normal 0 0 -1
    outer loop
      vertex -7.37239 5.16219 0
      vertex -7.79419 4.5 0
      vertex -16.5 2.5981 0
    endloop
  endfacet
  facet normal 0 0 -1
    outer loop
      vertex -7.79419 4.5 0
      vertex -16.0716 2.2981 0
      vertex -16.2793 2.45749 0
    endloop
  endfacet
  facet normal 0 0 -1
    outer loop
      vertex -16.0716 2.2981 0
      vertex -8.1568 3.80359 0
      vertex -15.8787 2.12129 0
    endloop
  endfacet
  facet normal 0 0 -1
    outer loop
      vertex -7.79419 4.5 0
      vertex -8.1568 3.80359 0
      vertex -16.0716 2.2981 0
    endloop
  endfacet
  facet normal 0 0 -1
    outer loop
      vertex -15.8787 2.12129 0
      vertex -8.1568 3.80359 0
      vertex -8.4572 3.07819 0
    endloop
  endfacet
  facet normal 0 0 -1
    outer loop
      vertex -15.7019 1.92839 0
      vertex -8.4572 3.07819 0
      vertex -15.5425 1.72069 0
    endloop
  endfacet
  facet normal 0 0 -1
    outer loop
      vertex -15.5425 1.72069 0
      vertex -8.4572 3.07819 0
      vertex -8.6933 2.32939 0
    endloop
  endfacet
  facet normal 0 0 -1
    outer loop
      vertex -15.4019 1.5 0
      vertex -15.5425 1.72069 0
      vertex -8.6933 2.32939 0
    endloop
  endfacet
  facet normal 0 0 -1
    outer loop
      vertex -15.2811 1.2679 0
      vertex -15.4019 1.5 0
      vertex -8.6933 2.32939 0
    endloop
  endfacet
  facet normal 0 0 -1
    outer loop
      vertex -15.1809 1.02609 0
      vertex -15.2811 1.2679 0
      vertex -8.8633 1.56279 0
    endloop
  endfacet
  facet normal 0 0 -1
    outer loop
      vertex -15.1022 0.776489 0
      vertex -15.1809 1.02609 0
      vertex -8.8633 1.56279 0
    endloop
  endfacet
  facet normal -0 0 -1
    outer loop
      vertex -8.96579 0.784393 0
      vertex -15.1022 0.776489 0
      vertex -8.8633 1.56279 0
    endloop
  endfacet
  facet normal 0 0 -1
    outer loop
      vertex -8.96579 0.784393 0
      vertex -15.0456 0.520889 0
      vertex -15.1022 0.776489 0
    endloop
  endfacet
  facet normal 0 0 -1
    outer loop
      vertex -9 0 0
      vertex -15.0114 0.26149 0
      vertex -8.96579 0.784393 0
    endloop
  endfacet
  facet normal 0 0 -1
    outer loop
      vertex -9 0 0
      vertex -15 0 0
      vertex -15.0114 0.26149 0
    endloop
  endfacet
  facet normal -0 0 -1
    outer loop
      vertex -9 0 0
      vertex -15.0114 -0.26149 0
      vertex -15 0 0
    endloop
  endfacet
  facet normal 0 -0 -1
    outer loop
      vertex -9 0 0
      vertex -8.96579 -0.784393 0
      vertex -15.0114 -0.26149 0
    endloop
  endfacet
  facet normal 0 0 -1
    outer loop
      vertex -8.96579 -0.784393 0
      vertex -15.1022 -0.776489 0
      vertex -15.0456 -0.520889 0
    endloop
  endfacet
  facet normal -0 -0 -1
    outer loop
      vertex -8.96579 -0.784393 0
      vertex -8.8633 -1.56279 0
      vertex -15.1022 -0.776489 0
    endloop
  endfacet
  facet normal 0 -0 -1
    outer loop
      vertex -15.1022 -0.776489 0
      vertex -8.8633 -1.56279 0
      vertex -15.1809 -1.02609 0
    endloop
  endfacet
  facet normal -0 -0 -1
    outer loop
      vertex -8.8633 -1.56279 0
      vertex -8.6933 -2.32939 0
      vertex -15.2811 -1.2679 0
    endloop
  endfacet
  facet normal 0 -0 -1
    outer loop
      vertex -15.2811 -1.2679 0
      vertex -8.6933 -2.32939 0
      vertex -15.4019 -1.5 0
    endloop
  endfacet
  facet normal 0 -0 -1
    outer loop
      vertex -15.4019 -1.5 0
      vertex -8.6933 -2.32939 0
      vertex -15.5425 -1.72069 0
    endloop
  endfacet
  facet normal 0 -0 -1
    outer loop
      vertex -15.5425 -1.72069 0
      vertex -8.4572 -3.07819 0
      vertex -15.7019 -1.92839 0
    endloop
  endfacet
  facet normal 0 -0 -1
    outer loop
      vertex -15.7019 -1.92839 0
      vertex -8.4572 -3.07819 0
      vertex -15.8787 -2.12129 0
    endloop
  endfacet
  facet normal 0 0 -1
    outer loop
      vertex -15.8787 -2.12129 0
      vertex -8.4572 -3.07819 0
      vertex -8.1568 -3.80359 0
    endloop
  endfacet
  facet normal 0 0 -1
    outer loop
      vertex -16.0716 -2.2981 0
      vertex -8.1568 -3.80359 0
      vertex -7.79419 -4.5 0
    endloop
  endfacet
  facet normal 0 0 -1
    outer loop
      vertex -16.2793 -2.45749 0
      vertex -16.0716 -2.2981 0
      vertex -7.79419 -4.5 0
    endloop
  endfacet
  facet normal 0 0 -1
    outer loop
      vertex -16.5 -2.5981 0
      vertex -7.79419 -4.5 0
      vertex -7.37239 -5.16219 0
    endloop
  endfacet
  facet normal 0 0 -1
    outer loop
      vertex -16.7321 -2.71889 0
      vertex -16.5 -2.5981 0
      vertex -7.37239 -5.16219 0
    endloop
  endfacet
  facet normal 0 0 -1
    outer loop
      vertex -16.9739 -2.81909 0
      vertex -16.7321 -2.71889 0
      vertex -7.37239 -5.16219 0
    endloop
  endfacet
  facet normal 0 -0 -1
    outer loop
      vertex -17.2235 -2.8978 0
      vertex -6.89439 -5.7851 0
      vertex -22.2943 -20.0739 0
    endloop
  endfacet
  facet normal 0 0 -1
    outer loop
      vertex -23.3144 -18.8796 0
      vertex -17.2235 -2.8978 0
      vertex -22.2943 -20.0739 0
    endloop
  endfacet
  facet normal 0 0 -1
    outer loop
      vertex -24.2705 -17.6336 0
      vertex -17.4791 -2.95439 0
      vertex -23.3144 -18.8796 0
    endloop
  endfacet
  facet normal 0 0 -1
    outer loop
      vertex -24.2705 -17.6336 0
      vertex -17.7385 -2.98859 0
      vertex -17.4791 -2.95439 0
    endloop
  endfacet
  facet normal 0 0 -1
    outer loop
      vertex 20.9544 0.520889 0
      vertex 20.8978 0.776489 0
      vertex 29.9609 1.57019 0
    endloop
  endfacet
  facet normal 0 0 -1
    outer loop
      vertex 7.37239 -5.16219 0
      vertex 16.5 -2.5981 0
      vertex 16.7321 -2.71889 0
    endloop
  endfacet
  facet normal -0 0 -1
    outer loop
      vertex 16.9739 -2.81909 0
      vertex 7.37239 -5.16219 0
      vertex 16.7321 -2.71889 0
    endloop
  endfacet
  facet normal 0 0 -1
    outer loop
      vertex 7.37239 -5.16219 0
      vertex 7.79419 -4.5 0
      vertex 16.5 -2.5981 0
    endloop
  endfacet
  facet normal -0 0 -1
    outer loop
      vertex 16.2793 -2.45749 0
      vertex 7.79419 -4.5 0
      vertex 16.0716 -2.2981 0
    endloop
  endfacet
  facet normal -0 0 -1
    outer loop
      vertex 16.5 -2.5981 0
      vertex 7.79419 -4.5 0
      vertex 16.2793 -2.45749 0
    endloop
  endfacet
  facet normal 0 0 -1
    outer loop
      vertex 16.0716 -2.2981 0
      vertex 7.79419 -4.5 0
      vertex 8.1568 -3.80359 0
    endloop
  endfacet
  facet normal 0 0 -1
    outer loop
      vertex 8.4572 -3.07819 0
      vertex 15.7019 -1.92839 0
      vertex 15.8787 -2.12129 0
    endloop
  endfacet
  facet normal 0 -0 -1
    outer loop
      vertex 8.6933 -2.32939 0
      vertex 15.5425 -1.72069 0
      vertex 8.4572 -3.07819 0
    endloop
  endfacet
  facet normal 0 0 -1
    outer loop
      vertex 15.2811 -1.2679 0
      vertex 8.6933 -2.32939 0
      vertex 8.8633 -1.56279 0
    endloop
  endfacet
  facet normal 0 0 -1
    outer loop
      vertex 8.8633 -1.56279 0
      vertex 15.1809 -1.02609 0
      vertex 15.2811 -1.2679 0
    endloop
  endfacet
  facet normal -0 0 -1
    outer loop
      vertex 15.1022 -0.776489 0
      vertex 8.96579 -0.784393 0
      vertex 15.0456 -0.520889 0
    endloop
  endfacet
  facet normal -0 0 -1
    outer loop
      vertex 15.0456 -0.520889 0
      vertex 8.96579 -0.784393 0
      vertex 15.0114 -0.26149 0
    endloop
  endfacet
  facet normal -0 0 -1
    outer loop
      vertex 15.0114 -0.26149 0
      vertex 8.96579 -0.784393 0
      vertex 9 0 0
    endloop
  endfacet
  facet normal 0 0 -1
    outer loop
      vertex 15 0 0
      vertex 9 0 0
      vertex 15.0114 0.26149 0
    endloop
  endfacet
  facet normal 0 0 -1
    outer loop
      vertex 6.364 6.364 0
      vertex 17.2235 2.8978 0
      vertex 6.89439 5.7851 0
    endloop
  endfacet
  facet normal -0 0 -1
    outer loop
      vertex 15.0456 0.520889 0
      vertex 15.0114 0.26149 0
      vertex 8.96579 0.784393 0
    endloop
  endfacet
  facet normal -0 0 -1
    outer loop
      vertex 15.1022 0.776489 0
      vertex 15.0456 0.520889 0
      vertex 8.96579 0.784393 0
    endloop
  endfacet
  facet normal 0 0 -1
    outer loop
      vertex 8.8633 1.56279 0
      vertex 15.1022 0.776489 0
      vertex 8.96579 0.784393 0
    endloop
  endfacet
  facet normal 0 0 -1
    outer loop
      vertex 8.8633 1.56279 0
      vertex 15.1809 1.02609 0
      vertex 15.1022 0.776489 0
    endloop
  endfacet
  facet normal 0 0 -1
    outer loop
      vertex 6.89439 5.7851 0
      vertex 16.9739 2.81909 0
      vertex 7.37239 5.16219 0
    endloop
  endfacet
  facet normal 0 0 -1
    outer loop
      vertex 15.2811 1.2679 0
      vertex 8.8633 1.56279 0
      vertex 8.6933 2.32939 0
    endloop
  endfacet
  facet normal -0 0 -1
    outer loop
      vertex 15.4019 1.5 0
      vertex 15.2811 1.2679 0
      vertex 8.6933 2.32939 0
    endloop
  endfacet
  facet normal -0 0 -1
    outer loop
      vertex 15.5425 1.72069 0
      vertex 15.4019 1.5 0
      vertex 8.6933 2.32939 0
    endloop
  endfacet
  facet normal 0 0 -1
    outer loop
      vertex 8.4572 3.07819 0
      vertex 15.5425 1.72069 0
      vertex 8.6933 2.32939 0
    endloop
  endfacet
  facet normal 0 0 -1
    outer loop
      vertex 8.4572 3.07819 0
      vertex 8.1568 3.80359 0
      vertex 15.8787 2.12129 0
    endloop
  endfacet
  facet normal 0 0 -1
    outer loop
      vertex 15.8787 2.12129 0
      vertex 8.1568 3.80359 0
      vertex 16.0716 2.2981 0
    endloop
  endfacet
  facet normal 0 0 -1
    outer loop
      vertex 16.0716 2.2981 0
      vertex 8.1568 3.80359 0
      vertex 7.79419 4.5 0
    endloop
  endfacet
  facet normal 0 0 -1
    outer loop
      vertex 16.2793 2.45749 0
      vertex 7.79419 4.5 0
      vertex 16.5 2.5981 0
    endloop
  endfacet
  facet normal -0 0 -1
    outer loop
      vertex 16.7321 2.71889 0
      vertex 16.5 2.5981 0
      vertex 7.37239 5.16219 0
    endloop
  endfacet
  facet normal 0 0 -1
    outer loop
      vertex 6.89439 5.7851 0
      vertex 17.2235 2.8978 0
      vertex 16.9739 2.81909 0
    endloop
  endfacet
  facet normal 0 0 -1
    outer loop
      vertex 6.364 6.364 0
      vertex 17.4791 2.95439 0
      vertex 17.2235 2.8978 0
    endloop
  endfacet
  facet normal 0 0 -1
    outer loop
      vertex 27.057 17.571 0
      vertex 17.7385 2.98859 0
      vertex 17.4791 2.95439 0
    endloop
  endfacet
  facet normal 0 -0 -1
    outer loop
      vertex 27.057 17.571 0
      vertex 27.4963 15.875 0
      vertex 17.7385 2.98859 0
    endloop
  endfacet
  facet normal 0 0 -1
    outer loop
      vertex 18 3 0
      vertex 27.4963 15.875 0
      vertex 27.8974 14.2144 0
    endloop
  endfacet
  facet normal 0 0 -1
    outer loop
      vertex 17.7385 2.98859 0
      vertex 27.4963 15.875 0
      vertex 18 3 0
    endloop
  endfacet
  facet normal 0 0 -1
    outer loop
      vertex 18.2615 2.98859 0
      vertex 18 3 0
      vertex 27.8974 14.2144 0
    endloop
  endfacet
  facet normal 0 0 -1
    outer loop
      vertex 28.267 12.5853 0
      vertex 18.7765 2.8978 0
      vertex 18.5209 2.95439 0
    endloop
  endfacet
  facet normal 0 0 -1
    outer loop
      vertex 28.609 10.9819 0
      vertex 19.0261 2.81909 0
      vertex 18.7765 2.8978 0
    endloop
  endfacet
  facet normal 0 0 -1
    outer loop
      vertex 28.609 10.9819 0
      vertex 19.2679 2.71889 0
      vertex 19.0261 2.81909 0
    endloop
  endfacet
  facet normal 0 0 -1
    outer loop
      vertex 28.9246 9.39819 0
      vertex 19.5 2.5981 0
      vertex 19.2679 2.71889 0
    endloop
  endfacet
  facet normal 0 0 -1
    outer loop
      vertex 28.9246 9.39819 0
      vertex 19.7207 2.45749 0
      vertex 19.5 2.5981 0
    endloop
  endfacet
  facet normal 0 0 -1
    outer loop
      vertex 19.7207 2.45749 0
      vertex 29.2122 7.82739 0
      vertex 19.9284 2.2981 0
    endloop
  endfacet
  facet normal 0 -0 -1
    outer loop
      vertex 28.9246 9.39819 0
      vertex 29.2122 7.82739 0
      vertex 19.7207 2.45749 0
    endloop
  endfacet
  facet normal 0 -0 -1
    outer loop
      vertex 29.2122 7.82739 0
      vertex 29.4675 6.26349 0
      vertex 20.1213 2.12129 0
    endloop
  endfacet
  facet normal 0 0 -1
    outer loop
      vertex 29.2122 7.82739 0
      vertex 20.1213 2.12129 0
      vertex 19.9284 2.2981 0
    endloop
  endfacet
  facet normal 0 0 -1
    outer loop
      vertex 29.4675 6.26349 0
      vertex 20.2981 1.92839 0
      vertex 20.1213 2.12129 0
    endloop
  endfacet
  facet normal 0 0 -1
    outer loop
      vertex 29.4675 6.26349 0
      vertex 20.4575 1.72069 0
      vertex 20.2981 1.92839 0
    endloop
  endfacet
  facet normal 0 -0 -1
    outer loop
      vertex 29.4675 6.26349 0
      vertex 29.6836 4.70139 0
      vertex 20.4575 1.72069 0
    endloop
  endfacet
  facet normal 0 0 -1
    outer loop
      vertex 20.4575 1.72069 0
      vertex 29.6836 4.70139 0
      vertex 20.5981 1.5 0
    endloop
  endfacet
  facet normal 0 -0 -1
    outer loop
      vertex 29.6836 4.70139 0
      vertex 29.8516 3.1375 0
      vertex 20.7189 1.2679 0
    endloop
  endfacet
  facet normal 0 0 -1
    outer loop
      vertex 20.7189 1.2679 0
      vertex 29.8516 3.1375 0
      vertex 20.8191 1.02609 0
    endloop
  endfacet
  facet normal 0 0 -1
    outer loop
      vertex 20.8191 1.02609 0
      vertex 29.8516 3.1375 0
      vertex 20.8978 0.776489 0
    endloop
  endfacet
  facet normal 0 0 -1
    outer loop
      vertex 20.8978 0.776489 0
      vertex 29.8516 3.1375 0
      vertex 29.9609 1.57019 0
    endloop
  endfacet
  facet normal 0 0 -1
    outer loop
      vertex 20.9544 0.520889 0
      vertex 29.9609 1.57019 0
      vertex 20.9886 0.26149 0
    endloop
  endfacet
  facet normal 0 0 -1
    outer loop
      vertex 20.9886 0.26149 0
      vertex 29.9609 1.57019 0
      vertex 30 0 0
    endloop
  endfacet
  facet normal 0 0 -1
    outer loop
      vertex 21 0 0
      vertex 20.9886 0.26149 0
      vertex 30 0 0
    endloop
  endfacet
  facet normal 0 0 -1
    outer loop
      vertex 20.9886 -0.26149 0
      vertex 30 0 0
      vertex 29.9589 -1.5701 0
    endloop
  endfacet
  facet normal 0 0 -1
    outer loop
      vertex 20.9544 -0.520889 0
      vertex 20.9886 -0.26149 0
      vertex 29.9589 -1.5701 0
    endloop
  endfacet
  facet normal 0 0 -1
    outer loop
      vertex 20.8978 -0.776489 0
      vertex 20.9544 -0.520889 0
      vertex 29.9589 -1.5701 0
    endloop
  endfacet
  facet normal 0 0 -1
    outer loop
      vertex 29.8357 -3.13589 0
      vertex 20.8978 -0.776489 0
      vertex 29.9589 -1.5701 0
    endloop
  endfacet
  facet normal 0 0 -1
    outer loop
      vertex 20.7189 -1.2679 0
      vertex 20.8191 -1.02609 0
      vertex 29.8357 -3.13589 0
    endloop
  endfacet
  facet normal 0 0 -1
    outer loop
      vertex 29.6307 -4.69299 0
      vertex 20.7189 -1.2679 0
      vertex 29.8357 -3.13589 0
    endloop
  endfacet
  facet normal 0 0 -1
    outer loop
      vertex 29.6307 -4.69299 0
      vertex 20.5981 -1.5 0
      vertex 20.7189 -1.2679 0
    endloop
  endfacet
  facet normal 0 0 -1
    outer loop
      vertex 29.3444 -6.2374 0
      vertex 20.4575 -1.72069 0
      vertex 29.6307 -4.69299 0
    endloop
  endfacet
  facet normal 0 0 -1
    outer loop
      vertex 29.3444 -6.2374 0
      vertex 20.2981 -1.92839 0
      vertex 20.4575 -1.72069 0
    endloop
  endfacet
  facet normal 0 0 -1
    outer loop
      vertex 29.3444 -6.2374 0
      vertex 20.1213 -2.12129 0
      vertex 20.2981 -1.92839 0
    endloop
  endfacet
  facet normal 0 0 -1
    outer loop
      vertex 28.9778 -7.76459 0
      vertex 19.9284 -2.2981 0
      vertex 20.1213 -2.12129 0
    endloop
  endfacet
  facet normal -0 0 -1
    outer loop
      vertex 28.9778 -7.76459 0
      vertex 28.5317 -9.27049 0
      vertex 19.9284 -2.2981 0
    endloop
  endfacet
  facet normal 0 -0 -1
    outer loop
      vertex 19.9284 -2.2981 0
      vertex 28.5317 -9.27049 0
      vertex 19.7207 -2.45749 0
    endloop
  endfacet
  facet normal -0 0 -1
    outer loop
      vertex 28.5317 -9.27049 0
      vertex 28.0074 -10.751 0
      vertex 19.5 -2.5981 0
    endloop
  endfacet
  facet normal 0 -0 -1
    outer loop
      vertex 19.5 -2.5981 0
      vertex 28.0074 -10.751 0
      vertex 19.2679 -2.71889 0
    endloop
  endfacet
  facet normal 0 -0 -1
    outer loop
      vertex 19.2679 -2.71889 0
      vertex 28.0074 -10.751 0
      vertex 19.0261 -2.81909 0
    endloop
  endfacet
  facet normal 0 -0 -1
    outer loop
      vertex 19.0261 -2.81909 0
      vertex 27.4064 -12.2021 0
      vertex 18.7765 -2.8978 0
    endloop
  endfacet
  facet normal 0 0 -1
    outer loop
      vertex 18.7765 -2.8978 0
      vertex 27.4064 -12.2021 0
      vertex 26.7302 -13.6197 0
    endloop
  endfacet
  facet normal 0 0 -1
    outer loop
      vertex 18.5209 -2.95439 0
      vertex 26.7302 -13.6197 0
      vertex 25.9808 -15 0
    endloop
  endfacet
  facet normal 0 0 -1
    outer loop
      vertex 18 -3 0
      vertex 18.2615 -2.98859 0
      vertex 25.9808 -15 0
    endloop
  endfacet
  facet normal 0 0 -1
    outer loop
      vertex 18.2615 -2.98859 0
      vertex 18.5209 -2.95439 0
      vertex 25.9808 -15 0
    endloop
  endfacet
  facet normal 0 0 1
    outer loop
      vertex 2.32939 -8.6933 15
      vertex 6.2374 -29.3444 15
      vertex 7.76459 -28.9778 15
    endloop
  endfacet
  facet normal 0 0 1
    outer loop
      vertex 3.13589 -29.8357 15
      vertex 0.784393 -8.96579 15
      vertex 1.5701 -29.9589 15
    endloop
  endfacet
  facet normal -0 0 1
    outer loop
      vertex 0.784393 -8.96579 15
      vertex 4.69299 -29.6307 15
      vertex 1.56279 -8.8633 15
    endloop
  endfacet
  facet normal 0 0 1
    outer loop
      vertex 3.80359 -8.1568 15
      vertex 3.07819 -8.4572 15
      vertex 10.751 -28.0074 15
    endloop
  endfacet
  facet normal 0 0 1
    outer loop
      vertex 13.6197 -26.7302 15
      vertex 3.80359 -8.1568 15
      vertex 12.2021 -27.4064 15
    endloop
  endfacet
  facet normal 0 0 1
    outer loop
      vertex -4.5 -7.79419 15
      vertex -15 -25.9808 15
      vertex -13.6197 -26.7302 15
    endloop
  endfacet
  facet normal 0 -0 1
    outer loop
      vertex 16.3392 -25.1601 15
      vertex 17.6336 -24.2705 15
      vertex 5.16219 -7.37239 15
    endloop
  endfacet
  facet normal -0 0 1
    outer loop
      vertex 5.16219 -7.37239 15
      vertex 18.8796 -23.3144 15
      vertex 5.7851 -6.89439 15
    endloop
  endfacet
  facet normal -0 0 1
    outer loop
      vertex 5.7851 -6.89439 15
      vertex 20.0739 -22.2943 15
      vertex 6.364 -6.364 15
    endloop
  endfacet
  facet normal 0 0 1
    outer loop
      vertex 17.4791 -2.95439 15
      vertex 24.2705 -17.6336 15
      vertex 17.7385 -2.98859 15
    endloop
  endfacet
  facet normal 0 0 1
    outer loop
      vertex 17.7385 -2.98859 15
      vertex 25.1601 -16.3392 15
      vertex 18 -3 15
    endloop
  endfacet
  facet normal 0 0 1
    outer loop
      vertex 6.364 -6.364 15
      vertex 21.2132 -21.2132 15
      vertex 22.2943 -20.0739 15
    endloop
  endfacet
  facet normal 0 0 1
    outer loop
      vertex -6.364 -6.364 15
      vertex -20.0739 -22.2943 15
      vertex -5.7851 -6.89439 15
    endloop
  endfacet
  facet normal 0 0 1
    outer loop
      vertex 23.3144 -18.8796 15
      vertex 17.2235 -2.8978 15
      vertex 22.2943 -20.0739 15
    endloop
  endfacet
  facet normal 0 0 1
    outer loop
      vertex 16.9739 -2.81909 15
      vertex 6.89439 -5.7851 15
      vertex 17.2235 -2.8978 15
    endloop
  endfacet
  facet normal -0 0 1
    outer loop
      vertex 20.8191 -1.02609 15
      vertex 29.8357 -3.13589 15
      vertex 20.8978 -0.776489 15
    endloop
  endfacet
  facet normal 0 0 1
    outer loop
      vertex 8.1568 -3.80359 15
      vertex 16.0716 -2.2981 15
      vertex 15.8787 -2.12129 15
    endloop
  endfacet
  facet normal 0 -0 1
    outer loop
      vertex 20.7189 1.2679 15
      vertex 29.6836 4.70139 15
      vertex 20.5981 1.5 15
    endloop
  endfacet
  facet normal -0 0 1
    outer loop
      vertex 21 0 15
      vertex 20.9886 -0.26149 15
      vertex 30 0 15
    endloop
  endfacet
  facet normal 0 0 1
    outer loop
      vertex 28.609 10.9819 15
      vertex 19.2679 2.71889 15
      vertex 28.9246 9.39819 15
    endloop
  endfacet
  facet normal 0 0 1
    outer loop
      vertex 28.5317 -9.27049 15
      vertex 19.7207 -2.45749 15
      vertex 19.5 -2.5981 15
    endloop
  endfacet
  facet normal 0 0 1
    outer loop
      vertex 27.8974 14.2144 15
      vertex 18.2615 2.98859 15
      vertex 18.5209 2.95439 15
    endloop
  endfacet
  facet normal 0 0 1
    outer loop
      vertex 7.37239 5.16219 15
      vertex 16.7321 2.71889 15
      vertex 16.9739 2.81909 15
    endloop
  endfacet
  facet normal 0 0 1
    outer loop
      vertex 15.1809 -1.02609 15
      vertex 15.1022 -0.776489 15
      vertex 8.8633 -1.56279 15
    endloop
  endfacet
  facet normal 0 0 1
    outer loop
      vertex 15 0 15
      vertex 9 0 15
      vertex 15.0114 -0.26149 15
    endloop
  endfacet
  facet normal 0 0 1
    outer loop
      vertex 8.8633 1.56279 15
      vertex 15.1809 1.02609 15
      vertex 15.2811 1.2679 15
    endloop
  endfacet
  facet normal 0 -0 1
    outer loop
      vertex -25.1601 -16.3392 15
      vertex -18 -3 15
      vertex -25.9808 -15 15
    endloop
  endfacet
  facet normal 0 0 1
    outer loop
      vertex -15.0114 -0.26149 15
      vertex -15.0456 -0.520889 15
      vertex -8.96579 -0.784393 15
    endloop
  endfacet
  facet normal 0 -0 1
    outer loop
      vertex -27.4064 -12.2021 15
      vertex -19.0261 -2.81909 15
      vertex -28.0074 -10.751 15
    endloop
  endfacet
  facet normal 0 0 1
    outer loop
      vertex -17.7385 -2.98859 15
      vertex -18 -3 15
      vertex -25.1601 -16.3392 15
    endloop
  endfacet
  facet normal 0 -0 1
    outer loop
      vertex 3.80359 8.1568 15
      vertex 21.9909 30.2678 15
      vertex 3.07819 8.4572 15
    endloop
  endfacet
  facet normal 0 0 1
    outer loop
      vertex 18.1156 35.5539 15
      vertex 2.32939 8.6933 15
      vertex 19.5466 33.8558 15
    endloop
  endfacet
  facet normal 0 0 1
    outer loop
      vertex 16.5435 37.1574 15
      vertex 1.56279 8.8633 15
      vertex 2.32939 8.6933 15
    endloop
  endfacet
  facet normal 0 0 1
    outer loop
      vertex -20.9886 -0.26149 15
      vertex -21 0 15
      vertex -30 0 15
    endloop
  endfacet
  facet normal 0 0 1
    outer loop
      vertex 4.57529 43.5314 15
      vertex 2.29979 43.8823 15
      vertex 0 9 15
    endloop
  endfacet
  facet normal -0 0 1
    outer loop
      vertex -4.57529 43.5314 15
      vertex 0 9 15
      vertex -2.29979 43.8823 15
    endloop
  endfacet
  facet normal 0 0 1
    outer loop
      vertex -26.5706 19.3047 15
      vertex -6.364 6.364 15
      vertex -5.7851 6.89439 15
    endloop
  endfacet
  facet normal 0 0 1
    outer loop
      vertex -24.7132 24.7132 15
      vertex -5.16219 7.37239 15
      vertex -4.5 7.79419 15
    endloop
  endfacet
  facet normal 0 0 1
    outer loop
      vertex -23.9186 26.5643 15
      vertex -24.7132 24.7132 15
      vertex -4.5 7.79419 15
    endloop
  endfacet
  facet normal 0 0 1
    outer loop
      vertex -3.07819 8.4572 15
      vertex -21.9909 30.2678 15
      vertex -3.80359 8.1568 15
    endloop
  endfacet
  facet normal 0 0 1
    outer loop
      vertex -2.32939 8.6933 15
      vertex -20.8371 32.0863 15
      vertex -3.07819 8.4572 15
    endloop
  endfacet
  facet normal 0 0 1
    outer loop
      vertex -3.80359 8.1568 15
      vertex -23.9186 26.5643 15
      vertex -4.5 7.79419 15
    endloop
  endfacet
  facet normal 0 0 1
    outer loop
      vertex -19.5466 33.8558 15
      vertex -20.8371 32.0863 15
      vertex -2.32939 8.6933 15
    endloop
  endfacet
  facet normal -0 0 1
    outer loop
      vertex -18.1156 35.5539 15
      vertex -2.32939 8.6933 15
      vertex -16.5435 37.1574 15
    endloop
  endfacet
  facet normal -0 0 1
    outer loop
      vertex -25.4113 22.8805 15
      vertex -5.16219 7.37239 15
      vertex -24.7132 24.7132 15
    endloop
  endfacet
  facet normal 0 0 1
    outer loop
      vertex -26.0261 21.0755 15
      vertex -5.7851 6.89439 15
      vertex -5.16219 7.37239 15
    endloop
  endfacet
  facet normal 0 0 1
    outer loop
      vertex -6.364 6.364 15
      vertex -26.5706 19.3047 15
      vertex -27.057 17.571 15
    endloop
  endfacet
  facet normal -0 0 1
    outer loop
      vertex -8.9614 42.1602 15
      vertex -0.784393 8.96579 15
      vertex -6.80319 42.9538 15
    endloop
  endfacet
  facet normal -0 0 1
    outer loop
      vertex -6.80319 42.9538 15
      vertex -0.784393 8.96579 15
      vertex -4.57529 43.5314 15
    endloop
  endfacet
  facet normal 0 0 1
    outer loop
      vertex -28.9246 9.39819 15
      vertex -29.2122 7.82739 15
      vertex -19.7207 2.45749 15
    endloop
  endfacet
  facet normal 0 -0 1
    outer loop
      vertex 0 9 15
      vertex 0 44 15
      vertex -2.29979 43.8823 15
    endloop
  endfacet
  facet normal 0 0 1
    outer loop
      vertex -17.7385 2.98859 15
      vertex -27.057 17.571 15
      vertex -27.4963 15.875 15
    endloop
  endfacet
  facet normal -0 -0 1
    outer loop
      vertex -17.7385 2.98859 15
      vertex -17.4791 2.95439 15
      vertex -27.057 17.571 15
    endloop
  endfacet
  facet normal 0 0 1
    outer loop
      vertex 12.9921 39.9856 15
      vertex 11.0301 41.165 15
      vertex 0.784393 8.96579 15
    endloop
  endfacet
  facet normal 0 0 1
    outer loop
      vertex 14.8334 38.6424 15
      vertex 12.9921 39.9856 15
      vertex 1.56279 8.8633 15
    endloop
  endfacet
  facet normal -0 0 1
    outer loop
      vertex -16.9739 2.81909 15
      vertex -16.7321 2.71889 15
      vertex -7.37239 5.16219 15
    endloop
  endfacet
  facet normal 0 0 1
    outer loop
      vertex -20.8191 -1.02609 15
      vertex -29.8357 -3.13589 15
      vertex -20.7189 -1.2679 15
    endloop
  endfacet
  facet normal 0 0 1
    outer loop
      vertex 16.5435 37.1574 15
      vertex 2.32939 8.6933 15
      vertex 18.1156 35.5539 15
    endloop
  endfacet
  facet normal -0 0 1
    outer loop
      vertex -16.7321 2.71889 15
      vertex -16.5 2.5981 15
      vertex -7.37239 5.16219 15
    endloop
  endfacet
  facet normal -0 0 1
    outer loop
      vertex -16.5 2.5981 15
      vertex -16.2793 2.45749 15
      vertex -7.79419 4.5 15
    endloop
  endfacet
  facet normal 0 0 1
    outer loop
      vertex 23.0149 28.4211 15
      vertex 3.80359 8.1568 15
      vertex 23.9186 26.5643 15
    endloop
  endfacet
  facet normal 0 0 1
    outer loop
      vertex 23.9186 26.5643 15
      vertex 4.5 7.79419 15
      vertex 24.7132 24.7132 15
    endloop
  endfacet
  facet normal 0 0 1
    outer loop
      vertex -28.0074 -10.751 15
      vertex -19.0261 -2.81909 15
      vertex -19.2679 -2.71889 15
    endloop
  endfacet
  facet normal -0 0 1
    outer loop
      vertex 4.5 7.79419 15
      vertex 5.16219 7.37239 15
      vertex 24.7132 24.7132 15
    endloop
  endfacet
  facet normal 0 0 1
    outer loop
      vertex 24.7132 24.7132 15
      vertex 5.16219 7.37239 15
      vertex 25.4113 22.8805 15
    endloop
  endfacet
  facet normal 0 0 1
    outer loop
      vertex -18.7765 -2.8978 15
      vertex -27.4064 -12.2021 15
      vertex -26.7302 -13.6197 15
    endloop
  endfacet
  facet normal 0 -0 1
    outer loop
      vertex 5.7851 6.89439 15
      vertex 26.0261 21.0755 15
      vertex 5.16219 7.37239 15
    endloop
  endfacet
  facet normal 0 -0 1
    outer loop
      vertex -25.9808 -15 15
      vertex -18.5209 -2.95439 15
      vertex -26.7302 -13.6197 15
    endloop
  endfacet
  facet normal 0 0 1
    outer loop
      vertex 7.37239 5.16219 15
      vertex 7.79419 4.5 15
      vertex 16.5 2.5981 15
    endloop
  endfacet
  facet normal 0 0 1
    outer loop
      vertex 16.2793 2.45749 15
      vertex 7.79419 4.5 15
      vertex 16.0716 2.2981 15
    endloop
  endfacet
  facet normal 0 0 1
    outer loop
      vertex -25.9808 -15 15
      vertex -18 -3 15
      vertex -18.2615 -2.98859 15
    endloop
  endfacet
  facet normal 0 -0 1
    outer loop
      vertex 15.5425 1.72069 15
      vertex 15.7019 1.92839 15
      vertex 8.4572 3.07819 15
    endloop
  endfacet
  facet normal 0 -0 1
    outer loop
      vertex 25.1601 -16.3392 15
      vertex 25.9808 -15 15
      vertex 18 -3 15
    endloop
  endfacet
  facet normal -0 0 1
    outer loop
      vertex -16.0716 -2.2981 15
      vertex -8.1568 -3.80359 15
      vertex -15.8787 -2.12129 15
    endloop
  endfacet
  facet normal -0 0 1
    outer loop
      vertex -17.2235 -2.8978 15
      vertex -6.89439 -5.7851 15
      vertex -16.9739 -2.81909 15
    endloop
  endfacet
  facet normal 0 0 1
    outer loop
      vertex -17.2235 -2.8978 15
      vertex -17.4791 -2.95439 15
      vertex -23.3144 -18.8796 15
    endloop
  endfacet
  facet normal 0 -0 1
    outer loop
      vertex -12.2021 -27.4064 15
      vertex -3.80359 -8.1568 15
      vertex -13.6197 -26.7302 15
    endloop
  endfacet
  facet normal -0 0 1
    outer loop
      vertex -22.2943 -20.0739 15
      vertex -21.2132 -21.2132 15
      vertex -6.364 -6.364 15
    endloop
  endfacet
  facet normal -0 0 1
    outer loop
      vertex -21.2132 -21.2132 15
      vertex -20.0739 -22.2943 15
      vertex -6.364 -6.364 15
    endloop
  endfacet
  facet normal 0 -0 1
    outer loop
      vertex -16.3392 -25.1601 15
      vertex -5.16219 -7.37239 15
      vertex -17.6336 -24.2705 15
    endloop
  endfacet
  facet normal 0 -0 1
    outer loop
      vertex -18.8796 -23.3144 15
      vertex -5.7851 -6.89439 15
      vertex -20.0739 -22.2943 15
    endloop
  endfacet
  facet normal 0 0 1
    outer loop
      vertex -5.16219 -7.37239 15
      vertex -5.7851 -6.89439 15
      vertex -18.8796 -23.3144 15
    endloop
  endfacet
  facet normal 0 0 1
    outer loop
      vertex -5.16219 -7.37239 15
      vertex -18.8796 -23.3144 15
      vertex -17.6336 -24.2705 15
    endloop
  endfacet
  facet normal 0 0 1
    outer loop
      vertex -4.5 -7.79419 15
      vertex -5.16219 -7.37239 15
      vertex -16.3392 -25.1601 15
    endloop
  endfacet
  facet normal 0 0 1
    outer loop
      vertex -4.5 -7.79419 15
      vertex -16.3392 -25.1601 15
      vertex -15 -25.9808 15
    endloop
  endfacet
  facet normal 0 -0 1
    outer loop
      vertex 15 -25.9808 15
      vertex 16.3392 -25.1601 15
      vertex 4.5 -7.79419 15
    endloop
  endfacet
  facet normal 0 0 1
    outer loop
      vertex -1.56279 -8.8633 15
      vertex -2.32939 -8.6933 15
      vertex -6.2374 -29.3444 15
    endloop
  endfacet
  facet normal 0 0 1
    outer loop
      vertex -13.6197 -26.7302 15
      vertex -3.80359 -8.1568 15
      vertex -4.5 -7.79419 15
    endloop
  endfacet
  facet normal 0 -0 1
    outer loop
      vertex -9.27049 -28.5317 15
      vertex -3.07819 -8.4572 15
      vertex -10.751 -28.0074 15
    endloop
  endfacet
  facet normal 0 -0 1
    outer loop
      vertex -10.751 -28.0074 15
      vertex -3.80359 -8.1568 15
      vertex -12.2021 -27.4064 15
    endloop
  endfacet
  facet normal 0 0 1
    outer loop
      vertex -3.07819 -8.4572 15
      vertex -3.80359 -8.1568 15
      vertex -10.751 -28.0074 15
    endloop
  endfacet
  facet normal 0 0 1
    outer loop
      vertex -2.32939 -8.6933 15
      vertex -9.27049 -28.5317 15
      vertex -7.76459 -28.9778 15
    endloop
  endfacet
  facet normal 0 0 1
    outer loop
      vertex -3.07819 -8.4572 15
      vertex -9.27049 -28.5317 15
      vertex -2.32939 -8.6933 15
    endloop
  endfacet
  facet normal -0 0 1
    outer loop
      vertex 2.32939 -8.6933 15
      vertex 9.27049 -28.5317 15
      vertex 3.07819 -8.4572 15
    endloop
  endfacet
  facet normal -0 0 1
    outer loop
      vertex -7.76459 -28.9778 15
      vertex -6.2374 -29.3444 15
      vertex -2.32939 -8.6933 15
    endloop
  endfacet
  facet normal 0 -0 1
    outer loop
      vertex -3.13589 -29.8357 15
      vertex -0.784393 -8.96579 15
      vertex -4.69299 -29.6307 15
    endloop
  endfacet
  facet normal 0 -0 1
    outer loop
      vertex -4.69299 -29.6307 15
      vertex -1.56279 -8.8633 15
      vertex -6.2374 -29.3444 15
    endloop
  endfacet
  facet normal 0 0 1
    outer loop
      vertex -0.784393 -8.96579 15
      vertex -1.56279 -8.8633 15
      vertex -4.69299 -29.6307 15
    endloop
  endfacet
  facet normal 0 0 1
    outer loop
      vertex 0 -9 15
      vertex 0 -30 15
      vertex 1.5701 -29.9589 15
    endloop
  endfacet
  facet normal 0 0 1
    outer loop
      vertex -0.784393 -8.96579 15
      vertex -3.13589 -29.8357 15
      vertex -1.5701 -29.9589 15
    endloop
  endfacet
  facet normal 0 0 1
    outer loop
      vertex -0.784393 -8.96579 15
      vertex -1.5701 -29.9589 15
      vertex 0 -9 15
    endloop
  endfacet
  facet normal -0 0 1
    outer loop
      vertex -1.5701 -29.9589 15
      vertex 0 -30 15
      vertex 0 -9 15
    endloop
  endfacet
  facet normal 0 0 1
    outer loop
      vertex 8.4572 -3.07819 15
      vertex 15.7019 -1.92839 15
      vertex 15.5425 -1.72069 15
    endloop
  endfacet
  facet normal 0 0 1
    outer loop
      vertex -6.89439 -5.7851 15
      vertex -22.2943 -20.0739 15
      vertex -6.364 -6.364 15
    endloop
  endfacet
  facet normal 0 0 1
    outer loop
      vertex -7.37239 -5.16219 15
      vertex -16.9739 -2.81909 15
      vertex -6.89439 -5.7851 15
    endloop
  endfacet
  facet normal 0 0 1
    outer loop
      vertex -16.2793 -2.45749 15
      vertex -16.5 -2.5981 15
      vertex -7.79419 -4.5 15
    endloop
  endfacet
  facet normal 0 0 1
    outer loop
      vertex -17.7385 -2.98859 15
      vertex -25.1601 -16.3392 15
      vertex -24.2705 -17.6336 15
    endloop
  endfacet
  facet normal 0 0 1
    outer loop
      vertex -8.6933 -2.32939 15
      vertex -15.5425 -1.72069 15
      vertex -8.4572 -3.07819 15
    endloop
  endfacet
  facet normal 0 0 1
    outer loop
      vertex -8.8633 -1.56279 15
      vertex -15.1809 -1.02609 15
      vertex -15.2811 -1.2679 15
    endloop
  endfacet
  facet normal 0 0 1
    outer loop
      vertex -18.2615 -2.98859 15
      vertex -18.5209 -2.95439 15
      vertex -25.9808 -15 15
    endloop
  endfacet
  facet normal 0 0 1
    outer loop
      vertex -18.7765 -2.8978 15
      vertex -26.7302 -13.6197 15
      vertex -18.5209 -2.95439 15
    endloop
  endfacet
  facet normal 0 -0 1
    outer loop
      vertex -15.0114 0.26149 15
      vertex -8.96579 0.784393 15
      vertex -15.0456 0.520889 15
    endloop
  endfacet
  facet normal 0 0 1
    outer loop
      vertex -8.4572 3.07819 15
      vertex -15.8787 2.12129 15
      vertex -15.7019 1.92839 15
    endloop
  endfacet
  facet normal 0 0 1
    outer loop
      vertex -29.3444 -6.2374 15
      vertex -20.1213 -2.12129 15
      vertex -20.2981 -1.92839 15
    endloop
  endfacet
  facet normal 0 0 1
    outer loop
      vertex -20.8978 -0.776489 15
      vertex -29.8357 -3.13589 15
      vertex -20.8191 -1.02609 15
    endloop
  endfacet
  facet normal 0 0 1
    outer loop
      vertex -20.9886 -0.26149 15
      vertex -29.9589 -1.5701 15
      vertex -20.9544 -0.520889 15
    endloop
  endfacet
  facet normal 0 -0 1
    outer loop
      vertex -20.9544 0.520889 15
      vertex -20.8978 0.776489 15
      vertex -29.9609 1.57019 15
    endloop
  endfacet
  facet normal -0 0 1
    outer loop
      vertex -29.6836 4.70139 15
      vertex -20.4575 1.72069 15
      vertex -29.4675 6.26349 15
    endloop
  endfacet
  facet normal 0 0 1
    outer loop
      vertex -27.8974 14.2144 15
      vertex -18.5209 2.95439 15
      vertex -18.2615 2.98859 15
    endloop
  endfacet
  facet normal 0 0 1
    outer loop
      vertex -18.7765 2.8978 15
      vertex -28.267 12.5853 15
      vertex -28.609 10.9819 15
    endloop
  endfacet
  facet normal -0 0 1
    outer loop
      vertex -26.5706 19.3047 15
      vertex -5.7851 6.89439 15
      vertex -26.0261 21.0755 15
    endloop
  endfacet
  facet normal 0 0 1
    outer loop
      vertex -1.56279 8.8633 15
      vertex -12.9921 39.9856 15
      vertex -14.8334 38.6424 15
    endloop
  endfacet
  facet normal -0 0 1
    outer loop
      vertex -26.0261 21.0755 15
      vertex -5.16219 7.37239 15
      vertex -25.4113 22.8805 15
    endloop
  endfacet
  facet normal 0 0 1
    outer loop
      vertex -16.5435 37.1574 15
      vertex -2.32939 8.6933 15
      vertex -1.56279 8.8633 15
    endloop
  endfacet
  facet normal 0 0 1
    outer loop
      vertex -3.80359 8.1568 15
      vertex -21.9909 30.2678 15
      vertex -23.0149 28.4211 15
    endloop
  endfacet
  facet normal -0 0 1
    outer loop
      vertex -23.9186 26.5643 15
      vertex -3.80359 8.1568 15
      vertex -23.0149 28.4211 15
    endloop
  endfacet
  facet normal 0 0 1
    outer loop
      vertex -3.07819 8.4572 15
      vertex -20.8371 32.0863 15
      vertex -21.9909 30.2678 15
    endloop
  endfacet
  facet normal -0 0 1
    outer loop
      vertex -19.5466 33.8558 15
      vertex -2.32939 8.6933 15
      vertex -18.1156 35.5539 15
    endloop
  endfacet
  facet normal -0 0 1
    outer loop
      vertex -16.5435 37.1574 15
      vertex -1.56279 8.8633 15
      vertex -14.8334 38.6424 15
    endloop
  endfacet
  facet normal 0 0 1
    outer loop
      vertex -0.784393 8.96579 15
      vertex -11.0301 41.165 15
      vertex -12.9921 39.9856 15
    endloop
  endfacet
  facet normal 0 -0 1
    outer loop
      vertex -1.56279 8.8633 15
      vertex -0.784393 8.96579 15
      vertex -12.9921 39.9856 15
    endloop
  endfacet
  facet normal 0 0 1
    outer loop
      vertex -8.9614 42.1602 15
      vertex -11.0301 41.165 15
      vertex -0.784393 8.96579 15
    endloop
  endfacet
  facet normal 0 0 1
    outer loop
      vertex -4.57529 43.5314 15
      vertex -0.784393 8.96579 15
      vertex 0 9 15
    endloop
  endfacet
  facet normal 0 0 1
    outer loop
      vertex 2.29979 43.8823 15
      vertex 0 44 15
      vertex 0 9 15
    endloop
  endfacet
  facet normal 0 0 1
    outer loop
      vertex 4.57529 43.5314 15
      vertex 0.784393 8.96579 15
      vertex 6.80319 42.9538 15
    endloop
  endfacet
  facet normal 0 0 1
    outer loop
      vertex 4.57529 43.5314 15
      vertex 0 9 15
      vertex 0.784393 8.96579 15
    endloop
  endfacet
  facet normal 0 0 1
    outer loop
      vertex 0.784393 8.96579 15
      vertex 11.0301 41.165 15
      vertex 8.9614 42.1602 15
    endloop
  endfacet
  facet normal 0 0 1
    outer loop
      vertex 6.80319 42.9538 15
      vertex 0.784393 8.96579 15
      vertex 8.9614 42.1602 15
    endloop
  endfacet
  facet normal 0 -0 1
    outer loop
      vertex 1.56279 8.8633 15
      vertex 12.9921 39.9856 15
      vertex 0.784393 8.96579 15
    endloop
  endfacet
  facet normal 0 0 1
    outer loop
      vertex 16.5435 37.1574 15
      vertex 14.8334 38.6424 15
      vertex 1.56279 8.8633 15
    endloop
  endfacet
  facet normal 0 0 1
    outer loop
      vertex 2.32939 8.6933 15
      vertex 20.8371 32.0863 15
      vertex 19.5466 33.8558 15
    endloop
  endfacet
  facet normal 0 0 1
    outer loop
      vertex 21.9909 30.2678 15
      vertex 20.8371 32.0863 15
      vertex 3.07819 8.4572 15
    endloop
  endfacet
  facet normal 0 -0 1
    outer loop
      vertex 3.07819 8.4572 15
      vertex 20.8371 32.0863 15
      vertex 2.32939 8.6933 15
    endloop
  endfacet
  facet normal 0 0 1
    outer loop
      vertex 23.0149 28.4211 15
      vertex 21.9909 30.2678 15
      vertex 3.80359 8.1568 15
    endloop
  endfacet
  facet normal 0 0 1
    outer loop
      vertex 23.9186 26.5643 15
      vertex 3.80359 8.1568 15
      vertex 4.5 7.79419 15
    endloop
  endfacet
  facet normal 0 0 1
    outer loop
      vertex 5.16219 7.37239 15
      vertex 26.0261 21.0755 15
      vertex 25.4113 22.8805 15
    endloop
  endfacet
  facet normal 0 -0 1
    outer loop
      vertex 6.364 6.364 15
      vertex 26.5706 19.3047 15
      vertex 5.7851 6.89439 15
    endloop
  endfacet
  facet normal 0 0 1
    outer loop
      vertex 5.7851 6.89439 15
      vertex 26.5706 19.3047 15
      vertex 26.0261 21.0755 15
    endloop
  endfacet
  facet normal 0 0 1
    outer loop
      vertex 27.057 17.571 15
      vertex 26.5706 19.3047 15
      vertex 6.364 6.364 15
    endloop
  endfacet
  facet normal 0 -0 1
    outer loop
      vertex 15.7019 1.92839 15
      vertex 15.8787 2.12129 15
      vertex 8.4572 3.07819 15
    endloop
  endfacet
  facet normal 0 0 1
    outer loop
      vertex 8.96579 0.784393 15
      vertex 9 0 15
      vertex 15.0114 0.26149 15
    endloop
  endfacet
  facet normal 0 0 1
    outer loop
      vertex 15.1022 -0.776489 15
      vertex 8.96579 -0.784393 15
      vertex 8.8633 -1.56279 15
    endloop
  endfacet
  facet normal 0 0 1
    outer loop
      vertex 15.2811 -1.2679 15
      vertex 8.6933 -2.32939 15
      vertex 15.4019 -1.5 15
    endloop
  endfacet
  facet normal -0 0 1
    outer loop
      vertex 6.364 6.364 15
      vertex 17.4791 2.95439 15
      vertex 27.057 17.571 15
    endloop
  endfacet
  facet normal 0 0 1
    outer loop
      vertex 15.4019 -1.5 15
      vertex 8.6933 -2.32939 15
      vertex 15.5425 -1.72069 15
    endloop
  endfacet
  facet normal 0 0 1
    outer loop
      vertex 27.8974 14.2144 15
      vertex 18.5209 2.95439 15
      vertex 28.267 12.5853 15
    endloop
  endfacet
  facet normal 0 0 1
    outer loop
      vertex 28.267 12.5853 15
      vertex 18.7765 2.8978 15
      vertex 28.609 10.9819 15
    endloop
  endfacet
  facet normal 0 0 1
    outer loop
      vertex 8.1568 -3.80359 15
      vertex 15.8787 -2.12129 15
      vertex 8.4572 -3.07819 15
    endloop
  endfacet
  facet normal 0 0 1
    outer loop
      vertex 16.9739 -2.81909 15
      vertex 7.37239 -5.16219 15
      vertex 6.89439 -5.7851 15
    endloop
  endfacet
  facet normal 0 0 1
    outer loop
      vertex 29.6307 -4.69299 15
      vertex 20.5981 -1.5 15
      vertex 20.4575 -1.72069 15
    endloop
  endfacet
  facet normal 0 0 1
    outer loop
      vertex 29.3444 -6.2374 15
      vertex 20.1213 -2.12129 15
      vertex 28.9778 -7.76459 15
    endloop
  endfacet
  facet normal 0 0 1
    outer loop
      vertex 22.2943 -20.0739 15
      vertex 17.2235 -2.8978 15
      vertex 6.89439 -5.7851 15
    endloop
  endfacet
  facet normal 0 -0 1
    outer loop
      vertex 27.4064 -12.2021 15
      vertex 28.0074 -10.751 15
      vertex 19.0261 -2.81909 15
    endloop
  endfacet
  facet normal 0 0 1
    outer loop
      vertex 26.7302 -13.6197 15
      vertex 18.7765 -2.8978 15
      vertex 18.5209 -2.95439 15
    endloop
  endfacet
  facet normal 0 0 1
    outer loop
      vertex 17.2235 -2.8978 15
      vertex 23.3144 -18.8796 15
      vertex 17.4791 -2.95439 15
    endloop
  endfacet
  facet normal 0 0 1
    outer loop
      vertex 25.1601 -16.3392 15
      vertex 17.7385 -2.98859 15
      vertex 24.2705 -17.6336 15
    endloop
  endfacet
  facet normal 0 0 1
    outer loop
      vertex 24.2705 -17.6336 15
      vertex 17.4791 -2.95439 15
      vertex 23.3144 -18.8796 15
    endloop
  endfacet
  facet normal -0 0 1
    outer loop
      vertex 6.364 -6.364 15
      vertex 22.2943 -20.0739 15
      vertex 6.89439 -5.7851 15
    endloop
  endfacet
  facet normal 0 -0 1
    outer loop
      vertex 20.0739 -22.2943 15
      vertex 21.2132 -21.2132 15
      vertex 6.364 -6.364 15
    endloop
  endfacet
  facet normal 0 -0 1
    outer loop
      vertex 18.8796 -23.3144 15
      vertex 20.0739 -22.2943 15
      vertex 5.7851 -6.89439 15
    endloop
  endfacet
  facet normal 0 -0 1
    outer loop
      vertex 17.6336 -24.2705 15
      vertex 18.8796 -23.3144 15
      vertex 5.16219 -7.37239 15
    endloop
  endfacet
  facet normal 0 0 1
    outer loop
      vertex 16.3392 -25.1601 15
      vertex 5.16219 -7.37239 15
      vertex 4.5 -7.79419 15
    endloop
  endfacet
  facet normal 0 0 1
    outer loop
      vertex 15 -25.9808 15
      vertex 4.5 -7.79419 15
      vertex 13.6197 -26.7302 15
    endloop
  endfacet
  facet normal 0 0 1
    outer loop
      vertex 4.5 -7.79419 15
      vertex 3.80359 -8.1568 15
      vertex 13.6197 -26.7302 15
    endloop
  endfacet
  facet normal 0 0 1
    outer loop
      vertex 3.80359 -8.1568 15
      vertex 10.751 -28.0074 15
      vertex 12.2021 -27.4064 15
    endloop
  endfacet
  facet normal 0 0 1
    outer loop
      vertex 3.07819 -8.4572 15
      vertex 9.27049 -28.5317 15
      vertex 10.751 -28.0074 15
    endloop
  endfacet
  facet normal 0 0 1
    outer loop
      vertex 2.32939 -8.6933 15
      vertex 7.76459 -28.9778 15
      vertex 9.27049 -28.5317 15
    endloop
  endfacet
  facet normal -0 0 1
    outer loop
      vertex 1.56279 -8.8633 15
      vertex 6.2374 -29.3444 15
      vertex 2.32939 -8.6933 15
    endloop
  endfacet
  facet normal 0 -0 1
    outer loop
      vertex 4.69299 -29.6307 15
      vertex 6.2374 -29.3444 15
      vertex 1.56279 -8.8633 15
    endloop
  endfacet
  facet normal 0 0 1
    outer loop
      vertex 1.5701 -29.9589 15
      vertex 0.784393 -8.96579 15
      vertex 0 -9 15
    endloop
  endfacet
  facet normal 0 -0 1
    outer loop
      vertex 3.13589 -29.8357 15
      vertex 4.69299 -29.6307 15
      vertex 0.784393 -8.96579 15
    endloop
  endfacet
  facet normal 0 0 1
    outer loop
      vertex -27.4064 -12.2021 15
      vertex -18.7765 -2.8978 15
      vertex -19.0261 -2.81909 15
    endloop
  endfacet
  facet normal 0 0 1
    outer loop
      vertex -15.2811 1.2679 15
      vertex -8.8633 1.56279 15
      vertex -8.6933 2.32939 15
    endloop
  endfacet
  facet normal 0 0 1
    outer loop
      vertex -19.5 -2.5981 15
      vertex -28.5317 -9.27049 15
      vertex -28.0074 -10.751 15
    endloop
  endfacet
  facet normal 0 0 1
    outer loop
      vertex -19.2679 -2.71889 15
      vertex -19.5 -2.5981 15
      vertex -28.0074 -10.751 15
    endloop
  endfacet
  facet normal 0 0 1
    outer loop
      vertex -19.5 -2.5981 15
      vertex -19.7207 -2.45749 15
      vertex -28.5317 -9.27049 15
    endloop
  endfacet
  facet normal 0 0 1
    outer loop
      vertex -19.9284 -2.2981 15
      vertex -28.9778 -7.76459 15
      vertex -28.5317 -9.27049 15
    endloop
  endfacet
  facet normal 0 0 1
    outer loop
      vertex -19.7207 -2.45749 15
      vertex -19.9284 -2.2981 15
      vertex -28.5317 -9.27049 15
    endloop
  endfacet
  facet normal 0 0 1
    outer loop
      vertex -20.1213 -2.12129 15
      vertex -29.3444 -6.2374 15
      vertex -28.9778 -7.76459 15
    endloop
  endfacet
  facet normal 0 0 1
    outer loop
      vertex -19.9284 -2.2981 15
      vertex -20.1213 -2.12129 15
      vertex -28.9778 -7.76459 15
    endloop
  endfacet
  facet normal 0 0 1
    outer loop
      vertex -29.3444 -6.2374 15
      vertex -20.2981 -1.92839 15
      vertex -20.4575 -1.72069 15
    endloop
  endfacet
  facet normal 0 -0 1
    outer loop
      vertex -29.3444 -6.2374 15
      vertex -20.4575 -1.72069 15
      vertex -29.6307 -4.69299 15
    endloop
  endfacet
  facet normal 0 0 1
    outer loop
      vertex -20.5981 -1.5 15
      vertex -20.7189 -1.2679 15
      vertex -29.6307 -4.69299 15
    endloop
  endfacet
  facet normal 0 0 1
    outer loop
      vertex -20.4575 -1.72069 15
      vertex -20.5981 -1.5 15
      vertex -29.6307 -4.69299 15
    endloop
  endfacet
  facet normal 0 0 1
    outer loop
      vertex -20.7189 -1.2679 15
      vertex -29.8357 -3.13589 15
      vertex -29.6307 -4.69299 15
    endloop
  endfacet
  facet normal -0 0 1
    outer loop
      vertex -29.9589 -1.5701 15
      vertex -29.8357 -3.13589 15
      vertex -20.8978 -0.776489 15
    endloop
  endfacet
  facet normal 0 0 1
    outer loop
      vertex -29.9589 -1.5701 15
      vertex -20.8978 -0.776489 15
      vertex -20.9544 -0.520889 15
    endloop
  endfacet
  facet normal 0 0 1
    outer loop
      vertex -30 0 15
      vertex -29.9589 -1.5701 15
      vertex -20.9886 -0.26149 15
    endloop
  endfacet
  facet normal 0 0 1
    outer loop
      vertex -20.9886 0.26149 15
      vertex -30 0 15
      vertex -21 0 15
    endloop
  endfacet
  facet normal 0 0 1
    outer loop
      vertex -29.9609 1.57019 15
      vertex -30 0 15
      vertex -20.9886 0.26149 15
    endloop
  endfacet
  facet normal 0 -0 1
    outer loop
      vertex -20.9886 0.26149 15
      vertex -20.9544 0.520889 15
      vertex -29.9609 1.57019 15
    endloop
  endfacet
  facet normal -0 0 1
    outer loop
      vertex -29.9609 1.57019 15
      vertex -20.8978 0.776489 15
      vertex -29.8516 3.1375 15
    endloop
  endfacet
  facet normal 0 -0 1
    outer loop
      vertex -20.8978 0.776489 15
      vertex -20.8191 1.02609 15
      vertex -29.8516 3.1375 15
    endloop
  endfacet
  facet normal 0 -0 1
    outer loop
      vertex -20.8191 1.02609 15
      vertex -20.7189 1.2679 15
      vertex -29.8516 3.1375 15
    endloop
  endfacet
  facet normal 0 0 1
    outer loop
      vertex -20.7189 1.2679 15
      vertex -29.6836 4.70139 15
      vertex -29.8516 3.1375 15
    endloop
  endfacet
  facet normal 0 0 1
    outer loop
      vertex -20.5981 1.5 15
      vertex -29.6836 4.70139 15
      vertex -20.7189 1.2679 15
    endloop
  endfacet
  facet normal 0 0 1
    outer loop
      vertex -20.4575 1.72069 15
      vertex -29.6836 4.70139 15
      vertex -20.5981 1.5 15
    endloop
  endfacet
  facet normal 0 0 1
    outer loop
      vertex -20.2981 1.92839 15
      vertex -29.4675 6.26349 15
      vertex -20.4575 1.72069 15
    endloop
  endfacet
  facet normal 0 0 1
    outer loop
      vertex -20.1213 2.12129 15
      vertex -29.4675 6.26349 15
      vertex -20.2981 1.92839 15
    endloop
  endfacet
  facet normal 0 0 1
    outer loop
      vertex -29.2122 7.82739 15
      vertex -29.4675 6.26349 15
      vertex -20.1213 2.12129 15
    endloop
  endfacet
  facet normal 0 0 1
    outer loop
      vertex -29.2122 7.82739 15
      vertex -20.1213 2.12129 15
      vertex -19.9284 2.2981 15
    endloop
  endfacet
  facet normal 0 0 1
    outer loop
      vertex -29.2122 7.82739 15
      vertex -19.9284 2.2981 15
      vertex -19.7207 2.45749 15
    endloop
  endfacet
  facet normal 0 0 1
    outer loop
      vertex -19.5 2.5981 15
      vertex -28.9246 9.39819 15
      vertex -19.7207 2.45749 15
    endloop
  endfacet
  facet normal 0 0 1
    outer loop
      vertex -19.2679 2.71889 15
      vertex -28.9246 9.39819 15
      vertex -19.5 2.5981 15
    endloop
  endfacet
  facet normal 0 0 1
    outer loop
      vertex -28.609 10.9819 15
      vertex -28.9246 9.39819 15
      vertex -19.2679 2.71889 15
    endloop
  endfacet
  facet normal 0 0 1
    outer loop
      vertex -28.609 10.9819 15
      vertex -19.2679 2.71889 15
      vertex -19.0261 2.81909 15
    endloop
  endfacet
  facet normal 0 0 1
    outer loop
      vertex -28.609 10.9819 15
      vertex -19.0261 2.81909 15
      vertex -18.7765 2.8978 15
    endloop
  endfacet
  facet normal 0 0 1
    outer loop
      vertex -28.267 12.5853 15
      vertex -18.7765 2.8978 15
      vertex -18.5209 2.95439 15
    endloop
  endfacet
  facet normal -0 0 1
    outer loop
      vertex -27.8974 14.2144 15
      vertex -18 3 15
      vertex -27.4963 15.875 15
    endloop
  endfacet
  facet normal -0 0 1
    outer loop
      vertex -28.267 12.5853 15
      vertex -18.5209 2.95439 15
      vertex -27.8974 14.2144 15
    endloop
  endfacet
  facet normal 0 0 1
    outer loop
      vertex -27.8974 14.2144 15
      vertex -18.2615 2.98859 15
      vertex -18 3 15
    endloop
  endfacet
  facet normal -0 -0 1
    outer loop
      vertex -18 3 15
      vertex -17.7385 2.98859 15
      vertex -27.4963 15.875 15
    endloop
  endfacet
  facet normal 0 0 1
    outer loop
      vertex -6.364 6.364 15
      vertex -17.4791 2.95439 15
      vertex -17.2235 2.8978 15
    endloop
  endfacet
  facet normal 0 0 1
    outer loop
      vertex -6.364 6.364 15
      vertex -27.057 17.571 15
      vertex -17.4791 2.95439 15
    endloop
  endfacet
  facet normal 0 0 1
    outer loop
      vertex -6.89439 5.7851 15
      vertex -17.2235 2.8978 15
      vertex -16.9739 2.81909 15
    endloop
  endfacet
  facet normal 0 -0 1
    outer loop
      vertex -6.89439 5.7851 15
      vertex -6.364 6.364 15
      vertex -17.2235 2.8978 15
    endloop
  endfacet
  facet normal 0 0 1
    outer loop
      vertex -6.89439 5.7851 15
      vertex -16.9739 2.81909 15
      vertex -7.37239 5.16219 15
    endloop
  endfacet
  facet normal 0 0 1
    outer loop
      vertex -16.5 2.5981 15
      vertex -7.79419 4.5 15
      vertex -7.37239 5.16219 15
    endloop
  endfacet
  facet normal -0 0 1
    outer loop
      vertex -16.2793 2.45749 15
      vertex -16.0716 2.2981 15
      vertex -7.79419 4.5 15
    endloop
  endfacet
  facet normal 0 -0 1
    outer loop
      vertex -15.8787 2.12129 15
      vertex -8.1568 3.80359 15
      vertex -16.0716 2.2981 15
    endloop
  endfacet
  facet normal 0 0 1
    outer loop
      vertex -16.0716 2.2981 15
      vertex -8.1568 3.80359 15
      vertex -7.79419 4.5 15
    endloop
  endfacet
  facet normal 0 -0 1
    outer loop
      vertex -8.4572 3.07819 15
      vertex -8.1568 3.80359 15
      vertex -15.8787 2.12129 15
    endloop
  endfacet
  facet normal 0 -0 1
    outer loop
      vertex -15.5425 1.72069 15
      vertex -8.4572 3.07819 15
      vertex -15.7019 1.92839 15
    endloop
  endfacet
  facet normal 0 -0 1
    outer loop
      vertex -8.6933 2.32939 15
      vertex -8.4572 3.07819 15
      vertex -15.5425 1.72069 15
    endloop
  endfacet
  facet normal 0 0 1
    outer loop
      vertex -8.6933 2.32939 15
      vertex -15.5425 1.72069 15
      vertex -15.4019 1.5 15
    endloop
  endfacet
  facet normal 0 0 1
    outer loop
      vertex -8.6933 2.32939 15
      vertex -15.4019 1.5 15
      vertex -15.2811 1.2679 15
    endloop
  endfacet
  facet normal 0 0 1
    outer loop
      vertex -8.8633 1.56279 15
      vertex -15.2811 1.2679 15
      vertex -15.1809 1.02609 15
    endloop
  endfacet
  facet normal 0 0 1
    outer loop
      vertex -8.8633 1.56279 15
      vertex -15.1809 1.02609 15
      vertex -15.1022 0.776489 15
    endloop
  endfacet
  facet normal 0 0 1
    outer loop
      vertex -8.8633 1.56279 15
      vertex -15.1022 0.776489 15
      vertex -8.96579 0.784393 15
    endloop
  endfacet
  facet normal -0 0 1
    outer loop
      vertex -15.1022 0.776489 15
      vertex -15.0456 0.520889 15
      vertex -8.96579 0.784393 15
    endloop
  endfacet
  facet normal 0 0 1
    outer loop
      vertex -8.96579 0.784393 15
      vertex -15.0114 0.26149 15
      vertex -9 0 15
    endloop
  endfacet
  facet normal 0 0 1
    outer loop
      vertex -15.0114 0.26149 15
      vertex -15 0 15
      vertex -9 0 15
    endloop
  endfacet
  facet normal -0 0 1
    outer loop
      vertex -15 0 15
      vertex -15.0114 -0.26149 15
      vertex -9 0 15
    endloop
  endfacet
  facet normal -0 0 1
    outer loop
      vertex -15.0114 -0.26149 15
      vertex -8.96579 -0.784393 15
      vertex -9 0 15
    endloop
  endfacet
  facet normal 0 0 1
    outer loop
      vertex -15.0456 -0.520889 15
      vertex -15.1022 -0.776489 15
      vertex -8.96579 -0.784393 15
    endloop
  endfacet
  facet normal 0 0 1
    outer loop
      vertex -15.1022 -0.776489 15
      vertex -8.8633 -1.56279 15
      vertex -8.96579 -0.784393 15
    endloop
  endfacet
  facet normal -0 0 1
    outer loop
      vertex -15.1809 -1.02609 15
      vertex -8.8633 -1.56279 15
      vertex -15.1022 -0.776489 15
    endloop
  endfacet
  facet normal 0 0 1
    outer loop
      vertex -15.2811 -1.2679 15
      vertex -8.6933 -2.32939 15
      vertex -8.8633 -1.56279 15
    endloop
  endfacet
  facet normal -0 0 1
    outer loop
      vertex -15.4019 -1.5 15
      vertex -8.6933 -2.32939 15
      vertex -15.2811 -1.2679 15
    endloop
  endfacet
  facet normal -0 0 1
    outer loop
      vertex -15.5425 -1.72069 15
      vertex -8.6933 -2.32939 15
      vertex -15.4019 -1.5 15
    endloop
  endfacet
  facet normal -0 0 1
    outer loop
      vertex -15.7019 -1.92839 15
      vertex -8.4572 -3.07819 15
      vertex -15.5425 -1.72069 15
    endloop
  endfacet
  facet normal -0 0 1
    outer loop
      vertex -15.8787 -2.12129 15
      vertex -8.4572 -3.07819 15
      vertex -15.7019 -1.92839 15
    endloop
  endfacet
  facet normal 0 0 1
    outer loop
      vertex -8.1568 -3.80359 15
      vertex -8.4572 -3.07819 15
      vertex -15.8787 -2.12129 15
    endloop
  endfacet
  facet normal 0 0 1
    outer loop
      vertex -7.79419 -4.5 15
      vertex -8.1568 -3.80359 15
      vertex -16.0716 -2.2981 15
    endloop
  endfacet
  facet normal 0 0 1
    outer loop
      vertex -7.79419 -4.5 15
      vertex -16.0716 -2.2981 15
      vertex -16.2793 -2.45749 15
    endloop
  endfacet
  facet normal 0 0 1
    outer loop
      vertex -7.37239 -5.16219 15
      vertex -7.79419 -4.5 15
      vertex -16.5 -2.5981 15
    endloop
  endfacet
  facet normal 0 0 1
    outer loop
      vertex -7.37239 -5.16219 15
      vertex -16.5 -2.5981 15
      vertex -16.7321 -2.71889 15
    endloop
  endfacet
  facet normal 0 0 1
    outer loop
      vertex -7.37239 -5.16219 15
      vertex -16.7321 -2.71889 15
      vertex -16.9739 -2.81909 15
    endloop
  endfacet
  facet normal 0 0 1
    outer loop
      vertex -22.2943 -20.0739 15
      vertex -6.89439 -5.7851 15
      vertex -17.2235 -2.8978 15
    endloop
  endfacet
  facet normal 0 -0 1
    outer loop
      vertex -22.2943 -20.0739 15
      vertex -17.2235 -2.8978 15
      vertex -23.3144 -18.8796 15
    endloop
  endfacet
  facet normal 0 -0 1
    outer loop
      vertex -23.3144 -18.8796 15
      vertex -17.4791 -2.95439 15
      vertex -24.2705 -17.6336 15
    endloop
  endfacet
  facet normal 0 0 1
    outer loop
      vertex -17.4791 -2.95439 15
      vertex -17.7385 -2.98859 15
      vertex -24.2705 -17.6336 15
    endloop
  endfacet
  facet normal 0 0 1
    outer loop
      vertex 29.9609 1.57019 15
      vertex 20.8978 0.776489 15
      vertex 20.9544 0.520889 15
    endloop
  endfacet
  facet normal 0 0 1
    outer loop
      vertex 16.7321 -2.71889 15
      vertex 16.5 -2.5981 15
      vertex 7.37239 -5.16219 15
    endloop
  endfacet
  facet normal 0 0 1
    outer loop
      vertex 16.7321 -2.71889 15
      vertex 7.37239 -5.16219 15
      vertex 16.9739 -2.81909 15
    endloop
  endfacet
  facet normal 0 0 1
    outer loop
      vertex 16.5 -2.5981 15
      vertex 7.79419 -4.5 15
      vertex 7.37239 -5.16219 15
    endloop
  endfacet
  facet normal 0 0 1
    outer loop
      vertex 16.0716 -2.2981 15
      vertex 7.79419 -4.5 15
      vertex 16.2793 -2.45749 15
    endloop
  endfacet
  facet normal 0 0 1
    outer loop
      vertex 16.2793 -2.45749 15
      vertex 7.79419 -4.5 15
      vertex 16.5 -2.5981 15
    endloop
  endfacet
  facet normal -0 0 1
    outer loop
      vertex 8.1568 -3.80359 15
      vertex 7.79419 -4.5 15
      vertex 16.0716 -2.2981 15
    endloop
  endfacet
  facet normal 0 0 1
    outer loop
      vertex 15.8787 -2.12129 15
      vertex 15.7019 -1.92839 15
      vertex 8.4572 -3.07819 15
    endloop
  endfacet
  facet normal 0 0 1
    outer loop
      vertex 8.4572 -3.07819 15
      vertex 15.5425 -1.72069 15
      vertex 8.6933 -2.32939 15
    endloop
  endfacet
  facet normal -0 0 1
    outer loop
      vertex 8.8633 -1.56279 15
      vertex 8.6933 -2.32939 15
      vertex 15.2811 -1.2679 15
    endloop
  endfacet
  facet normal 0 0 1
    outer loop
      vertex 15.2811 -1.2679 15
      vertex 15.1809 -1.02609 15
      vertex 8.8633 -1.56279 15
    endloop
  endfacet
  facet normal 0 0 1
    outer loop
      vertex 15.0456 -0.520889 15
      vertex 8.96579 -0.784393 15
      vertex 15.1022 -0.776489 15
    endloop
  endfacet
  facet normal 0 0 1
    outer loop
      vertex 15.0114 -0.26149 15
      vertex 8.96579 -0.784393 15
      vertex 15.0456 -0.520889 15
    endloop
  endfacet
  facet normal 0 0 1
    outer loop
      vertex 9 0 15
      vertex 8.96579 -0.784393 15
      vertex 15.0114 -0.26149 15
    endloop
  endfacet
  facet normal 0 0 1
    outer loop
      vertex 15.0114 0.26149 15
      vertex 9 0 15
      vertex 15 0 15
    endloop
  endfacet
  facet normal -0 -0 1
    outer loop
      vertex 6.89439 5.7851 15
      vertex 17.2235 2.8978 15
      vertex 6.364 6.364 15
    endloop
  endfacet
  facet normal 0 0 1
    outer loop
      vertex 8.96579 0.784393 15
      vertex 15.0114 0.26149 15
      vertex 15.0456 0.520889 15
    endloop
  endfacet
  facet normal 0 0 1
    outer loop
      vertex 8.96579 0.784393 15
      vertex 15.0456 0.520889 15
      vertex 15.1022 0.776489 15
    endloop
  endfacet
  facet normal -0 -0 1
    outer loop
      vertex 8.96579 0.784393 15
      vertex 15.1022 0.776489 15
      vertex 8.8633 1.56279 15
    endloop
  endfacet
  facet normal 0 -0 1
    outer loop
      vertex 15.1022 0.776489 15
      vertex 15.1809 1.02609 15
      vertex 8.8633 1.56279 15
    endloop
  endfacet
  facet normal -0 -0 1
    outer loop
      vertex 7.37239 5.16219 15
      vertex 16.9739 2.81909 15
      vertex 6.89439 5.7851 15
    endloop
  endfacet
  facet normal 0 0 1
    outer loop
      vertex 8.6933 2.32939 15
      vertex 8.8633 1.56279 15
      vertex 15.2811 1.2679 15
    endloop
  endfacet
  facet normal 0 0 1
    outer loop
      vertex 8.6933 2.32939 15
      vertex 15.2811 1.2679 15
      vertex 15.4019 1.5 15
    endloop
  endfacet
  facet normal 0 0 1
    outer loop
      vertex 8.6933 2.32939 15
      vertex 15.4019 1.5 15
      vertex 15.5425 1.72069 15
    endloop
  endfacet
  facet normal -0 -0 1
    outer loop
      vertex 8.6933 2.32939 15
      vertex 15.5425 1.72069 15
      vertex 8.4572 3.07819 15
    endloop
  endfacet
  facet normal 0 0 1
    outer loop
      vertex 15.8787 2.12129 15
      vertex 8.1568 3.80359 15
      vertex 8.4572 3.07819 15
    endloop
  endfacet
  facet normal 0 0 1
    outer loop
      vertex 16.0716 2.2981 15
      vertex 8.1568 3.80359 15
      vertex 15.8787 2.12129 15
    endloop
  endfacet
  facet normal 0 0 1
    outer loop
      vertex 7.79419 4.5 15
      vertex 8.1568 3.80359 15
      vertex 16.0716 2.2981 15
    endloop
  endfacet
  facet normal 0 0 1
    outer loop
      vertex 16.5 2.5981 15
      vertex 7.79419 4.5 15
      vertex 16.2793 2.45749 15
    endloop
  endfacet
  facet normal 0 0 1
    outer loop
      vertex 7.37239 5.16219 15
      vertex 16.5 2.5981 15
      vertex 16.7321 2.71889 15
    endloop
  endfacet
  facet normal 0 -0 1
    outer loop
      vertex 16.9739 2.81909 15
      vertex 17.2235 2.8978 15
      vertex 6.89439 5.7851 15
    endloop
  endfacet
  facet normal 0 -0 1
    outer loop
      vertex 17.2235 2.8978 15
      vertex 17.4791 2.95439 15
      vertex 6.364 6.364 15
    endloop
  endfacet
  facet normal 0 0 1
    outer loop
      vertex 17.4791 2.95439 15
      vertex 17.7385 2.98859 15
      vertex 27.057 17.571 15
    endloop
  endfacet
  facet normal 0 0 1
    outer loop
      vertex 17.7385 2.98859 15
      vertex 27.4963 15.875 15
      vertex 27.057 17.571 15
    endloop
  endfacet
  facet normal 0 0 1
    outer loop
      vertex 27.8974 14.2144 15
      vertex 27.4963 15.875 15
      vertex 18 3 15
    endloop
  endfacet
  facet normal 0 -0 1
    outer loop
      vertex 18 3 15
      vertex 27.4963 15.875 15
      vertex 17.7385 2.98859 15
    endloop
  endfacet
  facet normal 0 0 1
    outer loop
      vertex 27.8974 14.2144 15
      vertex 18 3 15
      vertex 18.2615 2.98859 15
    endloop
  endfacet
  facet normal -0 0 1
    outer loop
      vertex 18.5209 2.95439 15
      vertex 18.7765 2.8978 15
      vertex 28.267 12.5853 15
    endloop
  endfacet
  facet normal -0 0 1
    outer loop
      vertex 18.7765 2.8978 15
      vertex 19.0261 2.81909 15
      vertex 28.609 10.9819 15
    endloop
  endfacet
  facet normal -0 0 1
    outer loop
      vertex 19.0261 2.81909 15
      vertex 19.2679 2.71889 15
      vertex 28.609 10.9819 15
    endloop
  endfacet
  facet normal -0 0 1
    outer loop
      vertex 19.2679 2.71889 15
      vertex 19.5 2.5981 15
      vertex 28.9246 9.39819 15
    endloop
  endfacet
  facet normal -0 0 1
    outer loop
      vertex 19.5 2.5981 15
      vertex 19.7207 2.45749 15
      vertex 28.9246 9.39819 15
    endloop
  endfacet
  facet normal 0 -0 1
    outer loop
      vertex 19.9284 2.2981 15
      vertex 29.2122 7.82739 15
      vertex 19.7207 2.45749 15
    endloop
  endfacet
  facet normal 0 0 1
    outer loop
      vertex 19.7207 2.45749 15
      vertex 29.2122 7.82739 15
      vertex 28.9246 9.39819 15
    endloop
  endfacet
  facet normal 0 0 1
    outer loop
      vertex 20.1213 2.12129 15
      vertex 29.4675 6.26349 15
      vertex 29.2122 7.82739 15
    endloop
  endfacet
  facet normal -0 0 1
    outer loop
      vertex 19.9284 2.2981 15
      vertex 20.1213 2.12129 15
      vertex 29.2122 7.82739 15
    endloop
  endfacet
  facet normal -0 0 1
    outer loop
      vertex 20.1213 2.12129 15
      vertex 20.2981 1.92839 15
      vertex 29.4675 6.26349 15
    endloop
  endfacet
  facet normal -0 0 1
    outer loop
      vertex 20.2981 1.92839 15
      vertex 20.4575 1.72069 15
      vertex 29.4675 6.26349 15
    endloop
  endfacet
  facet normal 0 0 1
    outer loop
      vertex 20.4575 1.72069 15
      vertex 29.6836 4.70139 15
      vertex 29.4675 6.26349 15
    endloop
  endfacet
  facet normal 0 -0 1
    outer loop
      vertex 20.5981 1.5 15
      vertex 29.6836 4.70139 15
      vertex 20.4575 1.72069 15
    endloop
  endfacet
  facet normal 0 0 1
    outer loop
      vertex 20.7189 1.2679 15
      vertex 29.8516 3.1375 15
      vertex 29.6836 4.70139 15
    endloop
  endfacet
  facet normal 0 -0 1
    outer loop
      vertex 20.8191 1.02609 15
      vertex 29.8516 3.1375 15
      vertex 20.7189 1.2679 15
    endloop
  endfacet
  facet normal 0 -0 1
    outer loop
      vertex 20.8978 0.776489 15
      vertex 29.8516 3.1375 15
      vertex 20.8191 1.02609 15
    endloop
  endfacet
  facet normal 0 0 1
    outer loop
      vertex 29.9609 1.57019 15
      vertex 29.8516 3.1375 15
      vertex 20.8978 0.776489 15
    endloop
  endfacet
  facet normal 0 -0 1
    outer loop
      vertex 20.9886 0.26149 15
      vertex 29.9609 1.57019 15
      vertex 20.9544 0.520889 15
    endloop
  endfacet
  facet normal 0 0 1
    outer loop
      vertex 30 0 15
      vertex 29.9609 1.57019 15
      vertex 20.9886 0.26149 15
    endloop
  endfacet
  facet normal 0 0 1
    outer loop
      vertex 30 0 15
      vertex 20.9886 0.26149 15
      vertex 21 0 15
    endloop
  endfacet
  facet normal 0 -0 1
    outer loop
      vertex 29.9589 -1.5701 15
      vertex 30 0 15
      vertex 20.9886 -0.26149 15
    endloop
  endfacet
  facet normal 0 0 1
    outer loop
      vertex 29.9589 -1.5701 15
      vertex 20.9886 -0.26149 15
      vertex 20.9544 -0.520889 15
    endloop
  endfacet
  facet normal 0 0 1
    outer loop
      vertex 29.9589 -1.5701 15
      vertex 20.9544 -0.520889 15
      vertex 20.8978 -0.776489 15
    endloop
  endfacet
  facet normal 0 0 1
    outer loop
      vertex 29.9589 -1.5701 15
      vertex 20.8978 -0.776489 15
      vertex 29.8357 -3.13589 15
    endloop
  endfacet
  facet normal 0 0 1
    outer loop
      vertex 29.8357 -3.13589 15
      vertex 20.8191 -1.02609 15
      vertex 20.7189 -1.2679 15
    endloop
  endfacet
  facet normal 0 0 1
    outer loop
      vertex 29.8357 -3.13589 15
      vertex 20.7189 -1.2679 15
      vertex 29.6307 -4.69299 15
    endloop
  endfacet
  facet normal 0 0 1
    outer loop
      vertex 20.7189 -1.2679 15
      vertex 20.5981 -1.5 15
      vertex 29.6307 -4.69299 15
    endloop
  endfacet
  facet normal 0 0 1
    outer loop
      vertex 29.6307 -4.69299 15
      vertex 20.4575 -1.72069 15
      vertex 29.3444 -6.2374 15
    endloop
  endfacet
  facet normal 0 0 1
    outer loop
      vertex 20.4575 -1.72069 15
      vertex 20.2981 -1.92839 15
      vertex 29.3444 -6.2374 15
    endloop
  endfacet
  facet normal 0 0 1
    outer loop
      vertex 20.2981 -1.92839 15
      vertex 20.1213 -2.12129 15
      vertex 29.3444 -6.2374 15
    endloop
  endfacet
  facet normal 0 0 1
    outer loop
      vertex 20.1213 -2.12129 15
      vertex 19.9284 -2.2981 15
      vertex 28.9778 -7.76459 15
    endloop
  endfacet
  facet normal 0 0 1
    outer loop
      vertex 19.9284 -2.2981 15
      vertex 28.5317 -9.27049 15
      vertex 28.9778 -7.76459 15
    endloop
  endfacet
  facet normal -0 0 1
    outer loop
      vertex 19.7207 -2.45749 15
      vertex 28.5317 -9.27049 15
      vertex 19.9284 -2.2981 15
    endloop
  endfacet
  facet normal 0 0 1
    outer loop
      vertex 19.5 -2.5981 15
      vertex 28.0074 -10.751 15
      vertex 28.5317 -9.27049 15
    endloop
  endfacet
  facet normal -0 0 1
    outer loop
      vertex 19.2679 -2.71889 15
      vertex 28.0074 -10.751 15
      vertex 19.5 -2.5981 15
    endloop
  endfacet
  facet normal -0 0 1
    outer loop
      vertex 19.0261 -2.81909 15
      vertex 28.0074 -10.751 15
      vertex 19.2679 -2.71889 15
    endloop
  endfacet
  facet normal -0 0 1
    outer loop
      vertex 18.7765 -2.8978 15
      vertex 27.4064 -12.2021 15
      vertex 19.0261 -2.81909 15
    endloop
  endfacet
  facet normal 0 -0 1
    outer loop
      vertex 26.7302 -13.6197 15
      vertex 27.4064 -12.2021 15
      vertex 18.7765 -2.8978 15
    endloop
  endfacet
  facet normal 0 -0 1
    outer loop
      vertex 25.9808 -15 15
      vertex 26.7302 -13.6197 15
      vertex 18.5209 -2.95439 15
    endloop
  endfacet
  facet normal 0 0 1
    outer loop
      vertex 25.9808 -15 15
      vertex 18.2615 -2.98859 15
      vertex 18 -3 15
    endloop
  endfacet
  facet normal 0 0 1
    outer loop
      vertex 25.9808 -15 15
      vertex 18.5209 -2.95439 15
      vertex 18.2615 -2.98859 15
    endloop
  endfacet
  facet normal 0.0784399 -0.996919 0
    outer loop
      vertex 3.13589 -29.8357 0
      vertex 1.5701 -29.9589 15
      vertex 1.5701 -29.9589 0
    endloop
  endfacet
  facet normal 0.0784399 -0.996919 0
    outer loop
      vertex 3.13589 -29.8357 0
      vertex 3.13589 -29.8357 15
      vertex 1.5701 -29.9589 15
    endloop
  endfacet
  facet normal 0.130529 -0.991445 0
    outer loop
      vertex 4.69299 -29.6307 0
      vertex 3.13589 -29.8357 15
      vertex 3.13589 -29.8357 0
    endloop
  endfacet
  facet normal 0.130529 -0.991445 0
    outer loop
      vertex 4.69299 -29.6307 0
      vertex 4.69299 -29.6307 15
      vertex 3.13589 -29.8357 15
    endloop
  endfacet
  facet normal 0.182273 -0.983248 0
    outer loop
      vertex 6.2374 -29.3444 0
      vertex 4.69299 -29.6307 15
      vertex 4.69299 -29.6307 0
    endloop
  endfacet
  facet normal 0.182273 -0.983248 0
    outer loop
      vertex 6.2374 -29.3444 0
      vertex 6.2374 -29.3444 15
      vertex 4.69299 -29.6307 15
    endloop
  endfacet
  facet normal 0.233418 -0.972377 0
    outer loop
      vertex 7.76459 -28.9778 0
      vertex 6.2374 -29.3444 15
      vertex 6.2374 -29.3444 0
    endloop
  endfacet
  facet normal 0.233418 -0.972377 0
    outer loop
      vertex 7.76459 -28.9778 0
      vertex 7.76459 -28.9778 15
      vertex 6.2374 -29.3444 15
    endloop
  endfacet
  facet normal 0.284034 -0.958814 0
    outer loop
      vertex 9.27049 -28.5317 0
      vertex 7.76459 -28.9778 15
      vertex 7.76459 -28.9778 0
    endloop
  endfacet
  facet normal 0.284034 -0.958814 0
    outer loop
      vertex 9.27049 -28.5317 0
      vertex 9.27049 -28.5317 15
      vertex 7.76459 -28.9778 15
    endloop
  endfacet
  facet normal 0.33382 -0.942637 0
    outer loop
      vertex 10.751 -28.0074 0
      vertex 9.27049 -28.5317 15
      vertex 9.27049 -28.5317 0
    endloop
  endfacet
  facet normal 0.33382 -0.942637 0
    outer loop
      vertex 10.751 -28.0074 0
      vertex 10.751 -28.0074 15
      vertex 9.27049 -28.5317 15
    endloop
  endfacet
  facet normal 0.382648 -0.923894 0
    outer loop
      vertex 12.2021 -27.4064 0
      vertex 10.751 -28.0074 15
      vertex 10.751 -28.0074 0
    endloop
  endfacet
  facet normal 0.382648 -0.923894 0
    outer loop
      vertex 12.2021 -27.4064 0
      vertex 12.2021 -27.4064 15
      vertex 10.751 -28.0074 15
    endloop
  endfacet
  facet normal 0.430532 -0.902576 0
    outer loop
      vertex 13.6197 -26.7302 0
      vertex 12.2021 -27.4064 15
      vertex 12.2021 -27.4064 0
    endloop
  endfacet
  facet normal 0.430532 -0.902576 0
    outer loop
      vertex 13.6197 -26.7302 0
      vertex 13.6197 -26.7302 15
      vertex 12.2021 -27.4064 15
    endloop
  endfacet
  facet normal 0.477138 -0.878828 0
    outer loop
      vertex 15 -25.9808 0
      vertex 13.6197 -26.7302 15
      vertex 13.6197 -26.7302 0
    endloop
  endfacet
  facet normal 0.477138 -0.878828 0
    outer loop
      vertex 15 -25.9808 0
      vertex 15 -25.9808 15
      vertex 13.6197 -26.7302 15
    endloop
  endfacet
  facet normal 0.522516 -0.85263 0
    outer loop
      vertex 16.3392 -25.1601 0
      vertex 15 -25.9808 15
      vertex 15 -25.9808 0
    endloop
  endfacet
  facet normal 0.522516 -0.85263 0
    outer loop
      vertex 16.3392 -25.1601 0
      vertex 16.3392 -25.1601 15
      vertex 15 -25.9808 15
    endloop
  endfacet
  facet normal 0.566399 -0.824131 0
    outer loop
      vertex 17.6336 -24.2705 0
      vertex 16.3392 -25.1601 15
      vertex 16.3392 -25.1601 0
    endloop
  endfacet
  facet normal 0.566399 -0.824131 0
    outer loop
      vertex 17.6336 -24.2705 0
      vertex 17.6336 -24.2705 15
      vertex 16.3392 -25.1601 15
    endloop
  endfacet
  facet normal 0.608766 -0.79335 0
    outer loop
      vertex 18.8796 -23.3144 0
      vertex 17.6336 -24.2705 15
      vertex 17.6336 -24.2705 0
    endloop
  endfacet
  facet normal 0.608766 -0.79335 0
    outer loop
      vertex 18.8796 -23.3144 0
      vertex 18.8796 -23.3144 15
      vertex 17.6336 -24.2705 15
    endloop
  endfacet
  facet normal 0.649474 -0.760384 0
    outer loop
      vertex 20.0739 -22.2943 0
      vertex 18.8796 -23.3144 15
      vertex 18.8796 -23.3144 0
    endloop
  endfacet
  facet normal 0.649474 -0.760384 0
    outer loop
      vertex 20.0739 -22.2943 0
      vertex 20.0739 -22.2943 15
      vertex 18.8796 -23.3144 15
    endloop
  endfacet
  facet normal 0.688336 -0.725392 0
    outer loop
      vertex 21.2132 -21.2132 0
      vertex 20.0739 -22.2943 15
      vertex 20.0739 -22.2943 0
    endloop
  endfacet
  facet normal 0.688336 -0.725392 0
    outer loop
      vertex 21.2132 -21.2132 0
      vertex 21.2132 -21.2132 15
      vertex 20.0739 -22.2943 15
    endloop
  endfacet
  facet normal 0.725392 -0.688336 0
    outer loop
      vertex 22.2943 -20.0739 0
      vertex 21.2132 -21.2132 15
      vertex 21.2132 -21.2132 0
    endloop
  endfacet
  facet normal 0.725392 -0.688336 0
    outer loop
      vertex 22.2943 -20.0739 0
      vertex 22.2943 -20.0739 15
      vertex 21.2132 -21.2132 15
    endloop
  endfacet
  facet normal 0.760384 -0.649474 0
    outer loop
      vertex 23.3144 -18.8796 0
      vertex 22.2943 -20.0739 15
      vertex 22.2943 -20.0739 0
    endloop
  endfacet
  facet normal 0.760384 -0.649474 0
    outer loop
      vertex 23.3144 -18.8796 0
      vertex 23.3144 -18.8796 15
      vertex 22.2943 -20.0739 15
    endloop
  endfacet
  facet normal 0.79335 -0.608766 0
    outer loop
      vertex 24.2705 -17.6336 0
      vertex 23.3144 -18.8796 15
      vertex 23.3144 -18.8796 0
    endloop
  endfacet
  facet normal 0.79335 -0.608766 0
    outer loop
      vertex 24.2705 -17.6336 0
      vertex 24.2705 -17.6336 15
      vertex 23.3144 -18.8796 15
    endloop
  endfacet
  facet normal 0.824131 -0.566399 0
    outer loop
      vertex 25.1601 -16.3392 0
      vertex 24.2705 -17.6336 15
      vertex 24.2705 -17.6336 0
    endloop
  endfacet
  facet normal 0.824131 -0.566399 0
    outer loop
      vertex 25.1601 -16.3392 0
      vertex 25.1601 -16.3392 15
      vertex 24.2705 -17.6336 15
    endloop
  endfacet
  facet normal 0.85263 -0.522516 0
    outer loop
      vertex 25.9808 -15 0
      vertex 25.1601 -16.3392 15
      vertex 25.1601 -16.3392 0
    endloop
  endfacet
  facet normal 0.85263 -0.522516 0
    outer loop
      vertex 25.9808 -15 0
      vertex 25.9808 -15 15
      vertex 25.1601 -16.3392 15
    endloop
  endfacet
  facet normal 0.878828 -0.477138 0
    outer loop
      vertex 26.7302 -13.6197 0
      vertex 25.9808 -15 15
      vertex 25.9808 -15 0
    endloop
  endfacet
  facet normal 0.878828 -0.477138 0
    outer loop
      vertex 26.7302 -13.6197 0
      vertex 26.7302 -13.6197 15
      vertex 25.9808 -15 15
    endloop
  endfacet
  facet normal 0.902576 -0.430532 0
    outer loop
      vertex 27.4064 -12.2021 0
      vertex 26.7302 -13.6197 15
      vertex 26.7302 -13.6197 0
    endloop
  endfacet
  facet normal 0.902576 -0.430532 0
    outer loop
      vertex 27.4064 -12.2021 0
      vertex 27.4064 -12.2021 15
      vertex 26.7302 -13.6197 15
    endloop
  endfacet
  facet normal 0.923894 -0.382648 0
    outer loop
      vertex 28.0074 -10.751 0
      vertex 27.4064 -12.2021 15
      vertex 27.4064 -12.2021 0
    endloop
  endfacet
  facet normal 0.923894 -0.382648 0
    outer loop
      vertex 28.0074 -10.751 0
      vertex 28.0074 -10.751 15
      vertex 27.4064 -12.2021 15
    endloop
  endfacet
  facet normal 0.942637 -0.33382 0
    outer loop
      vertex 28.5317 -9.27049 0
      vertex 28.0074 -10.751 15
      vertex 28.0074 -10.751 0
    endloop
  endfacet
  facet normal 0.942637 -0.33382 0
    outer loop
      vertex 28.5317 -9.27049 0
      vertex 28.5317 -9.27049 15
      vertex 28.0074 -10.751 15
    endloop
  endfacet
  facet normal 0.958814 -0.284034 0
    outer loop
      vertex 28.9778 -7.76459 0
      vertex 28.5317 -9.27049 15
      vertex 28.5317 -9.27049 0
    endloop
  endfacet
  facet normal 0.958814 -0.284034 0
    outer loop
      vertex 28.9778 -7.76459 0
      vertex 28.9778 -7.76459 15
      vertex 28.5317 -9.27049 15
    endloop
  endfacet
  facet normal 0.972377 -0.233418 0
    outer loop
      vertex 29.3444 -6.2374 0
      vertex 28.9778 -7.76459 15
      vertex 28.9778 -7.76459 0
    endloop
  endfacet
  facet normal 0.972377 -0.233418 0
    outer loop
      vertex 29.3444 -6.2374 0
      vertex 29.3444 -6.2374 15
      vertex 28.9778 -7.76459 15
    endloop
  endfacet
  facet normal 0.983248 -0.182273 0
    outer loop
      vertex 29.6307 -4.69299 0
      vertex 29.3444 -6.2374 15
      vertex 29.3444 -6.2374 0
    endloop
  endfacet
  facet normal 0.983248 -0.182273 0
    outer loop
      vertex 29.6307 -4.69299 0
      vertex 29.6307 -4.69299 15
      vertex 29.3444 -6.2374 15
    endloop
  endfacet
  facet normal 0.991445 -0.130529 0
    outer loop
      vertex 29.8357 -3.13589 0
      vertex 29.6307 -4.69299 15
      vertex 29.6307 -4.69299 0
    endloop
  endfacet
  facet normal 0.991445 -0.130529 0
    outer loop
      vertex 29.8357 -3.13589 0
      vertex 29.8357 -3.13589 15
      vertex 29.6307 -4.69299 15
    endloop
  endfacet
  facet normal 0.996919 -0.0784399 0
    outer loop
      vertex 29.9589 -1.5701 0
      vertex 29.8357 -3.13589 15
      vertex 29.8357 -3.13589 0
    endloop
  endfacet
  facet normal 0.996919 -0.0784399 0
    outer loop
      vertex 29.9589 -1.5701 0
      vertex 29.9589 -1.5701 15
      vertex 29.8357 -3.13589 15
    endloop
  endfacet
  facet normal 0.999658 -0.0261677 0
    outer loop
      vertex 30 0 0
      vertex 29.9589 -1.5701 15
      vertex 29.9589 -1.5701 0
    endloop
  endfacet
  facet normal 0.999658 -0.0261677 0
    outer loop
      vertex 30 0 0
      vertex 30 0 15
      vertex 29.9589 -1.5701 15
    endloop
  endfacet
  facet normal 0.99969 0.0248937 0
    outer loop
      vertex 29.9609 1.57019 0
      vertex 30 0 15
      vertex 30 0 0
    endloop
  endfacet
  facet normal 0.99969 0.0248937 -0
    outer loop
      vertex 29.9609 1.57019 0
      vertex 29.9609 1.57019 15
      vertex 30 0 15
    endloop
  endfacet
  facet normal 0.997577 0.0695684 0
    outer loop
      vertex 29.8516 3.1375 0
      vertex 29.9609 1.57019 15
      vertex 29.9609 1.57019 0
    endloop
  endfacet
  facet normal 0.997577 0.0695684 -0
    outer loop
      vertex 29.8516 3.1375 0
      vertex 29.8516 3.1375 15
      vertex 29.9609 1.57019 15
    endloop
  endfacet
  facet normal 0.994279 0.10681 0
    outer loop
      vertex 29.6836 4.70139 0
      vertex 29.8516 3.1375 15
      vertex 29.8516 3.1375 0
    endloop
  endfacet
  facet normal 0.994279 0.10681 -0
    outer loop
      vertex 29.6836 4.70139 0
      vertex 29.6836 4.70139 15
      vertex 29.8516 3.1375 15
    endloop
  endfacet
  facet normal 0.990566 0.137034 0
    outer loop
      vertex 29.4675 6.26349 0
      vertex 29.6836 4.70139 15
      vertex 29.6836 4.70139 0
    endloop
  endfacet
  facet normal 0.990566 0.137034 -0
    outer loop
      vertex 29.4675 6.26349 0
      vertex 29.4675 6.26349 15
      vertex 29.6836 4.70139 15
    endloop
  endfacet
  facet normal 0.986936 0.161113 0
    outer loop
      vertex 29.2122 7.82739 0
      vertex 29.4675 6.26349 15
      vertex 29.4675 6.26349 0
    endloop
  endfacet
  facet normal 0.986936 0.161113 -0
    outer loop
      vertex 29.2122 7.82739 0
      vertex 29.2122 7.82739 15
      vertex 29.4675 6.26349 15
    endloop
  endfacet
  facet normal 0.983649 0.180098 0
    outer loop
      vertex 28.9246 9.39819 0
      vertex 29.2122 7.82739 15
      vertex 29.2122 7.82739 0
    endloop
  endfacet
  facet normal 0.983649 0.180098 -0
    outer loop
      vertex 28.9246 9.39819 0
      vertex 28.9246 9.39819 15
      vertex 29.2122 7.82739 15
    endloop
  endfacet
  facet normal 0.980716 0.195436 0
    outer loop
      vertex 28.609 10.9819 0
      vertex 28.9246 9.39819 15
      vertex 28.9246 9.39819 0
    endloop
  endfacet
  facet normal 0.980716 0.195436 -0
    outer loop
      vertex 28.609 10.9819 0
      vertex 28.609 10.9819 15
      vertex 28.9246 9.39819 15
    endloop
  endfacet
  facet normal 0.978 0.208604 0
    outer loop
      vertex 28.267 12.5853 0
      vertex 28.609 10.9819 15
      vertex 28.609 10.9819 0
    endloop
  endfacet
  facet normal 0.978 0.208604 -0
    outer loop
      vertex 28.267 12.5853 0
      vertex 28.267 12.5853 15
      vertex 28.609 10.9819 15
    endloop
  endfacet
  facet normal 0.975217 0.221251 0
    outer loop
      vertex 27.8974 14.2144 0
      vertex 28.267 12.5853 15
      vertex 28.267 12.5853 0
    endloop
  endfacet
  facet normal 0.975217 0.221251 -0
    outer loop
      vertex 27.8974 14.2144 0
      vertex 27.8974 14.2144 15
      vertex 28.267 12.5853 15
    endloop
  endfacet
  facet normal 0.972047 0.234787 0
    outer loop
      vertex 27.4963 15.875 0
      vertex 27.8974 14.2144 15
      vertex 27.8974 14.2144 0
    endloop
  endfacet
  facet normal 0.972047 0.234787 -0
    outer loop
      vertex 27.4963 15.875 0
      vertex 27.4963 15.875 15
      vertex 27.8974 14.2144 15
    endloop
  endfacet
  facet normal 0.968053 0.250746 0
    outer loop
      vertex 27.057 17.571 0
      vertex 27.4963 15.875 15
      vertex 27.4963 15.875 0
    endloop
  endfacet
  facet normal 0.968053 0.250746 -0
    outer loop
      vertex 27.057 17.571 0
      vertex 27.057 17.571 15
      vertex 27.4963 15.875 15
    endloop
  endfacet
  facet normal 0.962825 0.270126 0
    outer loop
      vertex 26.5706 19.3047 0
      vertex 27.057 17.571 15
      vertex 27.057 17.571 0
    endloop
  endfacet
  facet normal 0.962825 0.270126 -0
    outer loop
      vertex 26.5706 19.3047 0
      vertex 26.5706 19.3047 15
      vertex 27.057 17.571 15
    endloop
  endfacet
  facet normal 0.955834 0.293908 0
    outer loop
      vertex 26.0261 21.0755 0
      vertex 26.5706 19.3047 15
      vertex 26.5706 19.3047 0
    endloop
  endfacet
  facet normal 0.955834 0.293908 -0
    outer loop
      vertex 26.0261 21.0755 0
      vertex 26.0261 21.0755 15
      vertex 26.5706 19.3047 15
    endloop
  endfacet
  facet normal 0.946597 0.32242 0
    outer loop
      vertex 25.4113 22.8805 0
      vertex 26.0261 21.0755 15
      vertex 26.0261 21.0755 0
    endloop
  endfacet
  facet normal 0.946597 0.32242 -0
    outer loop
      vertex 25.4113 22.8805 0
      vertex 25.4113 22.8805 15
      vertex 26.0261 21.0755 15
    endloop
  endfacet
  facet normal 0.9345 0.355964 0
    outer loop
      vertex 24.7132 24.7132 0
      vertex 25.4113 22.8805 15
      vertex 25.4113 22.8805 0
    endloop
  endfacet
  facet normal 0.9345 0.355964 -0
    outer loop
      vertex 24.7132 24.7132 0
      vertex 24.7132 24.7132 15
      vertex 25.4113 22.8805 15
    endloop
  endfacet
  facet normal 0.918916 0.394452 0
    outer loop
      vertex 23.9186 26.5643 0
      vertex 24.7132 24.7132 15
      vertex 24.7132 24.7132 0
    endloop
  endfacet
  facet normal 0.918916 0.394452 -0
    outer loop
      vertex 23.9186 26.5643 0
      vertex 23.9186 26.5643 15
      vertex 24.7132 24.7132 15
    endloop
  endfacet
  facet normal 0.89916 0.437619 0
    outer loop
      vertex 23.0149 28.4211 0
      vertex 23.9186 26.5643 15
      vertex 23.9186 26.5643 0
    endloop
  endfacet
  facet normal 0.89916 0.437619 -0
    outer loop
      vertex 23.0149 28.4211 0
      vertex 23.0149 28.4211 15
      vertex 23.9186 26.5643 15
    endloop
  endfacet
  facet normal 0.874548 0.484939 0
    outer loop
      vertex 21.9909 30.2678 0
      vertex 23.0149 28.4211 15
      vertex 23.0149 28.4211 0
    endloop
  endfacet
  facet normal 0.874548 0.484939 -0
    outer loop
      vertex 21.9909 30.2678 0
      vertex 21.9909 30.2678 15
      vertex 23.0149 28.4211 15
    endloop
  endfacet
  facet normal 0.844382 0.535742 0
    outer loop
      vertex 20.8371 32.0863 0
      vertex 21.9909 30.2678 15
      vertex 21.9909 30.2678 0
    endloop
  endfacet
  facet normal 0.844382 0.535742 -0
    outer loop
      vertex 20.8371 32.0863 0
      vertex 20.8371 32.0863 15
      vertex 21.9909 30.2678 15
    endloop
  endfacet
  facet normal 0.807955 0.589244 0
    outer loop
      vertex 19.5466 33.8558 0
      vertex 20.8371 32.0863 15
      vertex 20.8371 32.0863 0
    endloop
  endfacet
  facet normal 0.807955 0.589244 -0
    outer loop
      vertex 19.5466 33.8558 0
      vertex 19.5466 33.8558 15
      vertex 20.8371 32.0863 15
    endloop
  endfacet
  facet normal 0.764685 0.644405 0
    outer loop
      vertex 18.1156 35.5539 0
      vertex 19.5466 33.8558 15
      vertex 19.5466 33.8558 0
    endloop
  endfacet
  facet normal 0.764685 0.644405 -0
    outer loop
      vertex 18.1156 35.5539 0
      vertex 18.1156 35.5539 15
      vertex 19.5466 33.8558 15
    endloop
  endfacet
  facet normal 0.714064 0.700081 0
    outer loop
      vertex 16.5435 37.1574 0
      vertex 18.1156 35.5539 15
      vertex 18.1156 35.5539 0
    endloop
  endfacet
  facet normal 0.714064 0.700081 -0
    outer loop
      vertex 16.5435 37.1574 0
      vertex 16.5435 37.1574 15
      vertex 18.1156 35.5539 15
    endloop
  endfacet
  facet normal 0.655665 0.755052 0
    outer loop
      vertex 14.8334 38.6424 0
      vertex 16.5435 37.1574 15
      vertex 16.5435 37.1574 0
    endloop
  endfacet
  facet normal 0.655665 0.755052 -0
    outer loop
      vertex 14.8334 38.6424 0
      vertex 14.8334 38.6424 15
      vertex 16.5435 37.1574 15
    endloop
  endfacet
  facet normal 0.58934 0.807885 0
    outer loop
      vertex 12.9921 39.9856 0
      vertex 14.8334 38.6424 15
      vertex 14.8334 38.6424 0
    endloop
  endfacet
  facet normal 0.58934 0.807885 -0
    outer loop
      vertex 12.9921 39.9856 0
      vertex 12.9921 39.9856 15
      vertex 14.8334 38.6424 15
    endloop
  endfacet
  facet normal 0.515202 0.857069 0
    outer loop
      vertex 11.0301 41.165 0
      vertex 12.9921 39.9856 15
      vertex 12.9921 39.9856 0
    endloop
  endfacet
  facet normal 0.515202 0.857069 -0
    outer loop
      vertex 11.0301 41.165 0
      vertex 11.0301 41.165 15
      vertex 12.9921 39.9856 15
    endloop
  endfacet
  facet normal 0.433518 0.901145 0
    outer loop
      vertex 8.9614 42.1602 0
      vertex 11.0301 41.165 15
      vertex 11.0301 41.165 0
    endloop
  endfacet
  facet normal 0.433518 0.901145 -0
    outer loop
      vertex 8.9614 42.1602 0
      vertex 8.9614 42.1602 15
      vertex 11.0301 41.165 15
    endloop
  endfacet
  facet normal 0.345119 0.938559 0
    outer loop
      vertex 6.80319 42.9538 0
      vertex 8.9614 42.1602 15
      vertex 8.9614 42.1602 0
    endloop
  endfacet
  facet normal 0.345119 0.938559 -0
    outer loop
      vertex 6.80319 42.9538 0
      vertex 6.80319 42.9538 15
      vertex 8.9614 42.1602 15
    endloop
  endfacet
  facet normal 0.250961 0.967997 0
    outer loop
      vertex 4.57529 43.5314 0
      vertex 6.80319 42.9538 15
      vertex 6.80319 42.9538 0
    endloop
  endfacet
  facet normal 0.250961 0.967997 -0
    outer loop
      vertex 4.57529 43.5314 0
      vertex 4.57529 43.5314 15
      vertex 6.80319 42.9538 15
    endloop
  endfacet
  facet normal 0.152406 0.988318 0
    outer loop
      vertex 2.29979 43.8823 0
      vertex 4.57529 43.5314 15
      vertex 4.57529 43.5314 0
    endloop
  endfacet
  facet normal 0.152406 0.988318 -0
    outer loop
      vertex 2.29979 43.8823 0
      vertex 2.29979 43.8823 15
      vertex 4.57529 43.5314 15
    endloop
  endfacet
  facet normal 0.0511117 0.998693 0
    outer loop
      vertex 0 44 0
      vertex 2.29979 43.8823 15
      vertex 2.29979 43.8823 0
    endloop
  endfacet
  facet normal 0.0511117 0.998693 -0
    outer loop
      vertex 0 44 0
      vertex 0 44 15
      vertex 2.29979 43.8823 15
    endloop
  endfacet
  facet normal -0.0511117 0.998693 0
    outer loop
      vertex -2.29979 43.8823 0
      vertex 0 44 15
      vertex 0 44 0
    endloop
  endfacet
  facet normal -0.0511117 0.998693 0
    outer loop
      vertex -2.29979 43.8823 0
      vertex -2.29979 43.8823 15
      vertex 0 44 15
    endloop
  endfacet
  facet normal -0.152406 0.988318 0
    outer loop
      vertex -4.57529 43.5314 0
      vertex -2.29979 43.8823 15
      vertex -2.29979 43.8823 0
    endloop
  endfacet
  facet normal -0.152406 0.988318 0
    outer loop
      vertex -4.57529 43.5314 0
      vertex -4.57529 43.5314 15
      vertex -2.29979 43.8823 15
    endloop
  endfacet
  facet normal -0.250961 0.967997 0
    outer loop
      vertex -6.80319 42.9538 0
      vertex -4.57529 43.5314 15
      vertex -4.57529 43.5314 0
    endloop
  endfacet
  facet normal -0.250961 0.967997 0
    outer loop
      vertex -6.80319 42.9538 0
      vertex -6.80319 42.9538 15
      vertex -4.57529 43.5314 15
    endloop
  endfacet
  facet normal -0.345119 0.938559 0
    outer loop
      vertex -8.9614 42.1602 0
      vertex -6.80319 42.9538 15
      vertex -6.80319 42.9538 0
    endloop
  endfacet
  facet normal -0.345119 0.938559 0
    outer loop
      vertex -8.9614 42.1602 0
      vertex -8.9614 42.1602 15
      vertex -6.80319 42.9538 15
    endloop
  endfacet
  facet normal -0.433518 0.901145 0
    outer loop
      vertex -11.0301 41.165 0
      vertex -8.9614 42.1602 15
      vertex -8.9614 42.1602 0
    endloop
  endfacet
  facet normal -0.433518 0.901145 0
    outer loop
      vertex -11.0301 41.165 0
      vertex -11.0301 41.165 15
      vertex -8.9614 42.1602 15
    endloop
  endfacet
  facet normal -0.515202 0.857069 0
    outer loop
      vertex -12.9921 39.9856 0
      vertex -11.0301 41.165 15
      vertex -11.0301 41.165 0
    endloop
  endfacet
  facet normal -0.515202 0.857069 0
    outer loop
      vertex -12.9921 39.9856 0
      vertex -12.9921 39.9856 15
      vertex -11.0301 41.165 15
    endloop
  endfacet
  facet normal -0.58934 0.807885 0
    outer loop
      vertex -14.8334 38.6424 0
      vertex -12.9921 39.9856 15
      vertex -12.9921 39.9856 0
    endloop
  endfacet
  facet normal -0.58934 0.807885 0
    outer loop
      vertex -14.8334 38.6424 0
      vertex -14.8334 38.6424 15
      vertex -12.9921 39.9856 15
    endloop
  endfacet
  facet normal -0.655665 0.755052 0
    outer loop
      vertex -16.5435 37.1574 0
      vertex -14.8334 38.6424 15
      vertex -14.8334 38.6424 0
    endloop
  endfacet
  facet normal -0.655665 0.755052 0
    outer loop
      vertex -16.5435 37.1574 0
      vertex -16.5435 37.1574 15
      vertex -14.8334 38.6424 15
    endloop
  endfacet
  facet normal -0.714064 0.700081 0
    outer loop
      vertex -18.1156 35.5539 0
      vertex -16.5435 37.1574 15
      vertex -16.5435 37.1574 0
    endloop
  endfacet
  facet normal -0.714064 0.700081 0
    outer loop
      vertex -18.1156 35.5539 0
      vertex -18.1156 35.5539 15
      vertex -16.5435 37.1574 15
    endloop
  endfacet
  facet normal -0.764685 0.644405 0
    outer loop
      vertex -19.5466 33.8558 0
      vertex -18.1156 35.5539 15
      vertex -18.1156 35.5539 0
    endloop
  endfacet
  facet normal -0.764685 0.644405 0
    outer loop
      vertex -19.5466 33.8558 0
      vertex -19.5466 33.8558 15
      vertex -18.1156 35.5539 15
    endloop
  endfacet
  facet normal -0.807955 0.589244 0
    outer loop
      vertex -20.8371 32.0863 0
      vertex -19.5466 33.8558 15
      vertex -19.5466 33.8558 0
    endloop
  endfacet
  facet normal -0.807955 0.589244 0
    outer loop
      vertex -20.8371 32.0863 0
      vertex -20.8371 32.0863 15
      vertex -19.5466 33.8558 15
    endloop
  endfacet
  facet normal -0.844382 0.535742 0
    outer loop
      vertex -21.9909 30.2678 0
      vertex -20.8371 32.0863 15
      vertex -20.8371 32.0863 0
    endloop
  endfacet
  facet normal -0.844382 0.535742 0
    outer loop
      vertex -21.9909 30.2678 0
      vertex -21.9909 30.2678 15
      vertex -20.8371 32.0863 15
    endloop
  endfacet
  facet normal -0.874548 0.484939 0
    outer loop
      vertex -23.0149 28.4211 0
      vertex -21.9909 30.2678 15
      vertex -21.9909 30.2678 0
    endloop
  endfacet
  facet normal -0.874548 0.484939 0
    outer loop
      vertex -23.0149 28.4211 0
      vertex -23.0149 28.4211 15
      vertex -21.9909 30.2678 15
    endloop
  endfacet
  facet normal -0.89916 0.437619 0
    outer loop
      vertex -23.9186 26.5643 0
      vertex -23.0149 28.4211 15
      vertex -23.0149 28.4211 0
    endloop
  endfacet
  facet normal -0.89916 0.437619 0
    outer loop
      vertex -23.9186 26.5643 0
      vertex -23.9186 26.5643 15
      vertex -23.0149 28.4211 15
    endloop
  endfacet
  facet normal -0.918916 0.394452 0
    outer loop
      vertex -24.7132 24.7132 0
      vertex -23.9186 26.5643 15
      vertex -23.9186 26.5643 0
    endloop
  endfacet
  facet normal -0.918916 0.394452 0
    outer loop
      vertex -24.7132 24.7132 0
      vertex -24.7132 24.7132 15
      vertex -23.9186 26.5643 15
    endloop
  endfacet
  facet normal -0.9345 0.355964 0
    outer loop
      vertex -25.4113 22.8805 0
      vertex -24.7132 24.7132 15
      vertex -24.7132 24.7132 0
    endloop
  endfacet
  facet normal -0.9345 0.355964 0
    outer loop
      vertex -25.4113 22.8805 0
      vertex -25.4113 22.8805 15
      vertex -24.7132 24.7132 15
    endloop
  endfacet
  facet normal -0.946597 0.32242 0
    outer loop
      vertex -26.0261 21.0755 0
      vertex -25.4113 22.8805 15
      vertex -25.4113 22.8805 0
    endloop
  endfacet
  facet normal -0.946597 0.32242 0
    outer loop
      vertex -26.0261 21.0755 0
      vertex -26.0261 21.0755 15
      vertex -25.4113 22.8805 15
    endloop
  endfacet
  facet normal -0.955834 0.293908 0
    outer loop
      vertex -26.5706 19.3047 0
      vertex -26.0261 21.0755 15
      vertex -26.0261 21.0755 0
    endloop
  endfacet
  facet normal -0.955834 0.293908 0
    outer loop
      vertex -26.5706 19.3047 0
      vertex -26.5706 19.3047 15
      vertex -26.0261 21.0755 15
    endloop
  endfacet
  facet normal -0.962825 0.270126 0
    outer loop
      vertex -27.057 17.571 0
      vertex -26.5706 19.3047 15
      vertex -26.5706 19.3047 0
    endloop
  endfacet
  facet normal -0.962825 0.270126 0
    outer loop
      vertex -27.057 17.571 0
      vertex -27.057 17.571 15
      vertex -26.5706 19.3047 15
    endloop
  endfacet
  facet normal -0.968053 0.250746 0
    outer loop
      vertex -27.4963 15.875 0
      vertex -27.057 17.571 15
      vertex -27.057 17.571 0
    endloop
  endfacet
  facet normal -0.968053 0.250746 0
    outer loop
      vertex -27.4963 15.875 0
      vertex -27.4963 15.875 15
      vertex -27.057 17.571 15
    endloop
  endfacet
  facet normal -0.972047 0.234787 0
    outer loop
      vertex -27.8974 14.2144 0
      vertex -27.4963 15.875 15
      vertex -27.4963 15.875 0
    endloop
  endfacet
  facet normal -0.972047 0.234787 0
    outer loop
      vertex -27.8974 14.2144 0
      vertex -27.8974 14.2144 15
      vertex -27.4963 15.875 15
    endloop
  endfacet
  facet normal -0.975217 0.221251 0
    outer loop
      vertex -28.267 12.5853 0
      vertex -27.8974 14.2144 15
      vertex -27.8974 14.2144 0
    endloop
  endfacet
  facet normal -0.975217 0.221251 0
    outer loop
      vertex -28.267 12.5853 0
      vertex -28.267 12.5853 15
      vertex -27.8974 14.2144 15
    endloop
  endfacet
  facet normal -0.978 0.208604 0
    outer loop
      vertex -28.609 10.9819 0
      vertex -28.267 12.5853 15
      vertex -28.267 12.5853 0
    endloop
  endfacet
  facet normal -0.978 0.208604 0
    outer loop
      vertex -28.609 10.9819 0
      vertex -28.609 10.9819 15
      vertex -28.267 12.5853 15
    endloop
  endfacet
  facet normal -0.980716 0.195436 0
    outer loop
      vertex -28.9246 9.39819 0
      vertex -28.609 10.9819 15
      vertex -28.609 10.9819 0
    endloop
  endfacet
  facet normal -0.980716 0.195436 0
    outer loop
      vertex -28.9246 9.39819 0
      vertex -28.9246 9.39819 15
      vertex -28.609 10.9819 15
    endloop
  endfacet
  facet normal -0.983649 0.180098 0
    outer loop
      vertex -29.2122 7.82739 0
      vertex -28.9246 9.39819 15
      vertex -28.9246 9.39819 0
    endloop
  endfacet
  facet normal -0.983649 0.180098 0
    outer loop
      vertex -29.2122 7.82739 0
      vertex -29.2122 7.82739 15
      vertex -28.9246 9.39819 15
    endloop
  endfacet
  facet normal -0.986936 0.161113 0
    outer loop
      vertex -29.4675 6.26349 0
      vertex -29.2122 7.82739 15
      vertex -29.2122 7.82739 0
    endloop
  endfacet
  facet normal -0.986936 0.161113 0
    outer loop
      vertex -29.4675 6.26349 0
      vertex -29.4675 6.26349 15
      vertex -29.2122 7.82739 15
    endloop
  endfacet
  facet normal -0.990566 0.137034 0
    outer loop
      vertex -29.6836 4.70139 0
      vertex -29.4675 6.26349 15
      vertex -29.4675 6.26349 0
    endloop
  endfacet
  facet normal -0.990566 0.137034 0
    outer loop
      vertex -29.6836 4.70139 0
      vertex -29.6836 4.70139 15
      vertex -29.4675 6.26349 15
    endloop
  endfacet
  facet normal -0.994279 0.10681 0
    outer loop
      vertex -29.8516 3.1375 0
      vertex -29.6836 4.70139 15
      vertex -29.6836 4.70139 0
    endloop
  endfacet
  facet normal -0.994279 0.10681 0
    outer loop
      vertex -29.8516 3.1375 0
      vertex -29.8516 3.1375 15
      vertex -29.6836 4.70139 15
    endloop
  endfacet
  facet normal -0.997577 0.0695684 0
    outer loop
      vertex -29.9609 1.57019 0
      vertex -29.8516 3.1375 15
      vertex -29.8516 3.1375 0
    endloop
  endfacet
  facet normal -0.997577 0.0695684 0
    outer loop
      vertex -29.9609 1.57019 0
      vertex -29.9609 1.57019 15
      vertex -29.8516 3.1375 15
    endloop
  endfacet
  facet normal -0.99969 0.0248937 0
    outer loop
      vertex -30 0 0
      vertex -29.9609 1.57019 15
      vertex -29.9609 1.57019 0
    endloop
  endfacet
  facet normal -0.99969 0.0248937 0
    outer loop
      vertex -30 0 0
      vertex -30 0 15
      vertex -29.9609 1.57019 15
    endloop
  endfacet
  facet normal -0.999658 -0.0261677 0
    outer loop
      vertex -29.9589 -1.5701 0
      vertex -30 0 15
      vertex -30 0 0
    endloop
  endfacet
  facet normal -0.999658 -0.0261677 0
    outer loop
      vertex -29.9589 -1.5701 0
      vertex -29.9589 -1.5701 15
      vertex -30 0 15
    endloop
  endfacet
  facet normal -0.996919 -0.0784399 0
    outer loop
      vertex -29.8357 -3.13589 0
      vertex -29.9589 -1.5701 15
      vertex -29.9589 -1.5701 0
    endloop
  endfacet
  facet normal -0.996919 -0.0784399 0
    outer loop
      vertex -29.8357 -3.13589 0
      vertex -29.8357 -3.13589 15
      vertex -29.9589 -1.5701 15
    endloop
  endfacet
  facet normal -0.991445 -0.130529 0
    outer loop
      vertex -29.6307 -4.69299 0
      vertex -29.8357 -3.13589 15
      vertex -29.8357 -3.13589 0
    endloop
  endfacet
  facet normal -0.991445 -0.130529 0
    outer loop
      vertex -29.6307 -4.69299 0
      vertex -29.6307 -4.69299 15
      vertex -29.8357 -3.13589 15
    endloop
  endfacet
  facet normal -0.983248 -0.182273 0
    outer loop
      vertex -29.3444 -6.2374 0
      vertex -29.6307 -4.69299 15
      vertex -29.6307 -4.69299 0
    endloop
  endfacet
  facet normal -0.983248 -0.182273 0
    outer loop
      vertex -29.3444 -6.2374 0
      vertex -29.3444 -6.2374 15
      vertex -29.6307 -4.69299 15
    endloop
  endfacet
  facet normal -0.972377 -0.233418 0
    outer loop
      vertex -28.9778 -7.76459 0
      vertex -29.3444 -6.2374 15
      vertex -29.3444 -6.2374 0
    endloop
  endfacet
  facet normal -0.972377 -0.233418 0
    outer loop
      vertex -28.9778 -7.76459 0
      vertex -28.9778 -7.76459 15
      vertex -29.3444 -6.2374 15
    endloop
  endfacet
  facet normal -0.958814 -0.284034 0
    outer loop
      vertex -28.5317 -9.27049 0
      vertex -28.9778 -7.76459 15
      vertex -28.9778 -7.76459 0
    endloop
  endfacet
  facet normal -0.958814 -0.284034 0
    outer loop
      vertex -28.5317 -9.27049 0
      vertex -28.5317 -9.27049 15
      vertex -28.9778 -7.76459 15
    endloop
  endfacet
  facet normal -0.942637 -0.33382 0
    outer loop
      vertex -28.0074 -10.751 0
      vertex -28.5317 -9.27049 15
      vertex -28.5317 -9.27049 0
    endloop
  endfacet
  facet normal -0.942637 -0.33382 0
    outer loop
      vertex -28.0074 -10.751 0
      vertex -28.0074 -10.751 15
      vertex -28.5317 -9.27049 15
    endloop
  endfacet
  facet normal -0.923894 -0.382648 0
    outer loop
      vertex -27.4064 -12.2021 0
      vertex -28.0074 -10.751 15
      vertex -28.0074 -10.751 0
    endloop
  endfacet
  facet normal -0.923894 -0.382648 0
    outer loop
      vertex -27.4064 -12.2021 0
      vertex -27.4064 -12.2021 15
      vertex -28.0074 -10.751 15
    endloop
  endfacet
  facet normal -0.902576 -0.430532 0
    outer loop
      vertex -26.7302 -13.6197 0
      vertex -27.4064 -12.2021 15
      vertex -27.4064 -12.2021 0
    endloop
  endfacet
  facet normal -0.902576 -0.430532 0
    outer loop
      vertex -26.7302 -13.6197 0
      vertex -26.7302 -13.6197 15
      vertex -27.4064 -12.2021 15
    endloop
  endfacet
  facet normal -0.878828 -0.477138 0
    outer loop
      vertex -25.9808 -15 0
      vertex -26.7302 -13.6197 15
      vertex -26.7302 -13.6197 0
    endloop
  endfacet
  facet normal -0.878828 -0.477138 0
    outer loop
      vertex -25.9808 -15 0
      vertex -25.9808 -15 15
      vertex -26.7302 -13.6197 15
    endloop
  endfacet
  facet normal -0.85263 -0.522516 0
    outer loop
      vertex -25.1601 -16.3392 0
      vertex -25.9808 -15 15
      vertex -25.9808 -15 0
    endloop
  endfacet
  facet normal -0.85263 -0.522516 0
    outer loop
      vertex -25.1601 -16.3392 0
      vertex -25.1601 -16.3392 15
      vertex -25.9808 -15 15
    endloop
  endfacet
  facet normal -0.824131 -0.566399 0
    outer loop
      vertex -24.2705 -17.6336 0
      vertex -25.1601 -16.3392 15
      vertex -25.1601 -16.3392 0
    endloop
  endfacet
  facet normal -0.824131 -0.566399 0
    outer loop
      vertex -24.2705 -17.6336 0
      vertex -24.2705 -17.6336 15
      vertex -25.1601 -16.3392 15
    endloop
  endfacet
  facet normal -0.79335 -0.608766 0
    outer loop
      vertex -23.3144 -18.8796 0
      vertex -24.2705 -17.6336 15
      vertex -24.2705 -17.6336 0
    endloop
  endfacet
  facet normal -0.79335 -0.608766 0
    outer loop
      vertex -23.3144 -18.8796 0
      vertex -23.3144 -18.8796 15
      vertex -24.2705 -17.6336 15
    endloop
  endfacet
  facet normal -0.760384 -0.649474 0
    outer loop
      vertex -22.2943 -20.0739 0
      vertex -23.3144 -18.8796 15
      vertex -23.3144 -18.8796 0
    endloop
  endfacet
  facet normal -0.760384 -0.649474 0
    outer loop
      vertex -22.2943 -20.0739 0
      vertex -22.2943 -20.0739 15
      vertex -23.3144 -18.8796 15
    endloop
  endfacet
  facet normal -0.725392 -0.688336 0
    outer loop
      vertex -21.2132 -21.2132 0
      vertex -22.2943 -20.0739 15
      vertex -22.2943 -20.0739 0
    endloop
  endfacet
  facet normal -0.725392 -0.688336 0
    outer loop
      vertex -21.2132 -21.2132 0
      vertex -21.2132 -21.2132 15
      vertex -22.2943 -20.0739 15
    endloop
  endfacet
  facet normal -0.688336 -0.725392 0
    outer loop
      vertex -20.0739 -22.2943 0
      vertex -21.2132 -21.2132 15
      vertex -21.2132 -21.2132 0
    endloop
  endfacet
  facet normal -0.688336 -0.725392 0
    outer loop
      vertex -20.0739 -22.2943 0
      vertex -20.0739 -22.2943 15
      vertex -21.2132 -21.2132 15
    endloop
  endfacet
  facet normal -0.649474 -0.760384 0
    outer loop
      vertex -18.8796 -23.3144 0
      vertex -20.0739 -22.2943 15
      vertex -20.0739 -22.2943 0
    endloop
  endfacet
  facet normal -0.649474 -0.760384 0
    outer loop
      vertex -18.8796 -23.3144 0
      vertex -18.8796 -23.3144 15
      vertex -20.0739 -22.2943 15
    endloop
  endfacet
  facet normal -0.608766 -0.79335 0
    outer loop
      vertex -17.6336 -24.2705 0
      vertex -18.8796 -23.3144 15
      vertex -18.8796 -23.3144 0
    endloop
  endfacet
  facet normal -0.608766 -0.79335 0
    outer loop
      vertex -17.6336 -24.2705 0
      vertex -17.6336 -24.2705 15
      vertex -18.8796 -23.3144 15
    endloop
  endfacet
  facet normal -0.566399 -0.824131 0
    outer loop
      vertex -16.3392 -25.1601 0
      vertex -17.6336 -24.2705 15
      vertex -17.6336 -24.2705 0
    endloop
  endfacet
  facet normal -0.566399 -0.824131 0
    outer loop
      vertex -16.3392 -25.1601 0
      vertex -16.3392 -25.1601 15
      vertex -17.6336 -24.2705 15
    endloop
  endfacet
  facet normal -0.522516 -0.85263 0
    outer loop
      vertex -15 -25.9808 0
      vertex -16.3392 -25.1601 15
      vertex -16.3392 -25.1601 0
    endloop
  endfacet
  facet normal -0.522516 -0.85263 0
    outer loop
      vertex -15 -25.9808 0
      vertex -15 -25.9808 15
      vertex -16.3392 -25.1601 15
    endloop
  endfacet
  facet normal -0.477138 -0.878828 0
    outer loop
      vertex -13.6197 -26.7302 0
      vertex -15 -25.9808 15
      vertex -15 -25.9808 0
    endloop
  endfacet
  facet normal -0.477138 -0.878828 0
    outer loop
      vertex -13.6197 -26.7302 0
      vertex -13.6197 -26.7302 15
      vertex -15 -25.9808 15
    endloop
  endfacet
  facet normal -0.430532 -0.902576 0
    outer loop
      vertex -12.2021 -27.4064 0
      vertex -13.6197 -26.7302 15
      vertex -13.6197 -26.7302 0
    endloop
  endfacet
  facet normal -0.430532 -0.902576 0
    outer loop
      vertex -12.2021 -27.4064 0
      vertex -12.2021 -27.4064 15
      vertex -13.6197 -26.7302 15
    endloop
  endfacet
  facet normal -0.382648 -0.923894 0
    outer loop
      vertex -10.751 -28.0074 0
      vertex -12.2021 -27.4064 15
      vertex -12.2021 -27.4064 0
    endloop
  endfacet
  facet normal -0.382648 -0.923894 0
    outer loop
      vertex -10.751 -28.0074 0
      vertex -10.751 -28.0074 15
      vertex -12.2021 -27.4064 15
    endloop
  endfacet
  facet normal -0.33382 -0.942637 0
    outer loop
      vertex -9.27049 -28.5317 0
      vertex -10.751 -28.0074 15
      vertex -10.751 -28.0074 0
    endloop
  endfacet
  facet normal -0.33382 -0.942637 0
    outer loop
      vertex -9.27049 -28.5317 0
      vertex -9.27049 -28.5317 15
      vertex -10.751 -28.0074 15
    endloop
  endfacet
  facet normal -0.284034 -0.958814 0
    outer loop
      vertex -7.76459 -28.9778 0
      vertex -9.27049 -28.5317 15
      vertex -9.27049 -28.5317 0
    endloop
  endfacet
  facet normal -0.284034 -0.958814 0
    outer loop
      vertex -7.76459 -28.9778 0
      vertex -7.76459 -28.9778 15
      vertex -9.27049 -28.5317 15
    endloop
  endfacet
  facet normal -0.233418 -0.972377 0
    outer loop
      vertex -6.2374 -29.3444 0
      vertex -7.76459 -28.9778 15
      vertex -7.76459 -28.9778 0
    endloop
  endfacet
  facet normal -0.233418 -0.972377 0
    outer loop
      vertex -6.2374 -29.3444 0
      vertex -6.2374 -29.3444 15
      vertex -7.76459 -28.9778 15
    endloop
  endfacet
  facet normal -0.182273 -0.983248 0
    outer loop
      vertex -4.69299 -29.6307 0
      vertex -6.2374 -29.3444 15
      vertex -6.2374 -29.3444 0
    endloop
  endfacet
  facet normal -0.182273 -0.983248 0
    outer loop
      vertex -4.69299 -29.6307 0
      vertex -4.69299 -29.6307 15
      vertex -6.2374 -29.3444 15
    endloop
  endfacet
  facet normal -0.130529 -0.991445 0
    outer loop
      vertex -3.13589 -29.8357 0
      vertex -4.69299 -29.6307 15
      vertex -4.69299 -29.6307 0
    endloop
  endfacet
  facet normal -0.130529 -0.991445 0
    outer loop
      vertex -3.13589 -29.8357 0
      vertex -3.13589 -29.8357 15
      vertex -4.69299 -29.6307 15
    endloop
  endfacet
  facet normal -0.0784399 -0.996919 0
    outer loop
      vertex -1.5701 -29.9589 0
      vertex -3.13589 -29.8357 15
      vertex -3.13589 -29.8357 0
    endloop
  endfacet
  facet normal -0.0784399 -0.996919 0
    outer loop
      vertex -1.5701 -29.9589 0
      vertex -1.5701 -29.9589 15
      vertex -3.13589 -29.8357 15
    endloop
  endfacet
  facet normal -0.0261677 -0.999658 0
    outer loop
      vertex 0 -30 0
      vertex -1.5701 -29.9589 15
      vertex -1.5701 -29.9589 0
    endloop
  endfacet
  facet normal -0.0261677 -0.999658 0
    outer loop
      vertex 0 -30 0
      vertex 0 -30 15
      vertex -1.5701 -29.9589 15
    endloop
  endfacet
  facet normal 0.0261677 -0.999658 0
    outer loop
      vertex 1.5701 -29.9589 0
      vertex 0 -30 15
      vertex 0 -30 0
    endloop
  endfacet
  facet normal 0.0261677 -0.999658 0
    outer loop
      vertex 1.5701 -29.9589 0
      vertex 1.5701 -29.9589 15
      vertex 0 -30 15
    endloop
  endfacet
  facet normal 0.130541 0.991443 -0
    outer loop
      vertex -1.56279 -8.8633 0
      vertex -1.56279 -8.8633 15
      vertex -0.784393 -8.96579 0
    endloop
  endfacet
  facet normal 0.130541 0.991443 0
    outer loop
      vertex -0.784393 -8.96579 15
      vertex -0.784393 -8.96579 0
      vertex -1.56279 -8.8633 15
    endloop
  endfacet
  facet normal 0.216499 0.976283 -0
    outer loop
      vertex -2.32939 -8.6933 0
      vertex -2.32939 -8.6933 15
      vertex -1.56279 -8.8633 0
    endloop
  endfacet
  facet normal 0.216499 0.976283 0
    outer loop
      vertex -1.56279 -8.8633 15
      vertex -1.56279 -8.8633 0
      vertex -2.32939 -8.6933 15
    endloop
  endfacet
  facet normal 0.300711 0.953715 -0
    outer loop
      vertex -3.07819 -8.4572 0
      vertex -3.07819 -8.4572 15
      vertex -2.32939 -8.6933 0
    endloop
  endfacet
  facet normal 0.300711 0.953715 0
    outer loop
      vertex -2.32939 -8.6933 15
      vertex -2.32939 -8.6933 0
      vertex -3.07819 -8.4572 15
    endloop
  endfacet
  facet normal 0.382607 0.923911 -0
    outer loop
      vertex -3.80359 -8.1568 0
      vertex -3.80359 -8.1568 15
      vertex -3.07819 -8.4572 0
    endloop
  endfacet
  facet normal 0.382607 0.923911 0
    outer loop
      vertex -3.07819 -8.4572 15
      vertex -3.07819 -8.4572 0
      vertex -3.80359 -8.1568 15
    endloop
  endfacet
  facet normal 0.461831 0.886968 -0
    outer loop
      vertex -4.5 -7.79419 0
      vertex -4.5 -7.79419 15
      vertex -3.80359 -8.1568 0
    endloop
  endfacet
  facet normal 0.461831 0.886968 0
    outer loop
      vertex -3.80359 -8.1568 15
      vertex -3.80359 -8.1568 0
      vertex -4.5 -7.79419 15
    endloop
  endfacet
  facet normal 0.537244 0.843427 -0
    outer loop
      vertex -5.16219 -7.37239 0
      vertex -5.16219 -7.37239 15
      vertex -4.5 -7.79419 0
    endloop
  endfacet
  facet normal 0.537244 0.843427 0
    outer loop
      vertex -4.5 -7.79419 15
      vertex -4.5 -7.79419 0
      vertex -5.16219 -7.37239 15
    endloop
  endfacet
  facet normal 0.608781 0.793338 -0
    outer loop
      vertex -5.7851 -6.89439 0
      vertex -5.7851 -6.89439 15
      vertex -5.16219 -7.37239 0
    endloop
  endfacet
  facet normal 0.608781 0.793338 0
    outer loop
      vertex -5.16219 -7.37239 15
      vertex -5.16219 -7.37239 0
      vertex -5.7851 -6.89439 15
    endloop
  endfacet
  facet normal 0.675539 0.737324 -0
    outer loop
      vertex -6.364 -6.364 0
      vertex -6.364 -6.364 15
      vertex -5.7851 -6.89439 0
    endloop
  endfacet
  facet normal 0.675539 0.737324 0
    outer loop
      vertex -5.7851 -6.89439 15
      vertex -5.7851 -6.89439 0
      vertex -6.364 -6.364 15
    endloop
  endfacet
  facet normal 0.737324 0.675539 -0
    outer loop
      vertex -6.89439 -5.7851 0
      vertex -6.89439 -5.7851 15
      vertex -6.364 -6.364 0
    endloop
  endfacet
  facet normal 0.737324 0.675539 0
    outer loop
      vertex -6.364 -6.364 15
      vertex -6.364 -6.364 0
      vertex -6.89439 -5.7851 15
    endloop
  endfacet
  facet normal 0.793338 0.608781 -0
    outer loop
      vertex -7.37239 -5.16219 0
      vertex -7.37239 -5.16219 15
      vertex -6.89439 -5.7851 0
    endloop
  endfacet
  facet normal 0.793338 0.608781 0
    outer loop
      vertex -6.89439 -5.7851 15
      vertex -6.89439 -5.7851 0
      vertex -7.37239 -5.16219 15
    endloop
  endfacet
  facet normal 0.843427 0.537244 -0
    outer loop
      vertex -7.79419 -4.5 0
      vertex -7.79419 -4.5 15
      vertex -7.37239 -5.16219 0
    endloop
  endfacet
  facet normal 0.843427 0.537244 0
    outer loop
      vertex -7.37239 -5.16219 15
      vertex -7.37239 -5.16219 0
      vertex -7.79419 -4.5 15
    endloop
  endfacet
  facet normal 0.886968 0.461831 -0
    outer loop
      vertex -8.1568 -3.80359 0
      vertex -8.1568 -3.80359 15
      vertex -7.79419 -4.5 0
    endloop
  endfacet
  facet normal 0.886968 0.461831 0
    outer loop
      vertex -7.79419 -4.5 15
      vertex -7.79419 -4.5 0
      vertex -8.1568 -3.80359 15
    endloop
  endfacet
  facet normal 0.923911 0.382607 -0
    outer loop
      vertex -8.4572 -3.07819 0
      vertex -8.4572 -3.07819 15
      vertex -8.1568 -3.80359 0
    endloop
  endfacet
  facet normal 0.923911 0.382607 0
    outer loop
      vertex -8.1568 -3.80359 15
      vertex -8.1568 -3.80359 0
      vertex -8.4572 -3.07819 15
    endloop
  endfacet
  facet normal 0.953715 0.300711 -0
    outer loop
      vertex -8.6933 -2.32939 0
      vertex -8.6933 -2.32939 15
      vertex -8.4572 -3.07819 0
    endloop
  endfacet
  facet normal 0.953715 0.300711 0
    outer loop
      vertex -8.4572 -3.07819 15
      vertex -8.4572 -3.07819 0
      vertex -8.6933 -2.32939 15
    endloop
  endfacet
  facet normal 0.976283 0.216499 -0
    outer loop
      vertex -8.8633 -1.56279 0
      vertex -8.8633 -1.56279 15
      vertex -8.6933 -2.32939 0
    endloop
  endfacet
  facet normal 0.976283 0.216499 0
    outer loop
      vertex -8.6933 -2.32939 15
      vertex -8.6933 -2.32939 0
      vertex -8.8633 -1.56279 15
    endloop
  endfacet
  facet normal 0.991443 0.130541 -0
    outer loop
      vertex -8.96579 -0.784393 0
      vertex -8.96579 -0.784393 15
      vertex -8.8633 -1.56279 0
    endloop
  endfacet
  facet normal 0.991443 0.130541 0
    outer loop
      vertex -8.8633 -1.56279 15
      vertex -8.8633 -1.56279 0
      vertex -8.96579 -0.784393 15
    endloop
  endfacet
  facet normal 0.99905 0.0435719 -0
    outer loop
      vertex -9 0 0
      vertex -9 0 15
      vertex -8.96579 -0.784393 0
    endloop
  endfacet
  facet normal 0.99905 0.0435719 0
    outer loop
      vertex -8.96579 -0.784393 15
      vertex -8.96579 -0.784393 0
      vertex -9 0 15
    endloop
  endfacet
  facet normal 0.99905 -0.0435719 0
    outer loop
      vertex -8.96579 0.784393 0
      vertex -8.96579 0.784393 15
      vertex -9 0 0
    endloop
  endfacet
  facet normal 0.99905 -0.0435719 0
    outer loop
      vertex -9 0 15
      vertex -9 0 0
      vertex -8.96579 0.784393 15
    endloop
  endfacet
  facet normal 0.991443 -0.130541 0
    outer loop
      vertex -8.8633 1.56279 0
      vertex -8.8633 1.56279 15
      vertex -8.96579 0.784393 0
    endloop
  endfacet
  facet normal 0.991443 -0.130541 0
    outer loop
      vertex -8.96579 0.784393 15
      vertex -8.96579 0.784393 0
      vertex -8.8633 1.56279 15
    endloop
  endfacet
  facet normal 0.976283 -0.216499 0
    outer loop
      vertex -8.6933 2.32939 0
      vertex -8.6933 2.32939 15
      vertex -8.8633 1.56279 0
    endloop
  endfacet
  facet normal 0.976283 -0.216499 0
    outer loop
      vertex -8.8633 1.56279 15
      vertex -8.8633 1.56279 0
      vertex -8.6933 2.32939 15
    endloop
  endfacet
  facet normal 0.953715 -0.300711 0
    outer loop
      vertex -8.4572 3.07819 0
      vertex -8.4572 3.07819 15
      vertex -8.6933 2.32939 0
    endloop
  endfacet
  facet normal 0.953715 -0.300711 0
    outer loop
      vertex -8.6933 2.32939 15
      vertex -8.6933 2.32939 0
      vertex -8.4572 3.07819 15
    endloop
  endfacet
  facet normal 0.923911 -0.382607 0
    outer loop
      vertex -8.1568 3.80359 0
      vertex -8.1568 3.80359 15
      vertex -8.4572 3.07819 0
    endloop
  endfacet
  facet normal 0.923911 -0.382607 0
    outer loop
      vertex -8.4572 3.07819 15
      vertex -8.4572 3.07819 0
      vertex -8.1568 3.80359 15
    endloop
  endfacet
  facet normal 0.886968 -0.461831 0
    outer loop
      vertex -7.79419 4.5 0
      vertex -7.79419 4.5 15
      vertex -8.1568 3.80359 0
    endloop
  endfacet
  facet normal 0.886968 -0.461831 0
    outer loop
      vertex -8.1568 3.80359 15
      vertex -8.1568 3.80359 0
      vertex -7.79419 4.5 15
    endloop
  endfacet
  facet normal 0.843427 -0.537244 0
    outer loop
      vertex -7.37239 5.16219 0
      vertex -7.37239 5.16219 15
      vertex -7.79419 4.5 0
    endloop
  endfacet
  facet normal 0.843427 -0.537244 0
    outer loop
      vertex -7.79419 4.5 15
      vertex -7.79419 4.5 0
      vertex -7.37239 5.16219 15
    endloop
  endfacet
  facet normal 0.793338 -0.608781 0
    outer loop
      vertex -6.89439 5.7851 0
      vertex -6.89439 5.7851 15
      vertex -7.37239 5.16219 0
    endloop
  endfacet
  facet normal 0.793338 -0.608781 0
    outer loop
      vertex -7.37239 5.16219 15
      vertex -7.37239 5.16219 0
      vertex -6.89439 5.7851 15
    endloop
  endfacet
  facet normal 0.737324 -0.675539 0
    outer loop
      vertex -6.364 6.364 0
      vertex -6.364 6.364 15
      vertex -6.89439 5.7851 0
    endloop
  endfacet
  facet normal 0.737324 -0.675539 0
    outer loop
      vertex -6.89439 5.7851 15
      vertex -6.89439 5.7851 0
      vertex -6.364 6.364 15
    endloop
  endfacet
  facet normal 0.675539 -0.737324 0
    outer loop
      vertex -5.7851 6.89439 0
      vertex -5.7851 6.89439 15
      vertex -6.364 6.364 0
    endloop
  endfacet
  facet normal 0.675539 -0.737324 0
    outer loop
      vertex -6.364 6.364 15
      vertex -6.364 6.364 0
      vertex -5.7851 6.89439 15
    endloop
  endfacet
  facet normal 0.608781 -0.793338 0
    outer loop
      vertex -5.16219 7.37239 0
      vertex -5.16219 7.37239 15
      vertex -5.7851 6.89439 0
    endloop
  endfacet
  facet normal 0.608781 -0.793338 0
    outer loop
      vertex -5.7851 6.89439 15
      vertex -5.7851 6.89439 0
      vertex -5.16219 7.37239 15
    endloop
  endfacet
  facet normal 0.537244 -0.843427 0
    outer loop
      vertex -4.5 7.79419 0
      vertex -4.5 7.79419 15
      vertex -5.16219 7.37239 0
    endloop
  endfacet
  facet normal 0.537244 -0.843427 0
    outer loop
      vertex -5.16219 7.37239 15
      vertex -5.16219 7.37239 0
      vertex -4.5 7.79419 15
    endloop
  endfacet
  facet normal 0.461831 -0.886968 0
    outer loop
      vertex -3.80359 8.1568 0
      vertex -3.80359 8.1568 15
      vertex -4.5 7.79419 0
    endloop
  endfacet
  facet normal 0.461831 -0.886968 0
    outer loop
      vertex -4.5 7.79419 15
      vertex -4.5 7.79419 0
      vertex -3.80359 8.1568 15
    endloop
  endfacet
  facet normal 0.382607 -0.923911 0
    outer loop
      vertex -3.07819 8.4572 0
      vertex -3.07819 8.4572 15
      vertex -3.80359 8.1568 0
    endloop
  endfacet
  facet normal 0.382607 -0.923911 0
    outer loop
      vertex -3.80359 8.1568 15
      vertex -3.80359 8.1568 0
      vertex -3.07819 8.4572 15
    endloop
  endfacet
  facet normal 0.300711 -0.953715 0
    outer loop
      vertex -2.32939 8.6933 0
      vertex -2.32939 8.6933 15
      vertex -3.07819 8.4572 0
    endloop
  endfacet
  facet normal 0.300711 -0.953715 0
    outer loop
      vertex -3.07819 8.4572 15
      vertex -3.07819 8.4572 0
      vertex -2.32939 8.6933 15
    endloop
  endfacet
  facet normal 0.216499 -0.976283 0
    outer loop
      vertex -1.56279 8.8633 0
      vertex -1.56279 8.8633 15
      vertex -2.32939 8.6933 0
    endloop
  endfacet
  facet normal 0.216499 -0.976283 0
    outer loop
      vertex -2.32939 8.6933 15
      vertex -2.32939 8.6933 0
      vertex -1.56279 8.8633 15
    endloop
  endfacet
  facet normal 0.130541 -0.991443 0
    outer loop
      vertex -0.784393 8.96579 0
      vertex -0.784393 8.96579 15
      vertex -1.56279 8.8633 0
    endloop
  endfacet
  facet normal 0.130541 -0.991443 0
    outer loop
      vertex -1.56279 8.8633 15
      vertex -1.56279 8.8633 0
      vertex -0.784393 8.96579 15
    endloop
  endfacet
  facet normal 0.0435719 -0.99905 0
    outer loop
      vertex 0 9 0
      vertex 0 9 15
      vertex -0.784393 8.96579 0
    endloop
  endfacet
  facet normal 0.0435719 -0.99905 0
    outer loop
      vertex -0.784393 8.96579 15
      vertex -0.784393 8.96579 0
      vertex 0 9 15
    endloop
  endfacet
  facet normal -0.0435719 -0.99905 0
    outer loop
      vertex 0.784393 8.96579 0
      vertex 0.784393 8.96579 15
      vertex 0 9 0
    endloop
  endfacet
  facet normal -0.0435719 -0.99905 -0
    outer loop
      vertex 0 9 15
      vertex 0 9 0
      vertex 0.784393 8.96579 15
    endloop
  endfacet
  facet normal -0.130541 -0.991443 0
    outer loop
      vertex 1.56279 8.8633 0
      vertex 1.56279 8.8633 15
      vertex 0.784393 8.96579 0
    endloop
  endfacet
  facet normal -0.130541 -0.991443 -0
    outer loop
      vertex 0.784393 8.96579 15
      vertex 0.784393 8.96579 0
      vertex 1.56279 8.8633 15
    endloop
  endfacet
  facet normal -0.216499 -0.976283 0
    outer loop
      vertex 2.32939 8.6933 0
      vertex 2.32939 8.6933 15
      vertex 1.56279 8.8633 0
    endloop
  endfacet
  facet normal -0.216499 -0.976283 -0
    outer loop
      vertex 1.56279 8.8633 15
      vertex 1.56279 8.8633 0
      vertex 2.32939 8.6933 15
    endloop
  endfacet
  facet normal -0.300711 -0.953715 0
    outer loop
      vertex 3.07819 8.4572 0
      vertex 3.07819 8.4572 15
      vertex 2.32939 8.6933 0
    endloop
  endfacet
  facet normal -0.300711 -0.953715 -0
    outer loop
      vertex 2.32939 8.6933 15
      vertex 2.32939 8.6933 0
      vertex 3.07819 8.4572 15
    endloop
  endfacet
  facet normal -0.382607 -0.923911 0
    outer loop
      vertex 3.80359 8.1568 0
      vertex 3.80359 8.1568 15
      vertex 3.07819 8.4572 0
    endloop
  endfacet
  facet normal -0.382607 -0.923911 -0
    outer loop
      vertex 3.07819 8.4572 15
      vertex 3.07819 8.4572 0
      vertex 3.80359 8.1568 15
    endloop
  endfacet
  facet normal -0.461831 -0.886968 0
    outer loop
      vertex 4.5 7.79419 0
      vertex 4.5 7.79419 15
      vertex 3.80359 8.1568 0
    endloop
  endfacet
  facet normal -0.461831 -0.886968 -0
    outer loop
      vertex 3.80359 8.1568 15
      vertex 3.80359 8.1568 0
      vertex 4.5 7.79419 15
    endloop
  endfacet
  facet normal -0.537244 -0.843427 0
    outer loop
      vertex 5.16219 7.37239 0
      vertex 5.16219 7.37239 15
      vertex 4.5 7.79419 0
    endloop
  endfacet
  facet normal -0.537244 -0.843427 -0
    outer loop
      vertex 4.5 7.79419 15
      vertex 4.5 7.79419 0
      vertex 5.16219 7.37239 15
    endloop
  endfacet
  facet normal -0.608781 -0.793338 0
    outer loop
      vertex 5.7851 6.89439 0
      vertex 5.7851 6.89439 15
      vertex 5.16219 7.37239 0
    endloop
  endfacet
  facet normal -0.608781 -0.793338 -0
    outer loop
      vertex 5.16219 7.37239 15
      vertex 5.16219 7.37239 0
      vertex 5.7851 6.89439 15
    endloop
  endfacet
  facet normal -0.675539 -0.737324 0
    outer loop
      vertex 6.364 6.364 0
      vertex 6.364 6.364 15
      vertex 5.7851 6.89439 0
    endloop
  endfacet
  facet normal -0.675539 -0.737324 -0
    outer loop
      vertex 5.7851 6.89439 15
      vertex 5.7851 6.89439 0
      vertex 6.364 6.364 15
    endloop
  endfacet
  facet normal -0.737324 -0.675539 0
    outer loop
      vertex 6.89439 5.7851 0
      vertex 6.89439 5.7851 15
      vertex 6.364 6.364 0
    endloop
  endfacet
  facet normal -0.737324 -0.675539 -0
    outer loop
      vertex 6.364 6.364 15
      vertex 6.364 6.364 0
      vertex 6.89439 5.7851 15
    endloop
  endfacet
  facet normal -0.793338 -0.608781 0
    outer loop
      vertex 7.37239 5.16219 0
      vertex 7.37239 5.16219 15
      vertex 6.89439 5.7851 0
    endloop
  endfacet
  facet normal -0.793338 -0.608781 -0
    outer loop
      vertex 6.89439 5.7851 15
      vertex 6.89439 5.7851 0
      vertex 7.37239 5.16219 15
    endloop
  endfacet
  facet normal -0.843427 -0.537244 0
    outer loop
      vertex 7.79419 4.5 0
      vertex 7.79419 4.5 15
      vertex 7.37239 5.16219 0
    endloop
  endfacet
  facet normal -0.843427 -0.537244 -0
    outer loop
      vertex 7.37239 5.16219 15
      vertex 7.37239 5.16219 0
      vertex 7.79419 4.5 15
    endloop
  endfacet
  facet normal -0.886968 -0.461831 0
    outer loop
      vertex 8.1568 3.80359 0
      vertex 8.1568 3.80359 15
      vertex 7.79419 4.5 0
    endloop
  endfacet
  facet normal -0.886968 -0.461831 -0
    outer loop
      vertex 7.79419 4.5 15
      vertex 7.79419 4.5 0
      vertex 8.1568 3.80359 15
    endloop
  endfacet
  facet normal -0.923911 -0.382607 0
    outer loop
      vertex 8.4572 3.07819 0
      vertex 8.4572 3.07819 15
      vertex 8.1568 3.80359 0
    endloop
  endfacet
  facet normal -0.923911 -0.382607 -0
    outer loop
      vertex 8.1568 3.80359 15
      vertex 8.1568 3.80359 0
      vertex 8.4572 3.07819 15
    endloop
  endfacet
  facet normal -0.953715 -0.300711 0
    outer loop
      vertex 8.6933 2.32939 0
      vertex 8.6933 2.32939 15
      vertex 8.4572 3.07819 0
    endloop
  endfacet
  facet normal -0.953715 -0.300711 -0
    outer loop
      vertex 8.4572 3.07819 15
      vertex 8.4572 3.07819 0
      vertex 8.6933 2.32939 15
    endloop
  endfacet
  facet normal -0.976283 -0.216499 0
    outer loop
      vertex 8.8633 1.56279 0
      vertex 8.8633 1.56279 15
      vertex 8.6933 2.32939 0
    endloop
  endfacet
  facet normal -0.976283 -0.216499 -0
    outer loop
      vertex 8.6933 2.32939 15
      vertex 8.6933 2.32939 0
      vertex 8.8633 1.56279 15
    endloop
  endfacet
  facet normal -0.991443 -0.130541 0
    outer loop
      vertex 8.96579 0.784393 0
      vertex 8.96579 0.784393 15
      vertex 8.8633 1.56279 0
    endloop
  endfacet
  facet normal -0.991443 -0.130541 -0
    outer loop
      vertex 8.8633 1.56279 15
      vertex 8.8633 1.56279 0
      vertex 8.96579 0.784393 15
    endloop
  endfacet
  facet normal -0.99905 -0.0435719 0
    outer loop
      vertex 9 0 0
      vertex 9 0 15
      vertex 8.96579 0.784393 0
    endloop
  endfacet
  facet normal -0.99905 -0.0435719 -0
    outer loop
      vertex 8.96579 0.784393 15
      vertex 8.96579 0.784393 0
      vertex 9 0 15
    endloop
  endfacet
  facet normal -0.99905 0.0435719 0
    outer loop
      vertex 8.96579 -0.784393 0
      vertex 8.96579 -0.784393 15
      vertex 9 0 0
    endloop
  endfacet
  facet normal -0.99905 0.0435719 0
    outer loop
      vertex 9 0 15
      vertex 9 0 0
      vertex 8.96579 -0.784393 15
    endloop
  endfacet
  facet normal -0.991443 0.130541 0
    outer loop
      vertex 8.8633 -1.56279 0
      vertex 8.8633 -1.56279 15
      vertex 8.96579 -0.784393 0
    endloop
  endfacet
  facet normal -0.991443 0.130541 0
    outer loop
      vertex 8.96579 -0.784393 15
      vertex 8.96579 -0.784393 0
      vertex 8.8633 -1.56279 15
    endloop
  endfacet
  facet normal -0.976283 0.216499 0
    outer loop
      vertex 8.6933 -2.32939 0
      vertex 8.6933 -2.32939 15
      vertex 8.8633 -1.56279 0
    endloop
  endfacet
  facet normal -0.976283 0.216499 0
    outer loop
      vertex 8.8633 -1.56279 15
      vertex 8.8633 -1.56279 0
      vertex 8.6933 -2.32939 15
    endloop
  endfacet
  facet normal -0.953715 0.300711 0
    outer loop
      vertex 8.4572 -3.07819 0
      vertex 8.4572 -3.07819 15
      vertex 8.6933 -2.32939 0
    endloop
  endfacet
  facet normal -0.953715 0.300711 0
    outer loop
      vertex 8.6933 -2.32939 15
      vertex 8.6933 -2.32939 0
      vertex 8.4572 -3.07819 15
    endloop
  endfacet
  facet normal -0.923911 0.382607 0
    outer loop
      vertex 8.1568 -3.80359 0
      vertex 8.1568 -3.80359 15
      vertex 8.4572 -3.07819 0
    endloop
  endfacet
  facet normal -0.923911 0.382607 0
    outer loop
      vertex 8.4572 -3.07819 15
      vertex 8.4572 -3.07819 0
      vertex 8.1568 -3.80359 15
    endloop
  endfacet
  facet normal -0.886968 0.461831 0
    outer loop
      vertex 7.79419 -4.5 0
      vertex 7.79419 -4.5 15
      vertex 8.1568 -3.80359 0
    endloop
  endfacet
  facet normal -0.886968 0.461831 0
    outer loop
      vertex 8.1568 -3.80359 15
      vertex 8.1568 -3.80359 0
      vertex 7.79419 -4.5 15
    endloop
  endfacet
  facet normal -0.843427 0.537244 0
    outer loop
      vertex 7.37239 -5.16219 0
      vertex 7.37239 -5.16219 15
      vertex 7.79419 -4.5 0
    endloop
  endfacet
  facet normal -0.843427 0.537244 0
    outer loop
      vertex 7.79419 -4.5 15
      vertex 7.79419 -4.5 0
      vertex 7.37239 -5.16219 15
    endloop
  endfacet
  facet normal -0.793338 0.608781 0
    outer loop
      vertex 6.89439 -5.7851 0
      vertex 6.89439 -5.7851 15
      vertex 7.37239 -5.16219 0
    endloop
  endfacet
  facet normal -0.793338 0.608781 0
    outer loop
      vertex 7.37239 -5.16219 15
      vertex 7.37239 -5.16219 0
      vertex 6.89439 -5.7851 15
    endloop
  endfacet
  facet normal -0.737324 0.675539 0
    outer loop
      vertex 6.364 -6.364 0
      vertex 6.364 -6.364 15
      vertex 6.89439 -5.7851 0
    endloop
  endfacet
  facet normal -0.737324 0.675539 0
    outer loop
      vertex 6.89439 -5.7851 15
      vertex 6.89439 -5.7851 0
      vertex 6.364 -6.364 15
    endloop
  endfacet
  facet normal -0.675539 0.737324 0
    outer loop
      vertex 5.7851 -6.89439 0
      vertex 5.7851 -6.89439 15
      vertex 6.364 -6.364 0
    endloop
  endfacet
  facet normal -0.675539 0.737324 0
    outer loop
      vertex 6.364 -6.364 15
      vertex 6.364 -6.364 0
      vertex 5.7851 -6.89439 15
    endloop
  endfacet
  facet normal -0.608781 0.793338 0
    outer loop
      vertex 5.16219 -7.37239 0
      vertex 5.16219 -7.37239 15
      vertex 5.7851 -6.89439 0
    endloop
  endfacet
  facet normal -0.608781 0.793338 0
    outer loop
      vertex 5.7851 -6.89439 15
      vertex 5.7851 -6.89439 0
      vertex 5.16219 -7.37239 15
    endloop
  endfacet
  facet normal -0.537244 0.843427 0
    outer loop
      vertex 4.5 -7.79419 0
      vertex 4.5 -7.79419 15
      vertex 5.16219 -7.37239 0
    endloop
  endfacet
  facet normal -0.537244 0.843427 0
    outer loop
      vertex 5.16219 -7.37239 15
      vertex 5.16219 -7.37239 0
      vertex 4.5 -7.79419 15
    endloop
  endfacet
  facet normal -0.461831 0.886968 0
    outer loop
      vertex 3.80359 -8.1568 0
      vertex 3.80359 -8.1568 15
      vertex 4.5 -7.79419 0
    endloop
  endfacet
  facet normal -0.461831 0.886968 0
    outer loop
      vertex 4.5 -7.79419 15
      vertex 4.5 -7.79419 0
      vertex 3.80359 -8.1568 15
    endloop
  endfacet
  facet normal -0.382607 0.923911 0
    outer loop
      vertex 3.07819 -8.4572 0
      vertex 3.07819 -8.4572 15
      vertex 3.80359 -8.1568 0
    endloop
  endfacet
  facet normal -0.382607 0.923911 0
    outer loop
      vertex 3.80359 -8.1568 15
      vertex 3.80359 -8.1568 0
      vertex 3.07819 -8.4572 15
    endloop
  endfacet
  facet normal -0.300711 0.953715 0
    outer loop
      vertex 2.32939 -8.6933 0
      vertex 2.32939 -8.6933 15
      vertex 3.07819 -8.4572 0
    endloop
  endfacet
  facet normal -0.300711 0.953715 0
    outer loop
      vertex 3.07819 -8.4572 15
      vertex 3.07819 -8.4572 0
      vertex 2.32939 -8.6933 15
    endloop
  endfacet
  facet normal -0.216499 0.976283 0
    outer loop
      vertex 1.56279 -8.8633 0
      vertex 1.56279 -8.8633 15
      vertex 2.32939 -8.6933 0
    endloop
  endfacet
  facet normal -0.216499 0.976283 0
    outer loop
      vertex 2.32939 -8.6933 15
      vertex 2.32939 -8.6933 0
      vertex 1.56279 -8.8633 15
    endloop
  endfacet
  facet normal -0.130541 0.991443 0
    outer loop
      vertex 0.784393 -8.96579 0
      vertex 0.784393 -8.96579 15
      vertex 1.56279 -8.8633 0
    endloop
  endfacet
  facet normal -0.130541 0.991443 0
    outer loop
      vertex 1.56279 -8.8633 15
      vertex 1.56279 -8.8633 0
      vertex 0.784393 -8.96579 15
    endloop
  endfacet
  facet normal -0.0435719 0.99905 0
    outer loop
      vertex 0 -9 0
      vertex 0 -9 15
      vertex 0.784393 -8.96579 0
    endloop
  endfacet
  facet normal -0.0435719 0.99905 0
    outer loop
      vertex 0.784393 -8.96579 15
      vertex 0.784393 -8.96579 0
      vertex 0 -9 15
    endloop
  endfacet
  facet normal 0.0435719 0.99905 -0
    outer loop
      vertex -0.784393 -8.96579 0
      vertex -0.784393 -8.96579 15
      vertex 0 -9 0
    endloop
  endfacet
  facet normal 0.0435719 0.99905 0
    outer loop
      vertex 0 -9 15
      vertex 0 -9 0
      vertex -0.784393 -8.96579 15
    endloop
  endfacet
  facet normal 0.130712 0.99142 -0
    outer loop
      vertex -18.5209 -2.95439 0
      vertex -18.5209 -2.95439 15
      vertex -18.2615 -2.98859 0
    endloop
  endfacet
  facet normal 0.130712 0.99142 0
    outer loop
      vertex -18.2615 -2.98859 15
      vertex -18.2615 -2.98859 0
      vertex -18.5209 -2.95439 15
    endloop
  endfacet
  facet normal 0.216166 0.976357 -0
    outer loop
      vertex -18.7765 -2.8978 0
      vertex -18.7765 -2.8978 15
      vertex -18.5209 -2.95439 0
    endloop
  endfacet
  facet normal 0.216166 0.976357 0
    outer loop
      vertex -18.5209 -2.95439 15
      vertex -18.5209 -2.95439 0
      vertex -18.7765 -2.8978 15
    endloop
  endfacet
  facet normal 0.300745 0.953704 -0
    outer loop
      vertex -19.0261 -2.81909 0
      vertex -19.0261 -2.81909 15
      vertex -18.7765 -2.8978 0
    endloop
  endfacet
  facet normal 0.300745 0.953704 0
    outer loop
      vertex -18.7765 -2.8978 15
      vertex -18.7765 -2.8978 0
      vertex -19.0261 -2.81909 15
    endloop
  endfacet
  facet normal 0.382824 0.923821 -0
    outer loop
      vertex -19.2679 -2.71889 0
      vertex -19.2679 -2.71889 15
      vertex -19.0261 -2.81909 0
    endloop
  endfacet
  facet normal 0.382824 0.923821 0
    outer loop
      vertex -19.0261 -2.81909 15
      vertex -19.0261 -2.81909 0
      vertex -19.2679 -2.71889 15
    endloop
  endfacet
  facet normal 0.461648 0.887063 -0
    outer loop
      vertex -19.5 -2.5981 0
      vertex -19.5 -2.5981 15
      vertex -19.2679 -2.71889 0
    endloop
  endfacet
  facet normal 0.461648 0.887063 0
    outer loop
      vertex -19.2679 -2.71889 15
      vertex -19.2679 -2.71889 0
      vertex -19.5 -2.5981 15
    endloop
  endfacet
  facet normal 0.537323 0.843377 -0
    outer loop
      vertex -19.7207 -2.45749 0
      vertex -19.7207 -2.45749 15
      vertex -19.5 -2.5981 0
    endloop
  endfacet
  facet normal 0.537323 0.843377 0
    outer loop
      vertex -19.5 -2.5981 15
      vertex -19.5 -2.5981 0
      vertex -19.7207 -2.45749 15
    endloop
  endfacet
  facet normal 0.6088 0.793323 -0
    outer loop
      vertex -19.9284 -2.2981 0
      vertex -19.9284 -2.2981 15
      vertex -19.7207 -2.45749 0
    endloop
  endfacet
  facet normal 0.6088 0.793323 0
    outer loop
      vertex -19.7207 -2.45749 15
      vertex -19.7207 -2.45749 0
      vertex -19.9284 -2.2981 15
    endloop
  endfacet
  facet normal 0.675693 0.737183 -0
    outer loop
      vertex -20.1213 -2.12129 0
      vertex -20.1213 -2.12129 15
      vertex -19.9284 -2.2981 0
    endloop
  endfacet
  facet normal 0.675693 0.737183 0
    outer loop
      vertex -19.9284 -2.2981 15
      vertex -19.9284 -2.2981 0
      vertex -20.1213 -2.12129 15
    endloop
  endfacet
  facet normal 0.737202 0.675673 -0
    outer loop
      vertex -20.2981 -1.92839 0
      vertex -20.2981 -1.92839 15
      vertex -20.1213 -2.12129 0
    endloop
  endfacet
  facet normal 0.737202 0.675673 0
    outer loop
      vertex -20.1213 -2.12129 15
      vertex -20.1213 -2.12129 0
      vertex -20.2981 -1.92839 15
    endloop
  endfacet
  facet normal 0.793305 0.608824 -0
    outer loop
      vertex -20.4575 -1.72069 0
      vertex -20.4575 -1.72069 15
      vertex -20.2981 -1.92839 0
    endloop
  endfacet
  facet normal 0.793305 0.608824 0
    outer loop
      vertex -20.2981 -1.92839 15
      vertex -20.2981 -1.92839 0
      vertex -20.4575 -1.72069 15
    endloop
  endfacet
  facet normal 0.843383 0.537313 -0
    outer loop
      vertex -20.5981 -1.5 0
      vertex -20.5981 -1.5 15
      vertex -20.4575 -1.72069 0
    endloop
  endfacet
  facet normal 0.843383 0.537313 0
    outer loop
      vertex -20.4575 -1.72069 15
      vertex -20.4575 -1.72069 0
      vertex -20.5981 -1.5 15
    endloop
  endfacet
  facet normal 0.887048 0.461678 -0
    outer loop
      vertex -20.7189 -1.2679 0
      vertex -20.7189 -1.2679 15
      vertex -20.5981 -1.5 0
    endloop
  endfacet
  facet normal 0.887048 0.461678 0
    outer loop
      vertex -20.5981 -1.5 15
      vertex -20.5981 -1.5 0
      vertex -20.7189 -1.2679 15
    endloop
  endfacet
  facet normal 0.923827 0.382811 -0
    outer loop
      vertex -20.8191 -1.02609 0
      vertex -20.8191 -1.02609 15
      vertex -20.7189 -1.2679 0
    endloop
  endfacet
  facet normal 0.923827 0.382811 0
    outer loop
      vertex -20.7189 -1.2679 15
      vertex -20.7189 -1.2679 0
      vertex -20.8191 -1.02609 15
    endloop
  endfacet
  facet normal 0.953716 0.30071 -0
    outer loop
      vertex -20.8978 -0.776489 0
      vertex -20.8978 -0.776489 15
      vertex -20.8191 -1.02609 0
    endloop
  endfacet
  facet normal 0.953716 0.30071 0
    outer loop
      vertex -20.8191 -1.02609 15
      vertex -20.8191 -1.02609 0
      vertex -20.8978 -0.776489 15
    endloop
  endfacet
  facet normal 0.976349 0.216202 -0
    outer loop
      vertex -20.9544 -0.520889 0
      vertex -20.9544 -0.520889 15
      vertex -20.8978 -0.776489 0
    endloop
  endfacet
  facet normal 0.976349 0.216202 0
    outer loop
      vertex -20.8978 -0.776489 15
      vertex -20.8978 -0.776489 0
      vertex -20.9544 -0.520889 15
    endloop
  endfacet
  facet normal 0.99142 0.130712 -0
    outer loop
      vertex -20.9886 -0.26149 0
      vertex -20.9886 -0.26149 15
      vertex -20.9544 -0.520889 0
    endloop
  endfacet
  facet normal 0.99142 0.130712 0
    outer loop
      vertex -20.9544 -0.520889 15
      vertex -20.9544 -0.520889 0
      vertex -20.9886 -0.26149 15
    endloop
  endfacet
  facet normal 0.999051 0.0435549 -0
    outer loop
      vertex -21 0 0
      vertex -21 0 15
      vertex -20.9886 -0.26149 0
    endloop
  endfacet
  facet normal 0.999051 0.0435549 0
    outer loop
      vertex -20.9886 -0.26149 15
      vertex -20.9886 -0.26149 0
      vertex -21 0 15
    endloop
  endfacet
  facet normal 0.999051 -0.0435549 0
    outer loop
      vertex -20.9886 0.26149 0
      vertex -20.9886 0.26149 15
      vertex -21 0 0
    endloop
  endfacet
  facet normal 0.999051 -0.0435549 0
    outer loop
      vertex -21 0 15
      vertex -21 0 0
      vertex -20.9886 0.26149 15
    endloop
  endfacet
  facet normal 0.99142 -0.130712 0
    outer loop
      vertex -20.9544 0.520889 0
      vertex -20.9544 0.520889 15
      vertex -20.9886 0.26149 0
    endloop
  endfacet
  facet normal 0.99142 -0.130712 0
    outer loop
      vertex -20.9886 0.26149 15
      vertex -20.9886 0.26149 0
      vertex -20.9544 0.520889 15
    endloop
  endfacet
  facet normal 0.976349 -0.216202 0
    outer loop
      vertex -20.8978 0.776489 0
      vertex -20.8978 0.776489 15
      vertex -20.9544 0.520889 0
    endloop
  endfacet
  facet normal 0.976349 -0.216202 0
    outer loop
      vertex -20.9544 0.520889 15
      vertex -20.9544 0.520889 0
      vertex -20.8978 0.776489 15
    endloop
  endfacet
  facet normal 0.953716 -0.30071 0
    outer loop
      vertex -20.8191 1.02609 0
      vertex -20.8191 1.02609 15
      vertex -20.8978 0.776489 0
    endloop
  endfacet
  facet normal 0.953716 -0.30071 0
    outer loop
      vertex -20.8978 0.776489 15
      vertex -20.8978 0.776489 0
      vertex -20.8191 1.02609 15
    endloop
  endfacet
  facet normal 0.923827 -0.382811 0
    outer loop
      vertex -20.7189 1.2679 0
      vertex -20.7189 1.2679 15
      vertex -20.8191 1.02609 0
    endloop
  endfacet
  facet normal 0.923827 -0.382811 0
    outer loop
      vertex -20.8191 1.02609 15
      vertex -20.8191 1.02609 0
      vertex -20.7189 1.2679 15
    endloop
  endfacet
  facet normal 0.887048 -0.461678 0
    outer loop
      vertex -20.5981 1.5 0
      vertex -20.5981 1.5 15
      vertex -20.7189 1.2679 0
    endloop
  endfacet
  facet normal 0.887048 -0.461678 0
    outer loop
      vertex -20.7189 1.2679 15
      vertex -20.7189 1.2679 0
      vertex -20.5981 1.5 15
    endloop
  endfacet
  facet normal 0.843383 -0.537313 0
    outer loop
      vertex -20.4575 1.72069 0
      vertex -20.4575 1.72069 15
      vertex -20.5981 1.5 0
    endloop
  endfacet
  facet normal 0.843383 -0.537313 0
    outer loop
      vertex -20.5981 1.5 15
      vertex -20.5981 1.5 0
      vertex -20.4575 1.72069 15
    endloop
  endfacet
  facet normal 0.793305 -0.608824 0
    outer loop
      vertex -20.2981 1.92839 0
      vertex -20.2981 1.92839 15
      vertex -20.4575 1.72069 0
    endloop
  endfacet
  facet normal 0.793305 -0.608824 0
    outer loop
      vertex -20.4575 1.72069 15
      vertex -20.4575 1.72069 0
      vertex -20.2981 1.92839 15
    endloop
  endfacet
  facet normal 0.737202 -0.675673 0
    outer loop
      vertex -20.1213 2.12129 0
      vertex -20.1213 2.12129 15
      vertex -20.2981 1.92839 0
    endloop
  endfacet
  facet normal 0.737202 -0.675673 0
    outer loop
      vertex -20.2981 1.92839 15
      vertex -20.2981 1.92839 0
      vertex -20.1213 2.12129 15
    endloop
  endfacet
  facet normal 0.675693 -0.737183 0
    outer loop
      vertex -19.9284 2.2981 0
      vertex -19.9284 2.2981 15
      vertex -20.1213 2.12129 0
    endloop
  endfacet
  facet normal 0.675693 -0.737183 0
    outer loop
      vertex -20.1213 2.12129 15
      vertex -20.1213 2.12129 0
      vertex -19.9284 2.2981 15
    endloop
  endfacet
  facet normal 0.6088 -0.793323 0
    outer loop
      vertex -19.7207 2.45749 0
      vertex -19.7207 2.45749 15
      vertex -19.9284 2.2981 0
    endloop
  endfacet
  facet normal 0.6088 -0.793323 0
    outer loop
      vertex -19.9284 2.2981 15
      vertex -19.9284 2.2981 0
      vertex -19.7207 2.45749 15
    endloop
  endfacet
  facet normal 0.537323 -0.843377 0
    outer loop
      vertex -19.5 2.5981 0
      vertex -19.5 2.5981 15
      vertex -19.7207 2.45749 0
    endloop
  endfacet
  facet normal 0.537323 -0.843377 0
    outer loop
      vertex -19.7207 2.45749 15
      vertex -19.7207 2.45749 0
      vertex -19.5 2.5981 15
    endloop
  endfacet
  facet normal 0.461648 -0.887063 0
    outer loop
      vertex -19.2679 2.71889 0
      vertex -19.2679 2.71889 15
      vertex -19.5 2.5981 0
    endloop
  endfacet
  facet normal 0.461648 -0.887063 0
    outer loop
      vertex -19.5 2.5981 15
      vertex -19.5 2.5981 0
      vertex -19.2679 2.71889 15
    endloop
  endfacet
  facet normal 0.382824 -0.923821 0
    outer loop
      vertex -19.0261 2.81909 0
      vertex -19.0261 2.81909 15
      vertex -19.2679 2.71889 0
    endloop
  endfacet
  facet normal 0.382824 -0.923821 0
    outer loop
      vertex -19.2679 2.71889 15
      vertex -19.2679 2.71889 0
      vertex -19.0261 2.81909 15
    endloop
  endfacet
  facet normal 0.300745 -0.953704 0
    outer loop
      vertex -18.7765 2.8978 0
      vertex -18.7765 2.8978 15
      vertex -19.0261 2.81909 0
    endloop
  endfacet
  facet normal 0.300745 -0.953704 0
    outer loop
      vertex -19.0261 2.81909 15
      vertex -19.0261 2.81909 0
      vertex -18.7765 2.8978 15
    endloop
  endfacet
  facet normal 0.216166 -0.976357 0
    outer loop
      vertex -18.5209 2.95439 0
      vertex -18.5209 2.95439 15
      vertex -18.7765 2.8978 0
    endloop
  endfacet
  facet normal 0.216166 -0.976357 0
    outer loop
      vertex -18.7765 2.8978 15
      vertex -18.7765 2.8978 0
      vertex -18.5209 2.95439 15
    endloop
  endfacet
  facet normal 0.130712 -0.99142 0
    outer loop
      vertex -18.2615 2.98859 0
      vertex -18.2615 2.98859 15
      vertex -18.5209 2.95439 0
    endloop
  endfacet
  facet normal 0.130712 -0.99142 0
    outer loop
      vertex -18.5209 2.95439 15
      vertex -18.5209 2.95439 0
      vertex -18.2615 2.98859 15
    endloop
  endfacet
  facet normal 0.0435914 -0.999049 0
    outer loop
      vertex -18 3 0
      vertex -18 3 15
      vertex -18.2615 2.98859 0
    endloop
  endfacet
  facet normal 0.0435914 -0.999049 0
    outer loop
      vertex -18.2615 2.98859 15
      vertex -18.2615 2.98859 0
      vertex -18 3 15
    endloop
  endfacet
  facet normal -0.0435914 -0.999049 0
    outer loop
      vertex -17.7385 2.98859 0
      vertex -17.7385 2.98859 15
      vertex -18 3 0
    endloop
  endfacet
  facet normal -0.0435914 -0.999049 -0
    outer loop
      vertex -18 3 15
      vertex -18 3 0
      vertex -17.7385 2.98859 15
    endloop
  endfacet
  facet normal -0.130712 -0.99142 0
    outer loop
      vertex -17.4791 2.95439 0
      vertex -17.4791 2.95439 15
      vertex -17.7385 2.98859 0
    endloop
  endfacet
  facet normal -0.130712 -0.99142 -0
    outer loop
      vertex -17.7385 2.98859 15
      vertex -17.7385 2.98859 0
      vertex -17.4791 2.95439 15
    endloop
  endfacet
  facet normal -0.216166 -0.976357 0
    outer loop
      vertex -17.2235 2.8978 0
      vertex -17.2235 2.8978 15
      vertex -17.4791 2.95439 0
    endloop
  endfacet
  facet normal -0.216166 -0.976357 -0
    outer loop
      vertex -17.4791 2.95439 15
      vertex -17.4791 2.95439 0
      vertex -17.2235 2.8978 15
    endloop
  endfacet
  facet normal -0.300745 -0.953704 0
    outer loop
      vertex -16.9739 2.81909 0
      vertex -16.9739 2.81909 15
      vertex -17.2235 2.8978 0
    endloop
  endfacet
  facet normal -0.300745 -0.953704 -0
    outer loop
      vertex -17.2235 2.8978 15
      vertex -17.2235 2.8978 0
      vertex -16.9739 2.81909 15
    endloop
  endfacet
  facet normal -0.382824 -0.923821 0
    outer loop
      vertex -16.7321 2.71889 0
      vertex -16.7321 2.71889 15
      vertex -16.9739 2.81909 0
    endloop
  endfacet
  facet normal -0.382824 -0.923821 -0
    outer loop
      vertex -16.9739 2.81909 15
      vertex -16.9739 2.81909 0
      vertex -16.7321 2.71889 15
    endloop
  endfacet
  facet normal -0.461648 -0.887063 0
    outer loop
      vertex -16.5 2.5981 0
      vertex -16.5 2.5981 15
      vertex -16.7321 2.71889 0
    endloop
  endfacet
  facet normal -0.461648 -0.887063 -0
    outer loop
      vertex -16.7321 2.71889 15
      vertex -16.7321 2.71889 0
      vertex -16.5 2.5981 15
    endloop
  endfacet
  facet normal -0.537323 -0.843377 0
    outer loop
      vertex -16.2793 2.45749 0
      vertex -16.2793 2.45749 15
      vertex -16.5 2.5981 0
    endloop
  endfacet
  facet normal -0.537323 -0.843377 -0
    outer loop
      vertex -16.5 2.5981 15
      vertex -16.5 2.5981 0
      vertex -16.2793 2.45749 15
    endloop
  endfacet
  facet normal -0.6088 -0.793323 0
    outer loop
      vertex -16.0716 2.2981 0
      vertex -16.0716 2.2981 15
      vertex -16.2793 2.45749 0
    endloop
  endfacet
  facet normal -0.6088 -0.793323 -0
    outer loop
      vertex -16.2793 2.45749 15
      vertex -16.2793 2.45749 0
      vertex -16.0716 2.2981 15
    endloop
  endfacet
  facet normal -0.675693 -0.737183 0
    outer loop
      vertex -15.8787 2.12129 0
      vertex -15.8787 2.12129 15
      vertex -16.0716 2.2981 0
    endloop
  endfacet
  facet normal -0.675693 -0.737183 -0
    outer loop
      vertex -16.0716 2.2981 15
      vertex -16.0716 2.2981 0
      vertex -15.8787 2.12129 15
    endloop
  endfacet
  facet normal -0.737202 -0.675673 0
    outer loop
      vertex -15.7019 1.92839 0
      vertex -15.7019 1.92839 15
      vertex -15.8787 2.12129 0
    endloop
  endfacet
  facet normal -0.737202 -0.675673 -0
    outer loop
      vertex -15.8787 2.12129 15
      vertex -15.8787 2.12129 0
      vertex -15.7019 1.92839 15
    endloop
  endfacet
  facet normal -0.793305 -0.608824 0
    outer loop
      vertex -15.5425 1.72069 0
      vertex -15.5425 1.72069 15
      vertex -15.7019 1.92839 0
    endloop
  endfacet
  facet normal -0.793305 -0.608824 -0
    outer loop
      vertex -15.7019 1.92839 15
      vertex -15.7019 1.92839 0
      vertex -15.5425 1.72069 15
    endloop
  endfacet
  facet normal -0.843383 -0.537313 0
    outer loop
      vertex -15.4019 1.5 0
      vertex -15.4019 1.5 15
      vertex -15.5425 1.72069 0
    endloop
  endfacet
  facet normal -0.843383 -0.537313 -0
    outer loop
      vertex -15.5425 1.72069 15
      vertex -15.5425 1.72069 0
      vertex -15.4019 1.5 15
    endloop
  endfacet
  facet normal -0.887048 -0.461678 0
    outer loop
      vertex -15.2811 1.2679 0
      vertex -15.2811 1.2679 15
      vertex -15.4019 1.5 0
    endloop
  endfacet
  facet normal -0.887048 -0.461678 -0
    outer loop
      vertex -15.4019 1.5 15
      vertex -15.4019 1.5 0
      vertex -15.2811 1.2679 15
    endloop
  endfacet
  facet normal -0.923827 -0.382811 0
    outer loop
      vertex -15.1809 1.02609 0
      vertex -15.1809 1.02609 15
      vertex -15.2811 1.2679 0
    endloop
  endfacet
  facet normal -0.923827 -0.382811 -0
    outer loop
      vertex -15.2811 1.2679 15
      vertex -15.2811 1.2679 0
      vertex -15.1809 1.02609 15
    endloop
  endfacet
  facet normal -0.953716 -0.30071 0
    outer loop
      vertex -15.1022 0.776489 0
      vertex -15.1022 0.776489 15
      vertex -15.1809 1.02609 0
    endloop
  endfacet
  facet normal -0.953716 -0.30071 -0
    outer loop
      vertex -15.1809 1.02609 15
      vertex -15.1809 1.02609 0
      vertex -15.1022 0.776489 15
    endloop
  endfacet
  facet normal -0.976349 -0.216202 0
    outer loop
      vertex -15.0456 0.520889 0
      vertex -15.0456 0.520889 15
      vertex -15.1022 0.776489 0
    endloop
  endfacet
  facet normal -0.976349 -0.216202 -0
    outer loop
      vertex -15.1022 0.776489 15
      vertex -15.1022 0.776489 0
      vertex -15.0456 0.520889 15
    endloop
  endfacet
  facet normal -0.99142 -0.130712 0
    outer loop
      vertex -15.0114 0.26149 0
      vertex -15.0114 0.26149 15
      vertex -15.0456 0.520889 0
    endloop
  endfacet
  facet normal -0.99142 -0.130712 -0
    outer loop
      vertex -15.0456 0.520889 15
      vertex -15.0456 0.520889 0
      vertex -15.0114 0.26149 15
    endloop
  endfacet
  facet normal -0.999051 -0.0435549 0
    outer loop
      vertex -15 0 0
      vertex -15 0 15
      vertex -15.0114 0.26149 0
    endloop
  endfacet
  facet normal -0.999051 -0.0435549 -0
    outer loop
      vertex -15.0114 0.26149 15
      vertex -15.0114 0.26149 0
      vertex -15 0 15
    endloop
  endfacet
  facet normal -0.999051 0.0435549 0
    outer loop
      vertex -15.0114 -0.26149 0
      vertex -15.0114 -0.26149 15
      vertex -15 0 0
    endloop
  endfacet
  facet normal -0.999051 0.0435549 0
    outer loop
      vertex -15 0 15
      vertex -15 0 0
      vertex -15.0114 -0.26149 15
    endloop
  endfacet
  facet normal -0.99142 0.130712 0
    outer loop
      vertex -15.0456 -0.520889 0
      vertex -15.0456 -0.520889 15
      vertex -15.0114 -0.26149 0
    endloop
  endfacet
  facet normal -0.99142 0.130712 0
    outer loop
      vertex -15.0114 -0.26149 15
      vertex -15.0114 -0.26149 0
      vertex -15.0456 -0.520889 15
    endloop
  endfacet
  facet normal -0.976349 0.216202 0
    outer loop
      vertex -15.1022 -0.776489 0
      vertex -15.1022 -0.776489 15
      vertex -15.0456 -0.520889 0
    endloop
  endfacet
  facet normal -0.976349 0.216202 0
    outer loop
      vertex -15.0456 -0.520889 15
      vertex -15.0456 -0.520889 0
      vertex -15.1022 -0.776489 15
    endloop
  endfacet
  facet normal -0.953716 0.30071 0
    outer loop
      vertex -15.1809 -1.02609 0
      vertex -15.1809 -1.02609 15
      vertex -15.1022 -0.776489 0
    endloop
  endfacet
  facet normal -0.953716 0.30071 0
    outer loop
      vertex -15.1022 -0.776489 15
      vertex -15.1022 -0.776489 0
      vertex -15.1809 -1.02609 15
    endloop
  endfacet
  facet normal -0.923827 0.382811 0
    outer loop
      vertex -15.2811 -1.2679 0
      vertex -15.2811 -1.2679 15
      vertex -15.1809 -1.02609 0
    endloop
  endfacet
  facet normal -0.923827 0.382811 0
    outer loop
      vertex -15.1809 -1.02609 15
      vertex -15.1809 -1.02609 0
      vertex -15.2811 -1.2679 15
    endloop
  endfacet
  facet normal -0.887048 0.461678 0
    outer loop
      vertex -15.4019 -1.5 0
      vertex -15.4019 -1.5 15
      vertex -15.2811 -1.2679 0
    endloop
  endfacet
  facet normal -0.887048 0.461678 0
    outer loop
      vertex -15.2811 -1.2679 15
      vertex -15.2811 -1.2679 0
      vertex -15.4019 -1.5 15
    endloop
  endfacet
  facet normal -0.843383 0.537313 0
    outer loop
      vertex -15.5425 -1.72069 0
      vertex -15.5425 -1.72069 15
      vertex -15.4019 -1.5 0
    endloop
  endfacet
  facet normal -0.843383 0.537313 0
    outer loop
      vertex -15.4019 -1.5 15
      vertex -15.4019 -1.5 0
      vertex -15.5425 -1.72069 15
    endloop
  endfacet
  facet normal -0.793305 0.608824 0
    outer loop
      vertex -15.7019 -1.92839 0
      vertex -15.7019 -1.92839 15
      vertex -15.5425 -1.72069 0
    endloop
  endfacet
  facet normal -0.793305 0.608824 0
    outer loop
      vertex -15.5425 -1.72069 15
      vertex -15.5425 -1.72069 0
      vertex -15.7019 -1.92839 15
    endloop
  endfacet
  facet normal -0.737202 0.675673 0
    outer loop
      vertex -15.8787 -2.12129 0
      vertex -15.8787 -2.12129 15
      vertex -15.7019 -1.92839 0
    endloop
  endfacet
  facet normal -0.737202 0.675673 0
    outer loop
      vertex -15.7019 -1.92839 15
      vertex -15.7019 -1.92839 0
      vertex -15.8787 -2.12129 15
    endloop
  endfacet
  facet normal -0.675693 0.737183 0
    outer loop
      vertex -16.0716 -2.2981 0
      vertex -16.0716 -2.2981 15
      vertex -15.8787 -2.12129 0
    endloop
  endfacet
  facet normal -0.675693 0.737183 0
    outer loop
      vertex -15.8787 -2.12129 15
      vertex -15.8787 -2.12129 0
      vertex -16.0716 -2.2981 15
    endloop
  endfacet
  facet normal -0.6088 0.793323 0
    outer loop
      vertex -16.2793 -2.45749 0
      vertex -16.2793 -2.45749 15
      vertex -16.0716 -2.2981 0
    endloop
  endfacet
  facet normal -0.6088 0.793323 0
    outer loop
      vertex -16.0716 -2.2981 15
      vertex -16.0716 -2.2981 0
      vertex -16.2793 -2.45749 15
    endloop
  endfacet
  facet normal -0.537323 0.843377 0
    outer loop
      vertex -16.5 -2.5981 0
      vertex -16.5 -2.5981 15
      vertex -16.2793 -2.45749 0
    endloop
  endfacet
  facet normal -0.537323 0.843377 0
    outer loop
      vertex -16.2793 -2.45749 15
      vertex -16.2793 -2.45749 0
      vertex -16.5 -2.5981 15
    endloop
  endfacet
  facet normal -0.461648 0.887063 0
    outer loop
      vertex -16.7321 -2.71889 0
      vertex -16.7321 -2.71889 15
      vertex -16.5 -2.5981 0
    endloop
  endfacet
  facet normal -0.461648 0.887063 0
    outer loop
      vertex -16.5 -2.5981 15
      vertex -16.5 -2.5981 0
      vertex -16.7321 -2.71889 15
    endloop
  endfacet
  facet normal -0.382824 0.923821 0
    outer loop
      vertex -16.9739 -2.81909 0
      vertex -16.9739 -2.81909 15
      vertex -16.7321 -2.71889 0
    endloop
  endfacet
  facet normal -0.382824 0.923821 0
    outer loop
      vertex -16.7321 -2.71889 15
      vertex -16.7321 -2.71889 0
      vertex -16.9739 -2.81909 15
    endloop
  endfacet
  facet normal -0.300745 0.953704 0
    outer loop
      vertex -17.2235 -2.8978 0
      vertex -17.2235 -2.8978 15
      vertex -16.9739 -2.81909 0
    endloop
  endfacet
  facet normal -0.300745 0.953704 0
    outer loop
      vertex -16.9739 -2.81909 15
      vertex -16.9739 -2.81909 0
      vertex -17.2235 -2.8978 15
    endloop
  endfacet
  facet normal -0.216166 0.976357 0
    outer loop
      vertex -17.4791 -2.95439 0
      vertex -17.4791 -2.95439 15
      vertex -17.2235 -2.8978 0
    endloop
  endfacet
  facet normal -0.216166 0.976357 0
    outer loop
      vertex -17.2235 -2.8978 15
      vertex -17.2235 -2.8978 0
      vertex -17.4791 -2.95439 15
    endloop
  endfacet
  facet normal -0.130712 0.99142 0
    outer loop
      vertex -17.7385 -2.98859 0
      vertex -17.7385 -2.98859 15
      vertex -17.4791 -2.95439 0
    endloop
  endfacet
  facet normal -0.130712 0.99142 0
    outer loop
      vertex -17.4791 -2.95439 15
      vertex -17.4791 -2.95439 0
      vertex -17.7385 -2.98859 15
    endloop
  endfacet
  facet normal -0.0435914 0.999049 0
    outer loop
      vertex -18 -3 0
      vertex -18 -3 15
      vertex -17.7385 -2.98859 0
    endloop
  endfacet
  facet normal -0.0435914 0.999049 0
    outer loop
      vertex -17.7385 -2.98859 15
      vertex -17.7385 -2.98859 0
      vertex -18 -3 15
    endloop
  endfacet
  facet normal 0.0435914 0.999049 -0
    outer loop
      vertex -18.2615 -2.98859 0
      vertex -18.2615 -2.98859 15
      vertex -18 -3 0
    endloop
  endfacet
  facet normal 0.0435914 0.999049 0
    outer loop
      vertex -18 -3 15
      vertex -18 -3 0
      vertex -18.2615 -2.98859 15
    endloop
  endfacet
  facet normal 0.130712 0.99142 -0
    outer loop
      vertex 17.4791 -2.95439 0
      vertex 17.4791 -2.95439 15
      vertex 17.7385 -2.98859 0
    endloop
  endfacet
  facet normal 0.130712 0.99142 0
    outer loop
      vertex 17.7385 -2.98859 15
      vertex 17.7385 -2.98859 0
      vertex 17.4791 -2.95439 15
    endloop
  endfacet
  facet normal 0.216166 0.976357 -0
    outer loop
      vertex 17.2235 -2.8978 0
      vertex 17.2235 -2.8978 15
      vertex 17.4791 -2.95439 0
    endloop
  endfacet
  facet normal 0.216166 0.976357 0
    outer loop
      vertex 17.4791 -2.95439 15
      vertex 17.4791 -2.95439 0
      vertex 17.2235 -2.8978 15
    endloop
  endfacet
  facet normal 0.300745 0.953704 -0
    outer loop
      vertex 16.9739 -2.81909 0
      vertex 16.9739 -2.81909 15
      vertex 17.2235 -2.8978 0
    endloop
  endfacet
  facet normal 0.300745 0.953704 0
    outer loop
      vertex 17.2235 -2.8978 15
      vertex 17.2235 -2.8978 0
      vertex 16.9739 -2.81909 15
    endloop
  endfacet
  facet normal 0.382824 0.923821 -0
    outer loop
      vertex 16.7321 -2.71889 0
      vertex 16.7321 -2.71889 15
      vertex 16.9739 -2.81909 0
    endloop
  endfacet
  facet normal 0.382824 0.923821 0
    outer loop
      vertex 16.9739 -2.81909 15
      vertex 16.9739 -2.81909 0
      vertex 16.7321 -2.71889 15
    endloop
  endfacet
  facet normal 0.461648 0.887063 -0
    outer loop
      vertex 16.5 -2.5981 0
      vertex 16.5 -2.5981 15
      vertex 16.7321 -2.71889 0
    endloop
  endfacet
  facet normal 0.461648 0.887063 0
    outer loop
      vertex 16.7321 -2.71889 15
      vertex 16.7321 -2.71889 0
      vertex 16.5 -2.5981 15
    endloop
  endfacet
  facet normal 0.537323 0.843377 -0
    outer loop
      vertex 16.2793 -2.45749 0
      vertex 16.2793 -2.45749 15
      vertex 16.5 -2.5981 0
    endloop
  endfacet
  facet normal 0.537323 0.843377 0
    outer loop
      vertex 16.5 -2.5981 15
      vertex 16.5 -2.5981 0
      vertex 16.2793 -2.45749 15
    endloop
  endfacet
  facet normal 0.6088 0.793323 -0
    outer loop
      vertex 16.0716 -2.2981 0
      vertex 16.0716 -2.2981 15
      vertex 16.2793 -2.45749 0
    endloop
  endfacet
  facet normal 0.6088 0.793323 0
    outer loop
      vertex 16.2793 -2.45749 15
      vertex 16.2793 -2.45749 0
      vertex 16.0716 -2.2981 15
    endloop
  endfacet
  facet normal 0.675693 0.737183 -0
    outer loop
      vertex 15.8787 -2.12129 0
      vertex 15.8787 -2.12129 15
      vertex 16.0716 -2.2981 0
    endloop
  endfacet
  facet normal 0.675693 0.737183 0
    outer loop
      vertex 16.0716 -2.2981 15
      vertex 16.0716 -2.2981 0
      vertex 15.8787 -2.12129 15
    endloop
  endfacet
  facet normal 0.737202 0.675673 -0
    outer loop
      vertex 15.7019 -1.92839 0
      vertex 15.7019 -1.92839 15
      vertex 15.8787 -2.12129 0
    endloop
  endfacet
  facet normal 0.737202 0.675673 0
    outer loop
      vertex 15.8787 -2.12129 15
      vertex 15.8787 -2.12129 0
      vertex 15.7019 -1.92839 15
    endloop
  endfacet
  facet normal 0.793305 0.608824 -0
    outer loop
      vertex 15.5425 -1.72069 0
      vertex 15.5425 -1.72069 15
      vertex 15.7019 -1.92839 0
    endloop
  endfacet
  facet normal 0.793305 0.608824 0
    outer loop
      vertex 15.7019 -1.92839 15
      vertex 15.7019 -1.92839 0
      vertex 15.5425 -1.72069 15
    endloop
  endfacet
  facet normal 0.843383 0.537313 -0
    outer loop
      vertex 15.4019 -1.5 0
      vertex 15.4019 -1.5 15
      vertex 15.5425 -1.72069 0
    endloop
  endfacet
  facet normal 0.843383 0.537313 0
    outer loop
      vertex 15.5425 -1.72069 15
      vertex 15.5425 -1.72069 0
      vertex 15.4019 -1.5 15
    endloop
  endfacet
  facet normal 0.887048 0.461678 -0
    outer loop
      vertex 15.2811 -1.2679 0
      vertex 15.2811 -1.2679 15
      vertex 15.4019 -1.5 0
    endloop
  endfacet
  facet normal 0.887048 0.461678 0
    outer loop
      vertex 15.4019 -1.5 15
      vertex 15.4019 -1.5 0
      vertex 15.2811 -1.2679 15
    endloop
  endfacet
  facet normal 0.923827 0.382811 -0
    outer loop
      vertex 15.1809 -1.02609 0
      vertex 15.1809 -1.02609 15
      vertex 15.2811 -1.2679 0
    endloop
  endfacet
  facet normal 0.923827 0.382811 0
    outer loop
      vertex 15.2811 -1.2679 15
      vertex 15.2811 -1.2679 0
      vertex 15.1809 -1.02609 15
    endloop
  endfacet
  facet normal 0.953716 0.30071 -0
    outer loop
      vertex 15.1022 -0.776489 0
      vertex 15.1022 -0.776489 15
      vertex 15.1809 -1.02609 0
    endloop
  endfacet
  facet normal 0.953716 0.30071 0
    outer loop
      vertex 15.1809 -1.02609 15
      vertex 15.1809 -1.02609 0
      vertex 15.1022 -0.776489 15
    endloop
  endfacet
  facet normal 0.976349 0.216202 -0
    outer loop
      vertex 15.0456 -0.520889 0
      vertex 15.0456 -0.520889 15
      vertex 15.1022 -0.776489 0
    endloop
  endfacet
  facet normal 0.976349 0.216202 0
    outer loop
      vertex 15.1022 -0.776489 15
      vertex 15.1022 -0.776489 0
      vertex 15.0456 -0.520889 15
    endloop
  endfacet
  facet normal 0.99142 0.130712 -0
    outer loop
      vertex 15.0114 -0.26149 0
      vertex 15.0114 -0.26149 15
      vertex 15.0456 -0.520889 0
    endloop
  endfacet
  facet normal 0.99142 0.130712 0
    outer loop
      vertex 15.0456 -0.520889 15
      vertex 15.0456 -0.520889 0
      vertex 15.0114 -0.26149 15
    endloop
  endfacet
  facet normal 0.999051 0.0435549 -0
    outer loop
      vertex 15 0 0
      vertex 15 0 15
      vertex 15.0114 -0.26149 0
    endloop
  endfacet
  facet normal 0.999051 0.0435549 0
    outer loop
      vertex 15.0114 -0.26149 15
      vertex 15.0114 -0.26149 0
      vertex 15 0 15
    endloop
  endfacet
  facet normal 0.999051 -0.0435549 0
    outer loop
      vertex 15.0114 0.26149 0
      vertex 15.0114 0.26149 15
      vertex 15 0 0
    endloop
  endfacet
  facet normal 0.999051 -0.0435549 0
    outer loop
      vertex 15 0 15
      vertex 15 0 0
      vertex 15.0114 0.26149 15
    endloop
  endfacet
  facet normal 0.99142 -0.130712 0
    outer loop
      vertex 15.0456 0.520889 0
      vertex 15.0456 0.520889 15
      vertex 15.0114 0.26149 0
    endloop
  endfacet
  facet normal 0.99142 -0.130712 0
    outer loop
      vertex 15.0114 0.26149 15
      vertex 15.0114 0.26149 0
      vertex 15.0456 0.520889 15
    endloop
  endfacet
  facet normal 0.976349 -0.216202 0
    outer loop
      vertex 15.1022 0.776489 0
      vertex 15.1022 0.776489 15
      vertex 15.0456 0.520889 0
    endloop
  endfacet
  facet normal 0.976349 -0.216202 0
    outer loop
      vertex 15.0456 0.520889 15
      vertex 15.0456 0.520889 0
      vertex 15.1022 0.776489 15
    endloop
  endfacet
  facet normal 0.953716 -0.30071 0
    outer loop
      vertex 15.1809 1.02609 0
      vertex 15.1809 1.02609 15
      vertex 15.1022 0.776489 0
    endloop
  endfacet
  facet normal 0.953716 -0.30071 0
    outer loop
      vertex 15.1022 0.776489 15
      vertex 15.1022 0.776489 0
      vertex 15.1809 1.02609 15
    endloop
  endfacet
  facet normal 0.923827 -0.382811 0
    outer loop
      vertex 15.2811 1.2679 0
      vertex 15.2811 1.2679 15
      vertex 15.1809 1.02609 0
    endloop
  endfacet
  facet normal 0.923827 -0.382811 0
    outer loop
      vertex 15.1809 1.02609 15
      vertex 15.1809 1.02609 0
      vertex 15.2811 1.2679 15
    endloop
  endfacet
  facet normal 0.887048 -0.461678 0
    outer loop
      vertex 15.4019 1.5 0
      vertex 15.4019 1.5 15
      vertex 15.2811 1.2679 0
    endloop
  endfacet
  facet normal 0.887048 -0.461678 0
    outer loop
      vertex 15.2811 1.2679 15
      vertex 15.2811 1.2679 0
      vertex 15.4019 1.5 15
    endloop
  endfacet
  facet normal 0.843383 -0.537313 0
    outer loop
      vertex 15.5425 1.72069 0
      vertex 15.5425 1.72069 15
      vertex 15.4019 1.5 0
    endloop
  endfacet
  facet normal 0.843383 -0.537313 0
    outer loop
      vertex 15.4019 1.5 15
      vertex 15.4019 1.5 0
      vertex 15.5425 1.72069 15
    endloop
  endfacet
  facet normal 0.793305 -0.608824 0
    outer loop
      vertex 15.7019 1.92839 0
      vertex 15.7019 1.92839 15
      vertex 15.5425 1.72069 0
    endloop
  endfacet
  facet normal 0.793305 -0.608824 0
    outer loop
      vertex 15.5425 1.72069 15
      vertex 15.5425 1.72069 0
      vertex 15.7019 1.92839 15
    endloop
  endfacet
  facet normal 0.737202 -0.675673 0
    outer loop
      vertex 15.8787 2.12129 0
      vertex 15.8787 2.12129 15
      vertex 15.7019 1.92839 0
    endloop
  endfacet
  facet normal 0.737202 -0.675673 0
    outer loop
      vertex 15.7019 1.92839 15
      vertex 15.7019 1.92839 0
      vertex 15.8787 2.12129 15
    endloop
  endfacet
  facet normal 0.675693 -0.737183 0
    outer loop
      vertex 16.0716 2.2981 0
      vertex 16.0716 2.2981 15
      vertex 15.8787 2.12129 0
    endloop
  endfacet
  facet normal 0.675693 -0.737183 0
    outer loop
      vertex 15.8787 2.12129 15
      vertex 15.8787 2.12129 0
      vertex 16.0716 2.2981 15
    endloop
  endfacet
  facet normal 0.6088 -0.793323 0
    outer loop
      vertex 16.2793 2.45749 0
      vertex 16.2793 2.45749 15
      vertex 16.0716 2.2981 0
    endloop
  endfacet
  facet normal 0.6088 -0.793323 0
    outer loop
      vertex 16.0716 2.2981 15
      vertex 16.0716 2.2981 0
      vertex 16.2793 2.45749 15
    endloop
  endfacet
  facet normal 0.537323 -0.843377 0
    outer loop
      vertex 16.5 2.5981 0
      vertex 16.5 2.5981 15
      vertex 16.2793 2.45749 0
    endloop
  endfacet
  facet normal 0.537323 -0.843377 0
    outer loop
      vertex 16.2793 2.45749 15
      vertex 16.2793 2.45749 0
      vertex 16.5 2.5981 15
    endloop
  endfacet
  facet normal 0.461648 -0.887063 0
    outer loop
      vertex 16.7321 2.71889 0
      vertex 16.7321 2.71889 15
      vertex 16.5 2.5981 0
    endloop
  endfacet
  facet normal 0.461648 -0.887063 0
    outer loop
      vertex 16.5 2.5981 15
      vertex 16.5 2.5981 0
      vertex 16.7321 2.71889 15
    endloop
  endfacet
  facet normal 0.382824 -0.923821 0
    outer loop
      vertex 16.9739 2.81909 0
      vertex 16.9739 2.81909 15
      vertex 16.7321 2.71889 0
    endloop
  endfacet
  facet normal 0.382824 -0.923821 0
    outer loop
      vertex 16.7321 2.71889 15
      vertex 16.7321 2.71889 0
      vertex 16.9739 2.81909 15
    endloop
  endfacet
  facet normal 0.300745 -0.953704 0
    outer loop
      vertex 17.2235 2.8978 0
      vertex 17.2235 2.8978 15
      vertex 16.9739 2.81909 0
    endloop
  endfacet
  facet normal 0.300745 -0.953704 0
    outer loop
      vertex 16.9739 2.81909 15
      vertex 16.9739 2.81909 0
      vertex 17.2235 2.8978 15
    endloop
  endfacet
  facet normal 0.216166 -0.976357 0
    outer loop
      vertex 17.4791 2.95439 0
      vertex 17.4791 2.95439 15
      vertex 17.2235 2.8978 0
    endloop
  endfacet
  facet normal 0.216166 -0.976357 0
    outer loop
      vertex 17.2235 2.8978 15
      vertex 17.2235 2.8978 0
      vertex 17.4791 2.95439 15
    endloop
  endfacet
  facet normal 0.130712 -0.99142 0
    outer loop
      vertex 17.7385 2.98859 0
      vertex 17.7385 2.98859 15
      vertex 17.4791 2.95439 0
    endloop
  endfacet
  facet normal 0.130712 -0.99142 0
    outer loop
      vertex 17.4791 2.95439 15
      vertex 17.4791 2.95439 0
      vertex 17.7385 2.98859 15
    endloop
  endfacet
  facet normal 0.0435914 -0.999049 0
    outer loop
      vertex 18 3 0
      vertex 18 3 15
      vertex 17.7385 2.98859 0
    endloop
  endfacet
  facet normal 0.0435914 -0.999049 0
    outer loop
      vertex 17.7385 2.98859 15
      vertex 17.7385 2.98859 0
      vertex 18 3 15
    endloop
  endfacet
  facet normal -0.0435914 -0.999049 0
    outer loop
      vertex 18.2615 2.98859 0
      vertex 18.2615 2.98859 15
      vertex 18 3 0
    endloop
  endfacet
  facet normal -0.0435914 -0.999049 -0
    outer loop
      vertex 18 3 15
      vertex 18 3 0
      vertex 18.2615 2.98859 15
    endloop
  endfacet
  facet normal -0.130712 -0.99142 0
    outer loop
      vertex 18.5209 2.95439 0
      vertex 18.5209 2.95439 15
      vertex 18.2615 2.98859 0
    endloop
  endfacet
  facet normal -0.130712 -0.99142 -0
    outer loop
      vertex 18.2615 2.98859 15
      vertex 18.2615 2.98859 0
      vertex 18.5209 2.95439 15
    endloop
  endfacet
  facet normal -0.216166 -0.976357 0
    outer loop
      vertex 18.7765 2.8978 0
      vertex 18.7765 2.8978 15
      vertex 18.5209 2.95439 0
    endloop
  endfacet
  facet normal -0.216166 -0.976357 -0
    outer loop
      vertex 18.5209 2.95439 15
      vertex 18.5209 2.95439 0
      vertex 18.7765 2.8978 15
    endloop
  endfacet
  facet normal -0.300745 -0.953704 0
    outer loop
      vertex 19.0261 2.81909 0
      vertex 19.0261 2.81909 15
      vertex 18.7765 2.8978 0
    endloop
  endfacet
  facet normal -0.300745 -0.953704 -0
    outer loop
      vertex 18.7765 2.8978 15
      vertex 18.7765 2.8978 0
      vertex 19.0261 2.81909 15
    endloop
  endfacet
  facet normal -0.382824 -0.923821 0
    outer loop
      vertex 19.2679 2.71889 0
      vertex 19.2679 2.71889 15
      vertex 19.0261 2.81909 0
    endloop
  endfacet
  facet normal -0.382824 -0.923821 -0
    outer loop
      vertex 19.0261 2.81909 15
      vertex 19.0261 2.81909 0
      vertex 19.2679 2.71889 15
    endloop
  endfacet
  facet normal -0.461648 -0.887063 0
    outer loop
      vertex 19.5 2.5981 0
      vertex 19.5 2.5981 15
      vertex 19.2679 2.71889 0
    endloop
  endfacet
  facet normal -0.461648 -0.887063 -0
    outer loop
      vertex 19.2679 2.71889 15
      vertex 19.2679 2.71889 0
      vertex 19.5 2.5981 15
    endloop
  endfacet
  facet normal -0.537323 -0.843377 0
    outer loop
      vertex 19.7207 2.45749 0
      vertex 19.7207 2.45749 15
      vertex 19.5 2.5981 0
    endloop
  endfacet
  facet normal -0.537323 -0.843377 -0
    outer loop
      vertex 19.5 2.5981 15
      vertex 19.5 2.5981 0
      vertex 19.7207 2.45749 15
    endloop
  endfacet
  facet normal -0.6088 -0.793323 0
    outer loop
      vertex 19.9284 2.2981 0
      vertex 19.9284 2.2981 15
      vertex 19.7207 2.45749 0
    endloop
  endfacet
  facet normal -0.6088 -0.793323 -0
    outer loop
      vertex 19.7207 2.45749 15
      vertex 19.7207 2.45749 0
      vertex 19.9284 2.2981 15
    endloop
  endfacet
  facet normal -0.675693 -0.737183 0
    outer loop
      vertex 20.1213 2.12129 0
      vertex 20.1213 2.12129 15
      vertex 19.9284 2.2981 0
    endloop
  endfacet
  facet normal -0.675693 -0.737183 -0
    outer loop
      vertex 19.9284 2.2981 15
      vertex 19.9284 2.2981 0
      vertex 20.1213 2.12129 15
    endloop
  endfacet
  facet normal -0.737202 -0.675673 0
    outer loop
      vertex 20.2981 1.92839 0
      vertex 20.2981 1.92839 15
      vertex 20.1213 2.12129 0
    endloop
  endfacet
  facet normal -0.737202 -0.675673 -0
    outer loop
      vertex 20.1213 2.12129 15
      vertex 20.1213 2.12129 0
      vertex 20.2981 1.92839 15
    endloop
  endfacet
  facet normal -0.793305 -0.608824 0
    outer loop
      vertex 20.4575 1.72069 0
      vertex 20.4575 1.72069 15
      vertex 20.2981 1.92839 0
    endloop
  endfacet
  facet normal -0.793305 -0.608824 -0
    outer loop
      vertex 20.2981 1.92839 15
      vertex 20.2981 1.92839 0
      vertex 20.4575 1.72069 15
    endloop
  endfacet
  facet normal -0.843383 -0.537313 0
    outer loop
      vertex 20.5981 1.5 0
      vertex 20.5981 1.5 15
      vertex 20.4575 1.72069 0
    endloop
  endfacet
  facet normal -0.843383 -0.537313 -0
    outer loop
      vertex 20.4575 1.72069 15
      vertex 20.4575 1.72069 0
      vertex 20.5981 1.5 15
    endloop
  endfacet
  facet normal -0.887048 -0.461678 0
    outer loop
      vertex 20.7189 1.2679 0
      vertex 20.7189 1.2679 15
      vertex 20.5981 1.5 0
    endloop
  endfacet
  facet normal -0.887048 -0.461678 -0
    outer loop
      vertex 20.5981 1.5 15
      vertex 20.5981 1.5 0
      vertex 20.7189 1.2679 15
    endloop
  endfacet
  facet normal -0.923827 -0.382811 0
    outer loop
      vertex 20.8191 1.02609 0
      vertex 20.8191 1.02609 15
      vertex 20.7189 1.2679 0
    endloop
  endfacet
  facet normal -0.923827 -0.382811 -0
    outer loop
      vertex 20.7189 1.2679 15
      vertex 20.7189 1.2679 0
      vertex 20.8191 1.02609 15
    endloop
  endfacet
  facet normal -0.953716 -0.30071 0
    outer loop
      vertex 20.8978 0.776489 0
      vertex 20.8978 0.776489 15
      vertex 20.8191 1.02609 0
    endloop
  endfacet
  facet normal -0.953716 -0.30071 -0
    outer loop
      vertex 20.8191 1.02609 15
      vertex 20.8191 1.02609 0
      vertex 20.8978 0.776489 15
    endloop
  endfacet
  facet normal -0.976349 -0.216202 0
    outer loop
      vertex 20.9544 0.520889 0
      vertex 20.9544 0.520889 15
      vertex 20.8978 0.776489 0
    endloop
  endfacet
  facet normal -0.976349 -0.216202 -0
    outer loop
      vertex 20.8978 0.776489 15
      vertex 20.8978 0.776489 0
      vertex 20.9544 0.520889 15
    endloop
  endfacet
  facet normal -0.99142 -0.130712 0
    outer loop
      vertex 20.9886 0.26149 0
      vertex 20.9886 0.26149 15
      vertex 20.9544 0.520889 0
    endloop
  endfacet
  facet normal -0.99142 -0.130712 -0
    outer loop
      vertex 20.9544 0.520889 15
      vertex 20.9544 0.520889 0
      vertex 20.9886 0.26149 15
    endloop
  endfacet
  facet normal -0.999051 -0.0435549 0
    outer loop
      vertex 21 0 0
      vertex 21 0 15
      vertex 20.9886 0.26149 0
    endloop
  endfacet
  facet normal -0.999051 -0.0435549 -0
    outer loop
      vertex 20.9886 0.26149 15
      vertex 20.9886 0.26149 0
      vertex 21 0 15
    endloop
  endfacet
  facet normal -0.999051 0.0435549 0
    outer loop
      vertex 20.9886 -0.26149 0
      vertex 20.9886 -0.26149 15
      vertex 21 0 0
    endloop
  endfacet
  facet normal -0.999051 0.0435549 0
    outer loop
      vertex 21 0 15
      vertex 21 0 0
      vertex 20.9886 -0.26149 15
    endloop
  endfacet
  facet normal -0.99142 0.130712 0
    outer loop
      vertex 20.9544 -0.520889 0
      vertex 20.9544 -0.520889 15
      vertex 20.9886 -0.26149 0
    endloop
  endfacet
  facet normal -0.99142 0.130712 0
    outer loop
      vertex 20.9886 -0.26149 15
      vertex 20.9886 -0.26149 0
      vertex 20.9544 -0.520889 15
    endloop
  endfacet
  facet normal -0.976349 0.216202 0
    outer loop
      vertex 20.8978 -0.776489 0
      vertex 20.8978 -0.776489 15
      vertex 20.9544 -0.520889 0
    endloop
  endfacet
  facet normal -0.976349 0.216202 0
    outer loop
      vertex 20.9544 -0.520889 15
      vertex 20.9544 -0.520889 0
      vertex 20.8978 -0.776489 15
    endloop
  endfacet
  facet normal -0.953716 0.30071 0
    outer loop
      vertex 20.8191 -1.02609 0
      vertex 20.8191 -1.02609 15
      vertex 20.8978 -0.776489 0
    endloop
  endfacet
  facet normal -0.953716 0.30071 0
    outer loop
      vertex 20.8978 -0.776489 15
      vertex 20.8978 -0.776489 0
      vertex 20.8191 -1.02609 15
    endloop
  endfacet
  facet normal -0.923827 0.382811 0
    outer loop
      vertex 20.7189 -1.2679 0
      vertex 20.7189 -1.2679 15
      vertex 20.8191 -1.02609 0
    endloop
  endfacet
  facet normal -0.923827 0.382811 0
    outer loop
      vertex 20.8191 -1.02609 15
      vertex 20.8191 -1.02609 0
      vertex 20.7189 -1.2679 15
    endloop
  endfacet
  facet normal -0.887048 0.461678 0
    outer loop
      vertex 20.5981 -1.5 0
      vertex 20.5981 -1.5 15
      vertex 20.7189 -1.2679 0
    endloop
  endfacet
  facet normal -0.887048 0.461678 0
    outer loop
      vertex 20.7189 -1.2679 15
      vertex 20.7189 -1.2679 0
      vertex 20.5981 -1.5 15
    endloop
  endfacet
  facet normal -0.843383 0.537313 0
    outer loop
      vertex 20.4575 -1.72069 0
      vertex 20.4575 -1.72069 15
      vertex 20.5981 -1.5 0
    endloop
  endfacet
  facet normal -0.843383 0.537313 0
    outer loop
      vertex 20.5981 -1.5 15
      vertex 20.5981 -1.5 0
      vertex 20.4575 -1.72069 15
    endloop
  endfacet
  facet normal -0.793305 0.608824 0
    outer loop
      vertex 20.2981 -1.92839 0
      vertex 20.2981 -1.92839 15
      vertex 20.4575 -1.72069 0
    endloop
  endfacet
  facet normal -0.793305 0.608824 0
    outer loop
      vertex 20.4575 -1.72069 15
      vertex 20.4575 -1.72069 0
      vertex 20.2981 -1.92839 15
    endloop
  endfacet
  facet normal -0.737202 0.675673 0
    outer loop
      vertex 20.1213 -2.12129 0
      vertex 20.1213 -2.12129 15
      vertex 20.2981 -1.92839 0
    endloop
  endfacet
  facet normal -0.737202 0.675673 0
    outer loop
      vertex 20.2981 -1.92839 15
      vertex 20.2981 -1.92839 0
      vertex 20.1213 -2.12129 15
    endloop
  endfacet
  facet normal -0.675693 0.737183 0
    outer loop
      vertex 19.9284 -2.2981 0
      vertex 19.9284 -2.2981 15
      vertex 20.1213 -2.12129 0
    endloop
  endfacet
  facet normal -0.675693 0.737183 0
    outer loop
      vertex 20.1213 -2.12129 15
      vertex 20.1213 -2.12129 0
      vertex 19.9284 -2.2981 15
    endloop
  endfacet
  facet normal -0.6088 0.793323 0
    outer loop
      vertex 19.7207 -2.45749 0
      vertex 19.7207 -2.45749 15
      vertex 19.9284 -2.2981 0
    endloop
  endfacet
  facet normal -0.6088 0.793323 0
    outer loop
      vertex 19.9284 -2.2981 15
      vertex 19.9284 -2.2981 0
      vertex 19.7207 -2.45749 15
    endloop
  endfacet
  facet normal -0.537323 0.843377 0
    outer loop
      vertex 19.5 -2.5981 0
      vertex 19.5 -2.5981 15
      vertex 19.7207 -2.45749 0
    endloop
  endfacet
  facet normal -0.537323 0.843377 0
    outer loop
      vertex 19.7207 -2.45749 15
      vertex 19.7207 -2.45749 0
      vertex 19.5 -2.5981 15
    endloop
  endfacet
  facet normal -0.461648 0.887063 0
    outer loop
      vertex 19.2679 -2.71889 0
      vertex 19.2679 -2.71889 15
      vertex 19.5 -2.5981 0
    endloop
  endfacet
  facet normal -0.461648 0.887063 0
    outer loop
      vertex 19.5 -2.5981 15
      vertex 19.5 -2.5981 0
      vertex 19.2679 -2.71889 15
    endloop
  endfacet
  facet normal -0.382824 0.923821 0
    outer loop
      vertex 19.0261 -2.81909 0
      vertex 19.0261 -2.81909 15
      vertex 19.2679 -2.71889 0
    endloop
  endfacet
  facet normal -0.382824 0.923821 0
    outer loop
      vertex 19.2679 -2.71889 15
      vertex 19.2679 -2.71889 0
      vertex 19.0261 -2.81909 15
    endloop
  endfacet
  facet normal -0.300745 0.953704 0
    outer loop
      vertex 18.7765 -2.8978 0
      vertex 18.7765 -2.8978 15
      vertex 19.0261 -2.81909 0
    endloop
  endfacet
  facet normal -0.300745 0.953704 0
    outer loop
      vertex 19.0261 -2.81909 15
      vertex 19.0261 -2.81909 0
      vertex 18.7765 -2.8978 15
    endloop
  endfacet
  facet normal -0.216166 0.976357 0
    outer loop
      vertex 18.5209 -2.95439 0
      vertex 18.5209 -2.95439 15
      vertex 18.7765 -2.8978 0
    endloop
  endfacet
  facet normal -0.216166 0.976357 0
    outer loop
      vertex 18.7765 -2.8978 15
      vertex 18.7765 -2.8978 0
      vertex 18.5209 -2.95439 15
    endloop
  endfacet
  facet normal -0.130712 0.99142 0
    outer loop
      vertex 18.2615 -2.98859 0
      vertex 18.2615 -2.98859 15
      vertex 18.5209 -2.95439 0
    endloop
  endfacet
  facet normal -0.130712 0.99142 0
    outer loop
      vertex 18.5209 -2.95439 15
      vertex 18.5209 -2.95439 0
      vertex 18.2615 -2.98859 15
    endloop
  endfacet
  facet normal -0.0435914 0.999049 0
    outer loop
      vertex 18 -3 0
      vertex 18 -3 15
      vertex 18.2615 -2.98859 0
    endloop
  endfacet
  facet normal -0.0435914 0.999049 0
    outer loop
      vertex 18.2615 -2.98859 15
      vertex 18.2615 -2.98859 0
      vertex 18 -3 15
    endloop
  endfacet
  facet normal 0.0435914 0.999049 -0
    outer loop
      vertex 17.7385 -2.98859 0
      vertex 17.7385 -2.98859 15
      vertex 18 -3 0
    endloop
  endfacet
  facet normal 0.0435914 0.999049 0
    outer loop
      vertex 18 -3 15
      vertex 18 -3 0
      vertex 17.7385 -2.98859 15
    endloop
  endfacet
endsolid OpenSCAD_Model
