solid OpenSCAD_Model
  facet normal -0 0 -1
    outer loop
      vertex 25.9537 -25.7803 0
      vertex 25 -43.3013 0
      vertex 25.4545 -25.6229 0
    endloop
  endfacet
  facet normal 0 0 -1
    outer loop
      vertex 28.5485 -14.0759 0
      vertex 19.9239 -1.74309 0
      vertex 29.0595 -14.1891 0
    endloop
  endfacet
  facet normal 0 0 -1
    outer loop
      vertex 22.9103 -23.8414 0
      vertex 6.84039 -18.7939 0
      vertex 22.5917 -23.4262 0
    endloop
  endfacet
  facet normal 0 0 -1
    outer loop
      vertex 48.9074 -10.3956 0
      vertex 32.9444 -22.5204 0
      vertex 33.1448 -22.0368 0
    endloop
  endfacet
  facet normal 0 0 -1
    outer loop
      vertex 30.0423 14.5469 0
      vertex 48.9074 10.3956 0
      vertex 48.9074 -10.3956 0
    endloop
  endfacet
  facet normal 0 0 -1
    outer loop
      vertex 17.3205 -10 0
      vertex 24.0651 -15.0698 0
      vertex 23.6499 -15.3884 0
    endloop
  endfacet
  facet normal 0 0 -1
    outer loop
      vertex 10 -17.3205 0
      vertex 11.4715 -16.383 0
      vertex 21.711 -21.5376 0
    endloop
  endfacet
  facet normal 0 0 -1
    outer loop
      vertex 59.1128 9.1064 0
      vertex 53.1951 -13.2443 0
      vertex 48.9074 -10.3956 0
    endloop
  endfacet
  facet normal 0 -0 -1
    outer loop
      vertex 64.2605 9.1064 0
      vertex 69.3903 9.53709 0
      vertex 62.4088 -17.8181 0
    endloop
  endfacet
  facet normal 0 0 -1
    outer loop
      vertex 12.3724 68.9412 0
      vertex 42.102 62.2949 0
      vertex 39.3437 57.9485 0
    endloop
  endfacet
  facet normal 0 0 -1
    outer loop
      vertex 97.8148 20.7912 0
      vertex 118.177 20.8378 0
      vertex 119.543 10.4587 0
    endloop
  endfacet
  facet normal 0 0 -1
    outer loop
      vertex 120 0 0
      vertex 93.5271 17.9425 0
      vertex 119.543 10.4587 0
    endloop
  endfacet
  facet normal 0 0 -1
    outer loop
      vertex 25 43.3013 0
      vertex 5.22639 49.7261 0
      vertex 7.6113 54.2881 0
    endloop
  endfacet
  facet normal 0 0 -1
    outer loop
      vertex 59.1128 9.1064 0
      vertex 57.7061 -15.7243 0
      vertex 53.1951 -13.2443 0
    endloop
  endfacet
  facet normal 0 0 -1
    outer loop
      vertex -8.95369 38.1315 0
      vertex 5.22639 49.7261 0
      vertex -8.4545 37.9741 0
    endloop
  endfacet
  facet normal 0 0 -1
    outer loop
      vertex 72.2563 -20.7912 0
      vertex 67.2702 -19.511 0
      vertex 69.3903 9.53709 0
    endloop
  endfacet
  facet normal -0 0 -1
    outer loop
      vertex 112.763 41.0424 0
      vertex 97.8148 20.7912 0
      vertex 108.757 50.7142 0
    endloop
  endfacet
  facet normal 0 0 -1
    outer loop
      vertex 7.6113 54.2881 0
      vertex 9.60619 59.0336 0
      vertex 25 43.3013 0
    endloop
  endfacet
  facet normal 0 0 -1
    outer loop
      vertex 32.7868 50.0227 0
      vertex 11.1969 63.9294 0
      vertex 36.2313 53.8482 0
    endloop
  endfacet
  facet normal -0 0 -1
    outer loop
      vertex 48.0725 76.4982 0
      vertex 46.4818 71.6024 0
      vertex 13.4476 79.1713 0
    endloop
  endfacet
  facet normal -0 0 -1
    outer loop
      vertex 39.3437 57.9485 0
      vertex 36.2313 53.8482 0
      vertex 12.3724 68.9412 0
    endloop
  endfacet
  facet normal 0 0 -1
    outer loop
      vertex 11.1969 63.9294 0
      vertex 12.3724 68.9412 0
      vertex 36.2313 53.8482 0
    endloop
  endfacet
  facet normal 0 -0 -1
    outer loop
      vertex 74.4659 10.3956 0
      vertex 77.3319 -21.6497 0
      vertex 72.2563 -20.7912 0
    endloop
  endfacet
  facet normal 0 0 -1
    outer loop
      vertex 42.102 62.2949 0
      vertex 13.1244 74.0337 0
      vertex 44.4869 66.8569 0
    endloop
  endfacet
  facet normal 0 0 -1
    outer loop
      vertex 48.0725 76.4982 0
      vertex 13.4476 79.1713 0
      vertex 13.3398 84.3179 0
    endloop
  endfacet
  facet normal 0 -0 -1
    outer loop
      vertex 103.923 60 0
      vertex 108.757 50.7142 0
      vertex 97.8148 20.7912 0
    endloop
  endfacet
  facet normal 0 0 -1
    outer loop
      vertex 31.0583 115.911 0
      vertex 11.8371 94.4941 0
      vertex 10.4528 99.4522 0
    endloop
  endfacet
  facet normal 0 -0 -1
    outer loop
      vertex 31.0583 115.911 0
      vertex 41.0424 112.763 0
      vertex 11.8371 94.4941 0
    endloop
  endfacet
  facet normal 0 0 -1
    outer loop
      vertex 9.60619 59.0336 0
      vertex 32.7868 50.0227 0
      vertex 29.0343 46.4988 0
    endloop
  endfacet
  facet normal 0 -0 -1
    outer loop
      vertex 10.4587 119.543 0
      vertex 20.8378 118.177 0
      vertex 10.4528 99.4522 0
    endloop
  endfacet
  facet normal 0 -0 -1
    outer loop
      vertex -10.4587 119.543 0
      vertex 10.4528 99.4522 0
      vertex -20.8378 118.177 0
    endloop
  endfacet
  facet normal 0 0 -1
    outer loop
      vertex -10.4587 119.543 0
      vertex 0 120 0
      vertex 10.4528 99.4522 0
    endloop
  endfacet
  facet normal 0 0 -1
    outer loop
      vertex 79.452 11.6758 0
      vertex 77.3319 -21.6497 0
      vertex 74.4659 10.3956 0
    endloop
  endfacet
  facet normal 0 0 -1
    outer loop
      vertex -31.0583 115.911 0
      vertex -20.8378 118.177 0
      vertex 10.4528 99.4522 0
    endloop
  endfacet
  facet normal 0 0 -1
    outer loop
      vertex 10.4528 99.4522 0
      vertex 0 120 0
      vertex 10.4587 119.543 0
    endloop
  endfacet
  facet normal 0 0 -1
    outer loop
      vertex 62.4088 -17.8181 0
      vertex 57.7061 -15.7243 0
      vertex 64.2605 9.1064 0
    endloop
  endfacet
  facet normal 0 0 -1
    outer loop
      vertex 12.8017 89.4375 0
      vertex 11.8371 94.4941 0
      vertex 41.0424 112.763 0
    endloop
  endfacet
  facet normal 0 0 -1
    outer loop
      vertex -76.0688 38.7427 0
      vertex -57.899 69.3589 0
      vertex -71.1408 37.2548 0
    endloop
  endfacet
  facet normal 0 0 -1
    outer loop
      vertex -76.0688 38.7427 0
      vertex -66.9131 74.3145 0
      vertex -62.3022 72.0256 0
    endloop
  endfacet
  facet normal 0 0 -1
    outer loop
      vertex -76.0688 38.7427 0
      vertex -62.3022 72.0256 0
      vertex -57.899 69.3589 0
    endloop
  endfacet
  facet normal 0 0 -1
    outer loop
      vertex -91.9253 -77.1345 0
      vertex -65.1187 -69.4896 0
      vertex -66.9131 -74.3145 0
    endloop
  endfacet
  facet normal 0 0 -1
    outer loop
      vertex -112.763 41.0424 0
      vertex -108.757 50.7142 0
      vertex -91.3545 40.6737 0
    endloop
  endfacet
  facet normal 0 -0 -1
    outer loop
      vertex -57.899 69.3589 0
      vertex -53.7343 66.3332 0
      vertex -71.1408 37.2548 0
    endloop
  endfacet
  facet normal 0 0 -1
    outer loop
      vertex -103.923 -60 0
      vertex -108.757 -50.7142 0
      vertex -91.3545 -40.6737 0
    endloop
  endfacet
  facet normal 0 0 -1
    outer loop
      vertex -66.3545 35.3598 0
      vertex -71.1408 37.2548 0
      vertex -49.8375 62.9695 0
    endloop
  endfacet
  facet normal 0 -0 -1
    outer loop
      vertex -115.911 31.0583 0
      vertex -91.3545 40.6737 0
      vertex -118.177 20.8378 0
    endloop
  endfacet
  facet normal 0 0 -1
    outer loop
      vertex -118.177 -20.8378 0
      vertex -91.3545 -40.6737 0
      vertex -115.911 -31.0583 0
    endloop
  endfacet
  facet normal 0 0 -1
    outer loop
      vertex -119.543 10.4587 0
      vertex -118.177 20.8378 0
      vertex -91.3545 40.6737 0
    endloop
  endfacet
  facet normal 0 0 -1
    outer loop
      vertex -91.3545 -40.6737 0
      vertex -108.757 -50.7142 0
      vertex -112.763 -41.0424 0
    endloop
  endfacet
  facet normal 0 0 -1
    outer loop
      vertex -91.3545 -40.6737 0
      vertex -120 0 0
      vertex -91.3545 40.6737 0
    endloop
  endfacet
  facet normal 0 0 -1
    outer loop
      vertex -91.3545 -40.6737 0
      vertex -119.543 -10.4587 0
      vertex -120 0 0
    endloop
  endfacet
  facet normal 0 0 -1
    outer loop
      vertex -91.3545 -40.6737 0
      vertex -118.177 -20.8378 0
      vertex -119.543 -10.4587 0
    endloop
  endfacet
  facet normal 0 0 -1
    outer loop
      vertex -91.3545 40.6737 0
      vertex -120 0 0
      vertex -119.543 10.4587 0
    endloop
  endfacet
  facet normal -0 0 -1
    outer loop
      vertex -91.3545 -40.6737 0
      vertex -112.763 -41.0424 0
      vertex -115.911 -31.0583 0
    endloop
  endfacet
  facet normal 0 -0 -1
    outer loop
      vertex -53.7343 66.3332 0
      vertex -49.8375 62.9695 0
      vertex -71.1408 37.2548 0
    endloop
  endfacet
  facet normal 0 0 -1
    outer loop
      vertex -68.8292 -98.2982 0
      vertex -66.9131 -74.3145 0
      vertex -60 -103.923 0
    endloop
  endfacet
  facet normal 0 0 -1
    outer loop
      vertex -98.2982 -68.8292 0
      vertex -91.3545 -40.6737 0
      vertex -62.9269 -64.8317 0
    endloop
  endfacet
  facet normal 0 0 -1
    outer loop
      vertex -70.6773 -25.6507 0
      vertex -50.5321 -48.5022 0
      vertex -54.1338 -52.1801 0
    endloop
  endfacet
  facet normal 0 0 -1
    outer loop
      vertex -81.1041 39.8129 0
      vertex -66.9131 74.3145 0
      vertex -76.0688 38.7427 0
    endloop
  endfacet
  facet normal 0 0 -1
    outer loop
      vertex -41.0424 -112.763 0
      vertex -50.7142 -108.757 0
      vertex -66.9131 -74.3145 0
    endloop
  endfacet
  facet normal 0 -0 -1
    outer loop
      vertex 26.9837 14.0075 0
      vertex 27.5066 13.9847 0
      vertex 19.3185 5.17639 0
    endloop
  endfacet
  facet normal -0 0 -1
    outer loop
      vertex 10.4587 -119.543 0
      vertex 0 -120 0
      vertex 10.4528 -99.4522 0
    endloop
  endfacet
  facet normal 0 0 -1
    outer loop
      vertex 42.2132 -79.8811 0
      vertex 41.0424 -112.763 0
      vertex 31.0583 -115.911 0
    endloop
  endfacet
  facet normal -0 0 -1
    outer loop
      vertex -15.3209 12.8558 0
      vertex -16.383 11.4715 0
      vertex -15.4215 28.8944 0
    endloop
  endfacet
  facet normal 0 -0 -1
    outer loop
      vertex 25.4545 14.3465 0
      vertex 25.9537 14.1891 0
      vertex 18.7939 6.84039 0
    endloop
  endfacet
  facet normal 0 0 -1
    outer loop
      vertex 50 -86.6025 0
      vertex 84.8528 -84.8528 0
      vertex 77.1345 -91.9253 0
    endloop
  endfacet
  facet normal 0 0 -1
    outer loop
      vertex 10.4528 -99.4522 0
      vertex 20.8378 -118.177 0
      vertex 10.4587 -119.543 0
    endloop
  endfacet
  facet normal 0 0 -1
    outer loop
      vertex 18.1262 -8.45239 0
      vertex 18.7939 -6.84039 0
      vertex 25.4545 -14.3465 0
    endloop
  endfacet
  facet normal 0 0 -1
    outer loop
      vertex 12.3724 68.9412 0
      vertex 13.1244 74.0337 0
      vertex 42.102 62.2949 0
    endloop
  endfacet
  facet normal 0 -0 -1
    outer loop
      vertex -103.923 60 0
      vertex -91.3545 40.6737 0
      vertex -108.757 50.7142 0
    endloop
  endfacet
  facet normal 0 -0 -1
    outer loop
      vertex 11.1969 63.9294 0
      vertex 32.7868 50.0227 0
      vertex 9.60619 59.0336 0
    endloop
  endfacet
  facet normal 0 0 -1
    outer loop
      vertex -81.1041 39.8129 0
      vertex -98.2982 68.8292 0
      vertex -66.9131 74.3145 0
    endloop
  endfacet
  facet normal 0 0 -1
    outer loop
      vertex -84.8528 84.8528 0
      vertex -77.1345 91.9253 0
      vertex -66.9131 74.3145 0
    endloop
  endfacet
  facet normal 0 0 -1
    outer loop
      vertex -66.9131 74.3145 0
      vertex -77.1345 91.9253 0
      vertex -68.8292 98.2982 0
    endloop
  endfacet
  facet normal 0 0 -1
    outer loop
      vertex -81.1041 39.8129 0
      vertex -86.2113 40.4581 0
      vertex -98.2982 68.8292 0
    endloop
  endfacet
  facet normal 0 0 -1
    outer loop
      vertex -98.2982 68.8292 0
      vertex -86.2113 40.4581 0
      vertex -91.3545 40.6737 0
    endloop
  endfacet
  facet normal 0 0 -1
    outer loop
      vertex -103.923 60 0
      vertex -98.2982 68.8292 0
      vertex -91.3545 40.6737 0
    endloop
  endfacet
  facet normal 0 -0 -1
    outer loop
      vertex -84.8528 84.8528 0
      vertex -66.9131 74.3145 0
      vertex -91.9253 77.1345 0
    endloop
  endfacet
  facet normal -0 0 -1
    outer loop
      vertex -66.9131 74.3145 0
      vertex -98.2982 68.8292 0
      vertex -91.9253 77.1345 0
    endloop
  endfacet
  facet normal 0 0 -1
    outer loop
      vertex 10.4528 99.4522 0
      vertex 20.8378 118.177 0
      vertex 31.0583 115.911 0
    endloop
  endfacet
  facet normal 0 0 -1
    outer loop
      vertex -68.8292 98.2982 0
      vertex -60 103.923 0
      vertex -66.9131 74.3145 0
    endloop
  endfacet
  facet normal 0 -0 -1
    outer loop
      vertex -60 103.923 0
      vertex -50.7142 108.757 0
      vertex -66.9131 74.3145 0
    endloop
  endfacet
  facet normal 0 -0 -1
    outer loop
      vertex -50.7142 108.757 0
      vertex -41.0424 112.763 0
      vertex -66.9131 74.3145 0
    endloop
  endfacet
  facet normal 0 -0 -1
    outer loop
      vertex -41.0424 112.763 0
      vertex 10.4528 99.4522 0
      vertex -66.9131 74.3145 0
    endloop
  endfacet
  facet normal 0 -0 -1
    outer loop
      vertex -31.0583 115.911 0
      vertex 10.4528 99.4522 0
      vertex -41.0424 112.763 0
    endloop
  endfacet
  facet normal 0 0 -1
    outer loop
      vertex 93.5271 17.9425 0
      vertex 97.8148 20.7912 0
      vertex 119.543 10.4587 0
    endloop
  endfacet
  facet normal 0 0 -1
    outer loop
      vertex 62.4088 -17.8181 0
      vertex 69.3903 9.53709 0
      vertex 67.2702 -19.511 0
    endloop
  endfacet
  facet normal -0 0 -1
    outer loop
      vertex 26.9837 -25.9619 0
      vertex 25 -43.3013 0
      vertex 26.4647 -25.8935 0
    endloop
  endfacet
  facet normal 0 0 -1
    outer loop
      vertex 15.3209 -12.8558 0
      vertex 22.3104 -16.9847 0
      vertex 22.0688 -17.449 0
    endloop
  endfacet
  facet normal 0 -0 -1
    outer loop
      vertex 45.9657 -83.405 0
      vertex 50 -86.6025 0
      vertex 41.0424 -112.763 0
    endloop
  endfacet
  facet normal -0 0 -1
    outer loop
      vertex 97.8148 -20.7912 0
      vertex 92.7391 -21.6497 0
      vertex 84.3134 13.3687 0
    endloop
  endfacet
  facet normal -0 0 -1
    outer loop
      vertex -15.4215 28.8944 0
      vertex -16.383 11.4715 0
      vertex -15.7028 29.3359 0
    endloop
  endfacet
  facet normal 0 -0 -1
    outer loop
      vertex 38.7687 -76.0556 0
      vertex 42.2132 -79.8811 0
      vertex 10.4528 -99.4522 0
    endloop
  endfacet
  facet normal 0 0 -1
    outer loop
      vertex -49.279 24.0147 0
      vertex -53.1758 27.3784 0
      vertex -33.4565 37.1572 0
    endloop
  endfacet
  facet normal 0 0 -1
    outer loop
      vertex 25 43.3013 0
      vertex 9.60619 59.0336 0
      vertex 29.0343 46.4988 0
    endloop
  endfacet
  facet normal 0 -0 -1
    outer loop
      vertex 13.4476 79.1713 0
      vertex 44.4869 66.8569 0
      vertex 13.1244 74.0337 0
    endloop
  endfacet
  facet normal 0 -0 -1
    outer loop
      vertex 84.3134 13.3687 0
      vertex 87.6094 -22.0804 0
      vertex 79.452 11.6758 0
    endloop
  endfacet
  facet normal 0 0 -1
    outer loop
      vertex 13.4476 79.1713 0
      vertex 46.4818 71.6024 0
      vertex 44.4869 66.8569 0
    endloop
  endfacet
  facet normal 0 -0 -1
    outer loop
      vertex 60 103.923 0
      vertex 68.8292 98.2982 0
      vertex 50 86.6025 0
    endloop
  endfacet
  facet normal 0 0 -1
    outer loop
      vertex 50 86.6025 0
      vertex 68.8292 98.2982 0
      vertex 77.1345 91.9253 0
    endloop
  endfacet
  facet normal -0 0 -1
    outer loop
      vertex 49.248 81.51 0
      vertex 48.0725 76.4982 0
      vertex 13.3398 84.3179 0
    endloop
  endfacet
  facet normal 0 0 -1
    outer loop
      vertex 50 86.6025 0
      vertex 49.248 81.51 0
      vertex 13.3398 84.3179 0
    endloop
  endfacet
  facet normal 0 0 -1
    outer loop
      vertex 12.8017 89.4375 0
      vertex 50 86.6025 0
      vertex 13.3398 84.3179 0
    endloop
  endfacet
  facet normal 0 0 -1
    outer loop
      vertex 89.0161 15.4625 0
      vertex 93.5271 17.9425 0
      vertex 120 0 0
    endloop
  endfacet
  facet normal 0 0 -1
    outer loop
      vertex 12.8017 89.4375 0
      vertex 41.0424 112.763 0
      vertex 50 86.6025 0
    endloop
  endfacet
  facet normal -0 0 -1
    outer loop
      vertex 60 103.923 0
      vertex 50 86.6025 0
      vertex 50.7142 108.757 0
    endloop
  endfacet
  facet normal 0 0 -1
    outer loop
      vertex 50 86.6025 0
      vertex 41.0424 112.763 0
      vertex 50.7142 108.757 0
    endloop
  endfacet
  facet normal -0 0 -1
    outer loop
      vertex 118.177 20.8378 0
      vertex 97.8148 20.7912 0
      vertex 115.911 31.0583 0
    endloop
  endfacet
  facet normal 0 0 -1
    outer loop
      vertex 97.8148 20.7912 0
      vertex 112.763 41.0424 0
      vertex 115.911 31.0583 0
    endloop
  endfacet
  facet normal 0 -0 -1
    outer loop
      vertex 77.1345 91.9253 0
      vertex 84.8528 84.8528 0
      vertex 50 86.6025 0
    endloop
  endfacet
  facet normal -0 -0 -1
    outer loop
      vertex 84.8528 84.8528 0
      vertex 91.9253 77.1345 0
      vertex 50 86.6025 0
    endloop
  endfacet
  facet normal -0 -0 -1
    outer loop
      vertex 91.9253 77.1345 0
      vertex 98.2982 68.8292 0
      vertex 50 86.6025 0
    endloop
  endfacet
  facet normal -0 0 -1
    outer loop
      vertex 98.2982 68.8292 0
      vertex 97.8148 20.7912 0
      vertex 50 86.6025 0
    endloop
  endfacet
  facet normal -0 0 -1
    outer loop
      vertex 103.923 60 0
      vertex 97.8148 20.7912 0
      vertex 98.2982 68.8292 0
    endloop
  endfacet
  facet normal -0 0 -1
    outer loop
      vertex 64.2605 9.1064 0
      vertex 57.7061 -15.7243 0
      vertex 59.1128 9.1064 0
    endloop
  endfacet
  facet normal 0 0 -1
    outer loop
      vertex -103.923 -60 0
      vertex -91.3545 -40.6737 0
      vertex -98.2982 -68.8292 0
    endloop
  endfacet
  facet normal 0 -0 -1
    outer loop
      vertex -112.763 41.0424 0
      vertex -91.3545 40.6737 0
      vertex -115.911 31.0583 0
    endloop
  endfacet
  facet normal -0 0 -1
    outer loop
      vertex -46.2358 59.2916 0
      vertex -66.3545 35.3598 0
      vertex -49.8375 62.9695 0
    endloop
  endfacet
  facet normal 0 0 -1
    outer loop
      vertex -46.2358 59.2916 0
      vertex -61.7436 33.0709 0
      vertex -66.3545 35.3598 0
    endloop
  endfacet
  facet normal 0 -0 -1
    outer loop
      vertex -46.2358 59.2916 0
      vertex -42.9545 55.3251 0
      vertex -61.7436 33.0709 0
    endloop
  endfacet
  facet normal 0 0 -1
    outer loop
      vertex -61.7436 33.0709 0
      vertex -42.9545 55.3251 0
      vertex -40.0166 51.0981 0
    endloop
  endfacet
  facet normal 0 0 -1
    outer loop
      vertex -57.3404 30.4042 0
      vertex -61.7436 33.0709 0
      vertex -40.0166 51.0981 0
    endloop
  endfacet
  facet normal -0 0 -1
    outer loop
      vertex -37.4427 46.64 0
      vertex -57.3404 30.4042 0
      vertex -40.0166 51.0981 0
    endloop
  endfacet
  facet normal 0 0 -1
    outer loop
      vertex -37.4427 46.64 0
      vertex -53.1758 27.3784 0
      vertex -57.3404 30.4042 0
    endloop
  endfacet
  facet normal 0 -0 -1
    outer loop
      vertex -37.4427 46.64 0
      vertex -35.2509 41.9821 0
      vertex -53.1758 27.3784 0
    endloop
  endfacet
  facet normal 0 0 -1
    outer loop
      vertex -79.6914 -30.6063 0
      vertex -75.2882 -27.9396 0
      vertex -57.4151 -56.1466 0
    endloop
  endfacet
  facet normal 0 0 -1
    outer loop
      vertex -53.1758 27.3784 0
      vertex -35.2509 41.9821 0
      vertex -33.4565 37.1572 0
    endloop
  endfacet
  facet normal -0 0 -1
    outer loop
      vertex 32.898 -67.6089 0
      vertex 2.55479 -75.1446 0
      vertex 30.5131 -63.0469 0
    endloop
  endfacet
  facet normal 0 0 -1
    outer loop
      vertex -49.279 24.0147 0
      vertex -33.4565 37.1572 0
      vertex -45.6773 20.3368 0
    endloop
  endfacet
  facet normal 0 0 -1
    outer loop
      vertex 10.4528 -99.4522 0
      vertex 31.0583 -115.911 0
      vertex 20.8378 -118.177 0
    endloop
  endfacet
  facet normal 0 -0 -1
    outer loop
      vertex -13.9481 27.421 0
      vertex -12.8558 15.3209 0
      vertex -14.1421 14.1421 0
    endloop
  endfacet
  facet normal 0 0 -1
    outer loop
      vertex -31.0583 -115.911 0
      vertex 10.4528 -99.4522 0
      vertex -20.8378 -118.177 0
    endloop
  endfacet
  facet normal 0 0 -1
    outer loop
      vertex -83.856 -33.6321 0
      vertex -79.6914 -30.6063 0
      vertex -57.4151 -56.1466 0
    endloop
  endfacet
  facet normal 0 0 -1
    outer loop
      vertex -60.353 -60.3736 0
      vertex -83.856 -33.6321 0
      vertex -57.4151 -56.1466 0
    endloop
  endfacet
  facet normal 0 0 -1
    outer loop
      vertex -87.7528 -36.9958 0
      vertex -83.856 -33.6321 0
      vertex -60.353 -60.3736 0
    endloop
  endfacet
  facet normal 0 0 -1
    outer loop
      vertex -77.1345 -91.9253 0
      vertex -84.8528 -84.8528 0
      vertex -66.9131 -74.3145 0
    endloop
  endfacet
  facet normal 0 0 -1
    outer loop
      vertex -60.353 -60.3736 0
      vertex -91.3545 -40.6737 0
      vertex -87.7528 -36.9958 0
    endloop
  endfacet
  facet normal -0 0 -1
    outer loop
      vertex -60.353 -60.3736 0
      vertex -62.9269 -64.8317 0
      vertex -91.3545 -40.6737 0
    endloop
  endfacet
  facet normal 0 0 -1
    outer loop
      vertex -62.9269 -64.8317 0
      vertex -65.1187 -69.4896 0
      vertex -98.2982 -68.8292 0
    endloop
  endfacet
  facet normal 0 0 -1
    outer loop
      vertex -84.8528 -84.8528 0
      vertex -91.9253 -77.1345 0
      vertex -66.9131 -74.3145 0
    endloop
  endfacet
  facet normal 0 0 -1
    outer loop
      vertex -91.9253 -77.1345 0
      vertex -98.2982 -68.8292 0
      vertex -65.1187 -69.4896 0
    endloop
  endfacet
  facet normal 0 0 -1
    outer loop
      vertex -11.4715 16.383 0
      vertex -13.0423 26.8981 0
      vertex -12.5587 26.6977 0
    endloop
  endfacet
  facet normal 0 0 -1
    outer loop
      vertex 5.22639 49.7261 0
      vertex -4.59779 33.3778 0
      vertex -4.711 33.8888 0
    endloop
  endfacet
  facet normal 0 0 -1
    outer loop
      vertex -14.3633 27.7396 0
      vertex -13.9481 27.421 0
      vertex -14.1421 14.1421 0
    endloop
  endfacet
  facet normal 0 0 -1
    outer loop
      vertex -33.4565 37.1572 0
      vertex -13.0423 37.7737 0
      vertex -13.5066 37.5321 0
    endloop
  endfacet
  facet normal 0 -0 -1
    outer loop
      vertex -7.06509 -37.2508 0
      vertex 5.22639 -49.7261 0
      vertex -7.50659 -37.5321 0
    endloop
  endfacet
  facet normal 0 0 -1
    outer loop
      vertex -15.4215 28.8944 0
      vertex -15.1029 28.4792 0
      vertex -15.3209 12.8558 0
    endloop
  endfacet
  facet normal 0 0 -1
    outer loop
      vertex -34.5229 5.97719 0
      vertex -45.6773 20.3368 0
      vertex -34 6 0
    endloop
  endfacet
  facet normal 0 0 -1
    outer loop
      vertex -39.9772 0.522888 0
      vertex -45.6773 20.3368 0
      vertex -39.9088 1.04189 0
    endloop
  endfacet
  facet normal 0 0 -1
    outer loop
      vertex -16.383 11.4715 0
      vertex -17.3205 10 0
      vertex -31.9479 5.6382 0
    endloop
  endfacet
  facet normal 0 0 -1
    outer loop
      vertex -15.7028 29.3359 0
      vertex -32.4471 5.79559 0
      vertex -32.9581 5.9088 0
    endloop
  endfacet
  facet normal 0 0 -1
    outer loop
      vertex -45.6773 20.3368 0
      vertex -35.0419 5.9088 0
      vertex -35.5529 5.79559 0
    endloop
  endfacet
  facet normal 0 0 -1
    outer loop
      vertex -45.6773 20.3368 0
      vertex -33.4565 37.1572 0
      vertex -15.7028 29.3359 0
    endloop
  endfacet
  facet normal 0 0 -1
    outer loop
      vertex -15.7028 29.3359 0
      vertex -33.4565 37.1572 0
      vertex -15.9444 29.8002 0
    endloop
  endfacet
  facet normal 0 0 -1
    outer loop
      vertex -15.9444 29.8002 0
      vertex -33.4565 37.1572 0
      vertex -16.1448 30.2838 0
    endloop
  endfacet
  facet normal 0 0 -1
    outer loop
      vertex -16.1448 30.2838 0
      vertex -33.4565 37.1572 0
      vertex -16.3022 30.783 0
    endloop
  endfacet
  facet normal 0 0 -1
    outer loop
      vertex -16.3022 30.783 0
      vertex -33.4565 37.1572 0
      vertex -16.4154 31.294 0
    endloop
  endfacet
  facet normal 0 0 -1
    outer loop
      vertex -16.4154 31.294 0
      vertex -33.4565 37.1572 0
      vertex -16.4838 31.813 0
    endloop
  endfacet
  facet normal 0 0 -1
    outer loop
      vertex -16.4838 31.813 0
      vertex -33.4565 37.1572 0
      vertex -16.5066 32.3359 0
    endloop
  endfacet
  facet normal 0 0 -1
    outer loop
      vertex -16.5066 32.3359 0
      vertex -33.4565 37.1572 0
      vertex -16.4838 32.8588 0
    endloop
  endfacet
  facet normal 0 0 -1
    outer loop
      vertex -16.4838 32.8588 0
      vertex -33.4565 37.1572 0
      vertex -16.4154 33.3778 0
    endloop
  endfacet
  facet normal 0 0 -1
    outer loop
      vertex -16.4154 33.3778 0
      vertex -33.4565 37.1572 0
      vertex -16.3022 33.8888 0
    endloop
  endfacet
  facet normal 0 0 -1
    outer loop
      vertex -16.3022 33.8888 0
      vertex -33.4565 37.1572 0
      vertex -16.1448 34.388 0
    endloop
  endfacet
  facet normal 0 0 -1
    outer loop
      vertex -16.1448 34.388 0
      vertex -33.4565 37.1572 0
      vertex -15.9444 34.8716 0
    endloop
  endfacet
  facet normal 0 0 -1
    outer loop
      vertex -15.9444 34.8716 0
      vertex -33.4565 37.1572 0
      vertex -15.7028 35.3359 0
    endloop
  endfacet
  facet normal 0 0 -1
    outer loop
      vertex -15.7028 35.3359 0
      vertex -33.4565 37.1572 0
      vertex -15.4215 35.7774 0
    endloop
  endfacet
  facet normal 0 0 -1
    outer loop
      vertex -15.4215 35.7774 0
      vertex -33.4565 37.1572 0
      vertex -15.1029 36.1926 0
    endloop
  endfacet
  facet normal 0 0 -1
    outer loop
      vertex -15.1029 36.1926 0
      vertex -33.4565 37.1572 0
      vertex -14.7492 36.5785 0
    endloop
  endfacet
  facet normal 0 0 -1
    outer loop
      vertex -14.7492 36.5785 0
      vertex -33.4565 37.1572 0
      vertex -14.3633 36.9322 0
    endloop
  endfacet
  facet normal 0 0 -1
    outer loop
      vertex -14.3633 36.9322 0
      vertex -33.4565 37.1572 0
      vertex -13.9481 37.2508 0
    endloop
  endfacet
  facet normal -0 0 -1
    outer loop
      vertex -13.9481 37.2508 0
      vertex -33.4565 37.1572 0
      vertex -13.5066 37.5321 0
    endloop
  endfacet
  facet normal 0 0 -1
    outer loop
      vertex -33.4565 37.1572 0
      vertex -12.5587 37.9741 0
      vertex -13.0423 37.7737 0
    endloop
  endfacet
  facet normal 0 0 -1
    outer loop
      vertex -33.4565 37.1572 0
      vertex 5.22639 49.7261 0
      vertex -12.5587 37.9741 0
    endloop
  endfacet
  facet normal 0 0 -1
    outer loop
      vertex -12.5587 37.9741 0
      vertex 5.22639 49.7261 0
      vertex -12.0595 38.1315 0
    endloop
  endfacet
  facet normal 0 0 -1
    outer loop
      vertex -12.0595 38.1315 0
      vertex 5.22639 49.7261 0
      vertex -11.5485 38.2447 0
    endloop
  endfacet
  facet normal 0 0 -1
    outer loop
      vertex -11.5485 38.2447 0
      vertex 5.22639 49.7261 0
      vertex -11.0295 38.3131 0
    endloop
  endfacet
  facet normal 0 0 -1
    outer loop
      vertex -11.0295 38.3131 0
      vertex 5.22639 49.7261 0
      vertex -10.5066 38.3359 0
    endloop
  endfacet
  facet normal 0 0 -1
    outer loop
      vertex -10.5066 38.3359 0
      vertex 5.22639 49.7261 0
      vertex -9.98369 38.3131 0
    endloop
  endfacet
  facet normal 0 0 -1
    outer loop
      vertex -9.98369 38.3131 0
      vertex 5.22639 49.7261 0
      vertex -9.46469 38.2447 0
    endloop
  endfacet
  facet normal 0 0 -1
    outer loop
      vertex -9.46469 38.2447 0
      vertex 5.22639 49.7261 0
      vertex -8.95369 38.1315 0
    endloop
  endfacet
  facet normal 0 0 -1
    outer loop
      vertex 5.22639 49.7261 0
      vertex -7.97089 37.7737 0
      vertex -8.4545 37.9741 0
    endloop
  endfacet
  facet normal 0 0 -1
    outer loop
      vertex 5.22639 49.7261 0
      vertex -7.50659 37.5321 0
      vertex -7.97089 37.7737 0
    endloop
  endfacet
  facet normal 0 0 -1
    outer loop
      vertex 5.22639 49.7261 0
      vertex -7.06509 37.2508 0
      vertex -7.50659 37.5321 0
    endloop
  endfacet
  facet normal 0 0 -1
    outer loop
      vertex 5.22639 49.7261 0
      vertex -6.64989 36.9322 0
      vertex -7.06509 37.2508 0
    endloop
  endfacet
  facet normal 0 0 -1
    outer loop
      vertex 5.22639 49.7261 0
      vertex -6.26399 36.5785 0
      vertex -6.64989 36.9322 0
    endloop
  endfacet
  facet normal 0 0 -1
    outer loop
      vertex 5.22639 49.7261 0
      vertex -5.91029 36.1926 0
      vertex -6.26399 36.5785 0
    endloop
  endfacet
  facet normal 0 0 -1
    outer loop
      vertex 5.22639 49.7261 0
      vertex -5.59169 35.7774 0
      vertex -5.91029 36.1926 0
    endloop
  endfacet
  facet normal 0 0 -1
    outer loop
      vertex 5.22639 49.7261 0
      vertex -5.31039 35.3359 0
      vertex -5.59169 35.7774 0
    endloop
  endfacet
  facet normal 0 0 -1
    outer loop
      vertex 5.22639 49.7261 0
      vertex -5.06879 34.8716 0
      vertex -5.31039 35.3359 0
    endloop
  endfacet
  facet normal 0 0 -1
    outer loop
      vertex 5.22639 49.7261 0
      vertex -4.86839 34.388 0
      vertex -5.06879 34.8716 0
    endloop
  endfacet
  facet normal 0 0 -1
    outer loop
      vertex 5.22639 49.7261 0
      vertex -4.711 33.8888 0
      vertex -4.86839 34.388 0
    endloop
  endfacet
  facet normal 0 0 -1
    outer loop
      vertex -4.52939 32.8588 0
      vertex -4.59779 33.3778 0
      vertex 5.22639 49.7261 0
    endloop
  endfacet
  facet normal -0 0 -1
    outer loop
      vertex 25 43.3013 0
      vertex -4.52939 32.8588 0
      vertex 5.22639 49.7261 0
    endloop
  endfacet
  facet normal 0 0 -1
    outer loop
      vertex 0 20 0
      vertex -5.31039 29.3359 0
      vertex -5.06879 29.8002 0
    endloop
  endfacet
  facet normal -0 0 -1
    outer loop
      vertex -1.74309 19.9239 0
      vertex -3.47299 19.6962 0
      vertex -6.26399 28.0933 0
    endloop
  endfacet
  facet normal 0 0 -1
    outer loop
      vertex -8.95369 26.5403 0
      vertex -8.4545 26.6977 0
      vertex -6.84039 18.7939 0
    endloop
  endfacet
  facet normal 0 -0 -1
    outer loop
      vertex -9.98369 26.3587 0
      vertex -8.45239 18.1262 0
      vertex -10.5066 26.3359 0
    endloop
  endfacet
  facet normal -0 0 -1
    outer loop
      vertex -8.45239 18.1262 0
      vertex -10 17.3205 0
      vertex -11.0295 26.3587 0
    endloop
  endfacet
  facet normal 0 0 -1
    outer loop
      vertex 21.5978 21.0266 0
      vertex 21.5294 20.5076 0
      vertex 11.4715 16.383 0
    endloop
  endfacet
  facet normal 0 0 -1
    outer loop
      vertex -10 17.3205 0
      vertex -11.5485 26.4271 0
      vertex -11.0295 26.3587 0
    endloop
  endfacet
  facet normal 0 -0 -1
    outer loop
      vertex 21.5066 19.9847 0
      vertex 21.5294 19.4618 0
      vertex 12.8558 15.3209 0
    endloop
  endfacet
  facet normal 0 0 -1
    outer loop
      vertex -13.0423 26.8981 0
      vertex -11.4715 16.383 0
      vertex -12.8558 15.3209 0
    endloop
  endfacet
  facet normal 0 0 -1
    outer loop
      vertex 21.5978 18.9428 0
      vertex 14.1421 14.1421 0
      vertex 12.8558 15.3209 0
    endloop
  endfacet
  facet normal 0 -0 -1
    outer loop
      vertex 24.9709 14.5469 0
      vertex 25.4545 14.3465 0
      vertex 18.1262 8.45239 0
    endloop
  endfacet
  facet normal -0 0 -1
    outer loop
      vertex 22.0688 17.449 0
      vertex 15.3209 12.8558 0
      vertex 21.8684 17.9326 0
    endloop
  endfacet
  facet normal 0 0 -1
    outer loop
      vertex 50 -86.6025 0
      vertex 77.1345 -91.9253 0
      vertex 68.8292 -98.2982 0
    endloop
  endfacet
  facet normal -0 0 -1
    outer loop
      vertex 22.5917 16.5432 0
      vertex 16.383 11.4715 0
      vertex 22.3104 16.9847 0
    endloop
  endfacet
  facet normal 0 0 -1
    outer loop
      vertex -12.8558 15.3209 0
      vertex -13.9481 27.421 0
      vertex -13.5066 27.1397 0
    endloop
  endfacet
  facet normal 0 -0 -1
    outer loop
      vertex 21.5978 18.9428 0
      vertex 21.711 18.4318 0
      vertex 14.1421 14.1421 0
    endloop
  endfacet
  facet normal 0 0 -1
    outer loop
      vertex 5.22639 -49.7261 0
      vertex -9.98369 -38.3131 0
      vertex -9.46469 -38.2447 0
    endloop
  endfacet
  facet normal 0 0 -1
    outer loop
      vertex 17.3205 10 0
      vertex 24.0651 15.0698 0
      vertex 18.1262 8.45239 0
    endloop
  endfacet
  facet normal 0 -0 -1
    outer loop
      vertex 23.264 15.7421 0
      vertex 23.6499 15.3884 0
      vertex 17.3205 10 0
    endloop
  endfacet
  facet normal 0 -0 -1
    outer loop
      vertex 22.9103 16.128 0
      vertex 23.264 15.7421 0
      vertex 16.383 11.4715 0
    endloop
  endfacet
  facet normal 0 0 -1
    outer loop
      vertex -12.5587 26.6977 0
      vertex -12.0595 26.5403 0
      vertex -11.4715 16.383 0
    endloop
  endfacet
  facet normal 0 -0 -1
    outer loop
      vertex 21.5294 19.4618 0
      vertex 21.5978 18.9428 0
      vertex 12.8558 15.3209 0
    endloop
  endfacet
  facet normal 0 0 -1
    outer loop
      vertex 21.711 21.5376 0
      vertex 21.5978 21.0266 0
      vertex 11.4715 16.383 0
    endloop
  endfacet
  facet normal 0 0 -1
    outer loop
      vertex -5.17639 19.3185 0
      vertex -8.4545 26.6977 0
      vertex -7.97089 26.8981 0
    endloop
  endfacet
  facet normal 0 0 -1
    outer loop
      vertex 8.45239 18.1262 0
      vertex 22.0688 22.5204 0
      vertex 10 17.3205 0
    endloop
  endfacet
  facet normal 0 0 -1
    outer loop
      vertex -7.50659 27.1397 0
      vertex -3.47299 19.6962 0
      vertex -5.17639 19.3185 0
    endloop
  endfacet
  facet normal 0 0 -1
    outer loop
      vertex -3.47299 19.6962 0
      vertex -6.64989 27.7396 0
      vertex -6.26399 28.0933 0
    endloop
  endfacet
  facet normal 0 0 -1
    outer loop
      vertex -3.47299 19.6962 0
      vertex -7.06509 27.421 0
      vertex -6.64989 27.7396 0
    endloop
  endfacet
  facet normal 0 0 -1
    outer loop
      vertex 22.9103 23.8414 0
      vertex 22.5917 23.4262 0
      vertex 6.84039 18.7939 0
    endloop
  endfacet
  facet normal 0 0 -1
    outer loop
      vertex -5.91029 28.4792 0
      vertex -5.59169 28.8944 0
      vertex -1.74309 19.9239 0
    endloop
  endfacet
  facet normal 0 0 -1
    outer loop
      vertex 6.84039 18.7939 0
      vertex -4.52939 32.8588 0
      vertex 22.9103 23.8414 0
    endloop
  endfacet
  facet normal 0 0 -1
    outer loop
      vertex 0 20 0
      vertex -5.59169 28.8944 0
      vertex -5.31039 29.3359 0
    endloop
  endfacet
  facet normal 0 0 -1
    outer loop
      vertex 1.74309 19.9239 0
      vertex 0 20 0
      vertex -5.06879 29.8002 0
    endloop
  endfacet
  facet normal 0 -0 -1
    outer loop
      vertex -4.711 30.783 0
      vertex 1.74309 19.9239 0
      vertex -4.86839 30.2838 0
    endloop
  endfacet
  facet normal 0 0 -1
    outer loop
      vertex -4.711 30.783 0
      vertex -4.59779 31.294 0
      vertex 3.47299 19.6962 0
    endloop
  endfacet
  facet normal 0 -0 -1
    outer loop
      vertex -4.86839 30.2838 0
      vertex 1.74309 19.9239 0
      vertex -5.06879 29.8002 0
    endloop
  endfacet
  facet normal 0 0 -1
    outer loop
      vertex -4.711 30.783 0
      vertex 3.47299 19.6962 0
      vertex 1.74309 19.9239 0
    endloop
  endfacet
  facet normal 0 0 -1
    outer loop
      vertex 3.47299 19.6962 0
      vertex -4.52939 31.813 0
      vertex 5.17639 19.3185 0
    endloop
  endfacet
  facet normal 0 0 -1
    outer loop
      vertex 3.47299 19.6962 0
      vertex -4.59779 31.294 0
      vertex -4.52939 31.813 0
    endloop
  endfacet
  facet normal 0 -0 -1
    outer loop
      vertex -4.50659 32.3359 0
      vertex 5.17639 19.3185 0
      vertex -4.52939 31.813 0
    endloop
  endfacet
  facet normal 0 0 -1
    outer loop
      vertex -4.50659 32.3359 0
      vertex -4.52939 32.8588 0
      vertex 5.17639 19.3185 0
    endloop
  endfacet
  facet normal 0 0 -1
    outer loop
      vertex 22.9103 23.8414 0
      vertex -4.52939 32.8588 0
      vertex 23.264 24.2273 0
    endloop
  endfacet
  facet normal 0 0 -1
    outer loop
      vertex 23.264 24.2273 0
      vertex -4.52939 32.8588 0
      vertex 25 43.3013 0
    endloop
  endfacet
  facet normal -0 0 -1
    outer loop
      vertex 23.6499 24.581 0
      vertex 23.264 24.2273 0
      vertex 25 43.3013 0
    endloop
  endfacet
  facet normal -0 0 -1
    outer loop
      vertex 24.0651 24.8996 0
      vertex 23.6499 24.581 0
      vertex 25 43.3013 0
    endloop
  endfacet
  facet normal -0 0 -1
    outer loop
      vertex 24.5066 25.1809 0
      vertex 24.0651 24.8996 0
      vertex 25 43.3013 0
    endloop
  endfacet
  facet normal -0 0 -1
    outer loop
      vertex 24.9709 25.4225 0
      vertex 24.5066 25.1809 0
      vertex 25 43.3013 0
    endloop
  endfacet
  facet normal -0 0 -1
    outer loop
      vertex 25.4545 25.6229 0
      vertex 24.9709 25.4225 0
      vertex 25 43.3013 0
    endloop
  endfacet
  facet normal -0 0 -1
    outer loop
      vertex 25.9537 25.7803 0
      vertex 25.4545 25.6229 0
      vertex 25 43.3013 0
    endloop
  endfacet
  facet normal -0 0 -1
    outer loop
      vertex 26.4647 25.8935 0
      vertex 25.9537 25.7803 0
      vertex 25 43.3013 0
    endloop
  endfacet
  facet normal -0 0 -1
    outer loop
      vertex 26.9837 25.9619 0
      vertex 26.4647 25.8935 0
      vertex 25 43.3013 0
    endloop
  endfacet
  facet normal -0 0 -1
    outer loop
      vertex 27.5066 25.9847 0
      vertex 26.9837 25.9619 0
      vertex 25 43.3013 0
    endloop
  endfacet
  facet normal 0 0 -1
    outer loop
      vertex 28.0295 25.9619 0
      vertex 27.5066 25.9847 0
      vertex 25 43.3013 0
    endloop
  endfacet
  facet normal 0 0 -1
    outer loop
      vertex 28.5485 25.8935 0
      vertex 28.0295 25.9619 0
      vertex 25 43.3013 0
    endloop
  endfacet
  facet normal 0 0 -1
    outer loop
      vertex 29.0595 25.7803 0
      vertex 28.5485 25.8935 0
      vertex 25 43.3013 0
    endloop
  endfacet
  facet normal 0 0 -1
    outer loop
      vertex 29.5587 25.6229 0
      vertex 29.0595 25.7803 0
      vertex 25 43.3013 0
    endloop
  endfacet
  facet normal 0 0 -1
    outer loop
      vertex 30.0423 25.4225 0
      vertex 29.5587 25.6229 0
      vertex 25 43.3013 0
    endloop
  endfacet
  facet normal 0 0 -1
    outer loop
      vertex 30.5066 25.1809 0
      vertex 30.0423 25.4225 0
      vertex 25 43.3013 0
    endloop
  endfacet
  facet normal 0 0 -1
    outer loop
      vertex 30.9481 24.8996 0
      vertex 30.5066 25.1809 0
      vertex 25 43.3013 0
    endloop
  endfacet
  facet normal 0 0 -1
    outer loop
      vertex 31.7492 24.2273 0
      vertex 31.3633 24.581 0
      vertex 25 43.3013 0
    endloop
  endfacet
  facet normal 0 0 -1
    outer loop
      vertex 31.3633 24.581 0
      vertex 30.9481 24.8996 0
      vertex 25 43.3013 0
    endloop
  endfacet
  facet normal 0 0 -1
    outer loop
      vertex 31.7492 24.2273 0
      vertex 25 43.3013 0
      vertex 32.1029 23.8414 0
    endloop
  endfacet
  facet normal 0 0 -1
    outer loop
      vertex 32.1029 23.8414 0
      vertex 25 43.3013 0
      vertex 32.4215 23.4262 0
    endloop
  endfacet
  facet normal 0 0 -1
    outer loop
      vertex 32.4215 23.4262 0
      vertex 25 43.3013 0
      vertex 48.9074 10.3956 0
    endloop
  endfacet
  facet normal 0 0 -1
    outer loop
      vertex 32.7028 22.9847 0
      vertex 32.4215 23.4262 0
      vertex 48.9074 10.3956 0
    endloop
  endfacet
  facet normal 0 0 -1
    outer loop
      vertex 32.9444 22.5204 0
      vertex 32.7028 22.9847 0
      vertex 48.9074 10.3956 0
    endloop
  endfacet
  facet normal 0 0 -1
    outer loop
      vertex 33.1448 22.0368 0
      vertex 32.9444 22.5204 0
      vertex 48.9074 10.3956 0
    endloop
  endfacet
  facet normal 0 0 -1
    outer loop
      vertex 33.3022 21.5376 0
      vertex 33.1448 22.0368 0
      vertex 48.9074 10.3956 0
    endloop
  endfacet
  facet normal 0 0 -1
    outer loop
      vertex 33.4154 21.0266 0
      vertex 33.3022 21.5376 0
      vertex 48.9074 10.3956 0
    endloop
  endfacet
  facet normal 0 0 -1
    outer loop
      vertex 33.4838 20.5076 0
      vertex 33.4154 21.0266 0
      vertex 48.9074 10.3956 0
    endloop
  endfacet
  facet normal 0 0 -1
    outer loop
      vertex 33.5066 19.9847 0
      vertex 33.4838 20.5076 0
      vertex 48.9074 10.3956 0
    endloop
  endfacet
  facet normal 0 0 -1
    outer loop
      vertex 33.4838 19.4618 0
      vertex 33.5066 19.9847 0
      vertex 48.9074 10.3956 0
    endloop
  endfacet
  facet normal 0 0 -1
    outer loop
      vertex 33.4154 18.9428 0
      vertex 33.4838 19.4618 0
      vertex 48.9074 10.3956 0
    endloop
  endfacet
  facet normal 0 0 -1
    outer loop
      vertex 33.3022 18.4318 0
      vertex 33.4154 18.9428 0
      vertex 48.9074 10.3956 0
    endloop
  endfacet
  facet normal 0 0 -1
    outer loop
      vertex 33.1448 17.9326 0
      vertex 33.3022 18.4318 0
      vertex 48.9074 10.3956 0
    endloop
  endfacet
  facet normal 0 0 -1
    outer loop
      vertex 32.9444 17.449 0
      vertex 33.1448 17.9326 0
      vertex 48.9074 10.3956 0
    endloop
  endfacet
  facet normal 0 0 -1
    outer loop
      vertex 32.7028 16.9847 0
      vertex 32.9444 17.449 0
      vertex 48.9074 10.3956 0
    endloop
  endfacet
  facet normal 0 0 -1
    outer loop
      vertex 32.4215 16.5432 0
      vertex 32.7028 16.9847 0
      vertex 48.9074 10.3956 0
    endloop
  endfacet
  facet normal 0 0 -1
    outer loop
      vertex 32.1029 16.128 0
      vertex 32.4215 16.5432 0
      vertex 48.9074 10.3956 0
    endloop
  endfacet
  facet normal 0 0 -1
    outer loop
      vertex 31.7492 15.7421 0
      vertex 32.1029 16.128 0
      vertex 48.9074 10.3956 0
    endloop
  endfacet
  facet normal 0 0 -1
    outer loop
      vertex 31.3633 15.3884 0
      vertex 31.7492 15.7421 0
      vertex 48.9074 10.3956 0
    endloop
  endfacet
  facet normal 0 0 -1
    outer loop
      vertex 30.9481 15.0698 0
      vertex 31.3633 15.3884 0
      vertex 48.9074 10.3956 0
    endloop
  endfacet
  facet normal 0 0 -1
    outer loop
      vertex 30.5066 14.7885 0
      vertex 30.9481 15.0698 0
      vertex 48.9074 10.3956 0
    endloop
  endfacet
  facet normal 0 0 -1
    outer loop
      vertex 30.0423 14.5469 0
      vertex 30.5066 14.7885 0
      vertex 48.9074 10.3956 0
    endloop
  endfacet
  facet normal 0 0 -1
    outer loop
      vertex 29.5587 14.3465 0
      vertex 20 0 0
      vertex 19.9239 1.74309 0
    endloop
  endfacet
  facet normal 0 0 -1
    outer loop
      vertex 19.9239 1.74309 0
      vertex 19.6962 3.47299 0
      vertex 28.5485 14.0759 0
    endloop
  endfacet
  facet normal 0 0 -1
    outer loop
      vertex 19.3185 5.17639 0
      vertex 27.5066 13.9847 0
      vertex 19.6962 3.47299 0
    endloop
  endfacet
  facet normal 0 0 -1
    outer loop
      vertex 18.7939 6.84039 0
      vertex 26.4647 14.0759 0
      vertex 19.3185 5.17639 0
    endloop
  endfacet
  facet normal 0 -0 -1
    outer loop
      vertex 26.4647 14.0759 0
      vertex 26.9837 14.0075 0
      vertex 19.3185 5.17639 0
    endloop
  endfacet
  facet normal 0 -0 -1
    outer loop
      vertex 50 -86.6025 0
      vertex 50.7142 -108.757 0
      vertex 41.0424 -112.763 0
    endloop
  endfacet
  facet normal 0 0 -1
    outer loop
      vertex 18.1262 8.45239 0
      vertex 24.5066 14.7885 0
      vertex 24.9709 14.5469 0
    endloop
  endfacet
  facet normal 0 0 -1
    outer loop
      vertex -11.0295 -38.3131 0
      vertex -10.5066 -38.3359 0
      vertex 5.22639 -49.7261 0
    endloop
  endfacet
  facet normal 0 -0 -1
    outer loop
      vertex -15.1029 28.4792 0
      vertex -14.7492 28.0933 0
      vertex -15.3209 12.8558 0
    endloop
  endfacet
  facet normal 0 0 -1
    outer loop
      vertex -12.8558 -15.3209 0
      vertex -13.5066 -27.1397 0
      vertex -13.9481 -27.421 0
    endloop
  endfacet
  facet normal 0 0 -1
    outer loop
      vertex 5.22639 -49.7261 0
      vertex -12.0595 -38.1315 0
      vertex -11.5485 -38.2447 0
    endloop
  endfacet
  facet normal -0 0 -1
    outer loop
      vertex -15.7028 -35.3359 0
      vertex -33.4565 -37.1572 0
      vertex -15.9444 -34.8716 0
    endloop
  endfacet
  facet normal 0 0 -1
    outer loop
      vertex -17.3205 -10 0
      vertex -31 -5.1962 0
      vertex -18.1262 -8.45239 0
    endloop
  endfacet
  facet normal 0 0 -1
    outer loop
      vertex -30.1433 -4.5963 0
      vertex -29.7574 -4.2426 0
      vertex -18.7939 -6.84039 0
    endloop
  endfacet
  facet normal 0 0 -1
    outer loop
      vertex -29.0851 -3.4415 0
      vertex -28.8038 -3 0
      vertex -19.3185 -5.17639 0
    endloop
  endfacet
  facet normal 0 0 -1
    outer loop
      vertex -28.3618 -2.05209 0
      vertex -19.9239 -1.74309 0
      vertex -19.6962 -3.47299 0
    endloop
  endfacet
  facet normal 0 -0 -1
    outer loop
      vertex -28 0 0
      vertex -20 0 0
      vertex -28.0228 -0.522888 0
    endloop
  endfacet
  facet normal 0 0 -1
    outer loop
      vertex -19.6962 3.47299 0
      vertex -19.9239 1.74309 0
      vertex -28.3618 2.05209 0
    endloop
  endfacet
  facet normal -0 0 -1
    outer loop
      vertex -19.3185 5.17639 0
      vertex -29.4037 3.85669 0
      vertex -18.7939 6.84039 0
    endloop
  endfacet
  facet normal 0 0 -1
    outer loop
      vertex -18.7939 6.84039 0
      vertex -29.7574 4.2426 0
      vertex -30.1433 4.5963 0
    endloop
  endfacet
  facet normal 0 0 -1
    outer loop
      vertex -18.1262 8.45239 0
      vertex -30.1433 4.5963 0
      vertex -30.5585 4.91489 0
    endloop
  endfacet
  facet normal 0 0 -1
    outer loop
      vertex -17.3205 10 0
      vertex -31 5.1962 0
      vertex -31.4643 5.43779 0
    endloop
  endfacet
  facet normal 0 0 -1
    outer loop
      vertex -35.0419 5.9088 0
      vertex -45.6773 20.3368 0
      vertex -34.5229 5.97719 0
    endloop
  endfacet
  facet normal 0 0 -1
    outer loop
      vertex -14.7492 28.0933 0
      vertex -14.3633 27.7396 0
      vertex -14.1421 14.1421 0
    endloop
  endfacet
  facet normal 0 -0 -1
    outer loop
      vertex -14.7492 28.0933 0
      vertex -14.1421 14.1421 0
      vertex -15.3209 12.8558 0
    endloop
  endfacet
  facet normal -0 -0 -1
    outer loop
      vertex -13.0423 26.8981 0
      vertex -12.8558 15.3209 0
      vertex -13.5066 27.1397 0
    endloop
  endfacet
  facet normal -0 -0 -1
    outer loop
      vertex -11.5485 26.4271 0
      vertex -10 17.3205 0
      vertex -12.0595 26.5403 0
    endloop
  endfacet
  facet normal -0 0 -1
    outer loop
      vertex -10 17.3205 0
      vertex -11.4715 16.383 0
      vertex -12.0595 26.5403 0
    endloop
  endfacet
  facet normal -0 -0 -1
    outer loop
      vertex -10.5066 26.3359 0
      vertex -8.45239 18.1262 0
      vertex -11.0295 26.3587 0
    endloop
  endfacet
  facet normal 0 0 -1
    outer loop
      vertex -9.98369 26.3587 0
      vertex -6.84039 18.7939 0
      vertex -8.45239 18.1262 0
    endloop
  endfacet
  facet normal 0 0 -1
    outer loop
      vertex -9.98369 26.3587 0
      vertex -9.46469 26.4271 0
      vertex -6.84039 18.7939 0
    endloop
  endfacet
  facet normal 0 0 -1
    outer loop
      vertex -9.46469 26.4271 0
      vertex -8.95369 26.5403 0
      vertex -6.84039 18.7939 0
    endloop
  endfacet
  facet normal 0 0 -1
    outer loop
      vertex 21.711 21.5376 0
      vertex 11.4715 16.383 0
      vertex 10 17.3205 0
    endloop
  endfacet
  facet normal 0 0 -1
    outer loop
      vertex -6.84039 18.7939 0
      vertex -8.4545 26.6977 0
      vertex -5.17639 19.3185 0
    endloop
  endfacet
  facet normal 0 0 -1
    outer loop
      vertex -5.17639 19.3185 0
      vertex -7.97089 26.8981 0
      vertex -7.50659 27.1397 0
    endloop
  endfacet
  facet normal 0 -0 -1
    outer loop
      vertex -7.06509 27.421 0
      vertex -3.47299 19.6962 0
      vertex -7.50659 27.1397 0
    endloop
  endfacet
  facet normal -0 0 -1
    outer loop
      vertex 22.0688 22.5204 0
      vertex 8.45239 18.1262 0
      vertex 22.3104 22.9847 0
    endloop
  endfacet
  facet normal 0 -0 -1
    outer loop
      vertex -5.91029 28.4792 0
      vertex -1.74309 19.9239 0
      vertex -6.26399 28.0933 0
    endloop
  endfacet
  facet normal 0 0 -1
    outer loop
      vertex -1.74309 19.9239 0
      vertex -5.59169 28.8944 0
      vertex 0 20 0
    endloop
  endfacet
  facet normal 0 0 -1
    outer loop
      vertex -4.52939 32.8588 0
      vertex 6.84039 18.7939 0
      vertex 5.17639 19.3185 0
    endloop
  endfacet
  facet normal 0 0 -1
    outer loop
      vertex 6.84039 18.7939 0
      vertex 22.3104 22.9847 0
      vertex 8.45239 18.1262 0
    endloop
  endfacet
  facet normal 0 0 -1
    outer loop
      vertex 22.5917 23.4262 0
      vertex 22.3104 22.9847 0
      vertex 6.84039 18.7939 0
    endloop
  endfacet
  facet normal 0 0 -1
    outer loop
      vertex 21.8684 22.0368 0
      vertex 21.711 21.5376 0
      vertex 10 17.3205 0
    endloop
  endfacet
  facet normal -0 0 -1
    outer loop
      vertex 21.8684 22.0368 0
      vertex 10 17.3205 0
      vertex 22.0688 22.5204 0
    endloop
  endfacet
  facet normal 0 0 -1
    outer loop
      vertex 21.5066 19.9847 0
      vertex 12.8558 15.3209 0
      vertex 11.4715 16.383 0
    endloop
  endfacet
  facet normal -0 0 -1
    outer loop
      vertex 21.5066 19.9847 0
      vertex 11.4715 16.383 0
      vertex 21.5294 20.5076 0
    endloop
  endfacet
  facet normal -0 0 -1
    outer loop
      vertex 21.8684 17.9326 0
      vertex 14.1421 14.1421 0
      vertex 21.711 18.4318 0
    endloop
  endfacet
  facet normal 0 0 -1
    outer loop
      vertex 21.8684 17.9326 0
      vertex 15.3209 12.8558 0
      vertex 14.1421 14.1421 0
    endloop
  endfacet
  facet normal 0 -0 -1
    outer loop
      vertex 22.0688 17.449 0
      vertex 22.3104 16.9847 0
      vertex 15.3209 12.8558 0
    endloop
  endfacet
  facet normal 0 0 -1
    outer loop
      vertex 15.3209 12.8558 0
      vertex 22.3104 16.9847 0
      vertex 16.383 11.4715 0
    endloop
  endfacet
  facet normal 0 0 -1
    outer loop
      vertex 16.383 11.4715 0
      vertex 22.5917 16.5432 0
      vertex 22.9103 16.128 0
    endloop
  endfacet
  facet normal 0 0 -1
    outer loop
      vertex 17.3205 10 0
      vertex 16.383 11.4715 0
      vertex 23.264 15.7421 0
    endloop
  endfacet
  facet normal -0 0 -1
    outer loop
      vertex 24.0651 15.0698 0
      vertex 17.3205 10 0
      vertex 23.6499 15.3884 0
    endloop
  endfacet
  facet normal -0 0 -1
    outer loop
      vertex 24.5066 14.7885 0
      vertex 18.1262 8.45239 0
      vertex 24.0651 15.0698 0
    endloop
  endfacet
  facet normal 0 0 -1
    outer loop
      vertex 25.4545 14.3465 0
      vertex 18.7939 6.84039 0
      vertex 18.1262 8.45239 0
    endloop
  endfacet
  facet normal 0 -0 -1
    outer loop
      vertex 25.9537 14.1891 0
      vertex 26.4647 14.0759 0
      vertex 18.7939 6.84039 0
    endloop
  endfacet
  facet normal 0 0 -1
    outer loop
      vertex 28.0295 14.0075 0
      vertex 19.6962 3.47299 0
      vertex 27.5066 13.9847 0
    endloop
  endfacet
  facet normal 0 -0 -1
    outer loop
      vertex 28.0295 14.0075 0
      vertex 28.5485 14.0759 0
      vertex 19.6962 3.47299 0
    endloop
  endfacet
  facet normal 0 -0 -1
    outer loop
      vertex 28.5485 14.0759 0
      vertex 29.0595 14.1891 0
      vertex 19.9239 1.74309 0
    endloop
  endfacet
  facet normal 0 0 -1
    outer loop
      vertex 19.9239 1.74309 0
      vertex 29.0595 14.1891 0
      vertex 29.5587 14.3465 0
    endloop
  endfacet
  facet normal 0 0 -1
    outer loop
      vertex 28.5485 -14.0759 0
      vertex 19.6962 -3.47299 0
      vertex 19.9239 -1.74309 0
    endloop
  endfacet
  facet normal 0 0 -1
    outer loop
      vertex 27.5066 -13.9847 0
      vertex 19.3185 -5.17639 0
      vertex 19.6962 -3.47299 0
    endloop
  endfacet
  facet normal -0 0 -1
    outer loop
      vertex 21.711 -18.4318 0
      vertex 21.5978 -18.9428 0
      vertex 14.1421 -14.1421 0
    endloop
  endfacet
  facet normal 0 0 -1
    outer loop
      vertex 22.0688 -22.5204 0
      vertex 10 -17.3205 0
      vertex 21.8684 -22.0368 0
    endloop
  endfacet
  facet normal 0 0 -1
    outer loop
      vertex 48.9074 10.3956 0
      vertex 53.9831 9.53709 0
      vertex 48.9074 -10.3956 0
    endloop
  endfacet
  facet normal -0 0 -1
    outer loop
      vertex 26.4647 -25.8935 0
      vertex 25 -43.3013 0
      vertex 25.9537 -25.7803 0
    endloop
  endfacet
  facet normal 0 0 -1
    outer loop
      vertex 6.84039 -18.7939 0
      vertex -4.52939 -32.8588 0
      vertex 5.17639 -19.3185 0
    endloop
  endfacet
  facet normal 0 0 -1
    outer loop
      vertex 24.0651 -24.8996 0
      vertex 24.5066 -25.1809 0
      vertex 25 -43.3013 0
    endloop
  endfacet
  facet normal 0 0 -1
    outer loop
      vertex 25 -43.3013 0
      vertex 23.264 -24.2273 0
      vertex 23.6499 -24.581 0
    endloop
  endfacet
  facet normal -0 0 -1
    outer loop
      vertex 27.5066 -25.9847 0
      vertex 25 -43.3013 0
      vertex 26.9837 -25.9619 0
    endloop
  endfacet
  facet normal -0 0 -1
    outer loop
      vertex 68.8292 -98.2982 0
      vertex 60 -103.923 0
      vertex 50 -86.6025 0
    endloop
  endfacet
  facet normal 0 0 -1
    outer loop
      vertex 50 -86.6025 0
      vertex 60 -103.923 0
      vertex 50.7142 -108.757 0
    endloop
  endfacet
  facet normal 0 0 -1
    outer loop
      vertex -5.91029 -28.4792 0
      vertex -1.74309 -19.9239 0
      vertex -5.59169 -28.8944 0
    endloop
  endfacet
  facet normal 0 0 -1
    outer loop
      vertex -10 -17.3205 0
      vertex -11.5485 -26.4271 0
      vertex -12.0595 -26.5403 0
    endloop
  endfacet
  facet normal -0 0 -1
    outer loop
      vertex 45.9657 -83.405 0
      vertex 41.0424 -112.763 0
      vertex 42.2132 -79.8811 0
    endloop
  endfacet
  facet normal 0 0 -1
    outer loop
      vertex -45.6773 -20.3368 0
      vertex -34 -6 0
      vertex -33.4771 -5.97719 0
    endloop
  endfacet
  facet normal 0 -0 -1
    outer loop
      vertex -31.9479 -5.6382 0
      vertex -16.383 -11.4715 0
      vertex -32.4471 -5.79559 0
    endloop
  endfacet
  facet normal 0 -0 -1
    outer loop
      vertex -34.5229 -5.97719 0
      vertex -34 -6 0
      vertex -45.6773 -20.3368 0
    endloop
  endfacet
  facet normal 0 -0 -1
    outer loop
      vertex -35.0419 -5.9088 0
      vertex -34.5229 -5.97719 0
      vertex -45.6773 -20.3368 0
    endloop
  endfacet
  facet normal 0 -0 -1
    outer loop
      vertex -35.5529 -5.79559 0
      vertex -35.0419 -5.9088 0
      vertex -45.6773 -20.3368 0
    endloop
  endfacet
  facet normal 0 -0 -1
    outer loop
      vertex -36.0521 -5.6382 0
      vertex -35.5529 -5.79559 0
      vertex -45.6773 -20.3368 0
    endloop
  endfacet
  facet normal 0 -0 -1
    outer loop
      vertex -36.5357 -5.43779 0
      vertex -36.0521 -5.6382 0
      vertex -45.6773 -20.3368 0
    endloop
  endfacet
  facet normal 0 -0 -1
    outer loop
      vertex -37 -5.1962 0
      vertex -36.5357 -5.43779 0
      vertex -45.6773 -20.3368 0
    endloop
  endfacet
  facet normal 0 -0 -1
    outer loop
      vertex -37.4415 -4.91489 0
      vertex -37 -5.1962 0
      vertex -45.6773 -20.3368 0
    endloop
  endfacet
  facet normal 0 -0 -1
    outer loop
      vertex -37.8567 -4.5963 0
      vertex -37.4415 -4.91489 0
      vertex -45.6773 -20.3368 0
    endloop
  endfacet
  facet normal 0 -0 -1
    outer loop
      vertex -38.2426 -4.2426 0
      vertex -37.8567 -4.5963 0
      vertex -45.6773 -20.3368 0
    endloop
  endfacet
  facet normal 0 -0 -1
    outer loop
      vertex -38.5963 -3.85669 0
      vertex -38.2426 -4.2426 0
      vertex -45.6773 -20.3368 0
    endloop
  endfacet
  facet normal 0 -0 -1
    outer loop
      vertex -38.9149 -3.4415 0
      vertex -38.5963 -3.85669 0
      vertex -45.6773 -20.3368 0
    endloop
  endfacet
  facet normal 0 -0 -1
    outer loop
      vertex -39.1962 -3 0
      vertex -38.9149 -3.4415 0
      vertex -45.6773 -20.3368 0
    endloop
  endfacet
  facet normal 0 -0 -1
    outer loop
      vertex -39.4378 -2.53569 0
      vertex -39.1962 -3 0
      vertex -45.6773 -20.3368 0
    endloop
  endfacet
  facet normal 0 -0 -1
    outer loop
      vertex -39.6382 -2.05209 0
      vertex -39.4378 -2.53569 0
      vertex -45.6773 -20.3368 0
    endloop
  endfacet
  facet normal 0 -0 -1
    outer loop
      vertex -39.9088 -1.04189 0
      vertex -39.7956 -1.55289 0
      vertex -45.6773 -20.3368 0
    endloop
  endfacet
  facet normal 0 -0 -1
    outer loop
      vertex -39.7956 -1.55289 0
      vertex -39.6382 -2.05209 0
      vertex -45.6773 -20.3368 0
    endloop
  endfacet
  facet normal 0 -0 -1
    outer loop
      vertex -39.9772 -0.522888 0
      vertex -39.9088 -1.04189 0
      vertex -45.6773 -20.3368 0
    endloop
  endfacet
  facet normal 0 -0 -1
    outer loop
      vertex -40 0 0
      vertex -39.9772 -0.522888 0
      vertex -45.6773 -20.3368 0
    endloop
  endfacet
  facet normal 0 0 -1
    outer loop
      vertex -45.6773 20.3368 0
      vertex -40 0 0
      vertex -45.6773 -20.3368 0
    endloop
  endfacet
  facet normal 0 0 -1
    outer loop
      vertex -45.6773 20.3368 0
      vertex -39.9772 0.522888 0
      vertex -40 0 0
    endloop
  endfacet
  facet normal 0 0 -1
    outer loop
      vertex -39.9088 1.04189 0
      vertex -45.6773 20.3368 0
      vertex -39.7956 1.55289 0
    endloop
  endfacet
  facet normal 0 0 -1
    outer loop
      vertex -39.7956 1.55289 0
      vertex -45.6773 20.3368 0
      vertex -39.6382 2.05209 0
    endloop
  endfacet
  facet normal 0 0 -1
    outer loop
      vertex -39.6382 2.05209 0
      vertex -45.6773 20.3368 0
      vertex -39.4378 2.53569 0
    endloop
  endfacet
  facet normal 0 0 -1
    outer loop
      vertex -39.4378 2.53569 0
      vertex -45.6773 20.3368 0
      vertex -39.1962 3 0
    endloop
  endfacet
  facet normal 0 0 -1
    outer loop
      vertex -39.1962 3 0
      vertex -45.6773 20.3368 0
      vertex -38.9149 3.4415 0
    endloop
  endfacet
  facet normal 0 0 -1
    outer loop
      vertex -34 6 0
      vertex -45.6773 20.3368 0
      vertex -33.4771 5.97719 0
    endloop
  endfacet
  facet normal 0 0 -1
    outer loop
      vertex -45.6773 20.3368 0
      vertex -38.5963 3.85669 0
      vertex -38.9149 3.4415 0
    endloop
  endfacet
  facet normal 0 0 -1
    outer loop
      vertex -45.6773 20.3368 0
      vertex -38.2426 4.2426 0
      vertex -38.5963 3.85669 0
    endloop
  endfacet
  facet normal 0 0 -1
    outer loop
      vertex -45.6773 20.3368 0
      vertex -37.8567 4.5963 0
      vertex -38.2426 4.2426 0
    endloop
  endfacet
  facet normal 0 0 -1
    outer loop
      vertex -45.6773 20.3368 0
      vertex -37.4415 4.91489 0
      vertex -37.8567 4.5963 0
    endloop
  endfacet
  facet normal 0 0 -1
    outer loop
      vertex -45.6773 20.3368 0
      vertex -37 5.1962 0
      vertex -37.4415 4.91489 0
    endloop
  endfacet
  facet normal 0 0 -1
    outer loop
      vertex -45.6773 20.3368 0
      vertex -36.5357 5.43779 0
      vertex -37 5.1962 0
    endloop
  endfacet
  facet normal 0 0 -1
    outer loop
      vertex -45.6773 20.3368 0
      vertex -36.0521 5.6382 0
      vertex -36.5357 5.43779 0
    endloop
  endfacet
  facet normal 0 0 -1
    outer loop
      vertex -45.6773 20.3368 0
      vertex -35.5529 5.79559 0
      vertex -36.0521 5.6382 0
    endloop
  endfacet
  facet normal 0 0 -1
    outer loop
      vertex -33.4771 5.97719 0
      vertex -45.6773 20.3368 0
      vertex -32.9581 5.9088 0
    endloop
  endfacet
  facet normal 0 0 -1
    outer loop
      vertex -15.7028 29.3359 0
      vertex -32.9581 5.9088 0
      vertex -45.6773 20.3368 0
    endloop
  endfacet
  facet normal -0 0 -1
    outer loop
      vertex -16.383 11.4715 0
      vertex -32.4471 5.79559 0
      vertex -15.7028 29.3359 0
    endloop
  endfacet
  facet normal 0 0 -1
    outer loop
      vertex -16.383 11.4715 0
      vertex -31.9479 5.6382 0
      vertex -32.4471 5.79559 0
    endloop
  endfacet
  facet normal 0 0 -1
    outer loop
      vertex -17.3205 10 0
      vertex -31.4643 5.43779 0
      vertex -31.9479 5.6382 0
    endloop
  endfacet
  facet normal -0 0 -1
    outer loop
      vertex -18.1262 8.45239 0
      vertex -31 5.1962 0
      vertex -17.3205 10 0
    endloop
  endfacet
  facet normal 0 0 -1
    outer loop
      vertex -18.1262 8.45239 0
      vertex -30.5585 4.91489 0
      vertex -31 5.1962 0
    endloop
  endfacet
  facet normal -0 0 -1
    outer loop
      vertex -18.7939 6.84039 0
      vertex -30.1433 4.5963 0
      vertex -18.1262 8.45239 0
    endloop
  endfacet
  facet normal 0 0 -1
    outer loop
      vertex -29.4037 3.85669 0
      vertex -29.7574 4.2426 0
      vertex -18.7939 6.84039 0
    endloop
  endfacet
  facet normal 0 0 -1
    outer loop
      vertex -29.0851 3.4415 0
      vertex -29.4037 3.85669 0
      vertex -19.3185 5.17639 0
    endloop
  endfacet
  facet normal 0 0 -1
    outer loop
      vertex -28.8038 3 0
      vertex -29.0851 3.4415 0
      vertex -19.3185 5.17639 0
    endloop
  endfacet
  facet normal -0 0 -1
    outer loop
      vertex -19.6962 3.47299 0
      vertex -28.8038 3 0
      vertex -19.3185 5.17639 0
    endloop
  endfacet
  facet normal 0 0 -1
    outer loop
      vertex -19.6962 3.47299 0
      vertex -28.5622 2.53569 0
      vertex -28.8038 3 0
    endloop
  endfacet
  facet normal 0 0 -1
    outer loop
      vertex -19.6962 3.47299 0
      vertex -28.3618 2.05209 0
      vertex -28.5622 2.53569 0
    endloop
  endfacet
  facet normal -0 0 -1
    outer loop
      vertex -19.9239 1.74309 0
      vertex -28.2044 1.55289 0
      vertex -28.3618 2.05209 0
    endloop
  endfacet
  facet normal 0 0 -1
    outer loop
      vertex -19.9239 1.74309 0
      vertex -28.0912 1.04189 0
      vertex -28.2044 1.55289 0
    endloop
  endfacet
  facet normal 0 0 -1
    outer loop
      vertex -19.9239 1.74309 0
      vertex -28.0228 0.522888 0
      vertex -28.0912 1.04189 0
    endloop
  endfacet
  facet normal 0 0 -1
    outer loop
      vertex -19.9239 1.74309 0
      vertex -20 0 0
      vertex -28.0228 0.522888 0
    endloop
  endfacet
  facet normal 0 0 -1
    outer loop
      vertex -28.0228 0.522888 0
      vertex -20 0 0
      vertex -28 0 0
    endloop
  endfacet
  facet normal 0 -0 -1
    outer loop
      vertex -20 0 0
      vertex -19.9239 -1.74309 0
      vertex -28.0228 -0.522888 0
    endloop
  endfacet
  facet normal 0 -0 -1
    outer loop
      vertex -28.0228 -0.522888 0
      vertex -19.9239 -1.74309 0
      vertex -28.0912 -1.04189 0
    endloop
  endfacet
  facet normal 0 -0 -1
    outer loop
      vertex -28.0912 -1.04189 0
      vertex -19.9239 -1.74309 0
      vertex -28.2044 -1.55289 0
    endloop
  endfacet
  facet normal 0 -0 -1
    outer loop
      vertex -28.2044 -1.55289 0
      vertex -19.9239 -1.74309 0
      vertex -28.3618 -2.05209 0
    endloop
  endfacet
  facet normal 0 -0 -1
    outer loop
      vertex -28.3618 -2.05209 0
      vertex -19.6962 -3.47299 0
      vertex -28.5622 -2.53569 0
    endloop
  endfacet
  facet normal 0 -0 -1
    outer loop
      vertex -28.5622 -2.53569 0
      vertex -19.6962 -3.47299 0
      vertex -28.8038 -3 0
    endloop
  endfacet
  facet normal 0 0 -1
    outer loop
      vertex -28.8038 -3 0
      vertex -19.6962 -3.47299 0
      vertex -19.3185 -5.17639 0
    endloop
  endfacet
  facet normal 0 -0 -1
    outer loop
      vertex -29.0851 -3.4415 0
      vertex -19.3185 -5.17639 0
      vertex -29.4037 -3.85669 0
    endloop
  endfacet
  facet normal 0 0 -1
    outer loop
      vertex -29.4037 -3.85669 0
      vertex -19.3185 -5.17639 0
      vertex -18.7939 -6.84039 0
    endloop
  endfacet
  facet normal 0 0 -1
    outer loop
      vertex -29.7574 -4.2426 0
      vertex -29.4037 -3.85669 0
      vertex -18.7939 -6.84039 0
    endloop
  endfacet
  facet normal 0 0 -1
    outer loop
      vertex -30.1433 -4.5963 0
      vertex -18.7939 -6.84039 0
      vertex -18.1262 -8.45239 0
    endloop
  endfacet
  facet normal 0 0 -1
    outer loop
      vertex -30.5585 -4.91489 0
      vertex -30.1433 -4.5963 0
      vertex -18.1262 -8.45239 0
    endloop
  endfacet
  facet normal 0 0 -1
    outer loop
      vertex -31 -5.1962 0
      vertex -30.5585 -4.91489 0
      vertex -18.1262 -8.45239 0
    endloop
  endfacet
  facet normal 0 0 -1
    outer loop
      vertex -31.4643 -5.43779 0
      vertex -31 -5.1962 0
      vertex -17.3205 -10 0
    endloop
  endfacet
  facet normal 0 0 -1
    outer loop
      vertex -31.9479 -5.6382 0
      vertex -31.4643 -5.43779 0
      vertex -17.3205 -10 0
    endloop
  endfacet
  facet normal 0 0 -1
    outer loop
      vertex -16.383 -11.4715 0
      vertex -31.9479 -5.6382 0
      vertex -17.3205 -10 0
    endloop
  endfacet
  facet normal -0 0 -1
    outer loop
      vertex -16.4154 -31.294 0
      vertex -33.4565 -37.1572 0
      vertex -16.3022 -30.783 0
    endloop
  endfacet
  facet normal 0 0 -1
    outer loop
      vertex -16.4154 -31.294 0
      vertex -16.4838 -31.813 0
      vertex -33.4565 -37.1572 0
    endloop
  endfacet
  facet normal 0 0 -1
    outer loop
      vertex -45.6773 -20.3368 0
      vertex -33.4771 -5.97719 0
      vertex -32.9581 -5.9088 0
    endloop
  endfacet
  facet normal 0 0 -1
    outer loop
      vertex -6.64989 -27.7396 0
      vertex -3.47299 -19.6962 0
      vertex -6.26399 -28.0933 0
    endloop
  endfacet
  facet normal 0 0 -1
    outer loop
      vertex -9.46469 -26.4271 0
      vertex -9.98369 -26.3587 0
      vertex -6.84039 -18.7939 0
    endloop
  endfacet
  facet normal 0 0 -1
    outer loop
      vertex 31.0583 -115.911 0
      vertex 10.4528 -99.4522 0
      vertex 42.2132 -79.8811 0
    endloop
  endfacet
  facet normal 0 0 -1
    outer loop
      vertex 6.073 -90.1447 0
      vertex 4.4823 -85.2489 0
      vertex 35.6563 -71.9553 0
    endloop
  endfacet
  facet normal 0 0 -1
    outer loop
      vertex 24.5066 -25.1809 0
      vertex 24.9709 -25.4225 0
      vertex 25 -43.3013 0
    endloop
  endfacet
  facet normal 0 0 -1
    outer loop
      vertex -10.4587 -119.543 0
      vertex -20.8378 -118.177 0
      vertex 10.4528 -99.4522 0
    endloop
  endfacet
  facet normal 0 -0 -1
    outer loop
      vertex 2.87749 -59.7408 0
      vertex 28.5182 -58.3014 0
      vertex 2.33939 -64.8604 0
    endloop
  endfacet
  facet normal -0 0 -1
    outer loop
      vertex 25.4545 -25.6229 0
      vertex 25 -43.3013 0
      vertex 24.9709 -25.4225 0
    endloop
  endfacet
  facet normal 0 0 -1
    outer loop
      vertex -11.4715 -16.383 0
      vertex -12.5587 -26.6977 0
      vertex -13.0423 -26.8981 0
    endloop
  endfacet
  facet normal 0 -0 -1
    outer loop
      vertex 23.264 -24.2273 0
      vertex 25 -43.3013 0
      vertex -4.52939 -32.8588 0
    endloop
  endfacet
  facet normal 0 0 -1
    outer loop
      vertex -5.17639 -19.3185 0
      vertex -7.50659 -27.1397 0
      vertex -7.97089 -26.8981 0
    endloop
  endfacet
  facet normal -0 -0 -1
    outer loop
      vertex 24.0651 -24.8996 0
      vertex 25 -43.3013 0
      vertex 23.6499 -24.581 0
    endloop
  endfacet
  facet normal 0 0 -1
    outer loop
      vertex -5.59169 -28.8944 0
      vertex -1.74309 -19.9239 0
      vertex 0 -20 0
    endloop
  endfacet
  facet normal 0 0 -1
    outer loop
      vertex 3.47299 -19.6962 0
      vertex -4.711 -30.783 0
      vertex 1.74309 -19.9239 0
    endloop
  endfacet
  facet normal 0 0 -1
    outer loop
      vertex 8.45239 -18.1262 0
      vertex 10 -17.3205 0
      vertex 22.0688 -22.5204 0
    endloop
  endfacet
  facet normal 0 0 -1
    outer loop
      vertex 11.4715 -16.383 0
      vertex 21.5066 -19.9847 0
      vertex 21.5294 -20.5076 0
    endloop
  endfacet
  facet normal -0 0 -1
    outer loop
      vertex 59.1128 9.1064 0
      vertex 48.9074 -10.3956 0
      vertex 53.9831 9.53709 0
    endloop
  endfacet
  facet normal 0 0 -1
    outer loop
      vertex 72.2563 -20.7912 0
      vertex 69.3903 9.53709 0
      vertex 74.4659 10.3956 0
    endloop
  endfacet
  facet normal 0 0 -1
    outer loop
      vertex 77.3319 -21.6497 0
      vertex 79.452 11.6758 0
      vertex 82.4617 -22.0804 0
    endloop
  endfacet
  facet normal 0 0 -1
    outer loop
      vertex 82.4617 -22.0804 0
      vertex 79.452 11.6758 0
      vertex 87.6094 -22.0804 0
    endloop
  endfacet
  facet normal 0 0 -1
    outer loop
      vertex 112.763 -41.0424 0
      vertex 97.8148 -20.7912 0
      vertex 115.911 -31.0583 0
    endloop
  endfacet
  facet normal 0 0 -1
    outer loop
      vertex 87.6094 -22.0804 0
      vertex 84.3134 13.3687 0
      vertex 92.7391 -21.6497 0
    endloop
  endfacet
  facet normal 0 0 -1
    outer loop
      vertex 84.3134 13.3687 0
      vertex 89.0161 15.4625 0
      vertex 97.8148 -20.7912 0
    endloop
  endfacet
  facet normal 0 0 -1
    outer loop
      vertex 119.543 -10.4587 0
      vertex 118.177 -20.8378 0
      vertex 97.8148 -20.7912 0
    endloop
  endfacet
  facet normal 0 0 -1
    outer loop
      vertex 97.8148 -20.7912 0
      vertex 118.177 -20.8378 0
      vertex 115.911 -31.0583 0
    endloop
  endfacet
  facet normal 0 0 -1
    outer loop
      vertex 97.8148 -20.7912 0
      vertex 89.0161 15.4625 0
      vertex 120 0 0
    endloop
  endfacet
  facet normal -0 0 -1
    outer loop
      vertex 119.543 -10.4587 0
      vertex 97.8148 -20.7912 0
      vertex 120 0 0
    endloop
  endfacet
  facet normal -0 0 -1
    outer loop
      vertex 112.763 -41.0424 0
      vertex 108.757 -50.7142 0
      vertex 97.8148 -20.7912 0
    endloop
  endfacet
  facet normal -0 0 -1
    outer loop
      vertex 108.757 -50.7142 0
      vertex 103.923 -60 0
      vertex 97.8148 -20.7912 0
    endloop
  endfacet
  facet normal -0 0 -1
    outer loop
      vertex 103.923 -60 0
      vertex 98.2982 -68.8292 0
      vertex 97.8148 -20.7912 0
    endloop
  endfacet
  facet normal -0 0 -1
    outer loop
      vertex 98.2982 -68.8292 0
      vertex 50 -86.6025 0
      vertex 97.8148 -20.7912 0
    endloop
  endfacet
  facet normal -0 0 -1
    outer loop
      vertex 91.9253 -77.1345 0
      vertex 50 -86.6025 0
      vertex 98.2982 -68.8292 0
    endloop
  endfacet
  facet normal -0 0 -1
    outer loop
      vertex 84.8528 -84.8528 0
      vertex 50 -86.6025 0
      vertex 91.9253 -77.1345 0
    endloop
  endfacet
  facet normal 0 0 -1
    outer loop
      vertex 3.47299 -19.6962 0
      vertex -4.52939 -31.813 0
      vertex -4.59779 -31.294 0
    endloop
  endfacet
  facet normal 0 0 -1
    outer loop
      vertex 22.5917 -23.4262 0
      vertex 6.84039 -18.7939 0
      vertex 22.3104 -22.9847 0
    endloop
  endfacet
  facet normal 0 -0 -1
    outer loop
      vertex 8.45239 -18.1262 0
      vertex 22.3104 -22.9847 0
      vertex 6.84039 -18.7939 0
    endloop
  endfacet
  facet normal 0 0 -1
    outer loop
      vertex 8.45239 -18.1262 0
      vertex 22.0688 -22.5204 0
      vertex 22.3104 -22.9847 0
    endloop
  endfacet
  facet normal 0 0 -1
    outer loop
      vertex 21.8684 -22.0368 0
      vertex 10 -17.3205 0
      vertex 21.711 -21.5376 0
    endloop
  endfacet
  facet normal 0 0 -1
    outer loop
      vertex 21.711 -21.5376 0
      vertex 11.4715 -16.383 0
      vertex 21.5978 -21.0266 0
    endloop
  endfacet
  facet normal 0 0 -1
    outer loop
      vertex 21.5978 -21.0266 0
      vertex 11.4715 -16.383 0
      vertex 21.5294 -20.5076 0
    endloop
  endfacet
  facet normal 0 0 -1
    outer loop
      vertex 11.4715 -16.383 0
      vertex 12.8558 -15.3209 0
      vertex 21.5066 -19.9847 0
    endloop
  endfacet
  facet normal 0 0 -1
    outer loop
      vertex 21.5294 -19.4618 0
      vertex 12.8558 -15.3209 0
      vertex 21.5978 -18.9428 0
    endloop
  endfacet
  facet normal 0 0 -1
    outer loop
      vertex 21.5066 -19.9847 0
      vertex 12.8558 -15.3209 0
      vertex 21.5294 -19.4618 0
    endloop
  endfacet
  facet normal 0 0 -1
    outer loop
      vertex 21.5978 -18.9428 0
      vertex 12.8558 -15.3209 0
      vertex 14.1421 -14.1421 0
    endloop
  endfacet
  facet normal 0 0 -1
    outer loop
      vertex 14.1421 -14.1421 0
      vertex 21.8684 -17.9326 0
      vertex 21.711 -18.4318 0
    endloop
  endfacet
  facet normal 0 0 -1
    outer loop
      vertex 14.1421 -14.1421 0
      vertex 15.3209 -12.8558 0
      vertex 21.8684 -17.9326 0
    endloop
  endfacet
  facet normal 0 0 -1
    outer loop
      vertex 21.8684 -17.9326 0
      vertex 15.3209 -12.8558 0
      vertex 22.0688 -17.449 0
    endloop
  endfacet
  facet normal 0 0 -1
    outer loop
      vertex 15.3209 -12.8558 0
      vertex 16.383 -11.4715 0
      vertex 22.3104 -16.9847 0
    endloop
  endfacet
  facet normal 0 0 -1
    outer loop
      vertex 22.3104 -16.9847 0
      vertex 16.383 -11.4715 0
      vertex 22.5917 -16.5432 0
    endloop
  endfacet
  facet normal 0 0 -1
    outer loop
      vertex 22.5917 -16.5432 0
      vertex 16.383 -11.4715 0
      vertex 22.9103 -16.128 0
    endloop
  endfacet
  facet normal 0 0 -1
    outer loop
      vertex 22.9103 -16.128 0
      vertex 16.383 -11.4715 0
      vertex 23.264 -15.7421 0
    endloop
  endfacet
  facet normal 0 0 -1
    outer loop
      vertex 23.264 -15.7421 0
      vertex 16.383 -11.4715 0
      vertex 17.3205 -10 0
    endloop
  endfacet
  facet normal -0 0 -1
    outer loop
      vertex 23.6499 -15.3884 0
      vertex 23.264 -15.7421 0
      vertex 17.3205 -10 0
    endloop
  endfacet
  facet normal 0 0 -1
    outer loop
      vertex 24.0651 -15.0698 0
      vertex 17.3205 -10 0
      vertex 18.1262 -8.45239 0
    endloop
  endfacet
  facet normal -0 0 -1
    outer loop
      vertex 24.5066 -14.7885 0
      vertex 24.0651 -15.0698 0
      vertex 18.1262 -8.45239 0
    endloop
  endfacet
  facet normal -0 0 -1
    outer loop
      vertex 24.9709 -14.5469 0
      vertex 24.5066 -14.7885 0
      vertex 18.1262 -8.45239 0
    endloop
  endfacet
  facet normal -0 0 -1
    outer loop
      vertex 25.4545 -14.3465 0
      vertex 24.9709 -14.5469 0
      vertex 18.1262 -8.45239 0
    endloop
  endfacet
  facet normal -0 0 -1
    outer loop
      vertex 25.9537 -14.1891 0
      vertex 25.4545 -14.3465 0
      vertex 18.7939 -6.84039 0
    endloop
  endfacet
  facet normal -0 0 -1
    outer loop
      vertex 26.4647 -14.0759 0
      vertex 25.9537 -14.1891 0
      vertex 18.7939 -6.84039 0
    endloop
  endfacet
  facet normal 0 -0 -1
    outer loop
      vertex 19.3185 -5.17639 0
      vertex 26.4647 -14.0759 0
      vertex 18.7939 -6.84039 0
    endloop
  endfacet
  facet normal 0 0 -1
    outer loop
      vertex 19.3185 -5.17639 0
      vertex 26.9837 -14.0075 0
      vertex 26.4647 -14.0759 0
    endloop
  endfacet
  facet normal 0 0 -1
    outer loop
      vertex 19.6962 -3.47299 0
      vertex 28.0295 -14.0075 0
      vertex 27.5066 -13.9847 0
    endloop
  endfacet
  facet normal 0 0 -1
    outer loop
      vertex 19.3185 -5.17639 0
      vertex 27.5066 -13.9847 0
      vertex 26.9837 -14.0075 0
    endloop
  endfacet
  facet normal 0 0 -1
    outer loop
      vertex 28.5485 -14.0759 0
      vertex 28.0295 -14.0075 0
      vertex 19.6962 -3.47299 0
    endloop
  endfacet
  facet normal 0 0 -1
    outer loop
      vertex 29.0595 -14.1891 0
      vertex 19.9239 -1.74309 0
      vertex 29.5587 -14.3465 0
    endloop
  endfacet
  facet normal 0 0 -1
    outer loop
      vertex 29.5587 -14.3465 0
      vertex 19.9239 -1.74309 0
      vertex 20 0 0
    endloop
  endfacet
  facet normal 0 -0 -1
    outer loop
      vertex 29.5587 14.3465 0
      vertex 29.5587 -14.3465 0
      vertex 20 0 0
    endloop
  endfacet
  facet normal 0 0 -1
    outer loop
      vertex 29.5587 14.3465 0
      vertex 30.0423 -14.5469 0
      vertex 29.5587 -14.3465 0
    endloop
  endfacet
  facet normal 0 0 -1
    outer loop
      vertex 29.5587 14.3465 0
      vertex 30.0423 14.5469 0
      vertex 30.0423 -14.5469 0
    endloop
  endfacet
  facet normal 0 0 -1
    outer loop
      vertex 30.0423 -14.5469 0
      vertex 30.0423 14.5469 0
      vertex 48.9074 -10.3956 0
    endloop
  endfacet
  facet normal 0 0 -1
    outer loop
      vertex 30.5066 -14.7885 0
      vertex 30.0423 -14.5469 0
      vertex 48.9074 -10.3956 0
    endloop
  endfacet
  facet normal 0 0 -1
    outer loop
      vertex 30.9481 -15.0698 0
      vertex 30.5066 -14.7885 0
      vertex 48.9074 -10.3956 0
    endloop
  endfacet
  facet normal 0 0 -1
    outer loop
      vertex 31.3633 -15.3884 0
      vertex 30.9481 -15.0698 0
      vertex 48.9074 -10.3956 0
    endloop
  endfacet
  facet normal 0 0 -1
    outer loop
      vertex 31.7492 -15.7421 0
      vertex 31.3633 -15.3884 0
      vertex 48.9074 -10.3956 0
    endloop
  endfacet
  facet normal 0 0 -1
    outer loop
      vertex 32.1029 -16.128 0
      vertex 31.7492 -15.7421 0
      vertex 48.9074 -10.3956 0
    endloop
  endfacet
  facet normal 0 0 -1
    outer loop
      vertex 32.4215 -16.5432 0
      vertex 32.1029 -16.128 0
      vertex 48.9074 -10.3956 0
    endloop
  endfacet
  facet normal 0 0 -1
    outer loop
      vertex 32.7028 -16.9847 0
      vertex 32.4215 -16.5432 0
      vertex 48.9074 -10.3956 0
    endloop
  endfacet
  facet normal 0 0 -1
    outer loop
      vertex 32.9444 -17.449 0
      vertex 32.7028 -16.9847 0
      vertex 48.9074 -10.3956 0
    endloop
  endfacet
  facet normal 0 0 -1
    outer loop
      vertex 33.1448 -17.9326 0
      vertex 32.9444 -17.449 0
      vertex 48.9074 -10.3956 0
    endloop
  endfacet
  facet normal 0 0 -1
    outer loop
      vertex 33.3022 -18.4318 0
      vertex 33.1448 -17.9326 0
      vertex 48.9074 -10.3956 0
    endloop
  endfacet
  facet normal 0 0 -1
    outer loop
      vertex 48.9074 -10.3956 0
      vertex 33.4154 -18.9428 0
      vertex 33.3022 -18.4318 0
    endloop
  endfacet
  facet normal 0 0 -1
    outer loop
      vertex 48.9074 -10.3956 0
      vertex 33.4838 -19.4618 0
      vertex 33.4154 -18.9428 0
    endloop
  endfacet
  facet normal 0 0 -1
    outer loop
      vertex 48.9074 -10.3956 0
      vertex 33.5066 -19.9847 0
      vertex 33.4838 -19.4618 0
    endloop
  endfacet
  facet normal 0 0 -1
    outer loop
      vertex 48.9074 -10.3956 0
      vertex 33.4838 -20.5076 0
      vertex 33.5066 -19.9847 0
    endloop
  endfacet
  facet normal 0 0 -1
    outer loop
      vertex 48.9074 -10.3956 0
      vertex 33.4154 -21.0266 0
      vertex 33.4838 -20.5076 0
    endloop
  endfacet
  facet normal 0 0 -1
    outer loop
      vertex 48.9074 -10.3956 0
      vertex 33.3022 -21.5376 0
      vertex 33.4154 -21.0266 0
    endloop
  endfacet
  facet normal 0 0 -1
    outer loop
      vertex 48.9074 -10.3956 0
      vertex 33.1448 -22.0368 0
      vertex 33.3022 -21.5376 0
    endloop
  endfacet
  facet normal 0 -0 -1
    outer loop
      vertex 32.9444 -22.5204 0
      vertex 48.9074 -10.3956 0
      vertex 32.7028 -22.9847 0
    endloop
  endfacet
  facet normal 0 -0 -1
    outer loop
      vertex 32.7028 -22.9847 0
      vertex 48.9074 -10.3956 0
      vertex 32.4215 -23.4262 0
    endloop
  endfacet
  facet normal 0 -0 -1
    outer loop
      vertex 32.4215 -23.4262 0
      vertex 48.9074 -10.3956 0
      vertex 25 -43.3013 0
    endloop
  endfacet
  facet normal 0 -0 -1
    outer loop
      vertex 32.1029 -23.8414 0
      vertex 32.4215 -23.4262 0
      vertex 25 -43.3013 0
    endloop
  endfacet
  facet normal 0 -0 -1
    outer loop
      vertex 31.7492 -24.2273 0
      vertex 32.1029 -23.8414 0
      vertex 25 -43.3013 0
    endloop
  endfacet
  facet normal 0 -0 -1
    outer loop
      vertex 31.3633 -24.581 0
      vertex 31.7492 -24.2273 0
      vertex 25 -43.3013 0
    endloop
  endfacet
  facet normal 0 -0 -1
    outer loop
      vertex 30.9481 -24.8996 0
      vertex 31.3633 -24.581 0
      vertex 25 -43.3013 0
    endloop
  endfacet
  facet normal 0 -0 -1
    outer loop
      vertex 30.5066 -25.1809 0
      vertex 30.9481 -24.8996 0
      vertex 25 -43.3013 0
    endloop
  endfacet
  facet normal 0 -0 -1
    outer loop
      vertex 30.0423 -25.4225 0
      vertex 30.5066 -25.1809 0
      vertex 25 -43.3013 0
    endloop
  endfacet
  facet normal 0 -0 -1
    outer loop
      vertex 29.5587 -25.6229 0
      vertex 30.0423 -25.4225 0
      vertex 25 -43.3013 0
    endloop
  endfacet
  facet normal 0 -0 -1
    outer loop
      vertex 29.0595 -25.7803 0
      vertex 29.5587 -25.6229 0
      vertex 25 -43.3013 0
    endloop
  endfacet
  facet normal 0 -0 -1
    outer loop
      vertex 28.5485 -25.8935 0
      vertex 29.0595 -25.7803 0
      vertex 25 -43.3013 0
    endloop
  endfacet
  facet normal 0 -0 -1
    outer loop
      vertex 27.5066 -25.9847 0
      vertex 28.0295 -25.9619 0
      vertex 25 -43.3013 0
    endloop
  endfacet
  facet normal 0 -0 -1
    outer loop
      vertex 28.0295 -25.9619 0
      vertex 28.5485 -25.8935 0
      vertex 25 -43.3013 0
    endloop
  endfacet
  facet normal 0 0 -1
    outer loop
      vertex 5.22639 -49.7261 0
      vertex -5.91029 -36.1926 0
      vertex -5.59169 -35.7774 0
    endloop
  endfacet
  facet normal 0 0 -1
    outer loop
      vertex -70.6773 -25.6507 0
      vertex -65.891 -23.7557 0
      vertex -50.5321 -48.5022 0
    endloop
  endfacet
  facet normal -0 -0 -1
    outer loop
      vertex -13.5066 -37.5321 0
      vertex -13.0423 -37.7737 0
      vertex -33.4565 -37.1572 0
    endloop
  endfacet
  facet normal 0 -0 -1
    outer loop
      vertex -14.3633 -36.9322 0
      vertex -13.9481 -37.2508 0
      vertex -33.4565 -37.1572 0
    endloop
  endfacet
  facet normal 0 0 -1
    outer loop
      vertex -13.5066 -37.5321 0
      vertex -33.4565 -37.1572 0
      vertex -13.9481 -37.2508 0
    endloop
  endfacet
  facet normal 0 -0 -1
    outer loop
      vertex -14.7492 -36.5785 0
      vertex -14.3633 -36.9322 0
      vertex -33.4565 -37.1572 0
    endloop
  endfacet
  facet normal 0 0 -1
    outer loop
      vertex -66.9131 -74.3145 0
      vertex -50.7142 -108.757 0
      vertex -60 -103.923 0
    endloop
  endfacet
  facet normal 0 0 -1
    outer loop
      vertex -33.4565 -37.1572 0
      vertex -15.1029 -36.1926 0
      vertex -14.7492 -36.5785 0
    endloop
  endfacet
  facet normal -0 0 -1
    outer loop
      vertex -54.1338 -52.1801 0
      vertex -57.4151 -56.1466 0
      vertex -75.2882 -27.9396 0
    endloop
  endfacet
  facet normal 0 0 -1
    outer loop
      vertex -33.4565 -37.1572 0
      vertex -15.7028 -35.3359 0
      vertex -15.4215 -35.7774 0
    endloop
  endfacet
  facet normal 0 -0 -1
    outer loop
      vertex -70.6773 -25.6507 0
      vertex -54.1338 -52.1801 0
      vertex -75.2882 -27.9396 0
    endloop
  endfacet
  facet normal -0 0 -1
    outer loop
      vertex -16.4838 -32.8588 0
      vertex -33.4565 -37.1572 0
      vertex -16.5066 -32.3359 0
    endloop
  endfacet
  facet normal 0 0 -1
    outer loop
      vertex -16.1448 -30.2838 0
      vertex -16.3022 -30.783 0
      vertex -33.4565 -37.1572 0
    endloop
  endfacet
  facet normal -0 0 -1
    outer loop
      vertex -15.9444 -29.8002 0
      vertex -33.4565 -37.1572 0
      vertex -15.7028 -29.3359 0
    endloop
  endfacet
  facet normal 0 -0 -1
    outer loop
      vertex 28.5182 -58.3014 0
      vertex 30.5131 -63.0469 0
      vertex 2.33939 -64.8604 0
    endloop
  endfacet
  facet normal 0 0 -1
    outer loop
      vertex -15.7028 -29.3359 0
      vertex -45.6773 -20.3368 0
      vertex -32.9581 -5.9088 0
    endloop
  endfacet
  facet normal 0 0 -1
    outer loop
      vertex -33.4565 -37.1572 0
      vertex -45.6773 -20.3368 0
      vertex -15.7028 -29.3359 0
    endloop
  endfacet
  facet normal -0 -0 -1
    outer loop
      vertex -16.383 -11.4715 0
      vertex -15.7028 -29.3359 0
      vertex -32.4471 -5.79559 0
    endloop
  endfacet
  facet normal 0 0 -1
    outer loop
      vertex -15.7028 -29.3359 0
      vertex -32.9581 -5.9088 0
      vertex -32.4471 -5.79559 0
    endloop
  endfacet
  facet normal -0 0 -1
    outer loop
      vertex -15.3209 -12.8558 0
      vertex -15.4215 -28.8944 0
      vertex -16.383 -11.4715 0
    endloop
  endfacet
  facet normal -0 0 -1
    outer loop
      vertex -15.4215 -28.8944 0
      vertex -15.7028 -29.3359 0
      vertex -16.383 -11.4715 0
    endloop
  endfacet
  facet normal -0 0 -1
    outer loop
      vertex -14.7492 -28.0933 0
      vertex -15.1029 -28.4792 0
      vertex -15.3209 -12.8558 0
    endloop
  endfacet
  facet normal -0 0 -1
    outer loop
      vertex -15.1029 -28.4792 0
      vertex -15.4215 -28.8944 0
      vertex -15.3209 -12.8558 0
    endloop
  endfacet
  facet normal 0 0 -1
    outer loop
      vertex -14.7492 -28.0933 0
      vertex -15.3209 -12.8558 0
      vertex -14.1421 -14.1421 0
    endloop
  endfacet
  facet normal -0 0 -1
    outer loop
      vertex -13.9481 -27.421 0
      vertex -14.3633 -27.7396 0
      vertex -14.1421 -14.1421 0
    endloop
  endfacet
  facet normal -0 0 -1
    outer loop
      vertex -14.3633 -27.7396 0
      vertex -14.7492 -28.0933 0
      vertex -14.1421 -14.1421 0
    endloop
  endfacet
  facet normal -0 0 -1
    outer loop
      vertex -12.8558 -15.3209 0
      vertex -13.9481 -27.421 0
      vertex -14.1421 -14.1421 0
    endloop
  endfacet
  facet normal 0 0 -1
    outer loop
      vertex -13.0423 -26.8981 0
      vertex -12.8558 -15.3209 0
      vertex -11.4715 -16.383 0
    endloop
  endfacet
  facet normal 0 0 -1
    outer loop
      vertex -13.5066 -27.1397 0
      vertex -12.8558 -15.3209 0
      vertex -13.0423 -26.8981 0
    endloop
  endfacet
  facet normal 0 0 -1
    outer loop
      vertex -11.4715 -16.383 0
      vertex -12.0595 -26.5403 0
      vertex -12.5587 -26.6977 0
    endloop
  endfacet
  facet normal 0 -0 -1
    outer loop
      vertex -11.4715 -16.383 0
      vertex -10 -17.3205 0
      vertex -12.0595 -26.5403 0
    endloop
  endfacet
  facet normal 0 0 -1
    outer loop
      vertex -10 -17.3205 0
      vertex -11.0295 -26.3587 0
      vertex -11.5485 -26.4271 0
    endloop
  endfacet
  facet normal 0 -0 -1
    outer loop
      vertex -10 -17.3205 0
      vertex -8.45239 -18.1262 0
      vertex -11.0295 -26.3587 0
    endloop
  endfacet
  facet normal 0 0 -1
    outer loop
      vertex -11.0295 -26.3587 0
      vertex -8.45239 -18.1262 0
      vertex -10.5066 -26.3359 0
    endloop
  endfacet
  facet normal 0 0 -1
    outer loop
      vertex -10.5066 -26.3359 0
      vertex -8.45239 -18.1262 0
      vertex -9.98369 -26.3587 0
    endloop
  endfacet
  facet normal 0 0 -1
    outer loop
      vertex -9.98369 -26.3587 0
      vertex -8.45239 -18.1262 0
      vertex -6.84039 -18.7939 0
    endloop
  endfacet
  facet normal 0 0 -1
    outer loop
      vertex -9.46469 -26.4271 0
      vertex -6.84039 -18.7939 0
      vertex -8.95369 -26.5403 0
    endloop
  endfacet
  facet normal 0 0 -1
    outer loop
      vertex -8.95369 -26.5403 0
      vertex -6.84039 -18.7939 0
      vertex -8.4545 -26.6977 0
    endloop
  endfacet
  facet normal 0 0 -1
    outer loop
      vertex -8.4545 -26.6977 0
      vertex -6.84039 -18.7939 0
      vertex -5.17639 -19.3185 0
    endloop
  endfacet
  facet normal 0 0 -1
    outer loop
      vertex -7.97089 -26.8981 0
      vertex -8.4545 -26.6977 0
      vertex -5.17639 -19.3185 0
    endloop
  endfacet
  facet normal 0 0 -1
    outer loop
      vertex -7.50659 -27.1397 0
      vertex -5.17639 -19.3185 0
      vertex -3.47299 -19.6962 0
    endloop
  endfacet
  facet normal 0 0 -1
    outer loop
      vertex -7.06509 -27.421 0
      vertex -7.50659 -27.1397 0
      vertex -3.47299 -19.6962 0
    endloop
  endfacet
  facet normal 0 0 -1
    outer loop
      vertex -6.64989 -27.7396 0
      vertex -7.06509 -27.421 0
      vertex -3.47299 -19.6962 0
    endloop
  endfacet
  facet normal 0 0 -1
    outer loop
      vertex -6.26399 -28.0933 0
      vertex -3.47299 -19.6962 0
      vertex -1.74309 -19.9239 0
    endloop
  endfacet
  facet normal 0 0 -1
    outer loop
      vertex -5.91029 -28.4792 0
      vertex -6.26399 -28.0933 0
      vertex -1.74309 -19.9239 0
    endloop
  endfacet
  facet normal 0 0 -1
    outer loop
      vertex -5.59169 -28.8944 0
      vertex 0 -20 0
      vertex -5.31039 -29.3359 0
    endloop
  endfacet
  facet normal 0 0 -1
    outer loop
      vertex -5.31039 -29.3359 0
      vertex 0 -20 0
      vertex -5.06879 -29.8002 0
    endloop
  endfacet
  facet normal 0 0 -1
    outer loop
      vertex -5.06879 -29.8002 0
      vertex 0 -20 0
      vertex 1.74309 -19.9239 0
    endloop
  endfacet
  facet normal 0 0 -1
    outer loop
      vertex -4.86839 -30.2838 0
      vertex -5.06879 -29.8002 0
      vertex 1.74309 -19.9239 0
    endloop
  endfacet
  facet normal 0 0 -1
    outer loop
      vertex -4.711 -30.783 0
      vertex -4.86839 -30.2838 0
      vertex 1.74309 -19.9239 0
    endloop
  endfacet
  facet normal 0 0 -1
    outer loop
      vertex -4.59779 -31.294 0
      vertex -4.711 -30.783 0
      vertex 3.47299 -19.6962 0
    endloop
  endfacet
  facet normal 0 0 -1
    outer loop
      vertex -4.52939 -31.813 0
      vertex 3.47299 -19.6962 0
      vertex 5.17639 -19.3185 0
    endloop
  endfacet
  facet normal 0 0 -1
    outer loop
      vertex -4.50659 -32.3359 0
      vertex -4.52939 -31.813 0
      vertex 5.17639 -19.3185 0
    endloop
  endfacet
  facet normal 0 0 -1
    outer loop
      vertex -4.52939 -32.8588 0
      vertex -4.50659 -32.3359 0
      vertex 5.17639 -19.3185 0
    endloop
  endfacet
  facet normal -0 0 -1
    outer loop
      vertex 22.9103 -23.8414 0
      vertex -4.52939 -32.8588 0
      vertex 6.84039 -18.7939 0
    endloop
  endfacet
  facet normal 0 -0 -1
    outer loop
      vertex 22.9103 -23.8414 0
      vertex 23.264 -24.2273 0
      vertex -4.52939 -32.8588 0
    endloop
  endfacet
  facet normal 0 -0 -1
    outer loop
      vertex -4.52939 -32.8588 0
      vertex 5.22639 -49.7261 0
      vertex -4.59779 -33.3778 0
    endloop
  endfacet
  facet normal 0 -0 -1
    outer loop
      vertex -4.59779 -33.3778 0
      vertex 5.22639 -49.7261 0
      vertex -4.711 -33.8888 0
    endloop
  endfacet
  facet normal 0 -0 -1
    outer loop
      vertex -4.711 -33.8888 0
      vertex 5.22639 -49.7261 0
      vertex -4.86839 -34.388 0
    endloop
  endfacet
  facet normal 0 -0 -1
    outer loop
      vertex -4.86839 -34.388 0
      vertex 5.22639 -49.7261 0
      vertex -5.06879 -34.8716 0
    endloop
  endfacet
  facet normal 0 -0 -1
    outer loop
      vertex -5.06879 -34.8716 0
      vertex 5.22639 -49.7261 0
      vertex -5.31039 -35.3359 0
    endloop
  endfacet
  facet normal 0 -0 -1
    outer loop
      vertex -5.31039 -35.3359 0
      vertex 5.22639 -49.7261 0
      vertex -5.59169 -35.7774 0
    endloop
  endfacet
  facet normal -0 0 -1
    outer loop
      vertex 25 -43.3013 0
      vertex 5.22639 -49.7261 0
      vertex -4.52939 -32.8588 0
    endloop
  endfacet
  facet normal 0 -0 -1
    outer loop
      vertex -5.91029 -36.1926 0
      vertex 5.22639 -49.7261 0
      vertex -6.26399 -36.5785 0
    endloop
  endfacet
  facet normal 0 -0 -1
    outer loop
      vertex -6.26399 -36.5785 0
      vertex 5.22639 -49.7261 0
      vertex -6.64989 -36.9322 0
    endloop
  endfacet
  facet normal 0 -0 -1
    outer loop
      vertex -6.64989 -36.9322 0
      vertex 5.22639 -49.7261 0
      vertex -7.06509 -37.2508 0
    endloop
  endfacet
  facet normal 0 -0 -1
    outer loop
      vertex 25 -43.3013 0
      vertex 25.752 -48.3938 0
      vertex 5.22639 -49.7261 0
    endloop
  endfacet
  facet normal 0 -0 -1
    outer loop
      vertex -7.50659 -37.5321 0
      vertex 5.22639 -49.7261 0
      vertex -7.97089 -37.7737 0
    endloop
  endfacet
  facet normal 0 -0 -1
    outer loop
      vertex -7.97089 -37.7737 0
      vertex 5.22639 -49.7261 0
      vertex -8.4545 -37.9741 0
    endloop
  endfacet
  facet normal 0 -0 -1
    outer loop
      vertex 25.752 -48.3938 0
      vertex 26.9275 -53.4056 0
      vertex 5.22639 -49.7261 0
    endloop
  endfacet
  facet normal 0 0 -1
    outer loop
      vertex -8.95369 -38.1315 0
      vertex -8.4545 -37.9741 0
      vertex 5.22639 -49.7261 0
    endloop
  endfacet
  facet normal -0 0 -1
    outer loop
      vertex 26.9275 -53.4056 0
      vertex 3.84209 -54.6842 0
      vertex 5.22639 -49.7261 0
    endloop
  endfacet
  facet normal 0 0 -1
    outer loop
      vertex 5.22639 -49.7261 0
      vertex -11.5485 -38.2447 0
      vertex -11.0295 -38.3131 0
    endloop
  endfacet
  facet normal 0 -0 -1
    outer loop
      vertex -9.98369 -38.3131 0
      vertex 5.22639 -49.7261 0
      vertex -10.5066 -38.3359 0
    endloop
  endfacet
  facet normal 0 -0 -1
    outer loop
      vertex 3.84209 -54.6842 0
      vertex 26.9275 -53.4056 0
      vertex 2.87749 -59.7408 0
    endloop
  endfacet
  facet normal 0 0 -1
    outer loop
      vertex 10.4528 -99.4522 0
      vertex 0 -120 0
      vertex -10.4587 -119.543 0
    endloop
  endfacet
  facet normal 0 0 -1
    outer loop
      vertex -77.1345 -91.9253 0
      vertex -66.9131 -74.3145 0
      vertex -68.8292 -98.2982 0
    endloop
  endfacet
  facet normal 0 0 -1
    outer loop
      vertex -33.4565 -37.1572 0
      vertex -15.4215 -35.7774 0
      vertex -15.1029 -36.1926 0
    endloop
  endfacet
  facet normal 0 0 -1
    outer loop
      vertex -31.0583 -115.911 0
      vertex -41.0424 -112.763 0
      vertex 10.4528 -99.4522 0
    endloop
  endfacet
  facet normal 0 0 -1
    outer loop
      vertex -41.0424 -112.763 0
      vertex -66.9131 -74.3145 0
      vertex 10.4528 -99.4522 0
    endloop
  endfacet
  facet normal 0 0 -1
    outer loop
      vertex -50.5321 -48.5022 0
      vertex -65.891 -23.7557 0
      vertex -60.963 -22.2678 0
    endloop
  endfacet
  facet normal -0 0 -1
    outer loop
      vertex -15.9444 -34.8716 0
      vertex -33.4565 -37.1572 0
      vertex -16.1448 -34.388 0
    endloop
  endfacet
  facet normal -0 0 -1
    outer loop
      vertex -46.6353 -45.1385 0
      vertex -50.5321 -48.5022 0
      vertex -60.963 -22.2678 0
    endloop
  endfacet
  facet normal -0 0 -1
    outer loop
      vertex -16.1448 -34.388 0
      vertex -33.4565 -37.1572 0
      vertex -16.3022 -33.8888 0
    endloop
  endfacet
  facet normal 0 -0 -1
    outer loop
      vertex -55.9277 -21.1976 0
      vertex -46.6353 -45.1385 0
      vertex -60.963 -22.2678 0
    endloop
  endfacet
  facet normal -0 0 -1
    outer loop
      vertex -16.3022 -33.8888 0
      vertex -33.4565 -37.1572 0
      vertex -16.4154 -33.3778 0
    endloop
  endfacet
  facet normal 0 0 -1
    outer loop
      vertex -55.9277 -21.1976 0
      vertex -42.4706 -42.1128 0
      vertex -46.6353 -45.1385 0
    endloop
  endfacet
  facet normal -0 0 -1
    outer loop
      vertex -16.4154 -33.3778 0
      vertex -33.4565 -37.1572 0
      vertex -16.4838 -32.8588 0
    endloop
  endfacet
  facet normal 0 0 -1
    outer loop
      vertex -55.9277 -21.1976 0
      vertex -50.8205 -20.5524 0
      vertex -42.4706 -42.1128 0
    endloop
  endfacet
  facet normal -0 0 -1
    outer loop
      vertex -16.5066 -32.3359 0
      vertex -33.4565 -37.1572 0
      vertex -16.4838 -31.813 0
    endloop
  endfacet
  facet normal 0 0 -1
    outer loop
      vertex -42.4706 -42.1128 0
      vertex -50.8205 -20.5524 0
      vertex -45.6773 -20.3368 0
    endloop
  endfacet
  facet normal 0 0 -1
    outer loop
      vertex -45.6773 -20.3368 0
      vertex -38.0674 -39.4461 0
      vertex -42.4706 -42.1128 0
    endloop
  endfacet
  facet normal 0 -0 -1
    outer loop
      vertex 2.33939 -64.8604 0
      vertex 30.5131 -63.0469 0
      vertex 2.2316 -70.007 0
    endloop
  endfacet
  facet normal -0 0 -1
    outer loop
      vertex -16.1448 -30.2838 0
      vertex -33.4565 -37.1572 0
      vertex -15.9444 -29.8002 0
    endloop
  endfacet
  facet normal -0 0 -1
    outer loop
      vertex -33.4565 -37.1572 0
      vertex -38.0674 -39.4461 0
      vertex -45.6773 -20.3368 0
    endloop
  endfacet
  facet normal 0 -0 -1
    outer loop
      vertex -8.95369 -38.1315 0
      vertex 5.22639 -49.7261 0
      vertex -9.46469 -38.2447 0
    endloop
  endfacet
  facet normal -0 0 -1
    outer loop
      vertex 28.5182 -58.3014 0
      vertex 2.87749 -59.7408 0
      vertex 26.9275 -53.4056 0
    endloop
  endfacet
  facet normal -0 -0 -1
    outer loop
      vertex -13.0423 -37.7737 0
      vertex -12.5587 -37.9741 0
      vertex -33.4565 -37.1572 0
    endloop
  endfacet
  facet normal -0 -0 -1
    outer loop
      vertex -12.5587 -37.9741 0
      vertex 5.22639 -49.7261 0
      vertex -33.4565 -37.1572 0
    endloop
  endfacet
  facet normal -0 -0 -1
    outer loop
      vertex -12.0595 -38.1315 0
      vertex 5.22639 -49.7261 0
      vertex -12.5587 -37.9741 0
    endloop
  endfacet
  facet normal 0 0 -1
    outer loop
      vertex 30.5131 -63.0469 0
      vertex 2.55479 -75.1446 0
      vertex 2.2316 -70.007 0
    endloop
  endfacet
  facet normal 0 0 -1
    outer loop
      vertex 32.898 -67.6089 0
      vertex 3.30679 -80.2371 0
      vertex 2.55479 -75.1446 0
    endloop
  endfacet
  facet normal 0 -0 -1
    outer loop
      vertex 32.898 -67.6089 0
      vertex 35.6563 -71.9553 0
      vertex 3.30679 -80.2371 0
    endloop
  endfacet
  facet normal 0 0 -1
    outer loop
      vertex 3.30679 -80.2371 0
      vertex 35.6563 -71.9553 0
      vertex 4.4823 -85.2489 0
    endloop
  endfacet
  facet normal 0 -0 -1
    outer loop
      vertex 35.6563 -71.9553 0
      vertex 38.7687 -76.0556 0
      vertex 6.073 -90.1447 0
    endloop
  endfacet
  facet normal 0 0 -1
    outer loop
      vertex 6.073 -90.1447 0
      vertex 38.7687 -76.0556 0
      vertex 8.06789 -94.8902 0
    endloop
  endfacet
  facet normal 0 0 -1
    outer loop
      vertex 8.06789 -94.8902 0
      vertex 38.7687 -76.0556 0
      vertex 10.4528 -99.4522 0
    endloop
  endfacet
  facet normal 0 0 1
    outer loop
      vertex 25.4545 -25.6229 8
      vertex 25 -43.3013 8
      vertex 25.9537 -25.7803 8
    endloop
  endfacet
  facet normal 0 0 1
    outer loop
      vertex 29.0595 -14.1891 8
      vertex 19.9239 -1.74309 8
      vertex 28.5485 -14.0759 8
    endloop
  endfacet
  facet normal 0 0 1
    outer loop
      vertex 22.5917 -23.4262 8
      vertex 6.84039 -18.7939 8
      vertex 22.9103 -23.8414 8
    endloop
  endfacet
  facet normal -0 0 1
    outer loop
      vertex 33.1448 -22.0368 8
      vertex 32.9444 -22.5204 8
      vertex 48.9074 -10.3956 8
    endloop
  endfacet
  facet normal 0 -0 1
    outer loop
      vertex 48.9074 -10.3956 8
      vertex 48.9074 10.3956 8
      vertex 30.0423 14.5469 8
    endloop
  endfacet
  facet normal 0 -0 1
    outer loop
      vertex 23.6499 -15.3884 8
      vertex 24.0651 -15.0698 8
      vertex 17.3205 -10 8
    endloop
  endfacet
  facet normal 0 0 1
    outer loop
      vertex 21.711 -21.5376 8
      vertex 11.4715 -16.383 8
      vertex 10 -17.3205 8
    endloop
  endfacet
  facet normal -0 0 1
    outer loop
      vertex 48.9074 -10.3956 8
      vertex 53.1951 -13.2443 8
      vertex 59.1128 9.1064 8
    endloop
  endfacet
  facet normal 0 0 1
    outer loop
      vertex 62.4088 -17.8181 8
      vertex 69.3903 9.53709 8
      vertex 64.2605 9.1064 8
    endloop
  endfacet
  facet normal 0 -0 1
    outer loop
      vertex 39.3437 57.9485 8
      vertex 42.102 62.2949 8
      vertex 12.3724 68.9412 8
    endloop
  endfacet
  facet normal 0 0 1
    outer loop
      vertex 119.543 10.4587 8
      vertex 118.177 20.8378 8
      vertex 97.8148 20.7912 8
    endloop
  endfacet
  facet normal 0 0 1
    outer loop
      vertex 119.543 10.4587 8
      vertex 93.5271 17.9425 8
      vertex 120 0 8
    endloop
  endfacet
  facet normal 0 0 1
    outer loop
      vertex 7.6113 54.2881 8
      vertex 5.22639 49.7261 8
      vertex 25 43.3013 8
    endloop
  endfacet
  facet normal -0 0 1
    outer loop
      vertex 53.1951 -13.2443 8
      vertex 57.7061 -15.7243 8
      vertex 59.1128 9.1064 8
    endloop
  endfacet
  facet normal 0 -0 1
    outer loop
      vertex -8.4545 37.9741 8
      vertex 5.22639 49.7261 8
      vertex -8.95369 38.1315 8
    endloop
  endfacet
  facet normal 0 0 1
    outer loop
      vertex 69.3903 9.53709 8
      vertex 67.2702 -19.511 8
      vertex 72.2563 -20.7912 8
    endloop
  endfacet
  facet normal 0 0 1
    outer loop
      vertex 108.757 50.7142 8
      vertex 97.8148 20.7912 8
      vertex 112.763 41.0424 8
    endloop
  endfacet
  facet normal 0 0 1
    outer loop
      vertex 25 43.3013 8
      vertex 9.60619 59.0336 8
      vertex 7.6113 54.2881 8
    endloop
  endfacet
  facet normal 0 0 1
    outer loop
      vertex 36.2313 53.8482 8
      vertex 11.1969 63.9294 8
      vertex 32.7868 50.0227 8
    endloop
  endfacet
  facet normal 0 0 1
    outer loop
      vertex 13.4476 79.1713 8
      vertex 46.4818 71.6024 8
      vertex 48.0725 76.4982 8
    endloop
  endfacet
  facet normal 0 0 1
    outer loop
      vertex 12.3724 68.9412 8
      vertex 36.2313 53.8482 8
      vertex 39.3437 57.9485 8
    endloop
  endfacet
  facet normal 0 0 1
    outer loop
      vertex 36.2313 53.8482 8
      vertex 12.3724 68.9412 8
      vertex 11.1969 63.9294 8
    endloop
  endfacet
  facet normal -0 0 1
    outer loop
      vertex 72.2563 -20.7912 8
      vertex 77.3319 -21.6497 8
      vertex 74.4659 10.3956 8
    endloop
  endfacet
  facet normal 0 0 1
    outer loop
      vertex 44.4869 66.8569 8
      vertex 13.1244 74.0337 8
      vertex 42.102 62.2949 8
    endloop
  endfacet
  facet normal 0 0 1
    outer loop
      vertex 13.3398 84.3179 8
      vertex 13.4476 79.1713 8
      vertex 48.0725 76.4982 8
    endloop
  endfacet
  facet normal 0 0 1
    outer loop
      vertex 97.8148 20.7912 8
      vertex 108.757 50.7142 8
      vertex 103.923 60 8
    endloop
  endfacet
  facet normal -0 0 1
    outer loop
      vertex 10.4528 99.4522 8
      vertex 11.8371 94.4941 8
      vertex 31.0583 115.911 8
    endloop
  endfacet
  facet normal 0 0 1
    outer loop
      vertex 11.8371 94.4941 8
      vertex 41.0424 112.763 8
      vertex 31.0583 115.911 8
    endloop
  endfacet
  facet normal 0 -0 1
    outer loop
      vertex 29.0343 46.4988 8
      vertex 32.7868 50.0227 8
      vertex 9.60619 59.0336 8
    endloop
  endfacet
  facet normal 0 0 1
    outer loop
      vertex 10.4528 99.4522 8
      vertex 20.8378 118.177 8
      vertex 10.4587 119.543 8
    endloop
  endfacet
  facet normal -0 0 1
    outer loop
      vertex -20.8378 118.177 8
      vertex 10.4528 99.4522 8
      vertex -10.4587 119.543 8
    endloop
  endfacet
  facet normal 0 0 1
    outer loop
      vertex 10.4528 99.4522 8
      vertex 0 120 8
      vertex -10.4587 119.543 8
    endloop
  endfacet
  facet normal -0 0 1
    outer loop
      vertex 74.4659 10.3956 8
      vertex 77.3319 -21.6497 8
      vertex 79.452 11.6758 8
    endloop
  endfacet
  facet normal 0 0 1
    outer loop
      vertex 10.4528 99.4522 8
      vertex -20.8378 118.177 8
      vertex -31.0583 115.911 8
    endloop
  endfacet
  facet normal 0 0 1
    outer loop
      vertex 10.4587 119.543 8
      vertex 0 120 8
      vertex 10.4528 99.4522 8
    endloop
  endfacet
  facet normal 0 0 1
    outer loop
      vertex 64.2605 9.1064 8
      vertex 57.7061 -15.7243 8
      vertex 62.4088 -17.8181 8
    endloop
  endfacet
  facet normal 0 0 1
    outer loop
      vertex 41.0424 112.763 8
      vertex 11.8371 94.4941 8
      vertex 12.8017 89.4375 8
    endloop
  endfacet
  facet normal 0 -0 1
    outer loop
      vertex -71.1408 37.2548 8
      vertex -57.899 69.3589 8
      vertex -76.0688 38.7427 8
    endloop
  endfacet
  facet normal 0 0 1
    outer loop
      vertex -62.3022 72.0256 8
      vertex -66.9131 74.3145 8
      vertex -76.0688 38.7427 8
    endloop
  endfacet
  facet normal 0 0 1
    outer loop
      vertex -57.899 69.3589 8
      vertex -62.3022 72.0256 8
      vertex -76.0688 38.7427 8
    endloop
  endfacet
  facet normal 0 -0 1
    outer loop
      vertex -66.9131 -74.3145 8
      vertex -65.1187 -69.4896 8
      vertex -91.9253 -77.1345 8
    endloop
  endfacet
  facet normal 0 0 1
    outer loop
      vertex -91.3545 40.6737 8
      vertex -108.757 50.7142 8
      vertex -112.763 41.0424 8
    endloop
  endfacet
  facet normal 0 0 1
    outer loop
      vertex -71.1408 37.2548 8
      vertex -53.7343 66.3332 8
      vertex -57.899 69.3589 8
    endloop
  endfacet
  facet normal 0 0 1
    outer loop
      vertex -91.3545 -40.6737 8
      vertex -108.757 -50.7142 8
      vertex -103.923 -60 8
    endloop
  endfacet
  facet normal 0 0 1
    outer loop
      vertex -49.8375 62.9695 8
      vertex -71.1408 37.2548 8
      vertex -66.3545 35.3598 8
    endloop
  endfacet
  facet normal 0 0 1
    outer loop
      vertex -118.177 20.8378 8
      vertex -91.3545 40.6737 8
      vertex -115.911 31.0583 8
    endloop
  endfacet
  facet normal -0 -0 1
    outer loop
      vertex -115.911 -31.0583 8
      vertex -91.3545 -40.6737 8
      vertex -118.177 -20.8378 8
    endloop
  endfacet
  facet normal 0 0 1
    outer loop
      vertex -91.3545 40.6737 8
      vertex -118.177 20.8378 8
      vertex -119.543 10.4587 8
    endloop
  endfacet
  facet normal -0 0 1
    outer loop
      vertex -112.763 -41.0424 8
      vertex -108.757 -50.7142 8
      vertex -91.3545 -40.6737 8
    endloop
  endfacet
  facet normal 0 0 1
    outer loop
      vertex -91.3545 40.6737 8
      vertex -120 0 8
      vertex -91.3545 -40.6737 8
    endloop
  endfacet
  facet normal 0 0 1
    outer loop
      vertex -120 0 8
      vertex -119.543 -10.4587 8
      vertex -91.3545 -40.6737 8
    endloop
  endfacet
  facet normal 0 0 1
    outer loop
      vertex -119.543 -10.4587 8
      vertex -118.177 -20.8378 8
      vertex -91.3545 -40.6737 8
    endloop
  endfacet
  facet normal -0 0 1
    outer loop
      vertex -119.543 10.4587 8
      vertex -120 0 8
      vertex -91.3545 40.6737 8
    endloop
  endfacet
  facet normal 0 0 1
    outer loop
      vertex -115.911 -31.0583 8
      vertex -112.763 -41.0424 8
      vertex -91.3545 -40.6737 8
    endloop
  endfacet
  facet normal 0 0 1
    outer loop
      vertex -71.1408 37.2548 8
      vertex -49.8375 62.9695 8
      vertex -53.7343 66.3332 8
    endloop
  endfacet
  facet normal 0 0 1
    outer loop
      vertex -60 -103.923 8
      vertex -66.9131 -74.3145 8
      vertex -68.8292 -98.2982 8
    endloop
  endfacet
  facet normal 0 0 1
    outer loop
      vertex -62.9269 -64.8317 8
      vertex -91.3545 -40.6737 8
      vertex -98.2982 -68.8292 8
    endloop
  endfacet
  facet normal 0 -0 1
    outer loop
      vertex -54.1338 -52.1801 8
      vertex -50.5321 -48.5022 8
      vertex -70.6773 -25.6507 8
    endloop
  endfacet
  facet normal 0 -0 1
    outer loop
      vertex -76.0688 38.7427 8
      vertex -66.9131 74.3145 8
      vertex -81.1041 39.8129 8
    endloop
  endfacet
  facet normal 0 0 1
    outer loop
      vertex -66.9131 -74.3145 8
      vertex -50.7142 -108.757 8
      vertex -41.0424 -112.763 8
    endloop
  endfacet
  facet normal 0 0 1
    outer loop
      vertex 19.3185 5.17639 8
      vertex 27.5066 13.9847 8
      vertex 26.9837 14.0075 8
    endloop
  endfacet
  facet normal 0 0 1
    outer loop
      vertex 10.4528 -99.4522 8
      vertex 0 -120 8
      vertex 10.4587 -119.543 8
    endloop
  endfacet
  facet normal 0 0 1
    outer loop
      vertex 31.0583 -115.911 8
      vertex 41.0424 -112.763 8
      vertex 42.2132 -79.8811 8
    endloop
  endfacet
  facet normal 0 0 1
    outer loop
      vertex -15.4215 28.8944 8
      vertex -16.383 11.4715 8
      vertex -15.3209 12.8558 8
    endloop
  endfacet
  facet normal 0 0 1
    outer loop
      vertex 18.7939 6.84039 8
      vertex 25.9537 14.1891 8
      vertex 25.4545 14.3465 8
    endloop
  endfacet
  facet normal 0 -0 1
    outer loop
      vertex 77.1345 -91.9253 8
      vertex 84.8528 -84.8528 8
      vertex 50 -86.6025 8
    endloop
  endfacet
  facet normal 0 -0 1
    outer loop
      vertex 10.4587 -119.543 8
      vertex 20.8378 -118.177 8
      vertex 10.4528 -99.4522 8
    endloop
  endfacet
  facet normal 0 0 1
    outer loop
      vertex 25.4545 -14.3465 8
      vertex 18.7939 -6.84039 8
      vertex 18.1262 -8.45239 8
    endloop
  endfacet
  facet normal 0 0 1
    outer loop
      vertex 42.102 62.2949 8
      vertex 13.1244 74.0337 8
      vertex 12.3724 68.9412 8
    endloop
  endfacet
  facet normal -0 0 1
    outer loop
      vertex -108.757 50.7142 8
      vertex -91.3545 40.6737 8
      vertex -103.923 60 8
    endloop
  endfacet
  facet normal -0 0 1
    outer loop
      vertex 9.60619 59.0336 8
      vertex 32.7868 50.0227 8
      vertex 11.1969 63.9294 8
    endloop
  endfacet
  facet normal 0 0 1
    outer loop
      vertex -66.9131 74.3145 8
      vertex -98.2982 68.8292 8
      vertex -81.1041 39.8129 8
    endloop
  endfacet
  facet normal 0 0 1
    outer loop
      vertex -66.9131 74.3145 8
      vertex -77.1345 91.9253 8
      vertex -84.8528 84.8528 8
    endloop
  endfacet
  facet normal 0 0 1
    outer loop
      vertex -68.8292 98.2982 8
      vertex -77.1345 91.9253 8
      vertex -66.9131 74.3145 8
    endloop
  endfacet
  facet normal 0 0 1
    outer loop
      vertex -98.2982 68.8292 8
      vertex -86.2113 40.4581 8
      vertex -81.1041 39.8129 8
    endloop
  endfacet
  facet normal -0 -0 1
    outer loop
      vertex -91.3545 40.6737 8
      vertex -86.2113 40.4581 8
      vertex -98.2982 68.8292 8
    endloop
  endfacet
  facet normal 0 0 1
    outer loop
      vertex -91.3545 40.6737 8
      vertex -98.2982 68.8292 8
      vertex -103.923 60 8
    endloop
  endfacet
  facet normal -0 0 1
    outer loop
      vertex -91.9253 77.1345 8
      vertex -66.9131 74.3145 8
      vertex -84.8528 84.8528 8
    endloop
  endfacet
  facet normal 0 0 1
    outer loop
      vertex -91.9253 77.1345 8
      vertex -98.2982 68.8292 8
      vertex -66.9131 74.3145 8
    endloop
  endfacet
  facet normal 0 0 1
    outer loop
      vertex 31.0583 115.911 8
      vertex 20.8378 118.177 8
      vertex 10.4528 99.4522 8
    endloop
  endfacet
  facet normal 0 -0 1
    outer loop
      vertex -66.9131 74.3145 8
      vertex -60 103.923 8
      vertex -68.8292 98.2982 8
    endloop
  endfacet
  facet normal 0 0 1
    outer loop
      vertex -66.9131 74.3145 8
      vertex -50.7142 108.757 8
      vertex -60 103.923 8
    endloop
  endfacet
  facet normal 0 0 1
    outer loop
      vertex -66.9131 74.3145 8
      vertex -41.0424 112.763 8
      vertex -50.7142 108.757 8
    endloop
  endfacet
  facet normal 0 0 1
    outer loop
      vertex -66.9131 74.3145 8
      vertex 10.4528 99.4522 8
      vertex -41.0424 112.763 8
    endloop
  endfacet
  facet normal -0 0 1
    outer loop
      vertex -41.0424 112.763 8
      vertex 10.4528 99.4522 8
      vertex -31.0583 115.911 8
    endloop
  endfacet
  facet normal 0 0 1
    outer loop
      vertex 119.543 10.4587 8
      vertex 97.8148 20.7912 8
      vertex 93.5271 17.9425 8
    endloop
  endfacet
  facet normal 0 -0 1
    outer loop
      vertex 67.2702 -19.511 8
      vertex 69.3903 9.53709 8
      vertex 62.4088 -17.8181 8
    endloop
  endfacet
  facet normal 0 0 1
    outer loop
      vertex 26.4647 -25.8935 8
      vertex 25 -43.3013 8
      vertex 26.9837 -25.9619 8
    endloop
  endfacet
  facet normal 0 -0 1
    outer loop
      vertex 22.0688 -17.449 8
      vertex 22.3104 -16.9847 8
      vertex 15.3209 -12.8558 8
    endloop
  endfacet
  facet normal 0 0 1
    outer loop
      vertex 41.0424 -112.763 8
      vertex 50 -86.6025 8
      vertex 45.9657 -83.405 8
    endloop
  endfacet
  facet normal 0 0 1
    outer loop
      vertex 84.3134 13.3687 8
      vertex 92.7391 -21.6497 8
      vertex 97.8148 -20.7912 8
    endloop
  endfacet
  facet normal 0 0 1
    outer loop
      vertex -15.7028 29.3359 8
      vertex -16.383 11.4715 8
      vertex -15.4215 28.8944 8
    endloop
  endfacet
  facet normal 0 0 1
    outer loop
      vertex 10.4528 -99.4522 8
      vertex 42.2132 -79.8811 8
      vertex 38.7687 -76.0556 8
    endloop
  endfacet
  facet normal 0 0 1
    outer loop
      vertex -33.4565 37.1572 8
      vertex -53.1758 27.3784 8
      vertex -49.279 24.0147 8
    endloop
  endfacet
  facet normal 0 0 1
    outer loop
      vertex 29.0343 46.4988 8
      vertex 9.60619 59.0336 8
      vertex 25 43.3013 8
    endloop
  endfacet
  facet normal -0 0 1
    outer loop
      vertex 13.1244 74.0337 8
      vertex 44.4869 66.8569 8
      vertex 13.4476 79.1713 8
    endloop
  endfacet
  facet normal -0 0 1
    outer loop
      vertex 79.452 11.6758 8
      vertex 87.6094 -22.0804 8
      vertex 84.3134 13.3687 8
    endloop
  endfacet
  facet normal 0 -0 1
    outer loop
      vertex 44.4869 66.8569 8
      vertex 46.4818 71.6024 8
      vertex 13.4476 79.1713 8
    endloop
  endfacet
  facet normal 0 0 1
    outer loop
      vertex 50 86.6025 8
      vertex 68.8292 98.2982 8
      vertex 60 103.923 8
    endloop
  endfacet
  facet normal 0 0 1
    outer loop
      vertex 77.1345 91.9253 8
      vertex 68.8292 98.2982 8
      vertex 50 86.6025 8
    endloop
  endfacet
  facet normal 0 0 1
    outer loop
      vertex 13.3398 84.3179 8
      vertex 48.0725 76.4982 8
      vertex 49.248 81.51 8
    endloop
  endfacet
  facet normal -0 0 1
    outer loop
      vertex 13.3398 84.3179 8
      vertex 49.248 81.51 8
      vertex 50 86.6025 8
    endloop
  endfacet
  facet normal 0 -0 1
    outer loop
      vertex 13.3398 84.3179 8
      vertex 50 86.6025 8
      vertex 12.8017 89.4375 8
    endloop
  endfacet
  facet normal 0 0 1
    outer loop
      vertex 120 0 8
      vertex 93.5271 17.9425 8
      vertex 89.0161 15.4625 8
    endloop
  endfacet
  facet normal 0 0 1
    outer loop
      vertex 50 86.6025 8
      vertex 41.0424 112.763 8
      vertex 12.8017 89.4375 8
    endloop
  endfacet
  facet normal 0 0 1
    outer loop
      vertex 50.7142 108.757 8
      vertex 50 86.6025 8
      vertex 60 103.923 8
    endloop
  endfacet
  facet normal 0 0 1
    outer loop
      vertex 50.7142 108.757 8
      vertex 41.0424 112.763 8
      vertex 50 86.6025 8
    endloop
  endfacet
  facet normal 0 0 1
    outer loop
      vertex 115.911 31.0583 8
      vertex 97.8148 20.7912 8
      vertex 118.177 20.8378 8
    endloop
  endfacet
  facet normal 0 0 1
    outer loop
      vertex 115.911 31.0583 8
      vertex 112.763 41.0424 8
      vertex 97.8148 20.7912 8
    endloop
  endfacet
  facet normal -0 0 1
    outer loop
      vertex 50 86.6025 8
      vertex 84.8528 84.8528 8
      vertex 77.1345 91.9253 8
    endloop
  endfacet
  facet normal 0 0 1
    outer loop
      vertex 50 86.6025 8
      vertex 91.9253 77.1345 8
      vertex 84.8528 84.8528 8
    endloop
  endfacet
  facet normal 0 0 1
    outer loop
      vertex 50 86.6025 8
      vertex 98.2982 68.8292 8
      vertex 91.9253 77.1345 8
    endloop
  endfacet
  facet normal 0 0 1
    outer loop
      vertex 50 86.6025 8
      vertex 97.8148 20.7912 8
      vertex 98.2982 68.8292 8
    endloop
  endfacet
  facet normal 0 0 1
    outer loop
      vertex 98.2982 68.8292 8
      vertex 97.8148 20.7912 8
      vertex 103.923 60 8
    endloop
  endfacet
  facet normal -0 0 1
    outer loop
      vertex 59.1128 9.1064 8
      vertex 57.7061 -15.7243 8
      vertex 64.2605 9.1064 8
    endloop
  endfacet
  facet normal 0 -0 1
    outer loop
      vertex -98.2982 -68.8292 8
      vertex -91.3545 -40.6737 8
      vertex -103.923 -60 8
    endloop
  endfacet
  facet normal 0 0 1
    outer loop
      vertex -115.911 31.0583 8
      vertex -91.3545 40.6737 8
      vertex -112.763 41.0424 8
    endloop
  endfacet
  facet normal 0 0 1
    outer loop
      vertex -49.8375 62.9695 8
      vertex -66.3545 35.3598 8
      vertex -46.2358 59.2916 8
    endloop
  endfacet
  facet normal -0 0 1
    outer loop
      vertex -66.3545 35.3598 8
      vertex -61.7436 33.0709 8
      vertex -46.2358 59.2916 8
    endloop
  endfacet
  facet normal 0 0 1
    outer loop
      vertex -61.7436 33.0709 8
      vertex -42.9545 55.3251 8
      vertex -46.2358 59.2916 8
    endloop
  endfacet
  facet normal 0 0 1
    outer loop
      vertex -40.0166 51.0981 8
      vertex -42.9545 55.3251 8
      vertex -61.7436 33.0709 8
    endloop
  endfacet
  facet normal 0 0 1
    outer loop
      vertex -40.0166 51.0981 8
      vertex -61.7436 33.0709 8
      vertex -57.3404 30.4042 8
    endloop
  endfacet
  facet normal 0 0 1
    outer loop
      vertex -40.0166 51.0981 8
      vertex -57.3404 30.4042 8
      vertex -37.4427 46.64 8
    endloop
  endfacet
  facet normal -0 0 1
    outer loop
      vertex -57.3404 30.4042 8
      vertex -53.1758 27.3784 8
      vertex -37.4427 46.64 8
    endloop
  endfacet
  facet normal 0 0 1
    outer loop
      vertex -53.1758 27.3784 8
      vertex -35.2509 41.9821 8
      vertex -37.4427 46.64 8
    endloop
  endfacet
  facet normal 0 0 1
    outer loop
      vertex -57.4151 -56.1466 8
      vertex -75.2882 -27.9396 8
      vertex -79.6914 -30.6063 8
    endloop
  endfacet
  facet normal 0 0 1
    outer loop
      vertex -33.4565 37.1572 8
      vertex -35.2509 41.9821 8
      vertex -53.1758 27.3784 8
    endloop
  endfacet
  facet normal 0 0 1
    outer loop
      vertex 30.5131 -63.0469 8
      vertex 2.55479 -75.1446 8
      vertex 32.898 -67.6089 8
    endloop
  endfacet
  facet normal 0 -0 1
    outer loop
      vertex -45.6773 20.3368 8
      vertex -33.4565 37.1572 8
      vertex -49.279 24.0147 8
    endloop
  endfacet
  facet normal 0 -0 1
    outer loop
      vertex 20.8378 -118.177 8
      vertex 31.0583 -115.911 8
      vertex 10.4528 -99.4522 8
    endloop
  endfacet
  facet normal 0 0 1
    outer loop
      vertex -14.1421 14.1421 8
      vertex -12.8558 15.3209 8
      vertex -13.9481 27.421 8
    endloop
  endfacet
  facet normal 0 -0 1
    outer loop
      vertex -20.8378 -118.177 8
      vertex 10.4528 -99.4522 8
      vertex -31.0583 -115.911 8
    endloop
  endfacet
  facet normal 0 0 1
    outer loop
      vertex -57.4151 -56.1466 8
      vertex -79.6914 -30.6063 8
      vertex -83.856 -33.6321 8
    endloop
  endfacet
  facet normal 0 0 1
    outer loop
      vertex -57.4151 -56.1466 8
      vertex -83.856 -33.6321 8
      vertex -60.353 -60.3736 8
    endloop
  endfacet
  facet normal 0 0 1
    outer loop
      vertex -60.353 -60.3736 8
      vertex -83.856 -33.6321 8
      vertex -87.7528 -36.9958 8
    endloop
  endfacet
  facet normal 0 0 1
    outer loop
      vertex -66.9131 -74.3145 8
      vertex -84.8528 -84.8528 8
      vertex -77.1345 -91.9253 8
    endloop
  endfacet
  facet normal 0 0 1
    outer loop
      vertex -87.7528 -36.9958 8
      vertex -91.3545 -40.6737 8
      vertex -60.353 -60.3736 8
    endloop
  endfacet
  facet normal 0 0 1
    outer loop
      vertex -91.3545 -40.6737 8
      vertex -62.9269 -64.8317 8
      vertex -60.353 -60.3736 8
    endloop
  endfacet
  facet normal -0 0 1
    outer loop
      vertex -98.2982 -68.8292 8
      vertex -65.1187 -69.4896 8
      vertex -62.9269 -64.8317 8
    endloop
  endfacet
  facet normal 0 0 1
    outer loop
      vertex -66.9131 -74.3145 8
      vertex -91.9253 -77.1345 8
      vertex -84.8528 -84.8528 8
    endloop
  endfacet
  facet normal 0 0 1
    outer loop
      vertex -65.1187 -69.4896 8
      vertex -98.2982 -68.8292 8
      vertex -91.9253 -77.1345 8
    endloop
  endfacet
  facet normal 0 0 1
    outer loop
      vertex -12.5587 26.6977 8
      vertex -13.0423 26.8981 8
      vertex -11.4715 16.383 8
    endloop
  endfacet
  facet normal -0 0 1
    outer loop
      vertex -4.711 33.8888 8
      vertex -4.59779 33.3778 8
      vertex 5.22639 49.7261 8
    endloop
  endfacet
  facet normal 0 -0 1
    outer loop
      vertex -14.1421 14.1421 8
      vertex -13.9481 27.421 8
      vertex -14.3633 27.7396 8
    endloop
  endfacet
  facet normal 0 -0 1
    outer loop
      vertex -13.5066 37.5321 8
      vertex -13.0423 37.7737 8
      vertex -33.4565 37.1572 8
    endloop
  endfacet
  facet normal -0 0 1
    outer loop
      vertex -7.50659 -37.5321 8
      vertex 5.22639 -49.7261 8
      vertex -7.06509 -37.2508 8
    endloop
  endfacet
  facet normal 0 -0 1
    outer loop
      vertex -15.3209 12.8558 8
      vertex -15.1029 28.4792 8
      vertex -15.4215 28.8944 8
    endloop
  endfacet
  facet normal 0 0 1
    outer loop
      vertex -34 6 8
      vertex -45.6773 20.3368 8
      vertex -34.5229 5.97719 8
    endloop
  endfacet
  facet normal 0 0 1
    outer loop
      vertex -39.9088 1.04189 8
      vertex -45.6773 20.3368 8
      vertex -39.9772 0.522888 8
    endloop
  endfacet
  facet normal 0 0 1
    outer loop
      vertex -31.9479 5.6382 8
      vertex -17.3205 10 8
      vertex -16.383 11.4715 8
    endloop
  endfacet
  facet normal -0 0 1
    outer loop
      vertex -32.9581 5.9088 8
      vertex -32.4471 5.79559 8
      vertex -15.7028 29.3359 8
    endloop
  endfacet
  facet normal 0 -0 1
    outer loop
      vertex -35.5529 5.79559 8
      vertex -35.0419 5.9088 8
      vertex -45.6773 20.3368 8
    endloop
  endfacet
  facet normal 0 0 1
    outer loop
      vertex -15.7028 29.3359 8
      vertex -33.4565 37.1572 8
      vertex -45.6773 20.3368 8
    endloop
  endfacet
  facet normal 0 0 1
    outer loop
      vertex -15.9444 29.8002 8
      vertex -33.4565 37.1572 8
      vertex -15.7028 29.3359 8
    endloop
  endfacet
  facet normal 0 0 1
    outer loop
      vertex -16.1448 30.2838 8
      vertex -33.4565 37.1572 8
      vertex -15.9444 29.8002 8
    endloop
  endfacet
  facet normal 0 0 1
    outer loop
      vertex -16.3022 30.783 8
      vertex -33.4565 37.1572 8
      vertex -16.1448 30.2838 8
    endloop
  endfacet
  facet normal 0 0 1
    outer loop
      vertex -16.4154 31.294 8
      vertex -33.4565 37.1572 8
      vertex -16.3022 30.783 8
    endloop
  endfacet
  facet normal 0 0 1
    outer loop
      vertex -16.4838 31.813 8
      vertex -33.4565 37.1572 8
      vertex -16.4154 31.294 8
    endloop
  endfacet
  facet normal 0 0 1
    outer loop
      vertex -16.5066 32.3359 8
      vertex -33.4565 37.1572 8
      vertex -16.4838 31.813 8
    endloop
  endfacet
  facet normal 0 0 1
    outer loop
      vertex -16.4838 32.8588 8
      vertex -33.4565 37.1572 8
      vertex -16.5066 32.3359 8
    endloop
  endfacet
  facet normal 0 0 1
    outer loop
      vertex -16.4154 33.3778 8
      vertex -33.4565 37.1572 8
      vertex -16.4838 32.8588 8
    endloop
  endfacet
  facet normal 0 0 1
    outer loop
      vertex -16.3022 33.8888 8
      vertex -33.4565 37.1572 8
      vertex -16.4154 33.3778 8
    endloop
  endfacet
  facet normal 0 0 1
    outer loop
      vertex -16.1448 34.388 8
      vertex -33.4565 37.1572 8
      vertex -16.3022 33.8888 8
    endloop
  endfacet
  facet normal 0 0 1
    outer loop
      vertex -15.9444 34.8716 8
      vertex -33.4565 37.1572 8
      vertex -16.1448 34.388 8
    endloop
  endfacet
  facet normal 0 0 1
    outer loop
      vertex -15.7028 35.3359 8
      vertex -33.4565 37.1572 8
      vertex -15.9444 34.8716 8
    endloop
  endfacet
  facet normal 0 0 1
    outer loop
      vertex -15.4215 35.7774 8
      vertex -33.4565 37.1572 8
      vertex -15.7028 35.3359 8
    endloop
  endfacet
  facet normal 0 0 1
    outer loop
      vertex -15.1029 36.1926 8
      vertex -33.4565 37.1572 8
      vertex -15.4215 35.7774 8
    endloop
  endfacet
  facet normal 0 0 1
    outer loop
      vertex -14.7492 36.5785 8
      vertex -33.4565 37.1572 8
      vertex -15.1029 36.1926 8
    endloop
  endfacet
  facet normal 0 0 1
    outer loop
      vertex -14.3633 36.9322 8
      vertex -33.4565 37.1572 8
      vertex -14.7492 36.5785 8
    endloop
  endfacet
  facet normal 0 0 1
    outer loop
      vertex -13.9481 37.2508 8
      vertex -33.4565 37.1572 8
      vertex -14.3633 36.9322 8
    endloop
  endfacet
  facet normal 0 0 1
    outer loop
      vertex -13.5066 37.5321 8
      vertex -33.4565 37.1572 8
      vertex -13.9481 37.2508 8
    endloop
  endfacet
  facet normal 0 -0 1
    outer loop
      vertex -13.0423 37.7737 8
      vertex -12.5587 37.9741 8
      vertex -33.4565 37.1572 8
    endloop
  endfacet
  facet normal 0 -0 1
    outer loop
      vertex -12.5587 37.9741 8
      vertex 5.22639 49.7261 8
      vertex -33.4565 37.1572 8
    endloop
  endfacet
  facet normal 0 -0 1
    outer loop
      vertex -12.0595 38.1315 8
      vertex 5.22639 49.7261 8
      vertex -12.5587 37.9741 8
    endloop
  endfacet
  facet normal 0 -0 1
    outer loop
      vertex -11.5485 38.2447 8
      vertex 5.22639 49.7261 8
      vertex -12.0595 38.1315 8
    endloop
  endfacet
  facet normal 0 -0 1
    outer loop
      vertex -11.0295 38.3131 8
      vertex 5.22639 49.7261 8
      vertex -11.5485 38.2447 8
    endloop
  endfacet
  facet normal 0 -0 1
    outer loop
      vertex -10.5066 38.3359 8
      vertex 5.22639 49.7261 8
      vertex -11.0295 38.3131 8
    endloop
  endfacet
  facet normal 0 -0 1
    outer loop
      vertex -9.98369 38.3131 8
      vertex 5.22639 49.7261 8
      vertex -10.5066 38.3359 8
    endloop
  endfacet
  facet normal 0 -0 1
    outer loop
      vertex -9.46469 38.2447 8
      vertex 5.22639 49.7261 8
      vertex -9.98369 38.3131 8
    endloop
  endfacet
  facet normal 0 -0 1
    outer loop
      vertex -8.95369 38.1315 8
      vertex 5.22639 49.7261 8
      vertex -9.46469 38.2447 8
    endloop
  endfacet
  facet normal -0 0 1
    outer loop
      vertex -8.4545 37.9741 8
      vertex -7.97089 37.7737 8
      vertex 5.22639 49.7261 8
    endloop
  endfacet
  facet normal -0 0 1
    outer loop
      vertex -7.97089 37.7737 8
      vertex -7.50659 37.5321 8
      vertex 5.22639 49.7261 8
    endloop
  endfacet
  facet normal -0 0 1
    outer loop
      vertex -7.50659 37.5321 8
      vertex -7.06509 37.2508 8
      vertex 5.22639 49.7261 8
    endloop
  endfacet
  facet normal -0 0 1
    outer loop
      vertex -7.06509 37.2508 8
      vertex -6.64989 36.9322 8
      vertex 5.22639 49.7261 8
    endloop
  endfacet
  facet normal -0 0 1
    outer loop
      vertex -6.64989 36.9322 8
      vertex -6.26399 36.5785 8
      vertex 5.22639 49.7261 8
    endloop
  endfacet
  facet normal -0 0 1
    outer loop
      vertex -6.26399 36.5785 8
      vertex -5.91029 36.1926 8
      vertex 5.22639 49.7261 8
    endloop
  endfacet
  facet normal -0 0 1
    outer loop
      vertex -5.91029 36.1926 8
      vertex -5.59169 35.7774 8
      vertex 5.22639 49.7261 8
    endloop
  endfacet
  facet normal -0 0 1
    outer loop
      vertex -5.59169 35.7774 8
      vertex -5.31039 35.3359 8
      vertex 5.22639 49.7261 8
    endloop
  endfacet
  facet normal -0 0 1
    outer loop
      vertex -5.31039 35.3359 8
      vertex -5.06879 34.8716 8
      vertex 5.22639 49.7261 8
    endloop
  endfacet
  facet normal -0 0 1
    outer loop
      vertex -5.06879 34.8716 8
      vertex -4.86839 34.388 8
      vertex 5.22639 49.7261 8
    endloop
  endfacet
  facet normal -0 0 1
    outer loop
      vertex -4.86839 34.388 8
      vertex -4.711 33.8888 8
      vertex 5.22639 49.7261 8
    endloop
  endfacet
  facet normal 0 0 1
    outer loop
      vertex 5.22639 49.7261 8
      vertex -4.59779 33.3778 8
      vertex -4.52939 32.8588 8
    endloop
  endfacet
  facet normal 0 0 1
    outer loop
      vertex 5.22639 49.7261 8
      vertex -4.52939 32.8588 8
      vertex 25 43.3013 8
    endloop
  endfacet
  facet normal 0 0 1
    outer loop
      vertex -5.06879 29.8002 8
      vertex -5.31039 29.3359 8
      vertex 0 20 8
    endloop
  endfacet
  facet normal 0 0 1
    outer loop
      vertex -6.26399 28.0933 8
      vertex -3.47299 19.6962 8
      vertex -1.74309 19.9239 8
    endloop
  endfacet
  facet normal 0 0 1
    outer loop
      vertex -6.84039 18.7939 8
      vertex -8.4545 26.6977 8
      vertex -8.95369 26.5403 8
    endloop
  endfacet
  facet normal -0 0 1
    outer loop
      vertex -10.5066 26.3359 8
      vertex -8.45239 18.1262 8
      vertex -9.98369 26.3587 8
    endloop
  endfacet
  facet normal 0 0 1
    outer loop
      vertex -11.0295 26.3587 8
      vertex -10 17.3205 8
      vertex -8.45239 18.1262 8
    endloop
  endfacet
  facet normal 0 0 1
    outer loop
      vertex 11.4715 16.383 8
      vertex 21.5294 20.5076 8
      vertex 21.5978 21.0266 8
    endloop
  endfacet
  facet normal 0 0 1
    outer loop
      vertex -11.0295 26.3587 8
      vertex -11.5485 26.4271 8
      vertex -10 17.3205 8
    endloop
  endfacet
  facet normal 0 0 1
    outer loop
      vertex 12.8558 15.3209 8
      vertex 21.5294 19.4618 8
      vertex 21.5066 19.9847 8
    endloop
  endfacet
  facet normal 0 -0 1
    outer loop
      vertex -12.8558 15.3209 8
      vertex -11.4715 16.383 8
      vertex -13.0423 26.8981 8
    endloop
  endfacet
  facet normal -0 0 1
    outer loop
      vertex 12.8558 15.3209 8
      vertex 14.1421 14.1421 8
      vertex 21.5978 18.9428 8
    endloop
  endfacet
  facet normal 0 0 1
    outer loop
      vertex 18.1262 8.45239 8
      vertex 25.4545 14.3465 8
      vertex 24.9709 14.5469 8
    endloop
  endfacet
  facet normal 0 0 1
    outer loop
      vertex 21.8684 17.9326 8
      vertex 15.3209 12.8558 8
      vertex 22.0688 17.449 8
    endloop
  endfacet
  facet normal 0 -0 1
    outer loop
      vertex 68.8292 -98.2982 8
      vertex 77.1345 -91.9253 8
      vertex 50 -86.6025 8
    endloop
  endfacet
  facet normal 0 0 1
    outer loop
      vertex 22.3104 16.9847 8
      vertex 16.383 11.4715 8
      vertex 22.5917 16.5432 8
    endloop
  endfacet
  facet normal 0 0 1
    outer loop
      vertex -13.5066 27.1397 8
      vertex -13.9481 27.421 8
      vertex -12.8558 15.3209 8
    endloop
  endfacet
  facet normal 0 0 1
    outer loop
      vertex 14.1421 14.1421 8
      vertex 21.711 18.4318 8
      vertex 21.5978 18.9428 8
    endloop
  endfacet
  facet normal 0 0 1
    outer loop
      vertex -9.46469 -38.2447 8
      vertex -9.98369 -38.3131 8
      vertex 5.22639 -49.7261 8
    endloop
  endfacet
  facet normal 0 -0 1
    outer loop
      vertex 18.1262 8.45239 8
      vertex 24.0651 15.0698 8
      vertex 17.3205 10 8
    endloop
  endfacet
  facet normal 0 0 1
    outer loop
      vertex 17.3205 10 8
      vertex 23.6499 15.3884 8
      vertex 23.264 15.7421 8
    endloop
  endfacet
  facet normal 0 0 1
    outer loop
      vertex 16.383 11.4715 8
      vertex 23.264 15.7421 8
      vertex 22.9103 16.128 8
    endloop
  endfacet
  facet normal 0 0 1
    outer loop
      vertex -11.4715 16.383 8
      vertex -12.0595 26.5403 8
      vertex -12.5587 26.6977 8
    endloop
  endfacet
  facet normal 0 0 1
    outer loop
      vertex 12.8558 15.3209 8
      vertex 21.5978 18.9428 8
      vertex 21.5294 19.4618 8
    endloop
  endfacet
  facet normal 0 0 1
    outer loop
      vertex 11.4715 16.383 8
      vertex 21.5978 21.0266 8
      vertex 21.711 21.5376 8
    endloop
  endfacet
  facet normal 0 0 1
    outer loop
      vertex -7.97089 26.8981 8
      vertex -8.4545 26.6977 8
      vertex -5.17639 19.3185 8
    endloop
  endfacet
  facet normal 0 -0 1
    outer loop
      vertex 10 17.3205 8
      vertex 22.0688 22.5204 8
      vertex 8.45239 18.1262 8
    endloop
  endfacet
  facet normal 0 -0 1
    outer loop
      vertex -5.17639 19.3185 8
      vertex -3.47299 19.6962 8
      vertex -7.50659 27.1397 8
    endloop
  endfacet
  facet normal 0 0 1
    outer loop
      vertex -6.26399 28.0933 8
      vertex -6.64989 27.7396 8
      vertex -3.47299 19.6962 8
    endloop
  endfacet
  facet normal 0 0 1
    outer loop
      vertex -6.64989 27.7396 8
      vertex -7.06509 27.421 8
      vertex -3.47299 19.6962 8
    endloop
  endfacet
  facet normal 0 0 1
    outer loop
      vertex 6.84039 18.7939 8
      vertex 22.5917 23.4262 8
      vertex 22.9103 23.8414 8
    endloop
  endfacet
  facet normal 0 0 1
    outer loop
      vertex -1.74309 19.9239 8
      vertex -5.59169 28.8944 8
      vertex -5.91029 28.4792 8
    endloop
  endfacet
  facet normal 0 0 1
    outer loop
      vertex 22.9103 23.8414 8
      vertex -4.52939 32.8588 8
      vertex 6.84039 18.7939 8
    endloop
  endfacet
  facet normal 0 0 1
    outer loop
      vertex -5.31039 29.3359 8
      vertex -5.59169 28.8944 8
      vertex 0 20 8
    endloop
  endfacet
  facet normal 0 0 1
    outer loop
      vertex -5.06879 29.8002 8
      vertex 0 20 8
      vertex 1.74309 19.9239 8
    endloop
  endfacet
  facet normal -0 0 1
    outer loop
      vertex -4.86839 30.2838 8
      vertex 1.74309 19.9239 8
      vertex -4.711 30.783 8
    endloop
  endfacet
  facet normal 0 0 1
    outer loop
      vertex 3.47299 19.6962 8
      vertex -4.59779 31.294 8
      vertex -4.711 30.783 8
    endloop
  endfacet
  facet normal -0 0 1
    outer loop
      vertex -5.06879 29.8002 8
      vertex 1.74309 19.9239 8
      vertex -4.86839 30.2838 8
    endloop
  endfacet
  facet normal -0 -0 1
    outer loop
      vertex 1.74309 19.9239 8
      vertex 3.47299 19.6962 8
      vertex -4.711 30.783 8
    endloop
  endfacet
  facet normal 0 0 1
    outer loop
      vertex 5.17639 19.3185 8
      vertex -4.52939 31.813 8
      vertex 3.47299 19.6962 8
    endloop
  endfacet
  facet normal 0 0 1
    outer loop
      vertex -4.52939 31.813 8
      vertex -4.59779 31.294 8
      vertex 3.47299 19.6962 8
    endloop
  endfacet
  facet normal -0 0 1
    outer loop
      vertex -4.52939 31.813 8
      vertex 5.17639 19.3185 8
      vertex -4.50659 32.3359 8
    endloop
  endfacet
  facet normal 0 0 1
    outer loop
      vertex 5.17639 19.3185 8
      vertex -4.52939 32.8588 8
      vertex -4.50659 32.3359 8
    endloop
  endfacet
  facet normal 0 0 1
    outer loop
      vertex 23.264 24.2273 8
      vertex -4.52939 32.8588 8
      vertex 22.9103 23.8414 8
    endloop
  endfacet
  facet normal 0 0 1
    outer loop
      vertex 25 43.3013 8
      vertex -4.52939 32.8588 8
      vertex 23.264 24.2273 8
    endloop
  endfacet
  facet normal 0 0 1
    outer loop
      vertex 25 43.3013 8
      vertex 23.264 24.2273 8
      vertex 23.6499 24.581 8
    endloop
  endfacet
  facet normal 0 0 1
    outer loop
      vertex 25 43.3013 8
      vertex 23.6499 24.581 8
      vertex 24.0651 24.8996 8
    endloop
  endfacet
  facet normal 0 0 1
    outer loop
      vertex 25 43.3013 8
      vertex 24.0651 24.8996 8
      vertex 24.5066 25.1809 8
    endloop
  endfacet
  facet normal 0 0 1
    outer loop
      vertex 25 43.3013 8
      vertex 24.5066 25.1809 8
      vertex 24.9709 25.4225 8
    endloop
  endfacet
  facet normal 0 0 1
    outer loop
      vertex 25 43.3013 8
      vertex 24.9709 25.4225 8
      vertex 25.4545 25.6229 8
    endloop
  endfacet
  facet normal 0 0 1
    outer loop
      vertex 25 43.3013 8
      vertex 25.4545 25.6229 8
      vertex 25.9537 25.7803 8
    endloop
  endfacet
  facet normal 0 0 1
    outer loop
      vertex 25 43.3013 8
      vertex 25.9537 25.7803 8
      vertex 26.4647 25.8935 8
    endloop
  endfacet
  facet normal 0 0 1
    outer loop
      vertex 25 43.3013 8
      vertex 26.4647 25.8935 8
      vertex 26.9837 25.9619 8
    endloop
  endfacet
  facet normal 0 0 1
    outer loop
      vertex 25 43.3013 8
      vertex 26.9837 25.9619 8
      vertex 27.5066 25.9847 8
    endloop
  endfacet
  facet normal 0 0 1
    outer loop
      vertex 25 43.3013 8
      vertex 27.5066 25.9847 8
      vertex 28.0295 25.9619 8
    endloop
  endfacet
  facet normal 0 0 1
    outer loop
      vertex 25 43.3013 8
      vertex 28.0295 25.9619 8
      vertex 28.5485 25.8935 8
    endloop
  endfacet
  facet normal 0 0 1
    outer loop
      vertex 25 43.3013 8
      vertex 28.5485 25.8935 8
      vertex 29.0595 25.7803 8
    endloop
  endfacet
  facet normal 0 0 1
    outer loop
      vertex 25 43.3013 8
      vertex 29.0595 25.7803 8
      vertex 29.5587 25.6229 8
    endloop
  endfacet
  facet normal 0 0 1
    outer loop
      vertex 25 43.3013 8
      vertex 29.5587 25.6229 8
      vertex 30.0423 25.4225 8
    endloop
  endfacet
  facet normal 0 0 1
    outer loop
      vertex 25 43.3013 8
      vertex 30.0423 25.4225 8
      vertex 30.5066 25.1809 8
    endloop
  endfacet
  facet normal 0 0 1
    outer loop
      vertex 25 43.3013 8
      vertex 30.5066 25.1809 8
      vertex 30.9481 24.8996 8
    endloop
  endfacet
  facet normal 0 0 1
    outer loop
      vertex 25 43.3013 8
      vertex 31.3633 24.581 8
      vertex 31.7492 24.2273 8
    endloop
  endfacet
  facet normal 0 0 1
    outer loop
      vertex 25 43.3013 8
      vertex 30.9481 24.8996 8
      vertex 31.3633 24.581 8
    endloop
  endfacet
  facet normal 0 0 1
    outer loop
      vertex 32.1029 23.8414 8
      vertex 25 43.3013 8
      vertex 31.7492 24.2273 8
    endloop
  endfacet
  facet normal 0 0 1
    outer loop
      vertex 32.4215 23.4262 8
      vertex 25 43.3013 8
      vertex 32.1029 23.8414 8
    endloop
  endfacet
  facet normal 0 0 1
    outer loop
      vertex 48.9074 10.3956 8
      vertex 25 43.3013 8
      vertex 32.4215 23.4262 8
    endloop
  endfacet
  facet normal 0 0 1
    outer loop
      vertex 48.9074 10.3956 8
      vertex 32.4215 23.4262 8
      vertex 32.7028 22.9847 8
    endloop
  endfacet
  facet normal 0 0 1
    outer loop
      vertex 48.9074 10.3956 8
      vertex 32.7028 22.9847 8
      vertex 32.9444 22.5204 8
    endloop
  endfacet
  facet normal 0 0 1
    outer loop
      vertex 48.9074 10.3956 8
      vertex 32.9444 22.5204 8
      vertex 33.1448 22.0368 8
    endloop
  endfacet
  facet normal 0 0 1
    outer loop
      vertex 48.9074 10.3956 8
      vertex 33.1448 22.0368 8
      vertex 33.3022 21.5376 8
    endloop
  endfacet
  facet normal 0 0 1
    outer loop
      vertex 48.9074 10.3956 8
      vertex 33.3022 21.5376 8
      vertex 33.4154 21.0266 8
    endloop
  endfacet
  facet normal 0 0 1
    outer loop
      vertex 48.9074 10.3956 8
      vertex 33.4154 21.0266 8
      vertex 33.4838 20.5076 8
    endloop
  endfacet
  facet normal 0 0 1
    outer loop
      vertex 48.9074 10.3956 8
      vertex 33.4838 20.5076 8
      vertex 33.5066 19.9847 8
    endloop
  endfacet
  facet normal 0 0 1
    outer loop
      vertex 48.9074 10.3956 8
      vertex 33.5066 19.9847 8
      vertex 33.4838 19.4618 8
    endloop
  endfacet
  facet normal 0 0 1
    outer loop
      vertex 48.9074 10.3956 8
      vertex 33.4838 19.4618 8
      vertex 33.4154 18.9428 8
    endloop
  endfacet
  facet normal 0 0 1
    outer loop
      vertex 48.9074 10.3956 8
      vertex 33.4154 18.9428 8
      vertex 33.3022 18.4318 8
    endloop
  endfacet
  facet normal 0 0 1
    outer loop
      vertex 48.9074 10.3956 8
      vertex 33.3022 18.4318 8
      vertex 33.1448 17.9326 8
    endloop
  endfacet
  facet normal 0 0 1
    outer loop
      vertex 48.9074 10.3956 8
      vertex 33.1448 17.9326 8
      vertex 32.9444 17.449 8
    endloop
  endfacet
  facet normal 0 0 1
    outer loop
      vertex 48.9074 10.3956 8
      vertex 32.9444 17.449 8
      vertex 32.7028 16.9847 8
    endloop
  endfacet
  facet normal 0 0 1
    outer loop
      vertex 48.9074 10.3956 8
      vertex 32.7028 16.9847 8
      vertex 32.4215 16.5432 8
    endloop
  endfacet
  facet normal 0 0 1
    outer loop
      vertex 48.9074 10.3956 8
      vertex 32.4215 16.5432 8
      vertex 32.1029 16.128 8
    endloop
  endfacet
  facet normal 0 0 1
    outer loop
      vertex 48.9074 10.3956 8
      vertex 32.1029 16.128 8
      vertex 31.7492 15.7421 8
    endloop
  endfacet
  facet normal 0 0 1
    outer loop
      vertex 48.9074 10.3956 8
      vertex 31.7492 15.7421 8
      vertex 31.3633 15.3884 8
    endloop
  endfacet
  facet normal 0 0 1
    outer loop
      vertex 48.9074 10.3956 8
      vertex 31.3633 15.3884 8
      vertex 30.9481 15.0698 8
    endloop
  endfacet
  facet normal 0 0 1
    outer loop
      vertex 48.9074 10.3956 8
      vertex 30.9481 15.0698 8
      vertex 30.5066 14.7885 8
    endloop
  endfacet
  facet normal 0 0 1
    outer loop
      vertex 48.9074 10.3956 8
      vertex 30.5066 14.7885 8
      vertex 30.0423 14.5469 8
    endloop
  endfacet
  facet normal -0 0 1
    outer loop
      vertex 19.9239 1.74309 8
      vertex 20 0 8
      vertex 29.5587 14.3465 8
    endloop
  endfacet
  facet normal 0 0 1
    outer loop
      vertex 28.5485 14.0759 8
      vertex 19.6962 3.47299 8
      vertex 19.9239 1.74309 8
    endloop
  endfacet
  facet normal 0 -0 1
    outer loop
      vertex 19.6962 3.47299 8
      vertex 27.5066 13.9847 8
      vertex 19.3185 5.17639 8
    endloop
  endfacet
  facet normal 0 -0 1
    outer loop
      vertex 19.3185 5.17639 8
      vertex 26.4647 14.0759 8
      vertex 18.7939 6.84039 8
    endloop
  endfacet
  facet normal 0 0 1
    outer loop
      vertex 19.3185 5.17639 8
      vertex 26.9837 14.0075 8
      vertex 26.4647 14.0759 8
    endloop
  endfacet
  facet normal 0 0 1
    outer loop
      vertex 41.0424 -112.763 8
      vertex 50.7142 -108.757 8
      vertex 50 -86.6025 8
    endloop
  endfacet
  facet normal 0 0 1
    outer loop
      vertex 24.9709 14.5469 8
      vertex 24.5066 14.7885 8
      vertex 18.1262 8.45239 8
    endloop
  endfacet
  facet normal 0 0 1
    outer loop
      vertex 5.22639 -49.7261 8
      vertex -10.5066 -38.3359 8
      vertex -11.0295 -38.3131 8
    endloop
  endfacet
  facet normal 0 0 1
    outer loop
      vertex -15.3209 12.8558 8
      vertex -14.7492 28.0933 8
      vertex -15.1029 28.4792 8
    endloop
  endfacet
  facet normal 0 0 1
    outer loop
      vertex -13.9481 -27.421 8
      vertex -13.5066 -27.1397 8
      vertex -12.8558 -15.3209 8
    endloop
  endfacet
  facet normal 0 0 1
    outer loop
      vertex -11.5485 -38.2447 8
      vertex -12.0595 -38.1315 8
      vertex 5.22639 -49.7261 8
    endloop
  endfacet
  facet normal 0 0 1
    outer loop
      vertex -15.9444 -34.8716 8
      vertex -33.4565 -37.1572 8
      vertex -15.7028 -35.3359 8
    endloop
  endfacet
  facet normal 0 0 1
    outer loop
      vertex -18.1262 -8.45239 8
      vertex -31 -5.1962 8
      vertex -17.3205 -10 8
    endloop
  endfacet
  facet normal 0 0 1
    outer loop
      vertex -18.7939 -6.84039 8
      vertex -29.7574 -4.2426 8
      vertex -30.1433 -4.5963 8
    endloop
  endfacet
  facet normal 0 0 1
    outer loop
      vertex -19.3185 -5.17639 8
      vertex -28.8038 -3 8
      vertex -29.0851 -3.4415 8
    endloop
  endfacet
  facet normal 0 0 1
    outer loop
      vertex -19.6962 -3.47299 8
      vertex -19.9239 -1.74309 8
      vertex -28.3618 -2.05209 8
    endloop
  endfacet
  facet normal 0 0 1
    outer loop
      vertex -28.0228 -0.522888 8
      vertex -20 0 8
      vertex -28 0 8
    endloop
  endfacet
  facet normal -0 0 1
    outer loop
      vertex -28.3618 2.05209 8
      vertex -19.9239 1.74309 8
      vertex -19.6962 3.47299 8
    endloop
  endfacet
  facet normal 0 0 1
    outer loop
      vertex -18.7939 6.84039 8
      vertex -29.4037 3.85669 8
      vertex -19.3185 5.17639 8
    endloop
  endfacet
  facet normal -0 0 1
    outer loop
      vertex -30.1433 4.5963 8
      vertex -29.7574 4.2426 8
      vertex -18.7939 6.84039 8
    endloop
  endfacet
  facet normal -0 0 1
    outer loop
      vertex -30.5585 4.91489 8
      vertex -30.1433 4.5963 8
      vertex -18.1262 8.45239 8
    endloop
  endfacet
  facet normal -0 0 1
    outer loop
      vertex -31.4643 5.43779 8
      vertex -31 5.1962 8
      vertex -17.3205 10 8
    endloop
  endfacet
  facet normal 0 0 1
    outer loop
      vertex -34.5229 5.97719 8
      vertex -45.6773 20.3368 8
      vertex -35.0419 5.9088 8
    endloop
  endfacet
  facet normal 0 0 1
    outer loop
      vertex -14.1421 14.1421 8
      vertex -14.3633 27.7396 8
      vertex -14.7492 28.0933 8
    endloop
  endfacet
  facet normal 0 0 1
    outer loop
      vertex -15.3209 12.8558 8
      vertex -14.1421 14.1421 8
      vertex -14.7492 28.0933 8
    endloop
  endfacet
  facet normal 0 0 1
    outer loop
      vertex -13.5066 27.1397 8
      vertex -12.8558 15.3209 8
      vertex -13.0423 26.8981 8
    endloop
  endfacet
  facet normal 0 0 1
    outer loop
      vertex -12.0595 26.5403 8
      vertex -10 17.3205 8
      vertex -11.5485 26.4271 8
    endloop
  endfacet
  facet normal 0 0 1
    outer loop
      vertex -12.0595 26.5403 8
      vertex -11.4715 16.383 8
      vertex -10 17.3205 8
    endloop
  endfacet
  facet normal 0 0 1
    outer loop
      vertex -11.0295 26.3587 8
      vertex -8.45239 18.1262 8
      vertex -10.5066 26.3359 8
    endloop
  endfacet
  facet normal 0 -0 1
    outer loop
      vertex -8.45239 18.1262 8
      vertex -6.84039 18.7939 8
      vertex -9.98369 26.3587 8
    endloop
  endfacet
  facet normal 0 0 1
    outer loop
      vertex -6.84039 18.7939 8
      vertex -9.46469 26.4271 8
      vertex -9.98369 26.3587 8
    endloop
  endfacet
  facet normal 0 0 1
    outer loop
      vertex -6.84039 18.7939 8
      vertex -8.95369 26.5403 8
      vertex -9.46469 26.4271 8
    endloop
  endfacet
  facet normal -0 0 1
    outer loop
      vertex 10 17.3205 8
      vertex 11.4715 16.383 8
      vertex 21.711 21.5376 8
    endloop
  endfacet
  facet normal 0 0 1
    outer loop
      vertex -5.17639 19.3185 8
      vertex -8.4545 26.6977 8
      vertex -6.84039 18.7939 8
    endloop
  endfacet
  facet normal 0 0 1
    outer loop
      vertex -7.50659 27.1397 8
      vertex -7.97089 26.8981 8
      vertex -5.17639 19.3185 8
    endloop
  endfacet
  facet normal -0 0 1
    outer loop
      vertex -7.50659 27.1397 8
      vertex -3.47299 19.6962 8
      vertex -7.06509 27.421 8
    endloop
  endfacet
  facet normal 0 0 1
    outer loop
      vertex 22.3104 22.9847 8
      vertex 8.45239 18.1262 8
      vertex 22.0688 22.5204 8
    endloop
  endfacet
  facet normal -0 0 1
    outer loop
      vertex -6.26399 28.0933 8
      vertex -1.74309 19.9239 8
      vertex -5.91029 28.4792 8
    endloop
  endfacet
  facet normal 0 0 1
    outer loop
      vertex 0 20 8
      vertex -5.59169 28.8944 8
      vertex -1.74309 19.9239 8
    endloop
  endfacet
  facet normal -0 -0 1
    outer loop
      vertex 5.17639 19.3185 8
      vertex 6.84039 18.7939 8
      vertex -4.52939 32.8588 8
    endloop
  endfacet
  facet normal 0 -0 1
    outer loop
      vertex 8.45239 18.1262 8
      vertex 22.3104 22.9847 8
      vertex 6.84039 18.7939 8
    endloop
  endfacet
  facet normal 0 0 1
    outer loop
      vertex 6.84039 18.7939 8
      vertex 22.3104 22.9847 8
      vertex 22.5917 23.4262 8
    endloop
  endfacet
  facet normal 0 0 1
    outer loop
      vertex 10 17.3205 8
      vertex 21.711 21.5376 8
      vertex 21.8684 22.0368 8
    endloop
  endfacet
  facet normal 0 0 1
    outer loop
      vertex 22.0688 22.5204 8
      vertex 10 17.3205 8
      vertex 21.8684 22.0368 8
    endloop
  endfacet
  facet normal -0 0 1
    outer loop
      vertex 11.4715 16.383 8
      vertex 12.8558 15.3209 8
      vertex 21.5066 19.9847 8
    endloop
  endfacet
  facet normal 0 0 1
    outer loop
      vertex 21.5294 20.5076 8
      vertex 11.4715 16.383 8
      vertex 21.5066 19.9847 8
    endloop
  endfacet
  facet normal 0 0 1
    outer loop
      vertex 21.711 18.4318 8
      vertex 14.1421 14.1421 8
      vertex 21.8684 17.9326 8
    endloop
  endfacet
  facet normal -0 0 1
    outer loop
      vertex 14.1421 14.1421 8
      vertex 15.3209 12.8558 8
      vertex 21.8684 17.9326 8
    endloop
  endfacet
  facet normal 0 0 1
    outer loop
      vertex 15.3209 12.8558 8
      vertex 22.3104 16.9847 8
      vertex 22.0688 17.449 8
    endloop
  endfacet
  facet normal 0 -0 1
    outer loop
      vertex 16.383 11.4715 8
      vertex 22.3104 16.9847 8
      vertex 15.3209 12.8558 8
    endloop
  endfacet
  facet normal 0 0 1
    outer loop
      vertex 22.9103 16.128 8
      vertex 22.5917 16.5432 8
      vertex 16.383 11.4715 8
    endloop
  endfacet
  facet normal 0 0 1
    outer loop
      vertex 23.264 15.7421 8
      vertex 16.383 11.4715 8
      vertex 17.3205 10 8
    endloop
  endfacet
  facet normal 0 0 1
    outer loop
      vertex 23.6499 15.3884 8
      vertex 17.3205 10 8
      vertex 24.0651 15.0698 8
    endloop
  endfacet
  facet normal 0 0 1
    outer loop
      vertex 24.0651 15.0698 8
      vertex 18.1262 8.45239 8
      vertex 24.5066 14.7885 8
    endloop
  endfacet
  facet normal -0 0 1
    outer loop
      vertex 18.1262 8.45239 8
      vertex 18.7939 6.84039 8
      vertex 25.4545 14.3465 8
    endloop
  endfacet
  facet normal 0 0 1
    outer loop
      vertex 18.7939 6.84039 8
      vertex 26.4647 14.0759 8
      vertex 25.9537 14.1891 8
    endloop
  endfacet
  facet normal -0 0 1
    outer loop
      vertex 27.5066 13.9847 8
      vertex 19.6962 3.47299 8
      vertex 28.0295 14.0075 8
    endloop
  endfacet
  facet normal 0 0 1
    outer loop
      vertex 19.6962 3.47299 8
      vertex 28.5485 14.0759 8
      vertex 28.0295 14.0075 8
    endloop
  endfacet
  facet normal 0 0 1
    outer loop
      vertex 19.9239 1.74309 8
      vertex 29.0595 14.1891 8
      vertex 28.5485 14.0759 8
    endloop
  endfacet
  facet normal 0 0 1
    outer loop
      vertex 29.5587 14.3465 8
      vertex 29.0595 14.1891 8
      vertex 19.9239 1.74309 8
    endloop
  endfacet
  facet normal 0 0 1
    outer loop
      vertex 19.9239 -1.74309 8
      vertex 19.6962 -3.47299 8
      vertex 28.5485 -14.0759 8
    endloop
  endfacet
  facet normal 0 0 1
    outer loop
      vertex 19.6962 -3.47299 8
      vertex 19.3185 -5.17639 8
      vertex 27.5066 -13.9847 8
    endloop
  endfacet
  facet normal 0 0 1
    outer loop
      vertex 14.1421 -14.1421 8
      vertex 21.5978 -18.9428 8
      vertex 21.711 -18.4318 8
    endloop
  endfacet
  facet normal 0 0 1
    outer loop
      vertex 21.8684 -22.0368 8
      vertex 10 -17.3205 8
      vertex 22.0688 -22.5204 8
    endloop
  endfacet
  facet normal 0 0 1
    outer loop
      vertex 48.9074 -10.3956 8
      vertex 53.9831 9.53709 8
      vertex 48.9074 10.3956 8
    endloop
  endfacet
  facet normal 0 0 1
    outer loop
      vertex 25.9537 -25.7803 8
      vertex 25 -43.3013 8
      vertex 26.4647 -25.8935 8
    endloop
  endfacet
  facet normal -0 0 1
    outer loop
      vertex 5.17639 -19.3185 8
      vertex -4.52939 -32.8588 8
      vertex 6.84039 -18.7939 8
    endloop
  endfacet
  facet normal 0 0 1
    outer loop
      vertex 25 -43.3013 8
      vertex 24.5066 -25.1809 8
      vertex 24.0651 -24.8996 8
    endloop
  endfacet
  facet normal 0 0 1
    outer loop
      vertex 23.6499 -24.581 8
      vertex 23.264 -24.2273 8
      vertex 25 -43.3013 8
    endloop
  endfacet
  facet normal 0 0 1
    outer loop
      vertex 26.9837 -25.9619 8
      vertex 25 -43.3013 8
      vertex 27.5066 -25.9847 8
    endloop
  endfacet
  facet normal 0 0 1
    outer loop
      vertex 50 -86.6025 8
      vertex 60 -103.923 8
      vertex 68.8292 -98.2982 8
    endloop
  endfacet
  facet normal 0 -0 1
    outer loop
      vertex 50.7142 -108.757 8
      vertex 60 -103.923 8
      vertex 50 -86.6025 8
    endloop
  endfacet
  facet normal 0 -0 1
    outer loop
      vertex -5.59169 -28.8944 8
      vertex -1.74309 -19.9239 8
      vertex -5.91029 -28.4792 8
    endloop
  endfacet
  facet normal 0 0 1
    outer loop
      vertex -12.0595 -26.5403 8
      vertex -11.5485 -26.4271 8
      vertex -10 -17.3205 8
    endloop
  endfacet
  facet normal 0 0 1
    outer loop
      vertex 42.2132 -79.8811 8
      vertex 41.0424 -112.763 8
      vertex 45.9657 -83.405 8
    endloop
  endfacet
  facet normal 0 0 1
    outer loop
      vertex -33.4771 -5.97719 8
      vertex -34 -6 8
      vertex -45.6773 -20.3368 8
    endloop
  endfacet
  facet normal -0 0 1
    outer loop
      vertex -32.4471 -5.79559 8
      vertex -16.383 -11.4715 8
      vertex -31.9479 -5.6382 8
    endloop
  endfacet
  facet normal 0 0 1
    outer loop
      vertex -45.6773 -20.3368 8
      vertex -34 -6 8
      vertex -34.5229 -5.97719 8
    endloop
  endfacet
  facet normal 0 0 1
    outer loop
      vertex -45.6773 -20.3368 8
      vertex -34.5229 -5.97719 8
      vertex -35.0419 -5.9088 8
    endloop
  endfacet
  facet normal 0 0 1
    outer loop
      vertex -45.6773 -20.3368 8
      vertex -35.0419 -5.9088 8
      vertex -35.5529 -5.79559 8
    endloop
  endfacet
  facet normal 0 0 1
    outer loop
      vertex -45.6773 -20.3368 8
      vertex -35.5529 -5.79559 8
      vertex -36.0521 -5.6382 8
    endloop
  endfacet
  facet normal 0 0 1
    outer loop
      vertex -45.6773 -20.3368 8
      vertex -36.0521 -5.6382 8
      vertex -36.5357 -5.43779 8
    endloop
  endfacet
  facet normal 0 0 1
    outer loop
      vertex -45.6773 -20.3368 8
      vertex -36.5357 -5.43779 8
      vertex -37 -5.1962 8
    endloop
  endfacet
  facet normal 0 0 1
    outer loop
      vertex -45.6773 -20.3368 8
      vertex -37 -5.1962 8
      vertex -37.4415 -4.91489 8
    endloop
  endfacet
  facet normal 0 0 1
    outer loop
      vertex -45.6773 -20.3368 8
      vertex -37.4415 -4.91489 8
      vertex -37.8567 -4.5963 8
    endloop
  endfacet
  facet normal 0 0 1
    outer loop
      vertex -45.6773 -20.3368 8
      vertex -37.8567 -4.5963 8
      vertex -38.2426 -4.2426 8
    endloop
  endfacet
  facet normal 0 0 1
    outer loop
      vertex -45.6773 -20.3368 8
      vertex -38.2426 -4.2426 8
      vertex -38.5963 -3.85669 8
    endloop
  endfacet
  facet normal 0 0 1
    outer loop
      vertex -45.6773 -20.3368 8
      vertex -38.5963 -3.85669 8
      vertex -38.9149 -3.4415 8
    endloop
  endfacet
  facet normal 0 0 1
    outer loop
      vertex -45.6773 -20.3368 8
      vertex -38.9149 -3.4415 8
      vertex -39.1962 -3 8
    endloop
  endfacet
  facet normal 0 0 1
    outer loop
      vertex -45.6773 -20.3368 8
      vertex -39.1962 -3 8
      vertex -39.4378 -2.53569 8
    endloop
  endfacet
  facet normal 0 0 1
    outer loop
      vertex -45.6773 -20.3368 8
      vertex -39.4378 -2.53569 8
      vertex -39.6382 -2.05209 8
    endloop
  endfacet
  facet normal 0 0 1
    outer loop
      vertex -45.6773 -20.3368 8
      vertex -39.7956 -1.55289 8
      vertex -39.9088 -1.04189 8
    endloop
  endfacet
  facet normal 0 0 1
    outer loop
      vertex -45.6773 -20.3368 8
      vertex -39.6382 -2.05209 8
      vertex -39.7956 -1.55289 8
    endloop
  endfacet
  facet normal 0 0 1
    outer loop
      vertex -45.6773 -20.3368 8
      vertex -39.9088 -1.04189 8
      vertex -39.9772 -0.522888 8
    endloop
  endfacet
  facet normal 0 0 1
    outer loop
      vertex -45.6773 -20.3368 8
      vertex -39.9772 -0.522888 8
      vertex -40 0 8
    endloop
  endfacet
  facet normal 0 0 1
    outer loop
      vertex -45.6773 -20.3368 8
      vertex -40 0 8
      vertex -45.6773 20.3368 8
    endloop
  endfacet
  facet normal 0 -0 1
    outer loop
      vertex -40 0 8
      vertex -39.9772 0.522888 8
      vertex -45.6773 20.3368 8
    endloop
  endfacet
  facet normal 0 0 1
    outer loop
      vertex -39.7956 1.55289 8
      vertex -45.6773 20.3368 8
      vertex -39.9088 1.04189 8
    endloop
  endfacet
  facet normal 0 0 1
    outer loop
      vertex -39.6382 2.05209 8
      vertex -45.6773 20.3368 8
      vertex -39.7956 1.55289 8
    endloop
  endfacet
  facet normal 0 0 1
    outer loop
      vertex -39.4378 2.53569 8
      vertex -45.6773 20.3368 8
      vertex -39.6382 2.05209 8
    endloop
  endfacet
  facet normal 0 0 1
    outer loop
      vertex -39.1962 3 8
      vertex -45.6773 20.3368 8
      vertex -39.4378 2.53569 8
    endloop
  endfacet
  facet normal 0 0 1
    outer loop
      vertex -38.9149 3.4415 8
      vertex -45.6773 20.3368 8
      vertex -39.1962 3 8
    endloop
  endfacet
  facet normal 0 0 1
    outer loop
      vertex -33.4771 5.97719 8
      vertex -45.6773 20.3368 8
      vertex -34 6 8
    endloop
  endfacet
  facet normal 0 -0 1
    outer loop
      vertex -38.9149 3.4415 8
      vertex -38.5963 3.85669 8
      vertex -45.6773 20.3368 8
    endloop
  endfacet
  facet normal 0 -0 1
    outer loop
      vertex -38.5963 3.85669 8
      vertex -38.2426 4.2426 8
      vertex -45.6773 20.3368 8
    endloop
  endfacet
  facet normal 0 -0 1
    outer loop
      vertex -38.2426 4.2426 8
      vertex -37.8567 4.5963 8
      vertex -45.6773 20.3368 8
    endloop
  endfacet
  facet normal 0 -0 1
    outer loop
      vertex -37.8567 4.5963 8
      vertex -37.4415 4.91489 8
      vertex -45.6773 20.3368 8
    endloop
  endfacet
  facet normal 0 -0 1
    outer loop
      vertex -37.4415 4.91489 8
      vertex -37 5.1962 8
      vertex -45.6773 20.3368 8
    endloop
  endfacet
  facet normal 0 -0 1
    outer loop
      vertex -37 5.1962 8
      vertex -36.5357 5.43779 8
      vertex -45.6773 20.3368 8
    endloop
  endfacet
  facet normal 0 -0 1
    outer loop
      vertex -36.5357 5.43779 8
      vertex -36.0521 5.6382 8
      vertex -45.6773 20.3368 8
    endloop
  endfacet
  facet normal 0 -0 1
    outer loop
      vertex -36.0521 5.6382 8
      vertex -35.5529 5.79559 8
      vertex -45.6773 20.3368 8
    endloop
  endfacet
  facet normal 0 0 1
    outer loop
      vertex -32.9581 5.9088 8
      vertex -45.6773 20.3368 8
      vertex -33.4771 5.97719 8
    endloop
  endfacet
  facet normal -0 0 1
    outer loop
      vertex -45.6773 20.3368 8
      vertex -32.9581 5.9088 8
      vertex -15.7028 29.3359 8
    endloop
  endfacet
  facet normal 0 0 1
    outer loop
      vertex -15.7028 29.3359 8
      vertex -32.4471 5.79559 8
      vertex -16.383 11.4715 8
    endloop
  endfacet
  facet normal -0 0 1
    outer loop
      vertex -32.4471 5.79559 8
      vertex -31.9479 5.6382 8
      vertex -16.383 11.4715 8
    endloop
  endfacet
  facet normal -0 0 1
    outer loop
      vertex -31.9479 5.6382 8
      vertex -31.4643 5.43779 8
      vertex -17.3205 10 8
    endloop
  endfacet
  facet normal 0 0 1
    outer loop
      vertex -17.3205 10 8
      vertex -31 5.1962 8
      vertex -18.1262 8.45239 8
    endloop
  endfacet
  facet normal -0 0 1
    outer loop
      vertex -31 5.1962 8
      vertex -30.5585 4.91489 8
      vertex -18.1262 8.45239 8
    endloop
  endfacet
  facet normal 0 0 1
    outer loop
      vertex -18.1262 8.45239 8
      vertex -30.1433 4.5963 8
      vertex -18.7939 6.84039 8
    endloop
  endfacet
  facet normal 0 0 1
    outer loop
      vertex -18.7939 6.84039 8
      vertex -29.7574 4.2426 8
      vertex -29.4037 3.85669 8
    endloop
  endfacet
  facet normal 0 0 1
    outer loop
      vertex -19.3185 5.17639 8
      vertex -29.4037 3.85669 8
      vertex -29.0851 3.4415 8
    endloop
  endfacet
  facet normal 0 0 1
    outer loop
      vertex -19.3185 5.17639 8
      vertex -29.0851 3.4415 8
      vertex -28.8038 3 8
    endloop
  endfacet
  facet normal 0 0 1
    outer loop
      vertex -19.3185 5.17639 8
      vertex -28.8038 3 8
      vertex -19.6962 3.47299 8
    endloop
  endfacet
  facet normal -0 0 1
    outer loop
      vertex -28.8038 3 8
      vertex -28.5622 2.53569 8
      vertex -19.6962 3.47299 8
    endloop
  endfacet
  facet normal -0 0 1
    outer loop
      vertex -28.5622 2.53569 8
      vertex -28.3618 2.05209 8
      vertex -19.6962 3.47299 8
    endloop
  endfacet
  facet normal 0 0 1
    outer loop
      vertex -28.3618 2.05209 8
      vertex -28.2044 1.55289 8
      vertex -19.9239 1.74309 8
    endloop
  endfacet
  facet normal -0 0 1
    outer loop
      vertex -28.2044 1.55289 8
      vertex -28.0912 1.04189 8
      vertex -19.9239 1.74309 8
    endloop
  endfacet
  facet normal -0 0 1
    outer loop
      vertex -28.0912 1.04189 8
      vertex -28.0228 0.522888 8
      vertex -19.9239 1.74309 8
    endloop
  endfacet
  facet normal -0 0 1
    outer loop
      vertex -28.0228 0.522888 8
      vertex -20 0 8
      vertex -19.9239 1.74309 8
    endloop
  endfacet
  facet normal 0 -0 1
    outer loop
      vertex -28 0 8
      vertex -20 0 8
      vertex -28.0228 0.522888 8
    endloop
  endfacet
  facet normal -0 0 1
    outer loop
      vertex -28.0228 -0.522888 8
      vertex -19.9239 -1.74309 8
      vertex -20 0 8
    endloop
  endfacet
  facet normal -0 0 1
    outer loop
      vertex -28.0912 -1.04189 8
      vertex -19.9239 -1.74309 8
      vertex -28.0228 -0.522888 8
    endloop
  endfacet
  facet normal -0 0 1
    outer loop
      vertex -28.2044 -1.55289 8
      vertex -19.9239 -1.74309 8
      vertex -28.0912 -1.04189 8
    endloop
  endfacet
  facet normal 0 0 1
    outer loop
      vertex -28.3618 -2.05209 8
      vertex -19.9239 -1.74309 8
      vertex -28.2044 -1.55289 8
    endloop
  endfacet
  facet normal -0 0 1
    outer loop
      vertex -28.5622 -2.53569 8
      vertex -19.6962 -3.47299 8
      vertex -28.3618 -2.05209 8
    endloop
  endfacet
  facet normal -0 0 1
    outer loop
      vertex -28.8038 -3 8
      vertex -19.6962 -3.47299 8
      vertex -28.5622 -2.53569 8
    endloop
  endfacet
  facet normal 0 0 1
    outer loop
      vertex -19.3185 -5.17639 8
      vertex -19.6962 -3.47299 8
      vertex -28.8038 -3 8
    endloop
  endfacet
  facet normal -0 0 1
    outer loop
      vertex -29.4037 -3.85669 8
      vertex -19.3185 -5.17639 8
      vertex -29.0851 -3.4415 8
    endloop
  endfacet
  facet normal 0 0 1
    outer loop
      vertex -18.7939 -6.84039 8
      vertex -19.3185 -5.17639 8
      vertex -29.4037 -3.85669 8
    endloop
  endfacet
  facet normal 0 0 1
    outer loop
      vertex -18.7939 -6.84039 8
      vertex -29.4037 -3.85669 8
      vertex -29.7574 -4.2426 8
    endloop
  endfacet
  facet normal 0 0 1
    outer loop
      vertex -18.1262 -8.45239 8
      vertex -18.7939 -6.84039 8
      vertex -30.1433 -4.5963 8
    endloop
  endfacet
  facet normal 0 0 1
    outer loop
      vertex -18.1262 -8.45239 8
      vertex -30.1433 -4.5963 8
      vertex -30.5585 -4.91489 8
    endloop
  endfacet
  facet normal 0 0 1
    outer loop
      vertex -18.1262 -8.45239 8
      vertex -30.5585 -4.91489 8
      vertex -31 -5.1962 8
    endloop
  endfacet
  facet normal 0 0 1
    outer loop
      vertex -17.3205 -10 8
      vertex -31 -5.1962 8
      vertex -31.4643 -5.43779 8
    endloop
  endfacet
  facet normal 0 0 1
    outer loop
      vertex -17.3205 -10 8
      vertex -31.4643 -5.43779 8
      vertex -31.9479 -5.6382 8
    endloop
  endfacet
  facet normal 0 0 1
    outer loop
      vertex -17.3205 -10 8
      vertex -31.9479 -5.6382 8
      vertex -16.383 -11.4715 8
    endloop
  endfacet
  facet normal 0 0 1
    outer loop
      vertex -16.3022 -30.783 8
      vertex -33.4565 -37.1572 8
      vertex -16.4154 -31.294 8
    endloop
  endfacet
  facet normal 0 0 1
    outer loop
      vertex -33.4565 -37.1572 8
      vertex -16.4838 -31.813 8
      vertex -16.4154 -31.294 8
    endloop
  endfacet
  facet normal 0 0 1
    outer loop
      vertex -32.9581 -5.9088 8
      vertex -33.4771 -5.97719 8
      vertex -45.6773 -20.3368 8
    endloop
  endfacet
  facet normal 0 -0 1
    outer loop
      vertex -6.26399 -28.0933 8
      vertex -3.47299 -19.6962 8
      vertex -6.64989 -27.7396 8
    endloop
  endfacet
  facet normal 0 0 1
    outer loop
      vertex -6.84039 -18.7939 8
      vertex -9.98369 -26.3587 8
      vertex -9.46469 -26.4271 8
    endloop
  endfacet
  facet normal 0 0 1
    outer loop
      vertex 42.2132 -79.8811 8
      vertex 10.4528 -99.4522 8
      vertex 31.0583 -115.911 8
    endloop
  endfacet
  facet normal 0 0 1
    outer loop
      vertex 35.6563 -71.9553 8
      vertex 4.4823 -85.2489 8
      vertex 6.073 -90.1447 8
    endloop
  endfacet
  facet normal 0 0 1
    outer loop
      vertex 25 -43.3013 8
      vertex 24.9709 -25.4225 8
      vertex 24.5066 -25.1809 8
    endloop
  endfacet
  facet normal 0 0 1
    outer loop
      vertex 10.4528 -99.4522 8
      vertex -20.8378 -118.177 8
      vertex -10.4587 -119.543 8
    endloop
  endfacet
  facet normal 0 0 1
    outer loop
      vertex 2.33939 -64.8604 8
      vertex 28.5182 -58.3014 8
      vertex 2.87749 -59.7408 8
    endloop
  endfacet
  facet normal 0 0 1
    outer loop
      vertex 24.9709 -25.4225 8
      vertex 25 -43.3013 8
      vertex 25.4545 -25.6229 8
    endloop
  endfacet
  facet normal 0 0 1
    outer loop
      vertex -13.0423 -26.8981 8
      vertex -12.5587 -26.6977 8
      vertex -11.4715 -16.383 8
    endloop
  endfacet
  facet normal -0 0 1
    outer loop
      vertex -4.52939 -32.8588 8
      vertex 25 -43.3013 8
      vertex 23.264 -24.2273 8
    endloop
  endfacet
  facet normal -0 0 1
    outer loop
      vertex -7.97089 -26.8981 8
      vertex -7.50659 -27.1397 8
      vertex -5.17639 -19.3185 8
    endloop
  endfacet
  facet normal 0 0 1
    outer loop
      vertex 23.6499 -24.581 8
      vertex 25 -43.3013 8
      vertex 24.0651 -24.8996 8
    endloop
  endfacet
  facet normal 0 0 1
    outer loop
      vertex 0 -20 8
      vertex -1.74309 -19.9239 8
      vertex -5.59169 -28.8944 8
    endloop
  endfacet
  facet normal -0 0 1
    outer loop
      vertex 1.74309 -19.9239 8
      vertex -4.711 -30.783 8
      vertex 3.47299 -19.6962 8
    endloop
  endfacet
  facet normal 0 0 1
    outer loop
      vertex 22.0688 -22.5204 8
      vertex 10 -17.3205 8
      vertex 8.45239 -18.1262 8
    endloop
  endfacet
  facet normal 0 0 1
    outer loop
      vertex 21.5294 -20.5076 8
      vertex 21.5066 -19.9847 8
      vertex 11.4715 -16.383 8
    endloop
  endfacet
  facet normal 0 0 1
    outer loop
      vertex 53.9831 9.53709 8
      vertex 48.9074 -10.3956 8
      vertex 59.1128 9.1064 8
    endloop
  endfacet
  facet normal 0 0 1
    outer loop
      vertex 74.4659 10.3956 8
      vertex 69.3903 9.53709 8
      vertex 72.2563 -20.7912 8
    endloop
  endfacet
  facet normal 0 0 1
    outer loop
      vertex 82.4617 -22.0804 8
      vertex 79.452 11.6758 8
      vertex 77.3319 -21.6497 8
    endloop
  endfacet
  facet normal 0 0 1
    outer loop
      vertex 87.6094 -22.0804 8
      vertex 79.452 11.6758 8
      vertex 82.4617 -22.0804 8
    endloop
  endfacet
  facet normal 0 0 1
    outer loop
      vertex 115.911 -31.0583 8
      vertex 97.8148 -20.7912 8
      vertex 112.763 -41.0424 8
    endloop
  endfacet
  facet normal 0 0 1
    outer loop
      vertex 92.7391 -21.6497 8
      vertex 84.3134 13.3687 8
      vertex 87.6094 -22.0804 8
    endloop
  endfacet
  facet normal 0 0 1
    outer loop
      vertex 97.8148 -20.7912 8
      vertex 89.0161 15.4625 8
      vertex 84.3134 13.3687 8
    endloop
  endfacet
  facet normal -0 0 1
    outer loop
      vertex 97.8148 -20.7912 8
      vertex 118.177 -20.8378 8
      vertex 119.543 -10.4587 8
    endloop
  endfacet
  facet normal 0 -0 1
    outer loop
      vertex 115.911 -31.0583 8
      vertex 118.177 -20.8378 8
      vertex 97.8148 -20.7912 8
    endloop
  endfacet
  facet normal 0 0 1
    outer loop
      vertex 120 0 8
      vertex 89.0161 15.4625 8
      vertex 97.8148 -20.7912 8
    endloop
  endfacet
  facet normal 0 0 1
    outer loop
      vertex 120 0 8
      vertex 97.8148 -20.7912 8
      vertex 119.543 -10.4587 8
    endloop
  endfacet
  facet normal 0 0 1
    outer loop
      vertex 97.8148 -20.7912 8
      vertex 108.757 -50.7142 8
      vertex 112.763 -41.0424 8
    endloop
  endfacet
  facet normal 0 0 1
    outer loop
      vertex 97.8148 -20.7912 8
      vertex 103.923 -60 8
      vertex 108.757 -50.7142 8
    endloop
  endfacet
  facet normal 0 0 1
    outer loop
      vertex 97.8148 -20.7912 8
      vertex 98.2982 -68.8292 8
      vertex 103.923 -60 8
    endloop
  endfacet
  facet normal 0 0 1
    outer loop
      vertex 97.8148 -20.7912 8
      vertex 50 -86.6025 8
      vertex 98.2982 -68.8292 8
    endloop
  endfacet
  facet normal 0 0 1
    outer loop
      vertex 98.2982 -68.8292 8
      vertex 50 -86.6025 8
      vertex 91.9253 -77.1345 8
    endloop
  endfacet
  facet normal 0 0 1
    outer loop
      vertex 91.9253 -77.1345 8
      vertex 50 -86.6025 8
      vertex 84.8528 -84.8528 8
    endloop
  endfacet
  facet normal -0 0 1
    outer loop
      vertex -4.59779 -31.294 8
      vertex -4.52939 -31.813 8
      vertex 3.47299 -19.6962 8
    endloop
  endfacet
  facet normal 0 0 1
    outer loop
      vertex 22.3104 -22.9847 8
      vertex 6.84039 -18.7939 8
      vertex 22.5917 -23.4262 8
    endloop
  endfacet
  facet normal -0 0 1
    outer loop
      vertex 6.84039 -18.7939 8
      vertex 22.3104 -22.9847 8
      vertex 8.45239 -18.1262 8
    endloop
  endfacet
  facet normal 0 0 1
    outer loop
      vertex 22.3104 -22.9847 8
      vertex 22.0688 -22.5204 8
      vertex 8.45239 -18.1262 8
    endloop
  endfacet
  facet normal 0 0 1
    outer loop
      vertex 21.711 -21.5376 8
      vertex 10 -17.3205 8
      vertex 21.8684 -22.0368 8
    endloop
  endfacet
  facet normal 0 0 1
    outer loop
      vertex 21.5978 -21.0266 8
      vertex 11.4715 -16.383 8
      vertex 21.711 -21.5376 8
    endloop
  endfacet
  facet normal 0 0 1
    outer loop
      vertex 21.5294 -20.5076 8
      vertex 11.4715 -16.383 8
      vertex 21.5978 -21.0266 8
    endloop
  endfacet
  facet normal 0 0 1
    outer loop
      vertex 21.5066 -19.9847 8
      vertex 12.8558 -15.3209 8
      vertex 11.4715 -16.383 8
    endloop
  endfacet
  facet normal 0 0 1
    outer loop
      vertex 21.5978 -18.9428 8
      vertex 12.8558 -15.3209 8
      vertex 21.5294 -19.4618 8
    endloop
  endfacet
  facet normal 0 0 1
    outer loop
      vertex 21.5294 -19.4618 8
      vertex 12.8558 -15.3209 8
      vertex 21.5066 -19.9847 8
    endloop
  endfacet
  facet normal 0 0 1
    outer loop
      vertex 14.1421 -14.1421 8
      vertex 12.8558 -15.3209 8
      vertex 21.5978 -18.9428 8
    endloop
  endfacet
  facet normal 0 -0 1
    outer loop
      vertex 21.711 -18.4318 8
      vertex 21.8684 -17.9326 8
      vertex 14.1421 -14.1421 8
    endloop
  endfacet
  facet normal 0 0 1
    outer loop
      vertex 21.8684 -17.9326 8
      vertex 15.3209 -12.8558 8
      vertex 14.1421 -14.1421 8
    endloop
  endfacet
  facet normal 0 0 1
    outer loop
      vertex 22.0688 -17.449 8
      vertex 15.3209 -12.8558 8
      vertex 21.8684 -17.9326 8
    endloop
  endfacet
  facet normal 0 0 1
    outer loop
      vertex 22.3104 -16.9847 8
      vertex 16.383 -11.4715 8
      vertex 15.3209 -12.8558 8
    endloop
  endfacet
  facet normal 0 0 1
    outer loop
      vertex 22.5917 -16.5432 8
      vertex 16.383 -11.4715 8
      vertex 22.3104 -16.9847 8
    endloop
  endfacet
  facet normal 0 0 1
    outer loop
      vertex 22.9103 -16.128 8
      vertex 16.383 -11.4715 8
      vertex 22.5917 -16.5432 8
    endloop
  endfacet
  facet normal 0 0 1
    outer loop
      vertex 23.264 -15.7421 8
      vertex 16.383 -11.4715 8
      vertex 22.9103 -16.128 8
    endloop
  endfacet
  facet normal 0 0 1
    outer loop
      vertex 17.3205 -10 8
      vertex 16.383 -11.4715 8
      vertex 23.264 -15.7421 8
    endloop
  endfacet
  facet normal 0 0 1
    outer loop
      vertex 17.3205 -10 8
      vertex 23.264 -15.7421 8
      vertex 23.6499 -15.3884 8
    endloop
  endfacet
  facet normal 0 0 1
    outer loop
      vertex 18.1262 -8.45239 8
      vertex 17.3205 -10 8
      vertex 24.0651 -15.0698 8
    endloop
  endfacet
  facet normal 0 0 1
    outer loop
      vertex 18.1262 -8.45239 8
      vertex 24.0651 -15.0698 8
      vertex 24.5066 -14.7885 8
    endloop
  endfacet
  facet normal 0 0 1
    outer loop
      vertex 18.1262 -8.45239 8
      vertex 24.5066 -14.7885 8
      vertex 24.9709 -14.5469 8
    endloop
  endfacet
  facet normal 0 0 1
    outer loop
      vertex 18.1262 -8.45239 8
      vertex 24.9709 -14.5469 8
      vertex 25.4545 -14.3465 8
    endloop
  endfacet
  facet normal 0 0 1
    outer loop
      vertex 18.7939 -6.84039 8
      vertex 25.4545 -14.3465 8
      vertex 25.9537 -14.1891 8
    endloop
  endfacet
  facet normal 0 0 1
    outer loop
      vertex 18.7939 -6.84039 8
      vertex 25.9537 -14.1891 8
      vertex 26.4647 -14.0759 8
    endloop
  endfacet
  facet normal -0 0 1
    outer loop
      vertex 18.7939 -6.84039 8
      vertex 26.4647 -14.0759 8
      vertex 19.3185 -5.17639 8
    endloop
  endfacet
  facet normal 0 -0 1
    outer loop
      vertex 26.4647 -14.0759 8
      vertex 26.9837 -14.0075 8
      vertex 19.3185 -5.17639 8
    endloop
  endfacet
  facet normal -0 -0 1
    outer loop
      vertex 27.5066 -13.9847 8
      vertex 28.0295 -14.0075 8
      vertex 19.6962 -3.47299 8
    endloop
  endfacet
  facet normal 0 -0 1
    outer loop
      vertex 26.9837 -14.0075 8
      vertex 27.5066 -13.9847 8
      vertex 19.3185 -5.17639 8
    endloop
  endfacet
  facet normal 0 0 1
    outer loop
      vertex 19.6962 -3.47299 8
      vertex 28.0295 -14.0075 8
      vertex 28.5485 -14.0759 8
    endloop
  endfacet
  facet normal 0 0 1
    outer loop
      vertex 29.5587 -14.3465 8
      vertex 19.9239 -1.74309 8
      vertex 29.0595 -14.1891 8
    endloop
  endfacet
  facet normal 0 0 1
    outer loop
      vertex 20 0 8
      vertex 19.9239 -1.74309 8
      vertex 29.5587 -14.3465 8
    endloop
  endfacet
  facet normal -0 0 1
    outer loop
      vertex 20 0 8
      vertex 29.5587 -14.3465 8
      vertex 29.5587 14.3465 8
    endloop
  endfacet
  facet normal -0 0 1
    outer loop
      vertex 29.5587 -14.3465 8
      vertex 30.0423 -14.5469 8
      vertex 29.5587 14.3465 8
    endloop
  endfacet
  facet normal 0 -0 1
    outer loop
      vertex 30.0423 -14.5469 8
      vertex 30.0423 14.5469 8
      vertex 29.5587 14.3465 8
    endloop
  endfacet
  facet normal 0 0 1
    outer loop
      vertex 48.9074 -10.3956 8
      vertex 30.0423 14.5469 8
      vertex 30.0423 -14.5469 8
    endloop
  endfacet
  facet normal 0 0 1
    outer loop
      vertex 48.9074 -10.3956 8
      vertex 30.0423 -14.5469 8
      vertex 30.5066 -14.7885 8
    endloop
  endfacet
  facet normal 0 0 1
    outer loop
      vertex 48.9074 -10.3956 8
      vertex 30.5066 -14.7885 8
      vertex 30.9481 -15.0698 8
    endloop
  endfacet
  facet normal 0 0 1
    outer loop
      vertex 48.9074 -10.3956 8
      vertex 30.9481 -15.0698 8
      vertex 31.3633 -15.3884 8
    endloop
  endfacet
  facet normal 0 0 1
    outer loop
      vertex 48.9074 -10.3956 8
      vertex 31.3633 -15.3884 8
      vertex 31.7492 -15.7421 8
    endloop
  endfacet
  facet normal 0 0 1
    outer loop
      vertex 48.9074 -10.3956 8
      vertex 31.7492 -15.7421 8
      vertex 32.1029 -16.128 8
    endloop
  endfacet
  facet normal 0 0 1
    outer loop
      vertex 48.9074 -10.3956 8
      vertex 32.1029 -16.128 8
      vertex 32.4215 -16.5432 8
    endloop
  endfacet
  facet normal 0 0 1
    outer loop
      vertex 48.9074 -10.3956 8
      vertex 32.4215 -16.5432 8
      vertex 32.7028 -16.9847 8
    endloop
  endfacet
  facet normal 0 0 1
    outer loop
      vertex 48.9074 -10.3956 8
      vertex 32.7028 -16.9847 8
      vertex 32.9444 -17.449 8
    endloop
  endfacet
  facet normal 0 0 1
    outer loop
      vertex 48.9074 -10.3956 8
      vertex 32.9444 -17.449 8
      vertex 33.1448 -17.9326 8
    endloop
  endfacet
  facet normal 0 0 1
    outer loop
      vertex 48.9074 -10.3956 8
      vertex 33.1448 -17.9326 8
      vertex 33.3022 -18.4318 8
    endloop
  endfacet
  facet normal -0 0 1
    outer loop
      vertex 33.3022 -18.4318 8
      vertex 33.4154 -18.9428 8
      vertex 48.9074 -10.3956 8
    endloop
  endfacet
  facet normal -0 0 1
    outer loop
      vertex 33.4154 -18.9428 8
      vertex 33.4838 -19.4618 8
      vertex 48.9074 -10.3956 8
    endloop
  endfacet
  facet normal -0 0 1
    outer loop
      vertex 33.4838 -19.4618 8
      vertex 33.5066 -19.9847 8
      vertex 48.9074 -10.3956 8
    endloop
  endfacet
  facet normal -0 0 1
    outer loop
      vertex 33.5066 -19.9847 8
      vertex 33.4838 -20.5076 8
      vertex 48.9074 -10.3956 8
    endloop
  endfacet
  facet normal -0 0 1
    outer loop
      vertex 33.4838 -20.5076 8
      vertex 33.4154 -21.0266 8
      vertex 48.9074 -10.3956 8
    endloop
  endfacet
  facet normal -0 0 1
    outer loop
      vertex 33.4154 -21.0266 8
      vertex 33.3022 -21.5376 8
      vertex 48.9074 -10.3956 8
    endloop
  endfacet
  facet normal -0 0 1
    outer loop
      vertex 33.3022 -21.5376 8
      vertex 33.1448 -22.0368 8
      vertex 48.9074 -10.3956 8
    endloop
  endfacet
  facet normal 0 0 1
    outer loop
      vertex 32.7028 -22.9847 8
      vertex 48.9074 -10.3956 8
      vertex 32.9444 -22.5204 8
    endloop
  endfacet
  facet normal 0 0 1
    outer loop
      vertex 32.4215 -23.4262 8
      vertex 48.9074 -10.3956 8
      vertex 32.7028 -22.9847 8
    endloop
  endfacet
  facet normal 0 0 1
    outer loop
      vertex 25 -43.3013 8
      vertex 48.9074 -10.3956 8
      vertex 32.4215 -23.4262 8
    endloop
  endfacet
  facet normal 0 0 1
    outer loop
      vertex 25 -43.3013 8
      vertex 32.4215 -23.4262 8
      vertex 32.1029 -23.8414 8
    endloop
  endfacet
  facet normal 0 0 1
    outer loop
      vertex 25 -43.3013 8
      vertex 32.1029 -23.8414 8
      vertex 31.7492 -24.2273 8
    endloop
  endfacet
  facet normal 0 0 1
    outer loop
      vertex 25 -43.3013 8
      vertex 31.7492 -24.2273 8
      vertex 31.3633 -24.581 8
    endloop
  endfacet
  facet normal 0 0 1
    outer loop
      vertex 25 -43.3013 8
      vertex 31.3633 -24.581 8
      vertex 30.9481 -24.8996 8
    endloop
  endfacet
  facet normal 0 0 1
    outer loop
      vertex 25 -43.3013 8
      vertex 30.9481 -24.8996 8
      vertex 30.5066 -25.1809 8
    endloop
  endfacet
  facet normal 0 0 1
    outer loop
      vertex 25 -43.3013 8
      vertex 30.5066 -25.1809 8
      vertex 30.0423 -25.4225 8
    endloop
  endfacet
  facet normal 0 0 1
    outer loop
      vertex 25 -43.3013 8
      vertex 30.0423 -25.4225 8
      vertex 29.5587 -25.6229 8
    endloop
  endfacet
  facet normal 0 0 1
    outer loop
      vertex 25 -43.3013 8
      vertex 29.5587 -25.6229 8
      vertex 29.0595 -25.7803 8
    endloop
  endfacet
  facet normal 0 0 1
    outer loop
      vertex 25 -43.3013 8
      vertex 29.0595 -25.7803 8
      vertex 28.5485 -25.8935 8
    endloop
  endfacet
  facet normal 0 0 1
    outer loop
      vertex 25 -43.3013 8
      vertex 28.0295 -25.9619 8
      vertex 27.5066 -25.9847 8
    endloop
  endfacet
  facet normal 0 0 1
    outer loop
      vertex 25 -43.3013 8
      vertex 28.5485 -25.8935 8
      vertex 28.0295 -25.9619 8
    endloop
  endfacet
  facet normal 0 0 1
    outer loop
      vertex -5.59169 -35.7774 8
      vertex -5.91029 -36.1926 8
      vertex 5.22639 -49.7261 8
    endloop
  endfacet
  facet normal 0 0 1
    outer loop
      vertex -50.5321 -48.5022 8
      vertex -65.891 -23.7557 8
      vertex -70.6773 -25.6507 8
    endloop
  endfacet
  facet normal 0 0 1
    outer loop
      vertex -33.4565 -37.1572 8
      vertex -13.0423 -37.7737 8
      vertex -13.5066 -37.5321 8
    endloop
  endfacet
  facet normal -0 0 1
    outer loop
      vertex -33.4565 -37.1572 8
      vertex -13.9481 -37.2508 8
      vertex -14.3633 -36.9322 8
    endloop
  endfacet
  facet normal 0 0 1
    outer loop
      vertex -13.9481 -37.2508 8
      vertex -33.4565 -37.1572 8
      vertex -13.5066 -37.5321 8
    endloop
  endfacet
  facet normal 0 0 1
    outer loop
      vertex -33.4565 -37.1572 8
      vertex -14.3633 -36.9322 8
      vertex -14.7492 -36.5785 8
    endloop
  endfacet
  facet normal -0 -0 1
    outer loop
      vertex -60 -103.923 8
      vertex -50.7142 -108.757 8
      vertex -66.9131 -74.3145 8
    endloop
  endfacet
  facet normal 0 0 1
    outer loop
      vertex -14.7492 -36.5785 8
      vertex -15.1029 -36.1926 8
      vertex -33.4565 -37.1572 8
    endloop
  endfacet
  facet normal 0 0 1
    outer loop
      vertex -75.2882 -27.9396 8
      vertex -57.4151 -56.1466 8
      vertex -54.1338 -52.1801 8
    endloop
  endfacet
  facet normal 0 0 1
    outer loop
      vertex -15.4215 -35.7774 8
      vertex -15.7028 -35.3359 8
      vertex -33.4565 -37.1572 8
    endloop
  endfacet
  facet normal -0 0 1
    outer loop
      vertex -75.2882 -27.9396 8
      vertex -54.1338 -52.1801 8
      vertex -70.6773 -25.6507 8
    endloop
  endfacet
  facet normal 0 0 1
    outer loop
      vertex -16.5066 -32.3359 8
      vertex -33.4565 -37.1572 8
      vertex -16.4838 -32.8588 8
    endloop
  endfacet
  facet normal 0 0 1
    outer loop
      vertex -33.4565 -37.1572 8
      vertex -16.3022 -30.783 8
      vertex -16.1448 -30.2838 8
    endloop
  endfacet
  facet normal 0 0 1
    outer loop
      vertex -15.7028 -29.3359 8
      vertex -33.4565 -37.1572 8
      vertex -15.9444 -29.8002 8
    endloop
  endfacet
  facet normal 0 0 1
    outer loop
      vertex 2.33939 -64.8604 8
      vertex 30.5131 -63.0469 8
      vertex 28.5182 -58.3014 8
    endloop
  endfacet
  facet normal 0 0 1
    outer loop
      vertex -32.9581 -5.9088 8
      vertex -45.6773 -20.3368 8
      vertex -15.7028 -29.3359 8
    endloop
  endfacet
  facet normal 0 0 1
    outer loop
      vertex -15.7028 -29.3359 8
      vertex -45.6773 -20.3368 8
      vertex -33.4565 -37.1572 8
    endloop
  endfacet
  facet normal 0 0 1
    outer loop
      vertex -32.4471 -5.79559 8
      vertex -15.7028 -29.3359 8
      vertex -16.383 -11.4715 8
    endloop
  endfacet
  facet normal 0 0 1
    outer loop
      vertex -32.4471 -5.79559 8
      vertex -32.9581 -5.9088 8
      vertex -15.7028 -29.3359 8
    endloop
  endfacet
  facet normal 0 0 1
    outer loop
      vertex -16.383 -11.4715 8
      vertex -15.4215 -28.8944 8
      vertex -15.3209 -12.8558 8
    endloop
  endfacet
  facet normal 0 0 1
    outer loop
      vertex -16.383 -11.4715 8
      vertex -15.7028 -29.3359 8
      vertex -15.4215 -28.8944 8
    endloop
  endfacet
  facet normal 0 0 1
    outer loop
      vertex -15.3209 -12.8558 8
      vertex -15.1029 -28.4792 8
      vertex -14.7492 -28.0933 8
    endloop
  endfacet
  facet normal 0 0 1
    outer loop
      vertex -15.3209 -12.8558 8
      vertex -15.4215 -28.8944 8
      vertex -15.1029 -28.4792 8
    endloop
  endfacet
  facet normal 0 0 1
    outer loop
      vertex -14.1421 -14.1421 8
      vertex -15.3209 -12.8558 8
      vertex -14.7492 -28.0933 8
    endloop
  endfacet
  facet normal 0 0 1
    outer loop
      vertex -14.1421 -14.1421 8
      vertex -14.3633 -27.7396 8
      vertex -13.9481 -27.421 8
    endloop
  endfacet
  facet normal 0 0 1
    outer loop
      vertex -14.1421 -14.1421 8
      vertex -14.7492 -28.0933 8
      vertex -14.3633 -27.7396 8
    endloop
  endfacet
  facet normal 0 0 1
    outer loop
      vertex -14.1421 -14.1421 8
      vertex -13.9481 -27.421 8
      vertex -12.8558 -15.3209 8
    endloop
  endfacet
  facet normal 0 0 1
    outer loop
      vertex -11.4715 -16.383 8
      vertex -12.8558 -15.3209 8
      vertex -13.0423 -26.8981 8
    endloop
  endfacet
  facet normal 0 -0 1
    outer loop
      vertex -13.0423 -26.8981 8
      vertex -12.8558 -15.3209 8
      vertex -13.5066 -27.1397 8
    endloop
  endfacet
  facet normal 0 0 1
    outer loop
      vertex -12.5587 -26.6977 8
      vertex -12.0595 -26.5403 8
      vertex -11.4715 -16.383 8
    endloop
  endfacet
  facet normal 0 0 1
    outer loop
      vertex -12.0595 -26.5403 8
      vertex -10 -17.3205 8
      vertex -11.4715 -16.383 8
    endloop
  endfacet
  facet normal 0 0 1
    outer loop
      vertex -11.5485 -26.4271 8
      vertex -11.0295 -26.3587 8
      vertex -10 -17.3205 8
    endloop
  endfacet
  facet normal 0 0 1
    outer loop
      vertex -11.0295 -26.3587 8
      vertex -8.45239 -18.1262 8
      vertex -10 -17.3205 8
    endloop
  endfacet
  facet normal 0 -0 1
    outer loop
      vertex -10.5066 -26.3359 8
      vertex -8.45239 -18.1262 8
      vertex -11.0295 -26.3587 8
    endloop
  endfacet
  facet normal 0 -0 1
    outer loop
      vertex -9.98369 -26.3587 8
      vertex -8.45239 -18.1262 8
      vertex -10.5066 -26.3359 8
    endloop
  endfacet
  facet normal 0 0 1
    outer loop
      vertex -6.84039 -18.7939 8
      vertex -8.45239 -18.1262 8
      vertex -9.98369 -26.3587 8
    endloop
  endfacet
  facet normal 0 -0 1
    outer loop
      vertex -8.95369 -26.5403 8
      vertex -6.84039 -18.7939 8
      vertex -9.46469 -26.4271 8
    endloop
  endfacet
  facet normal 0 -0 1
    outer loop
      vertex -8.4545 -26.6977 8
      vertex -6.84039 -18.7939 8
      vertex -8.95369 -26.5403 8
    endloop
  endfacet
  facet normal 0 0 1
    outer loop
      vertex -5.17639 -19.3185 8
      vertex -6.84039 -18.7939 8
      vertex -8.4545 -26.6977 8
    endloop
  endfacet
  facet normal 0 0 1
    outer loop
      vertex -5.17639 -19.3185 8
      vertex -8.4545 -26.6977 8
      vertex -7.97089 -26.8981 8
    endloop
  endfacet
  facet normal 0 0 1
    outer loop
      vertex -3.47299 -19.6962 8
      vertex -5.17639 -19.3185 8
      vertex -7.50659 -27.1397 8
    endloop
  endfacet
  facet normal 0 0 1
    outer loop
      vertex -3.47299 -19.6962 8
      vertex -7.50659 -27.1397 8
      vertex -7.06509 -27.421 8
    endloop
  endfacet
  facet normal 0 0 1
    outer loop
      vertex -3.47299 -19.6962 8
      vertex -7.06509 -27.421 8
      vertex -6.64989 -27.7396 8
    endloop
  endfacet
  facet normal 0 0 1
    outer loop
      vertex -1.74309 -19.9239 8
      vertex -3.47299 -19.6962 8
      vertex -6.26399 -28.0933 8
    endloop
  endfacet
  facet normal 0 0 1
    outer loop
      vertex -1.74309 -19.9239 8
      vertex -6.26399 -28.0933 8
      vertex -5.91029 -28.4792 8
    endloop
  endfacet
  facet normal 0 -0 1
    outer loop
      vertex -5.31039 -29.3359 8
      vertex 0 -20 8
      vertex -5.59169 -28.8944 8
    endloop
  endfacet
  facet normal 0 -0 1
    outer loop
      vertex -5.06879 -29.8002 8
      vertex 0 -20 8
      vertex -5.31039 -29.3359 8
    endloop
  endfacet
  facet normal 0 0 1
    outer loop
      vertex 1.74309 -19.9239 8
      vertex 0 -20 8
      vertex -5.06879 -29.8002 8
    endloop
  endfacet
  facet normal 0 0 1
    outer loop
      vertex 1.74309 -19.9239 8
      vertex -5.06879 -29.8002 8
      vertex -4.86839 -30.2838 8
    endloop
  endfacet
  facet normal 0 0 1
    outer loop
      vertex 1.74309 -19.9239 8
      vertex -4.86839 -30.2838 8
      vertex -4.711 -30.783 8
    endloop
  endfacet
  facet normal 0 0 1
    outer loop
      vertex 3.47299 -19.6962 8
      vertex -4.711 -30.783 8
      vertex -4.59779 -31.294 8
    endloop
  endfacet
  facet normal 0 0 1
    outer loop
      vertex 5.17639 -19.3185 8
      vertex 3.47299 -19.6962 8
      vertex -4.52939 -31.813 8
    endloop
  endfacet
  facet normal 0 0 1
    outer loop
      vertex 5.17639 -19.3185 8
      vertex -4.52939 -31.813 8
      vertex -4.50659 -32.3359 8
    endloop
  endfacet
  facet normal 0 0 1
    outer loop
      vertex 5.17639 -19.3185 8
      vertex -4.50659 -32.3359 8
      vertex -4.52939 -32.8588 8
    endloop
  endfacet
  facet normal 0 0 1
    outer loop
      vertex 6.84039 -18.7939 8
      vertex -4.52939 -32.8588 8
      vertex 22.9103 -23.8414 8
    endloop
  endfacet
  facet normal 0 0 1
    outer loop
      vertex -4.52939 -32.8588 8
      vertex 23.264 -24.2273 8
      vertex 22.9103 -23.8414 8
    endloop
  endfacet
  facet normal -0 0 1
    outer loop
      vertex -4.59779 -33.3778 8
      vertex 5.22639 -49.7261 8
      vertex -4.52939 -32.8588 8
    endloop
  endfacet
  facet normal -0 0 1
    outer loop
      vertex -4.711 -33.8888 8
      vertex 5.22639 -49.7261 8
      vertex -4.59779 -33.3778 8
    endloop
  endfacet
  facet normal -0 0 1
    outer loop
      vertex -4.86839 -34.388 8
      vertex 5.22639 -49.7261 8
      vertex -4.711 -33.8888 8
    endloop
  endfacet
  facet normal -0 0 1
    outer loop
      vertex -5.06879 -34.8716 8
      vertex 5.22639 -49.7261 8
      vertex -4.86839 -34.388 8
    endloop
  endfacet
  facet normal -0 0 1
    outer loop
      vertex -5.31039 -35.3359 8
      vertex 5.22639 -49.7261 8
      vertex -5.06879 -34.8716 8
    endloop
  endfacet
  facet normal -0 0 1
    outer loop
      vertex -5.59169 -35.7774 8
      vertex 5.22639 -49.7261 8
      vertex -5.31039 -35.3359 8
    endloop
  endfacet
  facet normal 0 0 1
    outer loop
      vertex -4.52939 -32.8588 8
      vertex 5.22639 -49.7261 8
      vertex 25 -43.3013 8
    endloop
  endfacet
  facet normal -0 0 1
    outer loop
      vertex -6.26399 -36.5785 8
      vertex 5.22639 -49.7261 8
      vertex -5.91029 -36.1926 8
    endloop
  endfacet
  facet normal -0 0 1
    outer loop
      vertex -6.64989 -36.9322 8
      vertex 5.22639 -49.7261 8
      vertex -6.26399 -36.5785 8
    endloop
  endfacet
  facet normal -0 0 1
    outer loop
      vertex -7.06509 -37.2508 8
      vertex 5.22639 -49.7261 8
      vertex -6.64989 -36.9322 8
    endloop
  endfacet
  facet normal 0 0 1
    outer loop
      vertex 5.22639 -49.7261 8
      vertex 25.752 -48.3938 8
      vertex 25 -43.3013 8
    endloop
  endfacet
  facet normal -0 0 1
    outer loop
      vertex -7.97089 -37.7737 8
      vertex 5.22639 -49.7261 8
      vertex -7.50659 -37.5321 8
    endloop
  endfacet
  facet normal -0 0 1
    outer loop
      vertex -8.4545 -37.9741 8
      vertex 5.22639 -49.7261 8
      vertex -7.97089 -37.7737 8
    endloop
  endfacet
  facet normal -0 0 1
    outer loop
      vertex 5.22639 -49.7261 8
      vertex 26.9275 -53.4056 8
      vertex 25.752 -48.3938 8
    endloop
  endfacet
  facet normal 0 0 1
    outer loop
      vertex 5.22639 -49.7261 8
      vertex -8.4545 -37.9741 8
      vertex -8.95369 -38.1315 8
    endloop
  endfacet
  facet normal 0 0 1
    outer loop
      vertex 5.22639 -49.7261 8
      vertex 3.84209 -54.6842 8
      vertex 26.9275 -53.4056 8
    endloop
  endfacet
  facet normal 0 0 1
    outer loop
      vertex -11.0295 -38.3131 8
      vertex -11.5485 -38.2447 8
      vertex 5.22639 -49.7261 8
    endloop
  endfacet
  facet normal -0 0 1
    outer loop
      vertex -10.5066 -38.3359 8
      vertex 5.22639 -49.7261 8
      vertex -9.98369 -38.3131 8
    endloop
  endfacet
  facet normal 0 0 1
    outer loop
      vertex 2.87749 -59.7408 8
      vertex 26.9275 -53.4056 8
      vertex 3.84209 -54.6842 8
    endloop
  endfacet
  facet normal -0 0 1
    outer loop
      vertex -10.4587 -119.543 8
      vertex 0 -120 8
      vertex 10.4528 -99.4522 8
    endloop
  endfacet
  facet normal 0 -0 1
    outer loop
      vertex -68.8292 -98.2982 8
      vertex -66.9131 -74.3145 8
      vertex -77.1345 -91.9253 8
    endloop
  endfacet
  facet normal 0 0 1
    outer loop
      vertex -15.1029 -36.1926 8
      vertex -15.4215 -35.7774 8
      vertex -33.4565 -37.1572 8
    endloop
  endfacet
  facet normal 0 0 1
    outer loop
      vertex 10.4528 -99.4522 8
      vertex -41.0424 -112.763 8
      vertex -31.0583 -115.911 8
    endloop
  endfacet
  facet normal 0 0 1
    outer loop
      vertex 10.4528 -99.4522 8
      vertex -66.9131 -74.3145 8
      vertex -41.0424 -112.763 8
    endloop
  endfacet
  facet normal 0 0 1
    outer loop
      vertex -60.963 -22.2678 8
      vertex -65.891 -23.7557 8
      vertex -50.5321 -48.5022 8
    endloop
  endfacet
  facet normal 0 0 1
    outer loop
      vertex -16.1448 -34.388 8
      vertex -33.4565 -37.1572 8
      vertex -15.9444 -34.8716 8
    endloop
  endfacet
  facet normal 0 0 1
    outer loop
      vertex -60.963 -22.2678 8
      vertex -50.5321 -48.5022 8
      vertex -46.6353 -45.1385 8
    endloop
  endfacet
  facet normal 0 0 1
    outer loop
      vertex -16.3022 -33.8888 8
      vertex -33.4565 -37.1572 8
      vertex -16.1448 -34.388 8
    endloop
  endfacet
  facet normal -0 0 1
    outer loop
      vertex -60.963 -22.2678 8
      vertex -46.6353 -45.1385 8
      vertex -55.9277 -21.1976 8
    endloop
  endfacet
  facet normal 0 0 1
    outer loop
      vertex -16.4154 -33.3778 8
      vertex -33.4565 -37.1572 8
      vertex -16.3022 -33.8888 8
    endloop
  endfacet
  facet normal 0 -0 1
    outer loop
      vertex -46.6353 -45.1385 8
      vertex -42.4706 -42.1128 8
      vertex -55.9277 -21.1976 8
    endloop
  endfacet
  facet normal 0 0 1
    outer loop
      vertex -16.4838 -32.8588 8
      vertex -33.4565 -37.1572 8
      vertex -16.4154 -33.3778 8
    endloop
  endfacet
  facet normal 0 0 1
    outer loop
      vertex -42.4706 -42.1128 8
      vertex -50.8205 -20.5524 8
      vertex -55.9277 -21.1976 8
    endloop
  endfacet
  facet normal 0 0 1
    outer loop
      vertex -16.4838 -31.813 8
      vertex -33.4565 -37.1572 8
      vertex -16.5066 -32.3359 8
    endloop
  endfacet
  facet normal 0 0 1
    outer loop
      vertex -45.6773 -20.3368 8
      vertex -50.8205 -20.5524 8
      vertex -42.4706 -42.1128 8
    endloop
  endfacet
  facet normal 0 -0 1
    outer loop
      vertex -42.4706 -42.1128 8
      vertex -38.0674 -39.4461 8
      vertex -45.6773 -20.3368 8
    endloop
  endfacet
  facet normal 0 0 1
    outer loop
      vertex 2.2316 -70.007 8
      vertex 30.5131 -63.0469 8
      vertex 2.33939 -64.8604 8
    endloop
  endfacet
  facet normal 0 0 1
    outer loop
      vertex -15.9444 -29.8002 8
      vertex -33.4565 -37.1572 8
      vertex -16.1448 -30.2838 8
    endloop
  endfacet
  facet normal 0 0 1
    outer loop
      vertex -45.6773 -20.3368 8
      vertex -38.0674 -39.4461 8
      vertex -33.4565 -37.1572 8
    endloop
  endfacet
  facet normal -0 0 1
    outer loop
      vertex -9.46469 -38.2447 8
      vertex 5.22639 -49.7261 8
      vertex -8.95369 -38.1315 8
    endloop
  endfacet
  facet normal 0 0 1
    outer loop
      vertex 26.9275 -53.4056 8
      vertex 2.87749 -59.7408 8
      vertex 28.5182 -58.3014 8
    endloop
  endfacet
  facet normal 0 0 1
    outer loop
      vertex -33.4565 -37.1572 8
      vertex -12.5587 -37.9741 8
      vertex -13.0423 -37.7737 8
    endloop
  endfacet
  facet normal 0 0 1
    outer loop
      vertex -33.4565 -37.1572 8
      vertex 5.22639 -49.7261 8
      vertex -12.5587 -37.9741 8
    endloop
  endfacet
  facet normal 0 0 1
    outer loop
      vertex -12.5587 -37.9741 8
      vertex 5.22639 -49.7261 8
      vertex -12.0595 -38.1315 8
    endloop
  endfacet
  facet normal -0 0 1
    outer loop
      vertex 2.2316 -70.007 8
      vertex 2.55479 -75.1446 8
      vertex 30.5131 -63.0469 8
    endloop
  endfacet
  facet normal -0 0 1
    outer loop
      vertex 2.55479 -75.1446 8
      vertex 3.30679 -80.2371 8
      vertex 32.898 -67.6089 8
    endloop
  endfacet
  facet normal 0 0 1
    outer loop
      vertex 3.30679 -80.2371 8
      vertex 35.6563 -71.9553 8
      vertex 32.898 -67.6089 8
    endloop
  endfacet
  facet normal 0 -0 1
    outer loop
      vertex 4.4823 -85.2489 8
      vertex 35.6563 -71.9553 8
      vertex 3.30679 -80.2371 8
    endloop
  endfacet
  facet normal 0 0 1
    outer loop
      vertex 6.073 -90.1447 8
      vertex 38.7687 -76.0556 8
      vertex 35.6563 -71.9553 8
    endloop
  endfacet
  facet normal 0 -0 1
    outer loop
      vertex 8.06789 -94.8902 8
      vertex 38.7687 -76.0556 8
      vertex 6.073 -90.1447 8
    endloop
  endfacet
  facet normal 0 -0 1
    outer loop
      vertex 10.4528 -99.4522 8
      vertex 38.7687 -76.0556 8
      vertex 8.06789 -94.8902 8
    endloop
  endfacet
  facet normal 0.130485 -0.99145 0
    outer loop
      vertex 20.8378 -118.177 0
      vertex 10.4587 -119.543 8
      vertex 10.4587 -119.543 0
    endloop
  endfacet
  facet normal 0.130485 -0.99145 0
    outer loop
      vertex 20.8378 -118.177 0
      vertex 20.8378 -118.177 8
      vertex 10.4587 -119.543 8
    endloop
  endfacet
  facet normal 0.216455 -0.976293 0
    outer loop
      vertex 31.0583 -115.911 0
      vertex 20.8378 -118.177 8
      vertex 20.8378 -118.177 0
    endloop
  endfacet
  facet normal 0.216455 -0.976293 0
    outer loop
      vertex 31.0583 -115.911 0
      vertex 31.0583 -115.911 8
      vertex 20.8378 -118.177 8
    endloop
  endfacet
  facet normal 0.300708 -0.953716 0
    outer loop
      vertex 41.0424 -112.763 0
      vertex 31.0583 -115.911 8
      vertex 31.0583 -115.911 0
    endloop
  endfacet
  facet normal 0.300708 -0.953716 0
    outer loop
      vertex 41.0424 -112.763 0
      vertex 41.0424 -112.763 8
      vertex 31.0583 -115.911 8
    endloop
  endfacet
  facet normal 0.382668 -0.923886 0
    outer loop
      vertex 50.7142 -108.757 0
      vertex 41.0424 -112.763 8
      vertex 41.0424 -112.763 0
    endloop
  endfacet
  facet normal 0.382668 -0.923886 0
    outer loop
      vertex 50.7142 -108.757 0
      vertex 50.7142 -108.757 8
      vertex 41.0424 -112.763 8
    endloop
  endfacet
  facet normal 0.461758 -0.887006 0
    outer loop
      vertex 60 -103.923 0
      vertex 50.7142 -108.757 8
      vertex 50.7142 -108.757 0
    endloop
  endfacet
  facet normal 0.461758 -0.887006 0
    outer loop
      vertex 60 -103.923 0
      vertex 60 -103.923 8
      vertex 50.7142 -108.757 8
    endloop
  endfacet
  facet normal 0.537298 -0.843392 0
    outer loop
      vertex 68.8292 -98.2982 0
      vertex 60 -103.923 8
      vertex 60 -103.923 0
    endloop
  endfacet
  facet normal 0.537298 -0.843392 0
    outer loop
      vertex 68.8292 -98.2982 0
      vertex 68.8292 -98.2982 8
      vertex 60 -103.923 8
    endloop
  endfacet
  facet normal 0.608763 -0.793352 0
    outer loop
      vertex 77.1345 -91.9253 0
      vertex 68.8292 -98.2982 8
      vertex 68.8292 -98.2982 0
    endloop
  endfacet
  facet normal 0.608763 -0.793352 0
    outer loop
      vertex 77.1345 -91.9253 0
      vertex 77.1345 -91.9253 8
      vertex 68.8292 -98.2982 8
    endloop
  endfacet
  facet normal 0.675589 -0.737278 0
    outer loop
      vertex 84.8528 -84.8528 0
      vertex 77.1345 -91.9253 8
      vertex 77.1345 -91.9253 0
    endloop
  endfacet
  facet normal 0.675589 -0.737278 0
    outer loop
      vertex 84.8528 -84.8528 0
      vertex 84.8528 -84.8528 8
      vertex 77.1345 -91.9253 8
    endloop
  endfacet
  facet normal 0.737278 -0.675589 0
    outer loop
      vertex 91.9253 -77.1345 0
      vertex 84.8528 -84.8528 8
      vertex 84.8528 -84.8528 0
    endloop
  endfacet
  facet normal 0.737278 -0.675589 0
    outer loop
      vertex 91.9253 -77.1345 0
      vertex 91.9253 -77.1345 8
      vertex 84.8528 -84.8528 8
    endloop
  endfacet
  facet normal 0.793352 -0.608763 0
    outer loop
      vertex 98.2982 -68.8292 0
      vertex 91.9253 -77.1345 8
      vertex 91.9253 -77.1345 0
    endloop
  endfacet
  facet normal 0.793352 -0.608763 0
    outer loop
      vertex 98.2982 -68.8292 0
      vertex 98.2982 -68.8292 8
      vertex 91.9253 -77.1345 8
    endloop
  endfacet
  facet normal 0.843392 -0.537298 0
    outer loop
      vertex 103.923 -60 0
      vertex 98.2982 -68.8292 8
      vertex 98.2982 -68.8292 0
    endloop
  endfacet
  facet normal 0.843392 -0.537298 0
    outer loop
      vertex 103.923 -60 0
      vertex 103.923 -60 8
      vertex 98.2982 -68.8292 8
    endloop
  endfacet
  facet normal 0.887006 -0.461758 0
    outer loop
      vertex 108.757 -50.7142 0
      vertex 103.923 -60 8
      vertex 103.923 -60 0
    endloop
  endfacet
  facet normal 0.887006 -0.461758 0
    outer loop
      vertex 108.757 -50.7142 0
      vertex 108.757 -50.7142 8
      vertex 103.923 -60 8
    endloop
  endfacet
  facet normal 0.923886 -0.382668 0
    outer loop
      vertex 112.763 -41.0424 0
      vertex 108.757 -50.7142 8
      vertex 108.757 -50.7142 0
    endloop
  endfacet
  facet normal 0.923886 -0.382668 0
    outer loop
      vertex 112.763 -41.0424 0
      vertex 112.763 -41.0424 8
      vertex 108.757 -50.7142 8
    endloop
  endfacet
  facet normal 0.953716 -0.300708 0
    outer loop
      vertex 115.911 -31.0583 0
      vertex 112.763 -41.0424 8
      vertex 112.763 -41.0424 0
    endloop
  endfacet
  facet normal 0.953716 -0.300708 0
    outer loop
      vertex 115.911 -31.0583 0
      vertex 115.911 -31.0583 8
      vertex 112.763 -41.0424 8
    endloop
  endfacet
  facet normal 0.976293 -0.216455 0
    outer loop
      vertex 118.177 -20.8378 0
      vertex 115.911 -31.0583 8
      vertex 115.911 -31.0583 0
    endloop
  endfacet
  facet normal 0.976293 -0.216455 0
    outer loop
      vertex 118.177 -20.8378 0
      vertex 118.177 -20.8378 8
      vertex 115.911 -31.0583 8
    endloop
  endfacet
  facet normal 0.99145 -0.130485 0
    outer loop
      vertex 119.543 -10.4587 0
      vertex 118.177 -20.8378 8
      vertex 118.177 -20.8378 0
    endloop
  endfacet
  facet normal 0.99145 -0.130485 0
    outer loop
      vertex 119.543 -10.4587 0
      vertex 119.543 -10.4587 8
      vertex 118.177 -20.8378 8
    endloop
  endfacet
  facet normal 0.999047 -0.043654 0
    outer loop
      vertex 120 0 0
      vertex 119.543 -10.4587 8
      vertex 119.543 -10.4587 0
    endloop
  endfacet
  facet normal 0.999047 -0.043654 0
    outer loop
      vertex 120 0 0
      vertex 120 0 8
      vertex 119.543 -10.4587 8
    endloop
  endfacet
  facet normal 0.999047 0.043654 0
    outer loop
      vertex 119.543 10.4587 0
      vertex 120 0 8
      vertex 120 0 0
    endloop
  endfacet
  facet normal 0.999047 0.043654 -0
    outer loop
      vertex 119.543 10.4587 0
      vertex 119.543 10.4587 8
      vertex 120 0 8
    endloop
  endfacet
  facet normal 0.99145 0.130485 0
    outer loop
      vertex 118.177 20.8378 0
      vertex 119.543 10.4587 8
      vertex 119.543 10.4587 0
    endloop
  endfacet
  facet normal 0.99145 0.130485 -0
    outer loop
      vertex 118.177 20.8378 0
      vertex 118.177 20.8378 8
      vertex 119.543 10.4587 8
    endloop
  endfacet
  facet normal 0.976293 0.216455 0
    outer loop
      vertex 115.911 31.0583 0
      vertex 118.177 20.8378 8
      vertex 118.177 20.8378 0
    endloop
  endfacet
  facet normal 0.976293 0.216455 -0
    outer loop
      vertex 115.911 31.0583 0
      vertex 115.911 31.0583 8
      vertex 118.177 20.8378 8
    endloop
  endfacet
  facet normal 0.953716 0.300708 0
    outer loop
      vertex 112.763 41.0424 0
      vertex 115.911 31.0583 8
      vertex 115.911 31.0583 0
    endloop
  endfacet
  facet normal 0.953716 0.300708 -0
    outer loop
      vertex 112.763 41.0424 0
      vertex 112.763 41.0424 8
      vertex 115.911 31.0583 8
    endloop
  endfacet
  facet normal 0.923886 0.382668 0
    outer loop
      vertex 108.757 50.7142 0
      vertex 112.763 41.0424 8
      vertex 112.763 41.0424 0
    endloop
  endfacet
  facet normal 0.923886 0.382668 -0
    outer loop
      vertex 108.757 50.7142 0
      vertex 108.757 50.7142 8
      vertex 112.763 41.0424 8
    endloop
  endfacet
  facet normal 0.887006 0.461758 0
    outer loop
      vertex 103.923 60 0
      vertex 108.757 50.7142 8
      vertex 108.757 50.7142 0
    endloop
  endfacet
  facet normal 0.887006 0.461758 -0
    outer loop
      vertex 103.923 60 0
      vertex 103.923 60 8
      vertex 108.757 50.7142 8
    endloop
  endfacet
  facet normal 0.843392 0.537298 0
    outer loop
      vertex 98.2982 68.8292 0
      vertex 103.923 60 8
      vertex 103.923 60 0
    endloop
  endfacet
  facet normal 0.843392 0.537298 -0
    outer loop
      vertex 98.2982 68.8292 0
      vertex 98.2982 68.8292 8
      vertex 103.923 60 8
    endloop
  endfacet
  facet normal 0.793352 0.608763 0
    outer loop
      vertex 91.9253 77.1345 0
      vertex 98.2982 68.8292 8
      vertex 98.2982 68.8292 0
    endloop
  endfacet
  facet normal 0.793352 0.608763 -0
    outer loop
      vertex 91.9253 77.1345 0
      vertex 91.9253 77.1345 8
      vertex 98.2982 68.8292 8
    endloop
  endfacet
  facet normal 0.737278 0.675589 0
    outer loop
      vertex 84.8528 84.8528 0
      vertex 91.9253 77.1345 8
      vertex 91.9253 77.1345 0
    endloop
  endfacet
  facet normal 0.737278 0.675589 -0
    outer loop
      vertex 84.8528 84.8528 0
      vertex 84.8528 84.8528 8
      vertex 91.9253 77.1345 8
    endloop
  endfacet
  facet normal 0.675589 0.737278 0
    outer loop
      vertex 77.1345 91.9253 0
      vertex 84.8528 84.8528 8
      vertex 84.8528 84.8528 0
    endloop
  endfacet
  facet normal 0.675589 0.737278 -0
    outer loop
      vertex 77.1345 91.9253 0
      vertex 77.1345 91.9253 8
      vertex 84.8528 84.8528 8
    endloop
  endfacet
  facet normal 0.608763 0.793352 0
    outer loop
      vertex 68.8292 98.2982 0
      vertex 77.1345 91.9253 8
      vertex 77.1345 91.9253 0
    endloop
  endfacet
  facet normal 0.608763 0.793352 -0
    outer loop
      vertex 68.8292 98.2982 0
      vertex 68.8292 98.2982 8
      vertex 77.1345 91.9253 8
    endloop
  endfacet
  facet normal 0.537298 0.843392 0
    outer loop
      vertex 60 103.923 0
      vertex 68.8292 98.2982 8
      vertex 68.8292 98.2982 0
    endloop
  endfacet
  facet normal 0.537298 0.843392 -0
    outer loop
      vertex 60 103.923 0
      vertex 60 103.923 8
      vertex 68.8292 98.2982 8
    endloop
  endfacet
  facet normal 0.461758 0.887006 0
    outer loop
      vertex 50.7142 108.757 0
      vertex 60 103.923 8
      vertex 60 103.923 0
    endloop
  endfacet
  facet normal 0.461758 0.887006 -0
    outer loop
      vertex 50.7142 108.757 0
      vertex 50.7142 108.757 8
      vertex 60 103.923 8
    endloop
  endfacet
  facet normal 0.382668 0.923886 0
    outer loop
      vertex 41.0424 112.763 0
      vertex 50.7142 108.757 8
      vertex 50.7142 108.757 0
    endloop
  endfacet
  facet normal 0.382668 0.923886 -0
    outer loop
      vertex 41.0424 112.763 0
      vertex 41.0424 112.763 8
      vertex 50.7142 108.757 8
    endloop
  endfacet
  facet normal 0.300708 0.953716 0
    outer loop
      vertex 31.0583 115.911 0
      vertex 41.0424 112.763 8
      vertex 41.0424 112.763 0
    endloop
  endfacet
  facet normal 0.300708 0.953716 -0
    outer loop
      vertex 31.0583 115.911 0
      vertex 31.0583 115.911 8
      vertex 41.0424 112.763 8
    endloop
  endfacet
  facet normal 0.216455 0.976293 0
    outer loop
      vertex 20.8378 118.177 0
      vertex 31.0583 115.911 8
      vertex 31.0583 115.911 0
    endloop
  endfacet
  facet normal 0.216455 0.976293 -0
    outer loop
      vertex 20.8378 118.177 0
      vertex 20.8378 118.177 8
      vertex 31.0583 115.911 8
    endloop
  endfacet
  facet normal 0.130485 0.99145 0
    outer loop
      vertex 10.4587 119.543 0
      vertex 20.8378 118.177 8
      vertex 20.8378 118.177 0
    endloop
  endfacet
  facet normal 0.130485 0.99145 -0
    outer loop
      vertex 10.4587 119.543 0
      vertex 10.4587 119.543 8
      vertex 20.8378 118.177 8
    endloop
  endfacet
  facet normal 0.043654 0.999047 0
    outer loop
      vertex 0 120 0
      vertex 10.4587 119.543 8
      vertex 10.4587 119.543 0
    endloop
  endfacet
  facet normal 0.043654 0.999047 -0
    outer loop
      vertex 0 120 0
      vertex 0 120 8
      vertex 10.4587 119.543 8
    endloop
  endfacet
  facet normal -0.043654 0.999047 0
    outer loop
      vertex -10.4587 119.543 0
      vertex 0 120 8
      vertex 0 120 0
    endloop
  endfacet
  facet normal -0.043654 0.999047 0
    outer loop
      vertex -10.4587 119.543 0
      vertex -10.4587 119.543 8
      vertex 0 120 8
    endloop
  endfacet
  facet normal -0.130485 0.99145 0
    outer loop
      vertex -20.8378 118.177 0
      vertex -10.4587 119.543 8
      vertex -10.4587 119.543 0
    endloop
  endfacet
  facet normal -0.130485 0.99145 0
    outer loop
      vertex -20.8378 118.177 0
      vertex -20.8378 118.177 8
      vertex -10.4587 119.543 8
    endloop
  endfacet
  facet normal -0.216455 0.976293 0
    outer loop
      vertex -31.0583 115.911 0
      vertex -20.8378 118.177 8
      vertex -20.8378 118.177 0
    endloop
  endfacet
  facet normal -0.216455 0.976293 0
    outer loop
      vertex -31.0583 115.911 0
      vertex -31.0583 115.911 8
      vertex -20.8378 118.177 8
    endloop
  endfacet
  facet normal -0.300708 0.953716 0
    outer loop
      vertex -41.0424 112.763 0
      vertex -31.0583 115.911 8
      vertex -31.0583 115.911 0
    endloop
  endfacet
  facet normal -0.300708 0.953716 0
    outer loop
      vertex -41.0424 112.763 0
      vertex -41.0424 112.763 8
      vertex -31.0583 115.911 8
    endloop
  endfacet
  facet normal -0.382668 0.923886 0
    outer loop
      vertex -50.7142 108.757 0
      vertex -41.0424 112.763 8
      vertex -41.0424 112.763 0
    endloop
  endfacet
  facet normal -0.382668 0.923886 0
    outer loop
      vertex -50.7142 108.757 0
      vertex -50.7142 108.757 8
      vertex -41.0424 112.763 8
    endloop
  endfacet
  facet normal -0.461758 0.887006 0
    outer loop
      vertex -60 103.923 0
      vertex -50.7142 108.757 8
      vertex -50.7142 108.757 0
    endloop
  endfacet
  facet normal -0.461758 0.887006 0
    outer loop
      vertex -60 103.923 0
      vertex -60 103.923 8
      vertex -50.7142 108.757 8
    endloop
  endfacet
  facet normal -0.537298 0.843392 0
    outer loop
      vertex -68.8292 98.2982 0
      vertex -60 103.923 8
      vertex -60 103.923 0
    endloop
  endfacet
  facet normal -0.537298 0.843392 0
    outer loop
      vertex -68.8292 98.2982 0
      vertex -68.8292 98.2982 8
      vertex -60 103.923 8
    endloop
  endfacet
  facet normal -0.608763 0.793352 0
    outer loop
      vertex -77.1345 91.9253 0
      vertex -68.8292 98.2982 8
      vertex -68.8292 98.2982 0
    endloop
  endfacet
  facet normal -0.608763 0.793352 0
    outer loop
      vertex -77.1345 91.9253 0
      vertex -77.1345 91.9253 8
      vertex -68.8292 98.2982 8
    endloop
  endfacet
  facet normal -0.675589 0.737278 0
    outer loop
      vertex -84.8528 84.8528 0
      vertex -77.1345 91.9253 8
      vertex -77.1345 91.9253 0
    endloop
  endfacet
  facet normal -0.675589 0.737278 0
    outer loop
      vertex -84.8528 84.8528 0
      vertex -84.8528 84.8528 8
      vertex -77.1345 91.9253 8
    endloop
  endfacet
  facet normal -0.737278 0.675589 0
    outer loop
      vertex -91.9253 77.1345 0
      vertex -84.8528 84.8528 8
      vertex -84.8528 84.8528 0
    endloop
  endfacet
  facet normal -0.737278 0.675589 0
    outer loop
      vertex -91.9253 77.1345 0
      vertex -91.9253 77.1345 8
      vertex -84.8528 84.8528 8
    endloop
  endfacet
  facet normal -0.793352 0.608763 0
    outer loop
      vertex -98.2982 68.8292 0
      vertex -91.9253 77.1345 8
      vertex -91.9253 77.1345 0
    endloop
  endfacet
  facet normal -0.793352 0.608763 0
    outer loop
      vertex -98.2982 68.8292 0
      vertex -98.2982 68.8292 8
      vertex -91.9253 77.1345 8
    endloop
  endfacet
  facet normal -0.843392 0.537298 0
    outer loop
      vertex -103.923 60 0
      vertex -98.2982 68.8292 8
      vertex -98.2982 68.8292 0
    endloop
  endfacet
  facet normal -0.843392 0.537298 0
    outer loop
      vertex -103.923 60 0
      vertex -103.923 60 8
      vertex -98.2982 68.8292 8
    endloop
  endfacet
  facet normal -0.887006 0.461758 0
    outer loop
      vertex -108.757 50.7142 0
      vertex -103.923 60 8
      vertex -103.923 60 0
    endloop
  endfacet
  facet normal -0.887006 0.461758 0
    outer loop
      vertex -108.757 50.7142 0
      vertex -108.757 50.7142 8
      vertex -103.923 60 8
    endloop
  endfacet
  facet normal -0.923886 0.382668 0
    outer loop
      vertex -112.763 41.0424 0
      vertex -108.757 50.7142 8
      vertex -108.757 50.7142 0
    endloop
  endfacet
  facet normal -0.923886 0.382668 0
    outer loop
      vertex -112.763 41.0424 0
      vertex -112.763 41.0424 8
      vertex -108.757 50.7142 8
    endloop
  endfacet
  facet normal -0.953716 0.300708 0
    outer loop
      vertex -115.911 31.0583 0
      vertex -112.763 41.0424 8
      vertex -112.763 41.0424 0
    endloop
  endfacet
  facet normal -0.953716 0.300708 0
    outer loop
      vertex -115.911 31.0583 0
      vertex -115.911 31.0583 8
      vertex -112.763 41.0424 8
    endloop
  endfacet
  facet normal -0.976293 0.216455 0
    outer loop
      vertex -118.177 20.8378 0
      vertex -115.911 31.0583 8
      vertex -115.911 31.0583 0
    endloop
  endfacet
  facet normal -0.976293 0.216455 0
    outer loop
      vertex -118.177 20.8378 0
      vertex -118.177 20.8378 8
      vertex -115.911 31.0583 8
    endloop
  endfacet
  facet normal -0.99145 0.130485 0
    outer loop
      vertex -119.543 10.4587 0
      vertex -118.177 20.8378 8
      vertex -118.177 20.8378 0
    endloop
  endfacet
  facet normal -0.99145 0.130485 0
    outer loop
      vertex -119.543 10.4587 0
      vertex -119.543 10.4587 8
      vertex -118.177 20.8378 8
    endloop
  endfacet
  facet normal -0.999047 0.043654 0
    outer loop
      vertex -120 0 0
      vertex -119.543 10.4587 8
      vertex -119.543 10.4587 0
    endloop
  endfacet
  facet normal -0.999047 0.043654 0
    outer loop
      vertex -120 0 0
      vertex -120 0 8
      vertex -119.543 10.4587 8
    endloop
  endfacet
  facet normal -0.999047 -0.043654 0
    outer loop
      vertex -119.543 -10.4587 0
      vertex -120 0 8
      vertex -120 0 0
    endloop
  endfacet
  facet normal -0.999047 -0.043654 0
    outer loop
      vertex -119.543 -10.4587 0
      vertex -119.543 -10.4587 8
      vertex -120 0 8
    endloop
  endfacet
  facet normal -0.99145 -0.130485 0
    outer loop
      vertex -118.177 -20.8378 0
      vertex -119.543 -10.4587 8
      vertex -119.543 -10.4587 0
    endloop
  endfacet
  facet normal -0.99145 -0.130485 0
    outer loop
      vertex -118.177 -20.8378 0
      vertex -118.177 -20.8378 8
      vertex -119.543 -10.4587 8
    endloop
  endfacet
  facet normal -0.976293 -0.216455 0
    outer loop
      vertex -115.911 -31.0583 0
      vertex -118.177 -20.8378 8
      vertex -118.177 -20.8378 0
    endloop
  endfacet
  facet normal -0.976293 -0.216455 0
    outer loop
      vertex -115.911 -31.0583 0
      vertex -115.911 -31.0583 8
      vertex -118.177 -20.8378 8
    endloop
  endfacet
  facet normal -0.953716 -0.300708 0
    outer loop
      vertex -112.763 -41.0424 0
      vertex -115.911 -31.0583 8
      vertex -115.911 -31.0583 0
    endloop
  endfacet
  facet normal -0.953716 -0.300708 0
    outer loop
      vertex -112.763 -41.0424 0
      vertex -112.763 -41.0424 8
      vertex -115.911 -31.0583 8
    endloop
  endfacet
  facet normal -0.923886 -0.382668 0
    outer loop
      vertex -108.757 -50.7142 0
      vertex -112.763 -41.0424 8
      vertex -112.763 -41.0424 0
    endloop
  endfacet
  facet normal -0.923886 -0.382668 0
    outer loop
      vertex -108.757 -50.7142 0
      vertex -108.757 -50.7142 8
      vertex -112.763 -41.0424 8
    endloop
  endfacet
  facet normal -0.887006 -0.461758 0
    outer loop
      vertex -103.923 -60 0
      vertex -108.757 -50.7142 8
      vertex -108.757 -50.7142 0
    endloop
  endfacet
  facet normal -0.887006 -0.461758 0
    outer loop
      vertex -103.923 -60 0
      vertex -103.923 -60 8
      vertex -108.757 -50.7142 8
    endloop
  endfacet
  facet normal -0.843392 -0.537298 0
    outer loop
      vertex -98.2982 -68.8292 0
      vertex -103.923 -60 8
      vertex -103.923 -60 0
    endloop
  endfacet
  facet normal -0.843392 -0.537298 0
    outer loop
      vertex -98.2982 -68.8292 0
      vertex -98.2982 -68.8292 8
      vertex -103.923 -60 8
    endloop
  endfacet
  facet normal -0.793352 -0.608763 0
    outer loop
      vertex -91.9253 -77.1345 0
      vertex -98.2982 -68.8292 8
      vertex -98.2982 -68.8292 0
    endloop
  endfacet
  facet normal -0.793352 -0.608763 0
    outer loop
      vertex -91.9253 -77.1345 0
      vertex -91.9253 -77.1345 8
      vertex -98.2982 -68.8292 8
    endloop
  endfacet
  facet normal -0.737278 -0.675589 0
    outer loop
      vertex -84.8528 -84.8528 0
      vertex -91.9253 -77.1345 8
      vertex -91.9253 -77.1345 0
    endloop
  endfacet
  facet normal -0.737278 -0.675589 0
    outer loop
      vertex -84.8528 -84.8528 0
      vertex -84.8528 -84.8528 8
      vertex -91.9253 -77.1345 8
    endloop
  endfacet
  facet normal -0.675589 -0.737278 0
    outer loop
      vertex -77.1345 -91.9253 0
      vertex -84.8528 -84.8528 8
      vertex -84.8528 -84.8528 0
    endloop
  endfacet
  facet normal -0.675589 -0.737278 0
    outer loop
      vertex -77.1345 -91.9253 0
      vertex -77.1345 -91.9253 8
      vertex -84.8528 -84.8528 8
    endloop
  endfacet
  facet normal -0.608763 -0.793352 0
    outer loop
      vertex -68.8292 -98.2982 0
      vertex -77.1345 -91.9253 8
      vertex -77.1345 -91.9253 0
    endloop
  endfacet
  facet normal -0.608763 -0.793352 0
    outer loop
      vertex -68.8292 -98.2982 0
      vertex -68.8292 -98.2982 8
      vertex -77.1345 -91.9253 8
    endloop
  endfacet
  facet normal -0.537298 -0.843392 0
    outer loop
      vertex -60 -103.923 0
      vertex -68.8292 -98.2982 8
      vertex -68.8292 -98.2982 0
    endloop
  endfacet
  facet normal -0.537298 -0.843392 0
    outer loop
      vertex -60 -103.923 0
      vertex -60 -103.923 8
      vertex -68.8292 -98.2982 8
    endloop
  endfacet
  facet normal -0.461758 -0.887006 0
    outer loop
      vertex -50.7142 -108.757 0
      vertex -60 -103.923 8
      vertex -60 -103.923 0
    endloop
  endfacet
  facet normal -0.461758 -0.887006 0
    outer loop
      vertex -50.7142 -108.757 0
      vertex -50.7142 -108.757 8
      vertex -60 -103.923 8
    endloop
  endfacet
  facet normal -0.382668 -0.923886 0
    outer loop
      vertex -41.0424 -112.763 0
      vertex -50.7142 -108.757 8
      vertex -50.7142 -108.757 0
    endloop
  endfacet
  facet normal -0.382668 -0.923886 0
    outer loop
      vertex -41.0424 -112.763 0
      vertex -41.0424 -112.763 8
      vertex -50.7142 -108.757 8
    endloop
  endfacet
  facet normal -0.300708 -0.953716 0
    outer loop
      vertex -31.0583 -115.911 0
      vertex -41.0424 -112.763 8
      vertex -41.0424 -112.763 0
    endloop
  endfacet
  facet normal -0.300708 -0.953716 0
    outer loop
      vertex -31.0583 -115.911 0
      vertex -31.0583 -115.911 8
      vertex -41.0424 -112.763 8
    endloop
  endfacet
  facet normal -0.216455 -0.976293 0
    outer loop
      vertex -20.8378 -118.177 0
      vertex -31.0583 -115.911 8
      vertex -31.0583 -115.911 0
    endloop
  endfacet
  facet normal -0.216455 -0.976293 0
    outer loop
      vertex -20.8378 -118.177 0
      vertex -20.8378 -118.177 8
      vertex -31.0583 -115.911 8
    endloop
  endfacet
  facet normal -0.130485 -0.99145 0
    outer loop
      vertex -10.4587 -119.543 0
      vertex -20.8378 -118.177 8
      vertex -20.8378 -118.177 0
    endloop
  endfacet
  facet normal -0.130485 -0.99145 0
    outer loop
      vertex -10.4587 -119.543 0
      vertex -10.4587 -119.543 8
      vertex -20.8378 -118.177 8
    endloop
  endfacet
  facet normal -0.043654 -0.999047 0
    outer loop
      vertex 0 -120 0
      vertex -10.4587 -119.543 8
      vertex -10.4587 -119.543 0
    endloop
  endfacet
  facet normal -0.043654 -0.999047 0
    outer loop
      vertex 0 -120 0
      vertex 0 -120 8
      vertex -10.4587 -119.543 8
    endloop
  endfacet
  facet normal 0.043654 -0.999047 0
    outer loop
      vertex 10.4587 -119.543 0
      vertex 0 -120 8
      vertex 0 -120 0
    endloop
  endfacet
  facet normal 0.043654 -0.999047 0
    outer loop
      vertex 10.4587 -119.543 0
      vertex 10.4587 -119.543 8
      vertex 0 -120 8
    endloop
  endfacet
  facet normal 0.90483 0.425773 -0
    outer loop
      vertex -37.4427 46.64 0
      vertex -37.4427 46.64 8
      vertex -35.2509 41.9821 0
    endloop
  endfacet
  facet normal 0.90483 0.425773 0
    outer loop
      vertex -35.2509 41.9821 8
      vertex -35.2509 41.9821 0
      vertex -37.4427 46.64 8
    endloop
  endfacet
  facet normal 0.866024 0.500002 -0
    outer loop
      vertex -40.0166 51.0981 0
      vertex -40.0166 51.0981 8
      vertex -37.4427 46.64 0
    endloop
  endfacet
  facet normal 0.866024 0.500002 0
    outer loop
      vertex -37.4427 46.64 8
      vertex -37.4427 46.64 0
      vertex -40.0166 51.0981 8
    endloop
  endfacet
  facet normal 0.821144 0.570721 -0
    outer loop
      vertex -42.9545 55.3251 0
      vertex -42.9545 55.3251 8
      vertex -40.0166 51.0981 0
    endloop
  endfacet
  facet normal 0.821144 0.570721 0
    outer loop
      vertex -40.0166 51.0981 8
      vertex -40.0166 51.0981 0
      vertex -42.9545 55.3251 8
    endloop
  endfacet
  facet normal 0.77052 0.637415 -0
    outer loop
      vertex -46.2358 59.2916 0
      vertex -46.2358 59.2916 8
      vertex -42.9545 55.3251 0
    endloop
  endfacet
  facet normal 0.77052 0.637415 0
    outer loop
      vertex -42.9545 55.3251 8
      vertex -42.9545 55.3251 0
      vertex -46.2358 59.2916 8
    endloop
  endfacet
  facet normal 0.714469 0.699667 -0
    outer loop
      vertex -49.8375 62.9695 0
      vertex -49.8375 62.9695 8
      vertex -46.2358 59.2916 0
    endloop
  endfacet
  facet normal 0.714469 0.699667 0
    outer loop
      vertex -46.2358 59.2916 8
      vertex -46.2358 59.2916 0
      vertex -49.8375 62.9695 8
    endloop
  endfacet
  facet normal 0.653429 0.756988 -0
    outer loop
      vertex -53.7343 66.3332 0
      vertex -53.7343 66.3332 8
      vertex -49.8375 62.9695 0
    endloop
  endfacet
  facet normal 0.653429 0.756988 0
    outer loop
      vertex -49.8375 62.9695 8
      vertex -49.8375 62.9695 0
      vertex -53.7343 66.3332 8
    endloop
  endfacet
  facet normal 0.587769 0.809029 -0
    outer loop
      vertex -57.899 69.3589 0
      vertex -57.899 69.3589 8
      vertex -53.7343 66.3332 0
    endloop
  endfacet
  facet normal 0.587769 0.809029 0
    outer loop
      vertex -53.7343 66.3332 8
      vertex -53.7343 66.3332 0
      vertex -57.899 69.3589 8
    endloop
  endfacet
  facet normal 0.518031 0.855362 -0
    outer loop
      vertex -62.3022 72.0256 0
      vertex -62.3022 72.0256 8
      vertex -57.899 69.3589 0
    endloop
  endfacet
  facet normal 0.518031 0.855362 0
    outer loop
      vertex -57.899 69.3589 8
      vertex -57.899 69.3589 0
      vertex -62.3022 72.0256 8
    endloop
  endfacet
  facet normal 0.44464 0.895709 -0
    outer loop
      vertex -66.9131 74.3145 0
      vertex -66.9131 74.3145 8
      vertex -62.3022 72.0256 0
    endloop
  endfacet
  facet normal 0.44464 0.895709 0
    outer loop
      vertex -62.3022 72.0256 8
      vertex -62.3022 72.0256 0
      vertex -66.9131 74.3145 8
    endloop
  endfacet
  facet normal 0.309017 -0.951057 0
    outer loop
      vertex 10.4528 99.4522 0
      vertex 10.4528 99.4522 8
      vertex -66.9131 74.3145 0
    endloop
  endfacet
  facet normal 0.309017 -0.951057 0
    outer loop
      vertex -66.9131 74.3145 8
      vertex -66.9131 74.3145 0
      vertex 10.4528 99.4522 8
    endloop
  endfacet
  facet normal -0.963164 -0.268915 0
    outer loop
      vertex 11.8371 94.4941 0
      vertex 11.8371 94.4941 8
      vertex 10.4528 99.4522 0
    endloop
  endfacet
  facet normal -0.963164 -0.268915 -0
    outer loop
      vertex 10.4528 99.4522 8
      vertex 10.4528 99.4522 0
      vertex 11.8371 94.4941 8
    endloop
  endfacet
  facet normal -0.982287 -0.187382 0
    outer loop
      vertex 12.8017 89.4375 0
      vertex 12.8017 89.4375 8
      vertex 11.8371 94.4941 0
    endloop
  endfacet
  facet normal -0.982287 -0.187382 -0
    outer loop
      vertex 11.8371 94.4941 8
      vertex 11.8371 94.4941 0
      vertex 12.8017 89.4375 8
    endloop
  endfacet
  facet normal -0.994522 -0.10453 0
    outer loop
      vertex 13.3398 84.3179 0
      vertex 13.3398 84.3179 8
      vertex 12.8017 89.4375 0
    endloop
  endfacet
  facet normal -0.994522 -0.10453 -0
    outer loop
      vertex 12.8017 89.4375 8
      vertex 12.8017 89.4375 0
      vertex 13.3398 84.3179 8
    endloop
  endfacet
  facet normal -0.999781 -0.0209413 0
    outer loop
      vertex 13.4476 79.1713 0
      vertex 13.4476 79.1713 8
      vertex 13.3398 84.3179 0
    endloop
  endfacet
  facet normal -0.999781 -0.0209413 -0
    outer loop
      vertex 13.3398 84.3179 8
      vertex 13.3398 84.3179 0
      vertex 13.4476 79.1713 8
    endloop
  endfacet
  facet normal -0.998027 0.0627846 0
    outer loop
      vertex 13.1244 74.0337 0
      vertex 13.1244 74.0337 8
      vertex 13.4476 79.1713 0
    endloop
  endfacet
  facet normal -0.998027 0.0627846 0
    outer loop
      vertex 13.4476 79.1713 8
      vertex 13.4476 79.1713 0
      vertex 13.1244 74.0337 8
    endloop
  endfacet
  facet normal -0.989272 0.146084 0
    outer loop
      vertex 12.3724 68.9412 0
      vertex 12.3724 68.9412 8
      vertex 13.1244 74.0337 0
    endloop
  endfacet
  facet normal -0.989272 0.146084 0
    outer loop
      vertex 13.1244 74.0337 8
      vertex 13.1244 74.0337 0
      vertex 12.3724 68.9412 8
    endloop
  endfacet
  facet normal -0.973579 0.22835 0
    outer loop
      vertex 11.1969 63.9294 0
      vertex 11.1969 63.9294 8
      vertex 12.3724 68.9412 0
    endloop
  endfacet
  facet normal -0.973579 0.22835 0
    outer loop
      vertex 12.3724 68.9412 8
      vertex 12.3724 68.9412 0
      vertex 11.1969 63.9294 8
    endloop
  endfacet
  facet normal -0.951058 0.309011 0
    outer loop
      vertex 9.60619 59.0336 0
      vertex 9.60619 59.0336 8
      vertex 11.1969 63.9294 0
    endloop
  endfacet
  facet normal -0.951058 0.309011 0
    outer loop
      vertex 11.1969 63.9294 8
      vertex 11.1969 63.9294 0
      vertex 9.60619 59.0336 8
    endloop
  endfacet
  facet normal -0.921859 0.387526 0
    outer loop
      vertex 7.6113 54.2881 0
      vertex 7.6113 54.2881 8
      vertex 9.60619 59.0336 0
    endloop
  endfacet
  facet normal -0.921859 0.387526 0
    outer loop
      vertex 9.60619 59.0336 8
      vertex 9.60619 59.0336 0
      vertex 7.6113 54.2881 8
    endloop
  endfacet
  facet normal -0.886207 0.463289 0
    outer loop
      vertex 5.22639 49.7261 0
      vertex 5.22639 49.7261 8
      vertex 7.6113 54.2881 0
    endloop
  endfacet
  facet normal -0.886207 0.463289 0
    outer loop
      vertex 7.6113 54.2881 8
      vertex 7.6113 54.2881 0
      vertex 5.22639 49.7261 8
    endloop
  endfacet
  facet normal -0.309018 0.951056 0
    outer loop
      vertex -33.4565 37.1572 0
      vertex -33.4565 37.1572 8
      vertex 5.22639 49.7261 0
    endloop
  endfacet
  facet normal -0.309018 0.951056 0
    outer loop
      vertex 5.22639 49.7261 8
      vertex 5.22639 49.7261 0
      vertex -33.4565 37.1572 8
    endloop
  endfacet
  facet normal 0.93728 0.348578 -0
    outer loop
      vertex -35.2509 41.9821 0
      vertex -35.2509 41.9821 8
      vertex -33.4565 37.1572 0
    endloop
  endfacet
  facet normal 0.93728 0.348578 0
    outer loop
      vertex -33.4565 37.1572 8
      vertex -33.4565 37.1572 0
      vertex -35.2509 41.9821 8
    endloop
  endfacet
  facet normal 0.0836657 0.996494 -0
    outer loop
      vertex 53.9831 9.53709 0
      vertex 53.9831 9.53709 8
      vertex 59.1128 9.1064 0
    endloop
  endfacet
  facet normal 0.0836657 0.996494 0
    outer loop
      vertex 59.1128 9.1064 8
      vertex 59.1128 9.1064 0
      vertex 53.9831 9.53709 8
    endloop
  endfacet
  facet normal 0.166772 0.985995 -0
    outer loop
      vertex 48.9074 10.3956 0
      vertex 48.9074 10.3956 8
      vertex 53.9831 9.53709 0
    endloop
  endfacet
  facet normal 0.166772 0.985995 0
    outer loop
      vertex 53.9831 9.53709 8
      vertex 53.9831 9.53709 0
      vertex 48.9074 10.3956 8
    endloop
  endfacet
  facet normal 0.809017 0.587785 -0
    outer loop
      vertex 25 43.3013 0
      vertex 25 43.3013 8
      vertex 48.9074 10.3956 0
    endloop
  endfacet
  facet normal 0.809017 0.587785 0
    outer loop
      vertex 48.9074 10.3956 8
      vertex 48.9074 10.3956 0
      vertex 25 43.3013 8
    endloop
  endfacet
  facet normal 0.621142 -0.783698 0
    outer loop
      vertex 29.0343 46.4988 0
      vertex 29.0343 46.4988 8
      vertex 25 43.3013 0
    endloop
  endfacet
  facet normal 0.621142 -0.783698 0
    outer loop
      vertex 25 43.3013 8
      vertex 25 43.3013 0
      vertex 29.0343 46.4988 8
    endloop
  endfacet
  facet normal 0.684554 -0.728962 0
    outer loop
      vertex 32.7868 50.0227 0
      vertex 32.7868 50.0227 8
      vertex 29.0343 46.4988 0
    endloop
  endfacet
  facet normal 0.684554 -0.728962 0
    outer loop
      vertex 29.0343 46.4988 8
      vertex 29.0343 46.4988 0
      vertex 32.7868 50.0227 8
    endloop
  endfacet
  facet normal 0.743144 -0.669131 0
    outer loop
      vertex 36.2313 53.8482 0
      vertex 36.2313 53.8482 8
      vertex 32.7868 50.0227 0
    endloop
  endfacet
  facet normal 0.743144 -0.669131 0
    outer loop
      vertex 32.7868 50.0227 8
      vertex 32.7868 50.0227 0
      vertex 36.2313 53.8482 8
    endloop
  endfacet
  facet normal 0.79652 -0.604612 0
    outer loop
      vertex 39.3437 57.9485 0
      vertex 39.3437 57.9485 8
      vertex 36.2313 53.8482 0
    endloop
  endfacet
  facet normal 0.79652 -0.604612 0
    outer loop
      vertex 36.2313 53.8482 8
      vertex 36.2313 53.8482 0
      vertex 39.3437 57.9485 8
    endloop
  endfacet
  facet normal 0.844329 -0.535826 0
    outer loop
      vertex 42.102 62.2949 0
      vertex 42.102 62.2949 8
      vertex 39.3437 57.9485 0
    endloop
  endfacet
  facet normal 0.844329 -0.535826 0
    outer loop
      vertex 39.3437 57.9485 8
      vertex 39.3437 57.9485 0
      vertex 42.102 62.2949 8
    endloop
  endfacet
  facet normal 0.886208 -0.463287 0
    outer loop
      vertex 44.4869 66.8569 0
      vertex 44.4869 66.8569 8
      vertex 42.102 62.2949 0
    endloop
  endfacet
  facet normal 0.886208 -0.463287 0
    outer loop
      vertex 42.102 62.2949 8
      vertex 42.102 62.2949 0
      vertex 44.4869 66.8569 8
    endloop
  endfacet
  facet normal 0.921858 -0.387528 0
    outer loop
      vertex 46.4818 71.6024 0
      vertex 46.4818 71.6024 8
      vertex 44.4869 66.8569 0
    endloop
  endfacet
  facet normal 0.921858 -0.387528 0
    outer loop
      vertex 44.4869 66.8569 8
      vertex 44.4869 66.8569 0
      vertex 46.4818 71.6024 8
    endloop
  endfacet
  facet normal 0.951059 -0.30901 0
    outer loop
      vertex 48.0725 76.4982 0
      vertex 48.0725 76.4982 8
      vertex 46.4818 71.6024 0
    endloop
  endfacet
  facet normal 0.951059 -0.30901 0
    outer loop
      vertex 46.4818 71.6024 8
      vertex 46.4818 71.6024 0
      vertex 48.0725 76.4982 8
    endloop
  endfacet
  facet normal 0.973579 -0.22835 0
    outer loop
      vertex 49.248 81.51 0
      vertex 49.248 81.51 8
      vertex 48.0725 76.4982 0
    endloop
  endfacet
  facet normal 0.973579 -0.22835 0
    outer loop
      vertex 48.0725 76.4982 8
      vertex 48.0725 76.4982 0
      vertex 49.248 81.51 8
    endloop
  endfacet
  facet normal 0.989272 -0.146084 0
    outer loop
      vertex 50 86.6025 0
      vertex 50 86.6025 8
      vertex 49.248 81.51 0
    endloop
  endfacet
  facet normal 0.989272 -0.146084 0
    outer loop
      vertex 49.248 81.51 8
      vertex 49.248 81.51 0
      vertex 50 86.6025 8
    endloop
  endfacet
  facet normal -0.809016 -0.587786 0
    outer loop
      vertex 97.8148 20.7912 0
      vertex 97.8148 20.7912 8
      vertex 50 86.6025 0
    endloop
  endfacet
  facet normal -0.809016 -0.587786 -0
    outer loop
      vertex 50 86.6025 8
      vertex 50 86.6025 0
      vertex 97.8148 20.7912 8
    endloop
  endfacet
  facet normal -0.553386 0.832925 0
    outer loop
      vertex 93.5271 17.9425 0
      vertex 93.5271 17.9425 8
      vertex 97.8148 20.7912 0
    endloop
  endfacet
  facet normal -0.553386 0.832925 0
    outer loop
      vertex 97.8148 20.7912 8
      vertex 97.8148 20.7912 0
      vertex 93.5271 17.9425 8
    endloop
  endfacet
  facet normal -0.481762 0.876302 0
    outer loop
      vertex 89.0161 15.4625 0
      vertex 89.0161 15.4625 8
      vertex 93.5271 17.9425 0
    endloop
  endfacet
  facet normal -0.481762 0.876302 0
    outer loop
      vertex 93.5271 17.9425 8
      vertex 93.5271 17.9425 0
      vertex 89.0161 15.4625 8
    endloop
  endfacet
  facet normal -0.40674 0.913544 0
    outer loop
      vertex 84.3134 13.3687 0
      vertex 84.3134 13.3687 8
      vertex 89.0161 15.4625 0
    endloop
  endfacet
  facet normal -0.40674 0.913544 0
    outer loop
      vertex 89.0161 15.4625 8
      vertex 89.0161 15.4625 0
      vertex 84.3134 13.3687 8
    endloop
  endfacet
  facet normal -0.328863 0.944377 0
    outer loop
      vertex 79.452 11.6758 0
      vertex 79.452 11.6758 8
      vertex 84.3134 13.3687 0
    endloop
  endfacet
  facet normal -0.328863 0.944377 0
    outer loop
      vertex 84.3134 13.3687 8
      vertex 84.3134 13.3687 0
      vertex 79.452 11.6758 8
    endloop
  endfacet
  facet normal -0.248688 0.968584 0
    outer loop
      vertex 74.4659 10.3956 0
      vertex 74.4659 10.3956 8
      vertex 79.452 11.6758 0
    endloop
  endfacet
  facet normal -0.248688 0.968584 0
    outer loop
      vertex 79.452 11.6758 8
      vertex 79.452 11.6758 0
      vertex 74.4659 10.3956 8
    endloop
  endfacet
  facet normal -0.166776 0.985995 0
    outer loop
      vertex 69.3903 9.53709 0
      vertex 69.3903 9.53709 8
      vertex 74.4659 10.3956 0
    endloop
  endfacet
  facet normal -0.166776 0.985995 0
    outer loop
      vertex 74.4659 10.3956 8
      vertex 74.4659 10.3956 0
      vertex 69.3903 9.53709 8
    endloop
  endfacet
  facet normal -0.0836641 0.996494 0
    outer loop
      vertex 64.2605 9.1064 0
      vertex 64.2605 9.1064 8
      vertex 69.3903 9.53709 0
    endloop
  endfacet
  facet normal -0.0836641 0.996494 0
    outer loop
      vertex 69.3903 9.53709 8
      vertex 69.3903 9.53709 0
      vertex 64.2605 9.1064 8
    endloop
  endfacet
  facet normal 0 1 0
    outer loop
      vertex 59.1128 9.1064 0
      vertex 59.1128 9.1064 8
      vertex 64.2605 9.1064 0
    endloop
  endfacet
  facet normal 0 1 0
    outer loop
      vertex 64.2605 9.1064 8
      vertex 64.2605 9.1064 0
      vertex 59.1128 9.1064 8
    endloop
  endfacet
  facet normal -0.0418826 -0.999123 0
    outer loop
      vertex -86.2113 40.4581 0
      vertex -86.2113 40.4581 8
      vertex -91.3545 40.6737 0
    endloop
  endfacet
  facet normal -0.0418826 -0.999123 -0
    outer loop
      vertex -91.3545 40.6737 8
      vertex -91.3545 40.6737 0
      vertex -86.2113 40.4581 8
    endloop
  endfacet
  facet normal -0.125335 -0.992114 0
    outer loop
      vertex -81.1041 39.8129 0
      vertex -81.1041 39.8129 8
      vertex -86.2113 40.4581 0
    endloop
  endfacet
  facet normal -0.125335 -0.992114 -0
    outer loop
      vertex -86.2113 40.4581 8
      vertex -86.2113 40.4581 0
      vertex -81.1041 39.8129 8
    endloop
  endfacet
  facet normal -0.207896 -0.978151 0
    outer loop
      vertex -76.0688 38.7427 0
      vertex -76.0688 38.7427 8
      vertex -81.1041 39.8129 0
    endloop
  endfacet
  facet normal -0.207896 -0.978151 -0
    outer loop
      vertex -81.1041 39.8129 8
      vertex -81.1041 39.8129 0
      vertex -76.0688 38.7427 8
    endloop
  endfacet
  facet normal -0.289041 -0.957317 0
    outer loop
      vertex -71.1408 37.2548 0
      vertex -71.1408 37.2548 8
      vertex -76.0688 38.7427 0
    endloop
  endfacet
  facet normal -0.289041 -0.957317 -0
    outer loop
      vertex -76.0688 38.7427 8
      vertex -76.0688 38.7427 0
      vertex -71.1408 37.2548 8
    endloop
  endfacet
  facet normal -0.368119 -0.929778 0
    outer loop
      vertex -66.3545 35.3598 0
      vertex -66.3545 35.3598 8
      vertex -71.1408 37.2548 0
    endloop
  endfacet
  facet normal -0.368119 -0.929778 -0
    outer loop
      vertex -71.1408 37.2548 8
      vertex -71.1408 37.2548 0
      vertex -66.3545 35.3598 8
    endloop
  endfacet
  facet normal -0.44464 -0.895709 0
    outer loop
      vertex -61.7436 33.0709 0
      vertex -61.7436 33.0709 8
      vertex -66.3545 35.3598 0
    endloop
  endfacet
  facet normal -0.44464 -0.895709 -0
    outer loop
      vertex -66.3545 35.3598 8
      vertex -66.3545 35.3598 0
      vertex -61.7436 33.0709 8
    endloop
  endfacet
  facet normal -0.518031 -0.855362 0
    outer loop
      vertex -57.3404 30.4042 0
      vertex -57.3404 30.4042 8
      vertex -61.7436 33.0709 0
    endloop
  endfacet
  facet normal -0.518031 -0.855362 -0
    outer loop
      vertex -61.7436 33.0709 8
      vertex -61.7436 33.0709 0
      vertex -57.3404 30.4042 8
    endloop
  endfacet
  facet normal -0.58779 -0.809013 0
    outer loop
      vertex -53.1758 27.3784 0
      vertex -53.1758 27.3784 8
      vertex -57.3404 30.4042 0
    endloop
  endfacet
  facet normal -0.58779 -0.809013 -0
    outer loop
      vertex -57.3404 30.4042 8
      vertex -57.3404 30.4042 0
      vertex -53.1758 27.3784 8
    endloop
  endfacet
  facet normal -0.653429 -0.756988 0
    outer loop
      vertex -49.279 24.0147 0
      vertex -49.279 24.0147 8
      vertex -53.1758 27.3784 0
    endloop
  endfacet
  facet normal -0.653429 -0.756988 -0
    outer loop
      vertex -53.1758 27.3784 8
      vertex -53.1758 27.3784 0
      vertex -49.279 24.0147 8
    endloop
  endfacet
  facet normal -0.714469 -0.699667 0
    outer loop
      vertex -45.6773 20.3368 0
      vertex -45.6773 20.3368 8
      vertex -49.279 24.0147 0
    endloop
  endfacet
  facet normal -0.714469 -0.699667 -0
    outer loop
      vertex -49.279 24.0147 8
      vertex -49.279 24.0147 0
      vertex -45.6773 20.3368 8
    endloop
  endfacet
  facet normal -1 0 0
    outer loop
      vertex -45.6773 -20.3368 0
      vertex -45.6773 -20.3368 8
      vertex -45.6773 20.3368 0
    endloop
  endfacet
  facet normal -1 -0 -0
    outer loop
      vertex -45.6773 20.3368 8
      vertex -45.6773 20.3368 0
      vertex -45.6773 -20.3368 8
    endloop
  endfacet
  facet normal -0.0418826 0.999123 0
    outer loop
      vertex -50.8205 -20.5524 0
      vertex -50.8205 -20.5524 8
      vertex -45.6773 -20.3368 0
    endloop
  endfacet
  facet normal -0.0418826 0.999123 0
    outer loop
      vertex -45.6773 -20.3368 8
      vertex -45.6773 -20.3368 0
      vertex -50.8205 -20.5524 8
    endloop
  endfacet
  facet normal -0.125335 0.992114 0
    outer loop
      vertex -55.9277 -21.1976 0
      vertex -55.9277 -21.1976 8
      vertex -50.8205 -20.5524 0
    endloop
  endfacet
  facet normal -0.125335 0.992114 0
    outer loop
      vertex -50.8205 -20.5524 8
      vertex -50.8205 -20.5524 0
      vertex -55.9277 -21.1976 8
    endloop
  endfacet
  facet normal -0.207896 0.978151 0
    outer loop
      vertex -60.963 -22.2678 0
      vertex -60.963 -22.2678 8
      vertex -55.9277 -21.1976 0
    endloop
  endfacet
  facet normal -0.207896 0.978151 0
    outer loop
      vertex -55.9277 -21.1976 8
      vertex -55.9277 -21.1976 0
      vertex -60.963 -22.2678 8
    endloop
  endfacet
  facet normal -0.289041 0.957317 0
    outer loop
      vertex -65.891 -23.7557 0
      vertex -65.891 -23.7557 8
      vertex -60.963 -22.2678 0
    endloop
  endfacet
  facet normal -0.289041 0.957317 0
    outer loop
      vertex -60.963 -22.2678 8
      vertex -60.963 -22.2678 0
      vertex -65.891 -23.7557 8
    endloop
  endfacet
  facet normal -0.368119 0.929778 0
    outer loop
      vertex -70.6773 -25.6507 0
      vertex -70.6773 -25.6507 8
      vertex -65.891 -23.7557 0
    endloop
  endfacet
  facet normal -0.368119 0.929778 0
    outer loop
      vertex -65.891 -23.7557 8
      vertex -65.891 -23.7557 0
      vertex -70.6773 -25.6507 8
    endloop
  endfacet
  facet normal -0.44464 0.895709 0
    outer loop
      vertex -75.2882 -27.9396 0
      vertex -75.2882 -27.9396 8
      vertex -70.6773 -25.6507 0
    endloop
  endfacet
  facet normal -0.44464 0.895709 0
    outer loop
      vertex -70.6773 -25.6507 8
      vertex -70.6773 -25.6507 0
      vertex -75.2882 -27.9396 8
    endloop
  endfacet
  facet normal -0.518031 0.855362 0
    outer loop
      vertex -79.6914 -30.6063 0
      vertex -79.6914 -30.6063 8
      vertex -75.2882 -27.9396 0
    endloop
  endfacet
  facet normal -0.518031 0.855362 0
    outer loop
      vertex -75.2882 -27.9396 8
      vertex -75.2882 -27.9396 0
      vertex -79.6914 -30.6063 8
    endloop
  endfacet
  facet normal -0.58779 0.809013 0
    outer loop
      vertex -83.856 -33.6321 0
      vertex -83.856 -33.6321 8
      vertex -79.6914 -30.6063 0
    endloop
  endfacet
  facet normal -0.58779 0.809013 0
    outer loop
      vertex -79.6914 -30.6063 8
      vertex -79.6914 -30.6063 0
      vertex -83.856 -33.6321 8
    endloop
  endfacet
  facet normal -0.653429 0.756988 0
    outer loop
      vertex -87.7528 -36.9958 0
      vertex -87.7528 -36.9958 8
      vertex -83.856 -33.6321 0
    endloop
  endfacet
  facet normal -0.653429 0.756988 0
    outer loop
      vertex -83.856 -33.6321 8
      vertex -83.856 -33.6321 0
      vertex -87.7528 -36.9958 8
    endloop
  endfacet
  facet normal -0.714469 0.699667 0
    outer loop
      vertex -91.3545 -40.6737 0
      vertex -91.3545 -40.6737 8
      vertex -87.7528 -36.9958 0
    endloop
  endfacet
  facet normal -0.714469 0.699667 0
    outer loop
      vertex -87.7528 -36.9958 8
      vertex -87.7528 -36.9958 0
      vertex -91.3545 -40.6737 8
    endloop
  endfacet
  facet normal 1 0 -0
    outer loop
      vertex -91.3545 40.6737 0
      vertex -91.3545 40.6737 8
      vertex -91.3545 -40.6737 0
    endloop
  endfacet
  facet normal 1 -0 0
    outer loop
      vertex -91.3545 -40.6737 8
      vertex -91.3545 -40.6737 0
      vertex -91.3545 40.6737 8
    endloop
  endfacet
  facet normal 0.130662 0.991427 -0
    outer loop
      vertex -11.5485 26.4271 0
      vertex -11.5485 26.4271 8
      vertex -11.0295 26.3587 0
    endloop
  endfacet
  facet normal 0.130662 0.991427 0
    outer loop
      vertex -11.0295 26.3587 8
      vertex -11.0295 26.3587 0
      vertex -11.5485 26.4271 8
    endloop
  endfacet
  facet normal 0.216283 0.976331 -0
    outer loop
      vertex -12.0595 26.5403 0
      vertex -12.0595 26.5403 8
      vertex -11.5485 26.4271 0
    endloop
  endfacet
  facet normal 0.216283 0.976331 0
    outer loop
      vertex -11.5485 26.4271 8
      vertex -11.5485 26.4271 0
      vertex -12.0595 26.5403 8
    endloop
  endfacet
  facet normal 0.300711 0.953715 -0
    outer loop
      vertex -12.5587 26.6977 0
      vertex -12.5587 26.6977 8
      vertex -12.0595 26.5403 0
    endloop
  endfacet
  facet normal 0.300711 0.953715 0
    outer loop
      vertex -12.0595 26.5403 8
      vertex -12.0595 26.5403 0
      vertex -12.5587 26.6977 8
    endloop
  endfacet
  facet normal 0.382824 0.923821 -0
    outer loop
      vertex -13.0423 26.8981 0
      vertex -13.0423 26.8981 8
      vertex -12.5587 26.6977 0
    endloop
  endfacet
  facet normal 0.382824 0.923821 0
    outer loop
      vertex -12.5587 26.6977 8
      vertex -12.5587 26.6977 0
      vertex -13.0423 26.8981 8
    endloop
  endfacet
  facet normal 0.461599 0.887089 -0
    outer loop
      vertex -13.5066 27.1397 0
      vertex -13.5066 27.1397 8
      vertex -13.0423 26.8981 0
    endloop
  endfacet
  facet normal 0.461599 0.887089 0
    outer loop
      vertex -13.0423 26.8981 8
      vertex -13.0423 26.8981 0
      vertex -13.5066 27.1397 8
    endloop
  endfacet
  facet normal 0.537345 0.843362 -0
    outer loop
      vertex -13.9481 27.421 0
      vertex -13.9481 27.421 8
      vertex -13.5066 27.1397 0
    endloop
  endfacet
  facet normal 0.537345 0.843362 0
    outer loop
      vertex -13.5066 27.1397 8
      vertex -13.5066 27.1397 0
      vertex -13.9481 27.421 8
    endloop
  endfacet
  facet normal 0.608768 0.793348 -0
    outer loop
      vertex -14.3633 27.7396 0
      vertex -14.3633 27.7396 8
      vertex -13.9481 27.421 0
    endloop
  endfacet
  facet normal 0.608768 0.793348 0
    outer loop
      vertex -13.9481 27.421 8
      vertex -13.9481 27.421 0
      vertex -14.3633 27.7396 8
    endloop
  endfacet
  facet normal 0.675681 0.737194 -0
    outer loop
      vertex -14.7492 28.0933 0
      vertex -14.7492 28.0933 8
      vertex -14.3633 27.7396 0
    endloop
  endfacet
  facet normal 0.675681 0.737194 0
    outer loop
      vertex -14.3633 27.7396 8
      vertex -14.3633 27.7396 0
      vertex -14.7492 28.0933 8
    endloop
  endfacet
  facet normal 0.737194 0.675681 -0
    outer loop
      vertex -15.1029 28.4792 0
      vertex -15.1029 28.4792 8
      vertex -14.7492 28.0933 0
    endloop
  endfacet
  facet normal 0.737194 0.675681 0
    outer loop
      vertex -14.7492 28.0933 8
      vertex -14.7492 28.0933 0
      vertex -15.1029 28.4792 8
    endloop
  endfacet
  facet normal 0.793348 0.608768 -0
    outer loop
      vertex -15.4215 28.8944 0
      vertex -15.4215 28.8944 8
      vertex -15.1029 28.4792 0
    endloop
  endfacet
  facet normal 0.793348 0.608768 0
    outer loop
      vertex -15.1029 28.4792 8
      vertex -15.1029 28.4792 0
      vertex -15.4215 28.8944 8
    endloop
  endfacet
  facet normal 0.843362 0.537345 -0
    outer loop
      vertex -15.7028 29.3359 0
      vertex -15.7028 29.3359 8
      vertex -15.4215 28.8944 0
    endloop
  endfacet
  facet normal 0.843362 0.537345 0
    outer loop
      vertex -15.4215 28.8944 8
      vertex -15.4215 28.8944 0
      vertex -15.7028 29.3359 8
    endloop
  endfacet
  facet normal 0.887089 0.461599 -0
    outer loop
      vertex -15.9444 29.8002 0
      vertex -15.9444 29.8002 8
      vertex -15.7028 29.3359 0
    endloop
  endfacet
  facet normal 0.887089 0.461599 0
    outer loop
      vertex -15.7028 29.3359 8
      vertex -15.7028 29.3359 0
      vertex -15.9444 29.8002 8
    endloop
  endfacet
  facet normal 0.923821 0.382824 -0
    outer loop
      vertex -16.1448 30.2838 0
      vertex -16.1448 30.2838 8
      vertex -15.9444 29.8002 0
    endloop
  endfacet
  facet normal 0.923821 0.382824 0
    outer loop
      vertex -15.9444 29.8002 8
      vertex -15.9444 29.8002 0
      vertex -16.1448 30.2838 8
    endloop
  endfacet
  facet normal 0.953715 0.300711 -0
    outer loop
      vertex -16.3022 30.783 0
      vertex -16.3022 30.783 8
      vertex -16.1448 30.2838 0
    endloop
  endfacet
  facet normal 0.953715 0.300711 0
    outer loop
      vertex -16.1448 30.2838 8
      vertex -16.1448 30.2838 0
      vertex -16.3022 30.783 8
    endloop
  endfacet
  facet normal 0.976331 0.216283 -0
    outer loop
      vertex -16.4154 31.294 0
      vertex -16.4154 31.294 8
      vertex -16.3022 30.783 0
    endloop
  endfacet
  facet normal 0.976331 0.216283 0
    outer loop
      vertex -16.3022 30.783 8
      vertex -16.3022 30.783 0
      vertex -16.4154 31.294 8
    endloop
  endfacet
  facet normal 0.991427 0.130662 -0
    outer loop
      vertex -16.4838 31.813 0
      vertex -16.4838 31.813 8
      vertex -16.4154 31.294 0
    endloop
  endfacet
  facet normal 0.991427 0.130662 0
    outer loop
      vertex -16.4154 31.294 8
      vertex -16.4154 31.294 0
      vertex -16.4838 31.813 8
    endloop
  endfacet
  facet normal 0.999051 0.0435616 -0
    outer loop
      vertex -16.5066 32.3359 0
      vertex -16.5066 32.3359 8
      vertex -16.4838 31.813 0
    endloop
  endfacet
  facet normal 0.999051 0.0435616 0
    outer loop
      vertex -16.4838 31.813 8
      vertex -16.4838 31.813 0
      vertex -16.5066 32.3359 8
    endloop
  endfacet
  facet normal 0.999051 -0.0435616 0
    outer loop
      vertex -16.4838 32.8588 0
      vertex -16.4838 32.8588 8
      vertex -16.5066 32.3359 0
    endloop
  endfacet
  facet normal 0.999051 -0.0435616 0
    outer loop
      vertex -16.5066 32.3359 8
      vertex -16.5066 32.3359 0
      vertex -16.4838 32.8588 8
    endloop
  endfacet
  facet normal 0.991427 -0.130662 0
    outer loop
      vertex -16.4154 33.3778 0
      vertex -16.4154 33.3778 8
      vertex -16.4838 32.8588 0
    endloop
  endfacet
  facet normal 0.991427 -0.130662 0
    outer loop
      vertex -16.4838 32.8588 8
      vertex -16.4838 32.8588 0
      vertex -16.4154 33.3778 8
    endloop
  endfacet
  facet normal 0.976331 -0.216283 0
    outer loop
      vertex -16.3022 33.8888 0
      vertex -16.3022 33.8888 8
      vertex -16.4154 33.3778 0
    endloop
  endfacet
  facet normal 0.976331 -0.216283 0
    outer loop
      vertex -16.4154 33.3778 8
      vertex -16.4154 33.3778 0
      vertex -16.3022 33.8888 8
    endloop
  endfacet
  facet normal 0.953715 -0.300711 0
    outer loop
      vertex -16.1448 34.388 0
      vertex -16.1448 34.388 8
      vertex -16.3022 33.8888 0
    endloop
  endfacet
  facet normal 0.953715 -0.300711 0
    outer loop
      vertex -16.3022 33.8888 8
      vertex -16.3022 33.8888 0
      vertex -16.1448 34.388 8
    endloop
  endfacet
  facet normal 0.923821 -0.382824 0
    outer loop
      vertex -15.9444 34.8716 0
      vertex -15.9444 34.8716 8
      vertex -16.1448 34.388 0
    endloop
  endfacet
  facet normal 0.923821 -0.382824 0
    outer loop
      vertex -16.1448 34.388 8
      vertex -16.1448 34.388 0
      vertex -15.9444 34.8716 8
    endloop
  endfacet
  facet normal 0.887089 -0.461599 0
    outer loop
      vertex -15.7028 35.3359 0
      vertex -15.7028 35.3359 8
      vertex -15.9444 34.8716 0
    endloop
  endfacet
  facet normal 0.887089 -0.461599 0
    outer loop
      vertex -15.9444 34.8716 8
      vertex -15.9444 34.8716 0
      vertex -15.7028 35.3359 8
    endloop
  endfacet
  facet normal 0.843362 -0.537345 0
    outer loop
      vertex -15.4215 35.7774 0
      vertex -15.4215 35.7774 8
      vertex -15.7028 35.3359 0
    endloop
  endfacet
  facet normal 0.843362 -0.537345 0
    outer loop
      vertex -15.7028 35.3359 8
      vertex -15.7028 35.3359 0
      vertex -15.4215 35.7774 8
    endloop
  endfacet
  facet normal 0.793348 -0.608768 0
    outer loop
      vertex -15.1029 36.1926 0
      vertex -15.1029 36.1926 8
      vertex -15.4215 35.7774 0
    endloop
  endfacet
  facet normal 0.793348 -0.608768 0
    outer loop
      vertex -15.4215 35.7774 8
      vertex -15.4215 35.7774 0
      vertex -15.1029 36.1926 8
    endloop
  endfacet
  facet normal 0.737194 -0.675681 0
    outer loop
      vertex -14.7492 36.5785 0
      vertex -14.7492 36.5785 8
      vertex -15.1029 36.1926 0
    endloop
  endfacet
  facet normal 0.737194 -0.675681 0
    outer loop
      vertex -15.1029 36.1926 8
      vertex -15.1029 36.1926 0
      vertex -14.7492 36.5785 8
    endloop
  endfacet
  facet normal 0.675681 -0.737194 0
    outer loop
      vertex -14.3633 36.9322 0
      vertex -14.3633 36.9322 8
      vertex -14.7492 36.5785 0
    endloop
  endfacet
  facet normal 0.675681 -0.737194 0
    outer loop
      vertex -14.7492 36.5785 8
      vertex -14.7492 36.5785 0
      vertex -14.3633 36.9322 8
    endloop
  endfacet
  facet normal 0.608768 -0.793348 0
    outer loop
      vertex -13.9481 37.2508 0
      vertex -13.9481 37.2508 8
      vertex -14.3633 36.9322 0
    endloop
  endfacet
  facet normal 0.608768 -0.793348 0
    outer loop
      vertex -14.3633 36.9322 8
      vertex -14.3633 36.9322 0
      vertex -13.9481 37.2508 8
    endloop
  endfacet
  facet normal 0.537345 -0.843362 0
    outer loop
      vertex -13.5066 37.5321 0
      vertex -13.5066 37.5321 8
      vertex -13.9481 37.2508 0
    endloop
  endfacet
  facet normal 0.537345 -0.843362 0
    outer loop
      vertex -13.9481 37.2508 8
      vertex -13.9481 37.2508 0
      vertex -13.5066 37.5321 8
    endloop
  endfacet
  facet normal 0.461599 -0.887089 0
    outer loop
      vertex -13.0423 37.7737 0
      vertex -13.0423 37.7737 8
      vertex -13.5066 37.5321 0
    endloop
  endfacet
  facet normal 0.461599 -0.887089 0
    outer loop
      vertex -13.5066 37.5321 8
      vertex -13.5066 37.5321 0
      vertex -13.0423 37.7737 8
    endloop
  endfacet
  facet normal 0.382824 -0.923821 0
    outer loop
      vertex -12.5587 37.9741 0
      vertex -12.5587 37.9741 8
      vertex -13.0423 37.7737 0
    endloop
  endfacet
  facet normal 0.382824 -0.923821 0
    outer loop
      vertex -13.0423 37.7737 8
      vertex -13.0423 37.7737 0
      vertex -12.5587 37.9741 8
    endloop
  endfacet
  facet normal 0.300711 -0.953715 0
    outer loop
      vertex -12.0595 38.1315 0
      vertex -12.0595 38.1315 8
      vertex -12.5587 37.9741 0
    endloop
  endfacet
  facet normal 0.300711 -0.953715 0
    outer loop
      vertex -12.5587 37.9741 8
      vertex -12.5587 37.9741 0
      vertex -12.0595 38.1315 8
    endloop
  endfacet
  facet normal 0.216283 -0.976331 0
    outer loop
      vertex -11.5485 38.2447 0
      vertex -11.5485 38.2447 8
      vertex -12.0595 38.1315 0
    endloop
  endfacet
  facet normal 0.216283 -0.976331 0
    outer loop
      vertex -12.0595 38.1315 8
      vertex -12.0595 38.1315 0
      vertex -11.5485 38.2447 8
    endloop
  endfacet
  facet normal 0.130662 -0.991427 0
    outer loop
      vertex -11.0295 38.3131 0
      vertex -11.0295 38.3131 8
      vertex -11.5485 38.2447 0
    endloop
  endfacet
  facet normal 0.130662 -0.991427 0
    outer loop
      vertex -11.5485 38.2447 8
      vertex -11.5485 38.2447 0
      vertex -11.0295 38.3131 8
    endloop
  endfacet
  facet normal 0.0435616 -0.999051 0
    outer loop
      vertex -10.5066 38.3359 0
      vertex -10.5066 38.3359 8
      vertex -11.0295 38.3131 0
    endloop
  endfacet
  facet normal 0.0435616 -0.999051 0
    outer loop
      vertex -11.0295 38.3131 8
      vertex -11.0295 38.3131 0
      vertex -10.5066 38.3359 8
    endloop
  endfacet
  facet normal -0.0435608 -0.999051 0
    outer loop
      vertex -9.98369 38.3131 0
      vertex -9.98369 38.3131 8
      vertex -10.5066 38.3359 0
    endloop
  endfacet
  facet normal -0.0435608 -0.999051 -0
    outer loop
      vertex -10.5066 38.3359 8
      vertex -10.5066 38.3359 0
      vertex -9.98369 38.3131 8
    endloop
  endfacet
  facet normal -0.130662 -0.991427 0
    outer loop
      vertex -9.46469 38.2447 0
      vertex -9.46469 38.2447 8
      vertex -9.98369 38.3131 0
    endloop
  endfacet
  facet normal -0.130662 -0.991427 -0
    outer loop
      vertex -9.98369 38.3131 8
      vertex -9.98369 38.3131 0
      vertex -9.46469 38.2447 8
    endloop
  endfacet
  facet normal -0.216283 -0.976331 0
    outer loop
      vertex -8.95369 38.1315 0
      vertex -8.95369 38.1315 8
      vertex -9.46469 38.2447 0
    endloop
  endfacet
  facet normal -0.216283 -0.976331 -0
    outer loop
      vertex -9.46469 38.2447 8
      vertex -9.46469 38.2447 0
      vertex -8.95369 38.1315 8
    endloop
  endfacet
  facet normal -0.300716 -0.953714 0
    outer loop
      vertex -8.4545 37.9741 0
      vertex -8.4545 37.9741 8
      vertex -8.95369 38.1315 0
    endloop
  endfacet
  facet normal -0.300716 -0.953714 -0
    outer loop
      vertex -8.95369 38.1315 8
      vertex -8.95369 38.1315 0
      vertex -8.4545 37.9741 8
    endloop
  endfacet
  facet normal -0.382817 -0.923824 0
    outer loop
      vertex -7.97089 37.7737 0
      vertex -7.97089 37.7737 8
      vertex -8.4545 37.9741 0
    endloop
  endfacet
  facet normal -0.382817 -0.923824 -0
    outer loop
      vertex -8.4545 37.9741 8
      vertex -8.4545 37.9741 0
      vertex -7.97089 37.7737 8
    endloop
  endfacet
  facet normal -0.461599 -0.887089 0
    outer loop
      vertex -7.50659 37.5321 0
      vertex -7.50659 37.5321 8
      vertex -7.97089 37.7737 0
    endloop
  endfacet
  facet normal -0.461599 -0.887089 -0
    outer loop
      vertex -7.97089 37.7737 8
      vertex -7.97089 37.7737 0
      vertex -7.50659 37.5321 8
    endloop
  endfacet
  facet normal -0.537345 -0.843362 0
    outer loop
      vertex -7.06509 37.2508 0
      vertex -7.06509 37.2508 8
      vertex -7.50659 37.5321 0
    endloop
  endfacet
  facet normal -0.537345 -0.843362 -0
    outer loop
      vertex -7.50659 37.5321 8
      vertex -7.50659 37.5321 0
      vertex -7.06509 37.2508 8
    endloop
  endfacet
  facet normal -0.608768 -0.793348 0
    outer loop
      vertex -6.64989 36.9322 0
      vertex -6.64989 36.9322 8
      vertex -7.06509 37.2508 0
    endloop
  endfacet
  facet normal -0.608768 -0.793348 -0
    outer loop
      vertex -7.06509 37.2508 8
      vertex -7.06509 37.2508 0
      vertex -6.64989 36.9322 8
    endloop
  endfacet
  facet normal -0.675681 -0.737194 0
    outer loop
      vertex -6.26399 36.5785 0
      vertex -6.26399 36.5785 8
      vertex -6.64989 36.9322 0
    endloop
  endfacet
  facet normal -0.675681 -0.737194 -0
    outer loop
      vertex -6.64989 36.9322 8
      vertex -6.64989 36.9322 0
      vertex -6.26399 36.5785 8
    endloop
  endfacet
  facet normal -0.737194 -0.675681 0
    outer loop
      vertex -5.91029 36.1926 0
      vertex -5.91029 36.1926 8
      vertex -6.26399 36.5785 0
    endloop
  endfacet
  facet normal -0.737194 -0.675681 -0
    outer loop
      vertex -6.26399 36.5785 8
      vertex -6.26399 36.5785 0
      vertex -5.91029 36.1926 8
    endloop
  endfacet
  facet normal -0.793348 -0.608768 0
    outer loop
      vertex -5.59169 35.7774 0
      vertex -5.59169 35.7774 8
      vertex -5.91029 36.1926 0
    endloop
  endfacet
  facet normal -0.793348 -0.608768 -0
    outer loop
      vertex -5.91029 36.1926 8
      vertex -5.91029 36.1926 0
      vertex -5.59169 35.7774 8
    endloop
  endfacet
  facet normal -0.843362 -0.537345 0
    outer loop
      vertex -5.31039 35.3359 0
      vertex -5.31039 35.3359 8
      vertex -5.59169 35.7774 0
    endloop
  endfacet
  facet normal -0.843362 -0.537345 -0
    outer loop
      vertex -5.59169 35.7774 8
      vertex -5.59169 35.7774 0
      vertex -5.31039 35.3359 8
    endloop
  endfacet
  facet normal -0.887089 -0.461599 0
    outer loop
      vertex -5.06879 34.8716 0
      vertex -5.06879 34.8716 8
      vertex -5.31039 35.3359 0
    endloop
  endfacet
  facet normal -0.887089 -0.461599 -0
    outer loop
      vertex -5.31039 35.3359 8
      vertex -5.31039 35.3359 0
      vertex -5.06879 34.8716 8
    endloop
  endfacet
  facet normal -0.923821 -0.382824 0
    outer loop
      vertex -4.86839 34.388 0
      vertex -4.86839 34.388 8
      vertex -5.06879 34.8716 0
    endloop
  endfacet
  facet normal -0.923821 -0.382824 -0
    outer loop
      vertex -5.06879 34.8716 8
      vertex -5.06879 34.8716 0
      vertex -4.86839 34.388 8
    endloop
  endfacet
  facet normal -0.953721 -0.300693 0
    outer loop
      vertex -4.711 33.8888 0
      vertex -4.711 33.8888 8
      vertex -4.86839 34.388 0
    endloop
  endfacet
  facet normal -0.953721 -0.300693 -0
    outer loop
      vertex -4.86839 34.388 8
      vertex -4.86839 34.388 0
      vertex -4.711 33.8888 8
    endloop
  endfacet
  facet normal -0.976327 -0.216301 0
    outer loop
      vertex -4.59779 33.3778 0
      vertex -4.59779 33.3778 8
      vertex -4.711 33.8888 0
    endloop
  endfacet
  facet normal -0.976327 -0.216301 -0
    outer loop
      vertex -4.711 33.8888 8
      vertex -4.711 33.8888 0
      vertex -4.59779 33.3778 8
    endloop
  endfacet
  facet normal -0.991427 -0.130662 0
    outer loop
      vertex -4.52939 32.8588 0
      vertex -4.52939 32.8588 8
      vertex -4.59779 33.3778 0
    endloop
  endfacet
  facet normal -0.991427 -0.130662 -0
    outer loop
      vertex -4.59779 33.3778 8
      vertex -4.59779 33.3778 0
      vertex -4.52939 32.8588 8
    endloop
  endfacet
  facet normal -0.999051 -0.0435616 0
    outer loop
      vertex -4.50659 32.3359 0
      vertex -4.50659 32.3359 8
      vertex -4.52939 32.8588 0
    endloop
  endfacet
  facet normal -0.999051 -0.0435616 -0
    outer loop
      vertex -4.52939 32.8588 8
      vertex -4.52939 32.8588 0
      vertex -4.50659 32.3359 8
    endloop
  endfacet
  facet normal -0.999051 0.0435616 0
    outer loop
      vertex -4.52939 31.813 0
      vertex -4.52939 31.813 8
      vertex -4.50659 32.3359 0
    endloop
  endfacet
  facet normal -0.999051 0.0435616 0
    outer loop
      vertex -4.50659 32.3359 8
      vertex -4.50659 32.3359 0
      vertex -4.52939 31.813 8
    endloop
  endfacet
  facet normal -0.991427 0.130662 0
    outer loop
      vertex -4.59779 31.294 0
      vertex -4.59779 31.294 8
      vertex -4.52939 31.813 0
    endloop
  endfacet
  facet normal -0.991427 0.130662 0
    outer loop
      vertex -4.52939 31.813 8
      vertex -4.52939 31.813 0
      vertex -4.59779 31.294 8
    endloop
  endfacet
  facet normal -0.976327 0.216301 0
    outer loop
      vertex -4.711 30.783 0
      vertex -4.711 30.783 8
      vertex -4.59779 31.294 0
    endloop
  endfacet
  facet normal -0.976327 0.216301 0
    outer loop
      vertex -4.59779 31.294 8
      vertex -4.59779 31.294 0
      vertex -4.711 30.783 8
    endloop
  endfacet
  facet normal -0.953721 0.300693 0
    outer loop
      vertex -4.86839 30.2838 0
      vertex -4.86839 30.2838 8
      vertex -4.711 30.783 0
    endloop
  endfacet
  facet normal -0.953721 0.300693 0
    outer loop
      vertex -4.711 30.783 8
      vertex -4.711 30.783 0
      vertex -4.86839 30.2838 8
    endloop
  endfacet
  facet normal -0.923821 0.382824 0
    outer loop
      vertex -5.06879 29.8002 0
      vertex -5.06879 29.8002 8
      vertex -4.86839 30.2838 0
    endloop
  endfacet
  facet normal -0.923821 0.382824 0
    outer loop
      vertex -4.86839 30.2838 8
      vertex -4.86839 30.2838 0
      vertex -5.06879 29.8002 8
    endloop
  endfacet
  facet normal -0.887089 0.461599 0
    outer loop
      vertex -5.31039 29.3359 0
      vertex -5.31039 29.3359 8
      vertex -5.06879 29.8002 0
    endloop
  endfacet
  facet normal -0.887089 0.461599 0
    outer loop
      vertex -5.06879 29.8002 8
      vertex -5.06879 29.8002 0
      vertex -5.31039 29.3359 8
    endloop
  endfacet
  facet normal -0.843362 0.537345 0
    outer loop
      vertex -5.59169 28.8944 0
      vertex -5.59169 28.8944 8
      vertex -5.31039 29.3359 0
    endloop
  endfacet
  facet normal -0.843362 0.537345 0
    outer loop
      vertex -5.31039 29.3359 8
      vertex -5.31039 29.3359 0
      vertex -5.59169 28.8944 8
    endloop
  endfacet
  facet normal -0.793348 0.608768 0
    outer loop
      vertex -5.91029 28.4792 0
      vertex -5.91029 28.4792 8
      vertex -5.59169 28.8944 0
    endloop
  endfacet
  facet normal -0.793348 0.608768 0
    outer loop
      vertex -5.59169 28.8944 8
      vertex -5.59169 28.8944 0
      vertex -5.91029 28.4792 8
    endloop
  endfacet
  facet normal -0.737194 0.675681 0
    outer loop
      vertex -6.26399 28.0933 0
      vertex -6.26399 28.0933 8
      vertex -5.91029 28.4792 0
    endloop
  endfacet
  facet normal -0.737194 0.675681 0
    outer loop
      vertex -5.91029 28.4792 8
      vertex -5.91029 28.4792 0
      vertex -6.26399 28.0933 8
    endloop
  endfacet
  facet normal -0.675681 0.737194 0
    outer loop
      vertex -6.64989 27.7396 0
      vertex -6.64989 27.7396 8
      vertex -6.26399 28.0933 0
    endloop
  endfacet
  facet normal -0.675681 0.737194 0
    outer loop
      vertex -6.26399 28.0933 8
      vertex -6.26399 28.0933 0
      vertex -6.64989 27.7396 8
    endloop
  endfacet
  facet normal -0.608768 0.793348 0
    outer loop
      vertex -7.06509 27.421 0
      vertex -7.06509 27.421 8
      vertex -6.64989 27.7396 0
    endloop
  endfacet
  facet normal -0.608768 0.793348 0
    outer loop
      vertex -6.64989 27.7396 8
      vertex -6.64989 27.7396 0
      vertex -7.06509 27.421 8
    endloop
  endfacet
  facet normal -0.537345 0.843362 0
    outer loop
      vertex -7.50659 27.1397 0
      vertex -7.50659 27.1397 8
      vertex -7.06509 27.421 0
    endloop
  endfacet
  facet normal -0.537345 0.843362 0
    outer loop
      vertex -7.06509 27.421 8
      vertex -7.06509 27.421 0
      vertex -7.50659 27.1397 8
    endloop
  endfacet
  facet normal -0.461599 0.887089 0
    outer loop
      vertex -7.97089 26.8981 0
      vertex -7.97089 26.8981 8
      vertex -7.50659 27.1397 0
    endloop
  endfacet
  facet normal -0.461599 0.887089 0
    outer loop
      vertex -7.50659 27.1397 8
      vertex -7.50659 27.1397 0
      vertex -7.97089 26.8981 8
    endloop
  endfacet
  facet normal -0.382817 0.923824 0
    outer loop
      vertex -8.4545 26.6977 0
      vertex -8.4545 26.6977 8
      vertex -7.97089 26.8981 0
    endloop
  endfacet
  facet normal -0.382817 0.923824 0
    outer loop
      vertex -7.97089 26.8981 8
      vertex -7.97089 26.8981 0
      vertex -8.4545 26.6977 8
    endloop
  endfacet
  facet normal -0.300716 0.953714 0
    outer loop
      vertex -8.95369 26.5403 0
      vertex -8.95369 26.5403 8
      vertex -8.4545 26.6977 0
    endloop
  endfacet
  facet normal -0.300716 0.953714 0
    outer loop
      vertex -8.4545 26.6977 8
      vertex -8.4545 26.6977 0
      vertex -8.95369 26.5403 8
    endloop
  endfacet
  facet normal -0.216283 0.976331 0
    outer loop
      vertex -9.46469 26.4271 0
      vertex -9.46469 26.4271 8
      vertex -8.95369 26.5403 0
    endloop
  endfacet
  facet normal -0.216283 0.976331 0
    outer loop
      vertex -8.95369 26.5403 8
      vertex -8.95369 26.5403 0
      vertex -9.46469 26.4271 8
    endloop
  endfacet
  facet normal -0.130662 0.991427 0
    outer loop
      vertex -9.98369 26.3587 0
      vertex -9.98369 26.3587 8
      vertex -9.46469 26.4271 0
    endloop
  endfacet
  facet normal -0.130662 0.991427 0
    outer loop
      vertex -9.46469 26.4271 8
      vertex -9.46469 26.4271 0
      vertex -9.98369 26.3587 8
    endloop
  endfacet
  facet normal -0.0435608 0.999051 0
    outer loop
      vertex -10.5066 26.3359 0
      vertex -10.5066 26.3359 8
      vertex -9.98369 26.3587 0
    endloop
  endfacet
  facet normal -0.0435608 0.999051 0
    outer loop
      vertex -9.98369 26.3587 8
      vertex -9.98369 26.3587 0
      vertex -10.5066 26.3359 8
    endloop
  endfacet
  facet normal 0.0435616 0.999051 -0
    outer loop
      vertex -11.0295 26.3587 0
      vertex -11.0295 26.3587 8
      vertex -10.5066 26.3359 0
    endloop
  endfacet
  facet normal 0.0435616 0.999051 0
    outer loop
      vertex -10.5066 26.3359 8
      vertex -10.5066 26.3359 0
      vertex -11.0295 26.3587 8
    endloop
  endfacet
  facet normal 0.130662 0.991427 -0
    outer loop
      vertex 26.4647 14.0759 0
      vertex 26.4647 14.0759 8
      vertex 26.9837 14.0075 0
    endloop
  endfacet
  facet normal 0.130662 0.991427 0
    outer loop
      vertex 26.9837 14.0075 8
      vertex 26.9837 14.0075 0
      vertex 26.4647 14.0759 8
    endloop
  endfacet
  facet normal 0.216283 0.976331 -0
    outer loop
      vertex 25.9537 14.1891 0
      vertex 25.9537 14.1891 8
      vertex 26.4647 14.0759 0
    endloop
  endfacet
  facet normal 0.216283 0.976331 0
    outer loop
      vertex 26.4647 14.0759 8
      vertex 26.4647 14.0759 0
      vertex 25.9537 14.1891 8
    endloop
  endfacet
  facet normal 0.300711 0.953715 -0
    outer loop
      vertex 25.4545 14.3465 0
      vertex 25.4545 14.3465 8
      vertex 25.9537 14.1891 0
    endloop
  endfacet
  facet normal 0.300711 0.953715 0
    outer loop
      vertex 25.9537 14.1891 8
      vertex 25.9537 14.1891 0
      vertex 25.4545 14.3465 8
    endloop
  endfacet
  facet normal 0.382824 0.923821 -0
    outer loop
      vertex 24.9709 14.5469 0
      vertex 24.9709 14.5469 8
      vertex 25.4545 14.3465 0
    endloop
  endfacet
  facet normal 0.382824 0.923821 0
    outer loop
      vertex 25.4545 14.3465 8
      vertex 25.4545 14.3465 0
      vertex 24.9709 14.5469 8
    endloop
  endfacet
  facet normal 0.461599 0.887089 -0
    outer loop
      vertex 24.5066 14.7885 0
      vertex 24.5066 14.7885 8
      vertex 24.9709 14.5469 0
    endloop
  endfacet
  facet normal 0.461599 0.887089 0
    outer loop
      vertex 24.9709 14.5469 8
      vertex 24.9709 14.5469 0
      vertex 24.5066 14.7885 8
    endloop
  endfacet
  facet normal 0.537345 0.843362 -0
    outer loop
      vertex 24.0651 15.0698 0
      vertex 24.0651 15.0698 8
      vertex 24.5066 14.7885 0
    endloop
  endfacet
  facet normal 0.537345 0.843362 0
    outer loop
      vertex 24.5066 14.7885 8
      vertex 24.5066 14.7885 0
      vertex 24.0651 15.0698 8
    endloop
  endfacet
  facet normal 0.608768 0.793348 -0
    outer loop
      vertex 23.6499 15.3884 0
      vertex 23.6499 15.3884 8
      vertex 24.0651 15.0698 0
    endloop
  endfacet
  facet normal 0.608768 0.793348 0
    outer loop
      vertex 24.0651 15.0698 8
      vertex 24.0651 15.0698 0
      vertex 23.6499 15.3884 8
    endloop
  endfacet
  facet normal 0.675681 0.737194 -0
    outer loop
      vertex 23.264 15.7421 0
      vertex 23.264 15.7421 8
      vertex 23.6499 15.3884 0
    endloop
  endfacet
  facet normal 0.675681 0.737194 0
    outer loop
      vertex 23.6499 15.3884 8
      vertex 23.6499 15.3884 0
      vertex 23.264 15.7421 8
    endloop
  endfacet
  facet normal 0.737194 0.675681 -0
    outer loop
      vertex 22.9103 16.128 0
      vertex 22.9103 16.128 8
      vertex 23.264 15.7421 0
    endloop
  endfacet
  facet normal 0.737194 0.675681 0
    outer loop
      vertex 23.264 15.7421 8
      vertex 23.264 15.7421 0
      vertex 22.9103 16.128 8
    endloop
  endfacet
  facet normal 0.793348 0.608768 -0
    outer loop
      vertex 22.5917 16.5432 0
      vertex 22.5917 16.5432 8
      vertex 22.9103 16.128 0
    endloop
  endfacet
  facet normal 0.793348 0.608768 0
    outer loop
      vertex 22.9103 16.128 8
      vertex 22.9103 16.128 0
      vertex 22.5917 16.5432 8
    endloop
  endfacet
  facet normal 0.843362 0.537345 -0
    outer loop
      vertex 22.3104 16.9847 0
      vertex 22.3104 16.9847 8
      vertex 22.5917 16.5432 0
    endloop
  endfacet
  facet normal 0.843362 0.537345 0
    outer loop
      vertex 22.5917 16.5432 8
      vertex 22.5917 16.5432 0
      vertex 22.3104 16.9847 8
    endloop
  endfacet
  facet normal 0.887089 0.461599 -0
    outer loop
      vertex 22.0688 17.449 0
      vertex 22.0688 17.449 8
      vertex 22.3104 16.9847 0
    endloop
  endfacet
  facet normal 0.887089 0.461599 0
    outer loop
      vertex 22.3104 16.9847 8
      vertex 22.3104 16.9847 0
      vertex 22.0688 17.449 8
    endloop
  endfacet
  facet normal 0.923821 0.382824 -0
    outer loop
      vertex 21.8684 17.9326 0
      vertex 21.8684 17.9326 8
      vertex 22.0688 17.449 0
    endloop
  endfacet
  facet normal 0.923821 0.382824 0
    outer loop
      vertex 22.0688 17.449 8
      vertex 22.0688 17.449 0
      vertex 21.8684 17.9326 8
    endloop
  endfacet
  facet normal 0.953715 0.300711 -0
    outer loop
      vertex 21.711 18.4318 0
      vertex 21.711 18.4318 8
      vertex 21.8684 17.9326 0
    endloop
  endfacet
  facet normal 0.953715 0.300711 0
    outer loop
      vertex 21.8684 17.9326 8
      vertex 21.8684 17.9326 0
      vertex 21.711 18.4318 8
    endloop
  endfacet
  facet normal 0.976331 0.216283 -0
    outer loop
      vertex 21.5978 18.9428 0
      vertex 21.5978 18.9428 8
      vertex 21.711 18.4318 0
    endloop
  endfacet
  facet normal 0.976331 0.216283 0
    outer loop
      vertex 21.711 18.4318 8
      vertex 21.711 18.4318 0
      vertex 21.5978 18.9428 8
    endloop
  endfacet
  facet normal 0.991427 0.130662 -0
    outer loop
      vertex 21.5294 19.4618 0
      vertex 21.5294 19.4618 8
      vertex 21.5978 18.9428 0
    endloop
  endfacet
  facet normal 0.991427 0.130662 0
    outer loop
      vertex 21.5978 18.9428 8
      vertex 21.5978 18.9428 0
      vertex 21.5294 19.4618 8
    endloop
  endfacet
  facet normal 0.999051 0.0435616 -0
    outer loop
      vertex 21.5066 19.9847 0
      vertex 21.5066 19.9847 8
      vertex 21.5294 19.4618 0
    endloop
  endfacet
  facet normal 0.999051 0.0435616 0
    outer loop
      vertex 21.5294 19.4618 8
      vertex 21.5294 19.4618 0
      vertex 21.5066 19.9847 8
    endloop
  endfacet
  facet normal 0.999051 -0.0435616 0
    outer loop
      vertex 21.5294 20.5076 0
      vertex 21.5294 20.5076 8
      vertex 21.5066 19.9847 0
    endloop
  endfacet
  facet normal 0.999051 -0.0435616 0
    outer loop
      vertex 21.5066 19.9847 8
      vertex 21.5066 19.9847 0
      vertex 21.5294 20.5076 8
    endloop
  endfacet
  facet normal 0.991427 -0.130662 0
    outer loop
      vertex 21.5978 21.0266 0
      vertex 21.5978 21.0266 8
      vertex 21.5294 20.5076 0
    endloop
  endfacet
  facet normal 0.991427 -0.130662 0
    outer loop
      vertex 21.5294 20.5076 8
      vertex 21.5294 20.5076 0
      vertex 21.5978 21.0266 8
    endloop
  endfacet
  facet normal 0.976331 -0.216283 0
    outer loop
      vertex 21.711 21.5376 0
      vertex 21.711 21.5376 8
      vertex 21.5978 21.0266 0
    endloop
  endfacet
  facet normal 0.976331 -0.216283 0
    outer loop
      vertex 21.5978 21.0266 8
      vertex 21.5978 21.0266 0
      vertex 21.711 21.5376 8
    endloop
  endfacet
  facet normal 0.953715 -0.300711 0
    outer loop
      vertex 21.8684 22.0368 0
      vertex 21.8684 22.0368 8
      vertex 21.711 21.5376 0
    endloop
  endfacet
  facet normal 0.953715 -0.300711 0
    outer loop
      vertex 21.711 21.5376 8
      vertex 21.711 21.5376 0
      vertex 21.8684 22.0368 8
    endloop
  endfacet
  facet normal 0.923821 -0.382824 0
    outer loop
      vertex 22.0688 22.5204 0
      vertex 22.0688 22.5204 8
      vertex 21.8684 22.0368 0
    endloop
  endfacet
  facet normal 0.923821 -0.382824 0
    outer loop
      vertex 21.8684 22.0368 8
      vertex 21.8684 22.0368 0
      vertex 22.0688 22.5204 8
    endloop
  endfacet
  facet normal 0.887089 -0.461599 0
    outer loop
      vertex 22.3104 22.9847 0
      vertex 22.3104 22.9847 8
      vertex 22.0688 22.5204 0
    endloop
  endfacet
  facet normal 0.887089 -0.461599 0
    outer loop
      vertex 22.0688 22.5204 8
      vertex 22.0688 22.5204 0
      vertex 22.3104 22.9847 8
    endloop
  endfacet
  facet normal 0.843362 -0.537345 0
    outer loop
      vertex 22.5917 23.4262 0
      vertex 22.5917 23.4262 8
      vertex 22.3104 22.9847 0
    endloop
  endfacet
  facet normal 0.843362 -0.537345 0
    outer loop
      vertex 22.3104 22.9847 8
      vertex 22.3104 22.9847 0
      vertex 22.5917 23.4262 8
    endloop
  endfacet
  facet normal 0.793348 -0.608768 0
    outer loop
      vertex 22.9103 23.8414 0
      vertex 22.9103 23.8414 8
      vertex 22.5917 23.4262 0
    endloop
  endfacet
  facet normal 0.793348 -0.608768 0
    outer loop
      vertex 22.5917 23.4262 8
      vertex 22.5917 23.4262 0
      vertex 22.9103 23.8414 8
    endloop
  endfacet
  facet normal 0.737194 -0.675681 0
    outer loop
      vertex 23.264 24.2273 0
      vertex 23.264 24.2273 8
      vertex 22.9103 23.8414 0
    endloop
  endfacet
  facet normal 0.737194 -0.675681 0
    outer loop
      vertex 22.9103 23.8414 8
      vertex 22.9103 23.8414 0
      vertex 23.264 24.2273 8
    endloop
  endfacet
  facet normal 0.675681 -0.737194 0
    outer loop
      vertex 23.6499 24.581 0
      vertex 23.6499 24.581 8
      vertex 23.264 24.2273 0
    endloop
  endfacet
  facet normal 0.675681 -0.737194 0
    outer loop
      vertex 23.264 24.2273 8
      vertex 23.264 24.2273 0
      vertex 23.6499 24.581 8
    endloop
  endfacet
  facet normal 0.608768 -0.793348 0
    outer loop
      vertex 24.0651 24.8996 0
      vertex 24.0651 24.8996 8
      vertex 23.6499 24.581 0
    endloop
  endfacet
  facet normal 0.608768 -0.793348 0
    outer loop
      vertex 23.6499 24.581 8
      vertex 23.6499 24.581 0
      vertex 24.0651 24.8996 8
    endloop
  endfacet
  facet normal 0.537345 -0.843362 0
    outer loop
      vertex 24.5066 25.1809 0
      vertex 24.5066 25.1809 8
      vertex 24.0651 24.8996 0
    endloop
  endfacet
  facet normal 0.537345 -0.843362 0
    outer loop
      vertex 24.0651 24.8996 8
      vertex 24.0651 24.8996 0
      vertex 24.5066 25.1809 8
    endloop
  endfacet
  facet normal 0.461599 -0.887089 0
    outer loop
      vertex 24.9709 25.4225 0
      vertex 24.9709 25.4225 8
      vertex 24.5066 25.1809 0
    endloop
  endfacet
  facet normal 0.461599 -0.887089 0
    outer loop
      vertex 24.5066 25.1809 8
      vertex 24.5066 25.1809 0
      vertex 24.9709 25.4225 8
    endloop
  endfacet
  facet normal 0.382824 -0.923821 0
    outer loop
      vertex 25.4545 25.6229 0
      vertex 25.4545 25.6229 8
      vertex 24.9709 25.4225 0
    endloop
  endfacet
  facet normal 0.382824 -0.923821 0
    outer loop
      vertex 24.9709 25.4225 8
      vertex 24.9709 25.4225 0
      vertex 25.4545 25.6229 8
    endloop
  endfacet
  facet normal 0.300711 -0.953715 0
    outer loop
      vertex 25.9537 25.7803 0
      vertex 25.9537 25.7803 8
      vertex 25.4545 25.6229 0
    endloop
  endfacet
  facet normal 0.300711 -0.953715 0
    outer loop
      vertex 25.4545 25.6229 8
      vertex 25.4545 25.6229 0
      vertex 25.9537 25.7803 8
    endloop
  endfacet
  facet normal 0.216283 -0.976331 0
    outer loop
      vertex 26.4647 25.8935 0
      vertex 26.4647 25.8935 8
      vertex 25.9537 25.7803 0
    endloop
  endfacet
  facet normal 0.216283 -0.976331 0
    outer loop
      vertex 25.9537 25.7803 8
      vertex 25.9537 25.7803 0
      vertex 26.4647 25.8935 8
    endloop
  endfacet
  facet normal 0.130662 -0.991427 0
    outer loop
      vertex 26.9837 25.9619 0
      vertex 26.9837 25.9619 8
      vertex 26.4647 25.8935 0
    endloop
  endfacet
  facet normal 0.130662 -0.991427 0
    outer loop
      vertex 26.4647 25.8935 8
      vertex 26.4647 25.8935 0
      vertex 26.9837 25.9619 8
    endloop
  endfacet
  facet normal 0.0435616 -0.999051 0
    outer loop
      vertex 27.5066 25.9847 0
      vertex 27.5066 25.9847 8
      vertex 26.9837 25.9619 0
    endloop
  endfacet
  facet normal 0.0435616 -0.999051 0
    outer loop
      vertex 26.9837 25.9619 8
      vertex 26.9837 25.9619 0
      vertex 27.5066 25.9847 8
    endloop
  endfacet
  facet normal -0.0435616 -0.999051 0
    outer loop
      vertex 28.0295 25.9619 0
      vertex 28.0295 25.9619 8
      vertex 27.5066 25.9847 0
    endloop
  endfacet
  facet normal -0.0435616 -0.999051 -0
    outer loop
      vertex 27.5066 25.9847 8
      vertex 27.5066 25.9847 0
      vertex 28.0295 25.9619 8
    endloop
  endfacet
  facet normal -0.130662 -0.991427 0
    outer loop
      vertex 28.5485 25.8935 0
      vertex 28.5485 25.8935 8
      vertex 28.0295 25.9619 0
    endloop
  endfacet
  facet normal -0.130662 -0.991427 -0
    outer loop
      vertex 28.0295 25.9619 8
      vertex 28.0295 25.9619 0
      vertex 28.5485 25.8935 8
    endloop
  endfacet
  facet normal -0.216283 -0.976331 0
    outer loop
      vertex 29.0595 25.7803 0
      vertex 29.0595 25.7803 8
      vertex 28.5485 25.8935 0
    endloop
  endfacet
  facet normal -0.216283 -0.976331 -0
    outer loop
      vertex 28.5485 25.8935 8
      vertex 28.5485 25.8935 0
      vertex 29.0595 25.7803 8
    endloop
  endfacet
  facet normal -0.300711 -0.953715 0
    outer loop
      vertex 29.5587 25.6229 0
      vertex 29.5587 25.6229 8
      vertex 29.0595 25.7803 0
    endloop
  endfacet
  facet normal -0.300711 -0.953715 -0
    outer loop
      vertex 29.0595 25.7803 8
      vertex 29.0595 25.7803 0
      vertex 29.5587 25.6229 8
    endloop
  endfacet
  facet normal -0.382824 -0.923821 0
    outer loop
      vertex 30.0423 25.4225 0
      vertex 30.0423 25.4225 8
      vertex 29.5587 25.6229 0
    endloop
  endfacet
  facet normal -0.382824 -0.923821 -0
    outer loop
      vertex 29.5587 25.6229 8
      vertex 29.5587 25.6229 0
      vertex 30.0423 25.4225 8
    endloop
  endfacet
  facet normal -0.461599 -0.887089 0
    outer loop
      vertex 30.5066 25.1809 0
      vertex 30.5066 25.1809 8
      vertex 30.0423 25.4225 0
    endloop
  endfacet
  facet normal -0.461599 -0.887089 -0
    outer loop
      vertex 30.0423 25.4225 8
      vertex 30.0423 25.4225 0
      vertex 30.5066 25.1809 8
    endloop
  endfacet
  facet normal -0.537345 -0.843362 0
    outer loop
      vertex 30.9481 24.8996 0
      vertex 30.9481 24.8996 8
      vertex 30.5066 25.1809 0
    endloop
  endfacet
  facet normal -0.537345 -0.843362 -0
    outer loop
      vertex 30.5066 25.1809 8
      vertex 30.5066 25.1809 0
      vertex 30.9481 24.8996 8
    endloop
  endfacet
  facet normal -0.608768 -0.793348 0
    outer loop
      vertex 31.3633 24.581 0
      vertex 31.3633 24.581 8
      vertex 30.9481 24.8996 0
    endloop
  endfacet
  facet normal -0.608768 -0.793348 -0
    outer loop
      vertex 30.9481 24.8996 8
      vertex 30.9481 24.8996 0
      vertex 31.3633 24.581 8
    endloop
  endfacet
  facet normal -0.675681 -0.737194 0
    outer loop
      vertex 31.7492 24.2273 0
      vertex 31.7492 24.2273 8
      vertex 31.3633 24.581 0
    endloop
  endfacet
  facet normal -0.675681 -0.737194 -0
    outer loop
      vertex 31.3633 24.581 8
      vertex 31.3633 24.581 0
      vertex 31.7492 24.2273 8
    endloop
  endfacet
  facet normal -0.737194 -0.675681 0
    outer loop
      vertex 32.1029 23.8414 0
      vertex 32.1029 23.8414 8
      vertex 31.7492 24.2273 0
    endloop
  endfacet
  facet normal -0.737194 -0.675681 -0
    outer loop
      vertex 31.7492 24.2273 8
      vertex 31.7492 24.2273 0
      vertex 32.1029 23.8414 8
    endloop
  endfacet
  facet normal -0.793348 -0.608768 0
    outer loop
      vertex 32.4215 23.4262 0
      vertex 32.4215 23.4262 8
      vertex 32.1029 23.8414 0
    endloop
  endfacet
  facet normal -0.793348 -0.608768 -0
    outer loop
      vertex 32.1029 23.8414 8
      vertex 32.1029 23.8414 0
      vertex 32.4215 23.4262 8
    endloop
  endfacet
  facet normal -0.843362 -0.537345 0
    outer loop
      vertex 32.7028 22.9847 0
      vertex 32.7028 22.9847 8
      vertex 32.4215 23.4262 0
    endloop
  endfacet
  facet normal -0.843362 -0.537345 -0
    outer loop
      vertex 32.4215 23.4262 8
      vertex 32.4215 23.4262 0
      vertex 32.7028 22.9847 8
    endloop
  endfacet
  facet normal -0.887089 -0.461599 0
    outer loop
      vertex 32.9444 22.5204 0
      vertex 32.9444 22.5204 8
      vertex 32.7028 22.9847 0
    endloop
  endfacet
  facet normal -0.887089 -0.461599 -0
    outer loop
      vertex 32.7028 22.9847 8
      vertex 32.7028 22.9847 0
      vertex 32.9444 22.5204 8
    endloop
  endfacet
  facet normal -0.923821 -0.382824 0
    outer loop
      vertex 33.1448 22.0368 0
      vertex 33.1448 22.0368 8
      vertex 32.9444 22.5204 0
    endloop
  endfacet
  facet normal -0.923821 -0.382824 -0
    outer loop
      vertex 32.9444 22.5204 8
      vertex 32.9444 22.5204 0
      vertex 33.1448 22.0368 8
    endloop
  endfacet
  facet normal -0.953715 -0.300711 0
    outer loop
      vertex 33.3022 21.5376 0
      vertex 33.3022 21.5376 8
      vertex 33.1448 22.0368 0
    endloop
  endfacet
  facet normal -0.953715 -0.300711 -0
    outer loop
      vertex 33.1448 22.0368 8
      vertex 33.1448 22.0368 0
      vertex 33.3022 21.5376 8
    endloop
  endfacet
  facet normal -0.976331 -0.216283 0
    outer loop
      vertex 33.4154 21.0266 0
      vertex 33.4154 21.0266 8
      vertex 33.3022 21.5376 0
    endloop
  endfacet
  facet normal -0.976331 -0.216283 -0
    outer loop
      vertex 33.3022 21.5376 8
      vertex 33.3022 21.5376 0
      vertex 33.4154 21.0266 8
    endloop
  endfacet
  facet normal -0.991427 -0.130662 0
    outer loop
      vertex 33.4838 20.5076 0
      vertex 33.4838 20.5076 8
      vertex 33.4154 21.0266 0
    endloop
  endfacet
  facet normal -0.991427 -0.130662 -0
    outer loop
      vertex 33.4154 21.0266 8
      vertex 33.4154 21.0266 0
      vertex 33.4838 20.5076 8
    endloop
  endfacet
  facet normal -0.999051 -0.0435616 0
    outer loop
      vertex 33.5066 19.9847 0
      vertex 33.5066 19.9847 8
      vertex 33.4838 20.5076 0
    endloop
  endfacet
  facet normal -0.999051 -0.0435616 -0
    outer loop
      vertex 33.4838 20.5076 8
      vertex 33.4838 20.5076 0
      vertex 33.5066 19.9847 8
    endloop
  endfacet
  facet normal -0.999051 0.0435616 0
    outer loop
      vertex 33.4838 19.4618 0
      vertex 33.4838 19.4618 8
      vertex 33.5066 19.9847 0
    endloop
  endfacet
  facet normal -0.999051 0.0435616 0
    outer loop
      vertex 33.5066 19.9847 8
      vertex 33.5066 19.9847 0
      vertex 33.4838 19.4618 8
    endloop
  endfacet
  facet normal -0.991427 0.130662 0
    outer loop
      vertex 33.4154 18.9428 0
      vertex 33.4154 18.9428 8
      vertex 33.4838 19.4618 0
    endloop
  endfacet
  facet normal -0.991427 0.130662 0
    outer loop
      vertex 33.4838 19.4618 8
      vertex 33.4838 19.4618 0
      vertex 33.4154 18.9428 8
    endloop
  endfacet
  facet normal -0.976331 0.216283 0
    outer loop
      vertex 33.3022 18.4318 0
      vertex 33.3022 18.4318 8
      vertex 33.4154 18.9428 0
    endloop
  endfacet
  facet normal -0.976331 0.216283 0
    outer loop
      vertex 33.4154 18.9428 8
      vertex 33.4154 18.9428 0
      vertex 33.3022 18.4318 8
    endloop
  endfacet
  facet normal -0.953715 0.300711 0
    outer loop
      vertex 33.1448 17.9326 0
      vertex 33.1448 17.9326 8
      vertex 33.3022 18.4318 0
    endloop
  endfacet
  facet normal -0.953715 0.300711 0
    outer loop
      vertex 33.3022 18.4318 8
      vertex 33.3022 18.4318 0
      vertex 33.1448 17.9326 8
    endloop
  endfacet
  facet normal -0.923821 0.382824 0
    outer loop
      vertex 32.9444 17.449 0
      vertex 32.9444 17.449 8
      vertex 33.1448 17.9326 0
    endloop
  endfacet
  facet normal -0.923821 0.382824 0
    outer loop
      vertex 33.1448 17.9326 8
      vertex 33.1448 17.9326 0
      vertex 32.9444 17.449 8
    endloop
  endfacet
  facet normal -0.887089 0.461599 0
    outer loop
      vertex 32.7028 16.9847 0
      vertex 32.7028 16.9847 8
      vertex 32.9444 17.449 0
    endloop
  endfacet
  facet normal -0.887089 0.461599 0
    outer loop
      vertex 32.9444 17.449 8
      vertex 32.9444 17.449 0
      vertex 32.7028 16.9847 8
    endloop
  endfacet
  facet normal -0.843362 0.537345 0
    outer loop
      vertex 32.4215 16.5432 0
      vertex 32.4215 16.5432 8
      vertex 32.7028 16.9847 0
    endloop
  endfacet
  facet normal -0.843362 0.537345 0
    outer loop
      vertex 32.7028 16.9847 8
      vertex 32.7028 16.9847 0
      vertex 32.4215 16.5432 8
    endloop
  endfacet
  facet normal -0.793348 0.608768 0
    outer loop
      vertex 32.1029 16.128 0
      vertex 32.1029 16.128 8
      vertex 32.4215 16.5432 0
    endloop
  endfacet
  facet normal -0.793348 0.608768 0
    outer loop
      vertex 32.4215 16.5432 8
      vertex 32.4215 16.5432 0
      vertex 32.1029 16.128 8
    endloop
  endfacet
  facet normal -0.737194 0.675681 0
    outer loop
      vertex 31.7492 15.7421 0
      vertex 31.7492 15.7421 8
      vertex 32.1029 16.128 0
    endloop
  endfacet
  facet normal -0.737194 0.675681 0
    outer loop
      vertex 32.1029 16.128 8
      vertex 32.1029 16.128 0
      vertex 31.7492 15.7421 8
    endloop
  endfacet
  facet normal -0.675681 0.737194 0
    outer loop
      vertex 31.3633 15.3884 0
      vertex 31.3633 15.3884 8
      vertex 31.7492 15.7421 0
    endloop
  endfacet
  facet normal -0.675681 0.737194 0
    outer loop
      vertex 31.7492 15.7421 8
      vertex 31.7492 15.7421 0
      vertex 31.3633 15.3884 8
    endloop
  endfacet
  facet normal -0.608768 0.793348 0
    outer loop
      vertex 30.9481 15.0698 0
      vertex 30.9481 15.0698 8
      vertex 31.3633 15.3884 0
    endloop
  endfacet
  facet normal -0.608768 0.793348 0
    outer loop
      vertex 31.3633 15.3884 8
      vertex 31.3633 15.3884 0
      vertex 30.9481 15.0698 8
    endloop
  endfacet
  facet normal -0.537345 0.843362 0
    outer loop
      vertex 30.5066 14.7885 0
      vertex 30.5066 14.7885 8
      vertex 30.9481 15.0698 0
    endloop
  endfacet
  facet normal -0.537345 0.843362 0
    outer loop
      vertex 30.9481 15.0698 8
      vertex 30.9481 15.0698 0
      vertex 30.5066 14.7885 8
    endloop
  endfacet
  facet normal -0.461599 0.887089 0
    outer loop
      vertex 30.0423 14.5469 0
      vertex 30.0423 14.5469 8
      vertex 30.5066 14.7885 0
    endloop
  endfacet
  facet normal -0.461599 0.887089 0
    outer loop
      vertex 30.5066 14.7885 8
      vertex 30.5066 14.7885 0
      vertex 30.0423 14.5469 8
    endloop
  endfacet
  facet normal -0.382824 0.923821 0
    outer loop
      vertex 29.5587 14.3465 0
      vertex 29.5587 14.3465 8
      vertex 30.0423 14.5469 0
    endloop
  endfacet
  facet normal -0.382824 0.923821 0
    outer loop
      vertex 30.0423 14.5469 8
      vertex 30.0423 14.5469 0
      vertex 29.5587 14.3465 8
    endloop
  endfacet
  facet normal -0.300711 0.953715 0
    outer loop
      vertex 29.0595 14.1891 0
      vertex 29.0595 14.1891 8
      vertex 29.5587 14.3465 0
    endloop
  endfacet
  facet normal -0.300711 0.953715 0
    outer loop
      vertex 29.5587 14.3465 8
      vertex 29.5587 14.3465 0
      vertex 29.0595 14.1891 8
    endloop
  endfacet
  facet normal -0.216283 0.976331 0
    outer loop
      vertex 28.5485 14.0759 0
      vertex 28.5485 14.0759 8
      vertex 29.0595 14.1891 0
    endloop
  endfacet
  facet normal -0.216283 0.976331 0
    outer loop
      vertex 29.0595 14.1891 8
      vertex 29.0595 14.1891 0
      vertex 28.5485 14.0759 8
    endloop
  endfacet
  facet normal -0.130662 0.991427 0
    outer loop
      vertex 28.0295 14.0075 0
      vertex 28.0295 14.0075 8
      vertex 28.5485 14.0759 0
    endloop
  endfacet
  facet normal -0.130662 0.991427 0
    outer loop
      vertex 28.5485 14.0759 8
      vertex 28.5485 14.0759 0
      vertex 28.0295 14.0075 8
    endloop
  endfacet
  facet normal -0.0435616 0.999051 0
    outer loop
      vertex 27.5066 13.9847 0
      vertex 27.5066 13.9847 8
      vertex 28.0295 14.0075 0
    endloop
  endfacet
  facet normal -0.0435616 0.999051 0
    outer loop
      vertex 28.0295 14.0075 8
      vertex 28.0295 14.0075 0
      vertex 27.5066 13.9847 8
    endloop
  endfacet
  facet normal 0.0435616 0.999051 -0
    outer loop
      vertex 26.9837 14.0075 0
      vertex 26.9837 14.0075 8
      vertex 27.5066 13.9847 0
    endloop
  endfacet
  facet normal 0.0435616 0.999051 0
    outer loop
      vertex 27.5066 13.9847 8
      vertex 27.5066 13.9847 0
      vertex 26.9837 14.0075 8
    endloop
  endfacet
  facet normal 0.1305 0.991448 -0
    outer loop
      vertex -3.47299 -19.6962 0
      vertex -3.47299 -19.6962 8
      vertex -1.74309 -19.9239 0
    endloop
  endfacet
  facet normal 0.1305 0.991448 0
    outer loop
      vertex -1.74309 -19.9239 8
      vertex -1.74309 -19.9239 0
      vertex -3.47299 -19.6962 8
    endloop
  endfacet
  facet normal 0.216475 0.976288 -0
    outer loop
      vertex -5.17639 -19.3185 0
      vertex -5.17639 -19.3185 8
      vertex -3.47299 -19.6962 0
    endloop
  endfacet
  facet normal 0.216475 0.976288 0
    outer loop
      vertex -3.47299 -19.6962 8
      vertex -3.47299 -19.6962 0
      vertex -5.17639 -19.3185 8
    endloop
  endfacet
  facet normal 0.300676 0.953726 -0
    outer loop
      vertex -6.84039 -18.7939 0
      vertex -6.84039 -18.7939 8
      vertex -5.17639 -19.3185 0
    endloop
  endfacet
  facet normal 0.300676 0.953726 0
    outer loop
      vertex -5.17639 -19.3185 8
      vertex -5.17639 -19.3185 0
      vertex -6.84039 -18.7939 8
    endloop
  endfacet
  facet normal 0.382677 0.923882 -0
    outer loop
      vertex -8.45239 -18.1262 0
      vertex -8.45239 -18.1262 8
      vertex -6.84039 -18.7939 0
    endloop
  endfacet
  facet normal 0.382677 0.923882 0
    outer loop
      vertex -6.84039 -18.7939 8
      vertex -6.84039 -18.7939 0
      vertex -8.45239 -18.1262 8
    endloop
  endfacet
  facet normal 0.461778 0.886996 -0
    outer loop
      vertex -10 -17.3205 0
      vertex -10 -17.3205 8
      vertex -8.45239 -18.1262 0
    endloop
  endfacet
  facet normal 0.461778 0.886996 0
    outer loop
      vertex -8.45239 -18.1262 8
      vertex -8.45239 -18.1262 0
      vertex -10 -17.3205 8
    endloop
  endfacet
  facet normal 0.53732 0.843378 -0
    outer loop
      vertex -11.4715 -16.383 0
      vertex -11.4715 -16.383 8
      vertex -10 -17.3205 0
    endloop
  endfacet
  facet normal 0.53732 0.843378 0
    outer loop
      vertex -10 -17.3205 8
      vertex -10 -17.3205 0
      vertex -11.4715 -16.383 8
    endloop
  endfacet
  facet normal 0.608721 0.793384 -0
    outer loop
      vertex -12.8558 -15.3209 0
      vertex -12.8558 -15.3209 8
      vertex -11.4715 -16.383 0
    endloop
  endfacet
  facet normal 0.608721 0.793384 0
    outer loop
      vertex -11.4715 -16.383 8
      vertex -11.4715 -16.383 0
      vertex -12.8558 -15.3209 8
    endloop
  endfacet
  facet normal 0.675629 0.737242 -0
    outer loop
      vertex -14.1421 -14.1421 0
      vertex -14.1421 -14.1421 8
      vertex -12.8558 -15.3209 0
    endloop
  endfacet
  facet normal 0.675629 0.737242 0
    outer loop
      vertex -12.8558 -15.3209 8
      vertex -12.8558 -15.3209 0
      vertex -14.1421 -14.1421 8
    endloop
  endfacet
  facet normal 0.737242 0.675629 -0
    outer loop
      vertex -15.3209 -12.8558 0
      vertex -15.3209 -12.8558 8
      vertex -14.1421 -14.1421 0
    endloop
  endfacet
  facet normal 0.737242 0.675629 0
    outer loop
      vertex -14.1421 -14.1421 8
      vertex -14.1421 -14.1421 0
      vertex -15.3209 -12.8558 8
    endloop
  endfacet
  facet normal 0.793384 0.608721 -0
    outer loop
      vertex -16.383 -11.4715 0
      vertex -16.383 -11.4715 8
      vertex -15.3209 -12.8558 0
    endloop
  endfacet
  facet normal 0.793384 0.608721 0
    outer loop
      vertex -15.3209 -12.8558 8
      vertex -15.3209 -12.8558 0
      vertex -16.383 -11.4715 8
    endloop
  endfacet
  facet normal 0.843378 0.53732 -0
    outer loop
      vertex -17.3205 -10 0
      vertex -17.3205 -10 8
      vertex -16.383 -11.4715 0
    endloop
  endfacet
  facet normal 0.843378 0.53732 0
    outer loop
      vertex -16.383 -11.4715 8
      vertex -16.383 -11.4715 0
      vertex -17.3205 -10 8
    endloop
  endfacet
  facet normal 0.886996 0.461778 -0
    outer loop
      vertex -18.1262 -8.45239 0
      vertex -18.1262 -8.45239 8
      vertex -17.3205 -10 0
    endloop
  endfacet
  facet normal 0.886996 0.461778 0
    outer loop
      vertex -17.3205 -10 8
      vertex -17.3205 -10 0
      vertex -18.1262 -8.45239 8
    endloop
  endfacet
  facet normal 0.923882 0.382677 -0
    outer loop
      vertex -18.7939 -6.84039 0
      vertex -18.7939 -6.84039 8
      vertex -18.1262 -8.45239 0
    endloop
  endfacet
  facet normal 0.923882 0.382677 0
    outer loop
      vertex -18.1262 -8.45239 8
      vertex -18.1262 -8.45239 0
      vertex -18.7939 -6.84039 8
    endloop
  endfacet
  facet normal 0.953726 0.300676 -0
    outer loop
      vertex -19.3185 -5.17639 0
      vertex -19.3185 -5.17639 8
      vertex -18.7939 -6.84039 0
    endloop
  endfacet
  facet normal 0.953726 0.300676 0
    outer loop
      vertex -18.7939 -6.84039 8
      vertex -18.7939 -6.84039 0
      vertex -19.3185 -5.17639 8
    endloop
  endfacet
  facet normal 0.976288 0.216475 -0
    outer loop
      vertex -19.6962 -3.47299 0
      vertex -19.6962 -3.47299 8
      vertex -19.3185 -5.17639 0
    endloop
  endfacet
  facet normal 0.976288 0.216475 0
    outer loop
      vertex -19.3185 -5.17639 8
      vertex -19.3185 -5.17639 0
      vertex -19.6962 -3.47299 8
    endloop
  endfacet
  facet normal 0.991448 0.1305 -0
    outer loop
      vertex -19.9239 -1.74309 0
      vertex -19.9239 -1.74309 8
      vertex -19.6962 -3.47299 0
    endloop
  endfacet
  facet normal 0.991448 0.1305 0
    outer loop
      vertex -19.6962 -3.47299 8
      vertex -19.6962 -3.47299 0
      vertex -19.9239 -1.74309 8
    endloop
  endfacet
  facet normal 0.999048 0.0436166 -0
    outer loop
      vertex -20 0 0
      vertex -20 0 8
      vertex -19.9239 -1.74309 0
    endloop
  endfacet
  facet normal 0.999048 0.0436166 0
    outer loop
      vertex -19.9239 -1.74309 8
      vertex -19.9239 -1.74309 0
      vertex -20 0 8
    endloop
  endfacet
  facet normal 0.999048 -0.0436166 0
    outer loop
      vertex -19.9239 1.74309 0
      vertex -19.9239 1.74309 8
      vertex -20 0 0
    endloop
  endfacet
  facet normal 0.999048 -0.0436166 0
    outer loop
      vertex -20 0 8
      vertex -20 0 0
      vertex -19.9239 1.74309 8
    endloop
  endfacet
  facet normal 0.991448 -0.1305 0
    outer loop
      vertex -19.6962 3.47299 0
      vertex -19.6962 3.47299 8
      vertex -19.9239 1.74309 0
    endloop
  endfacet
  facet normal 0.991448 -0.1305 0
    outer loop
      vertex -19.9239 1.74309 8
      vertex -19.9239 1.74309 0
      vertex -19.6962 3.47299 8
    endloop
  endfacet
  facet normal 0.976288 -0.216475 0
    outer loop
      vertex -19.3185 5.17639 0
      vertex -19.3185 5.17639 8
      vertex -19.6962 3.47299 0
    endloop
  endfacet
  facet normal 0.976288 -0.216475 0
    outer loop
      vertex -19.6962 3.47299 8
      vertex -19.6962 3.47299 0
      vertex -19.3185 5.17639 8
    endloop
  endfacet
  facet normal 0.953726 -0.300676 0
    outer loop
      vertex -18.7939 6.84039 0
      vertex -18.7939 6.84039 8
      vertex -19.3185 5.17639 0
    endloop
  endfacet
  facet normal 0.953726 -0.300676 0
    outer loop
      vertex -19.3185 5.17639 8
      vertex -19.3185 5.17639 0
      vertex -18.7939 6.84039 8
    endloop
  endfacet
  facet normal 0.923882 -0.382677 0
    outer loop
      vertex -18.1262 8.45239 0
      vertex -18.1262 8.45239 8
      vertex -18.7939 6.84039 0
    endloop
  endfacet
  facet normal 0.923882 -0.382677 0
    outer loop
      vertex -18.7939 6.84039 8
      vertex -18.7939 6.84039 0
      vertex -18.1262 8.45239 8
    endloop
  endfacet
  facet normal 0.886996 -0.461778 0
    outer loop
      vertex -17.3205 10 0
      vertex -17.3205 10 8
      vertex -18.1262 8.45239 0
    endloop
  endfacet
  facet normal 0.886996 -0.461778 0
    outer loop
      vertex -18.1262 8.45239 8
      vertex -18.1262 8.45239 0
      vertex -17.3205 10 8
    endloop
  endfacet
  facet normal 0.843378 -0.53732 0
    outer loop
      vertex -16.383 11.4715 0
      vertex -16.383 11.4715 8
      vertex -17.3205 10 0
    endloop
  endfacet
  facet normal 0.843378 -0.53732 0
    outer loop
      vertex -17.3205 10 8
      vertex -17.3205 10 0
      vertex -16.383 11.4715 8
    endloop
  endfacet
  facet normal 0.793384 -0.608721 0
    outer loop
      vertex -15.3209 12.8558 0
      vertex -15.3209 12.8558 8
      vertex -16.383 11.4715 0
    endloop
  endfacet
  facet normal 0.793384 -0.608721 0
    outer loop
      vertex -16.383 11.4715 8
      vertex -16.383 11.4715 0
      vertex -15.3209 12.8558 8
    endloop
  endfacet
  facet normal 0.737242 -0.675629 0
    outer loop
      vertex -14.1421 14.1421 0
      vertex -14.1421 14.1421 8
      vertex -15.3209 12.8558 0
    endloop
  endfacet
  facet normal 0.737242 -0.675629 0
    outer loop
      vertex -15.3209 12.8558 8
      vertex -15.3209 12.8558 0
      vertex -14.1421 14.1421 8
    endloop
  endfacet
  facet normal 0.675629 -0.737242 0
    outer loop
      vertex -12.8558 15.3209 0
      vertex -12.8558 15.3209 8
      vertex -14.1421 14.1421 0
    endloop
  endfacet
  facet normal 0.675629 -0.737242 0
    outer loop
      vertex -14.1421 14.1421 8
      vertex -14.1421 14.1421 0
      vertex -12.8558 15.3209 8
    endloop
  endfacet
  facet normal 0.608721 -0.793384 0
    outer loop
      vertex -11.4715 16.383 0
      vertex -11.4715 16.383 8
      vertex -12.8558 15.3209 0
    endloop
  endfacet
  facet normal 0.608721 -0.793384 0
    outer loop
      vertex -12.8558 15.3209 8
      vertex -12.8558 15.3209 0
      vertex -11.4715 16.383 8
    endloop
  endfacet
  facet normal 0.53732 -0.843378 0
    outer loop
      vertex -10 17.3205 0
      vertex -10 17.3205 8
      vertex -11.4715 16.383 0
    endloop
  endfacet
  facet normal 0.53732 -0.843378 0
    outer loop
      vertex -11.4715 16.383 8
      vertex -11.4715 16.383 0
      vertex -10 17.3205 8
    endloop
  endfacet
  facet normal 0.461778 -0.886996 0
    outer loop
      vertex -8.45239 18.1262 0
      vertex -8.45239 18.1262 8
      vertex -10 17.3205 0
    endloop
  endfacet
  facet normal 0.461778 -0.886996 0
    outer loop
      vertex -10 17.3205 8
      vertex -10 17.3205 0
      vertex -8.45239 18.1262 8
    endloop
  endfacet
  facet normal 0.382677 -0.923882 0
    outer loop
      vertex -6.84039 18.7939 0
      vertex -6.84039 18.7939 8
      vertex -8.45239 18.1262 0
    endloop
  endfacet
  facet normal 0.382677 -0.923882 0
    outer loop
      vertex -8.45239 18.1262 8
      vertex -8.45239 18.1262 0
      vertex -6.84039 18.7939 8
    endloop
  endfacet
  facet normal 0.300676 -0.953726 0
    outer loop
      vertex -5.17639 19.3185 0
      vertex -5.17639 19.3185 8
      vertex -6.84039 18.7939 0
    endloop
  endfacet
  facet normal 0.300676 -0.953726 0
    outer loop
      vertex -6.84039 18.7939 8
      vertex -6.84039 18.7939 0
      vertex -5.17639 19.3185 8
    endloop
  endfacet
  facet normal 0.216475 -0.976288 0
    outer loop
      vertex -3.47299 19.6962 0
      vertex -3.47299 19.6962 8
      vertex -5.17639 19.3185 0
    endloop
  endfacet
  facet normal 0.216475 -0.976288 0
    outer loop
      vertex -5.17639 19.3185 8
      vertex -5.17639 19.3185 0
      vertex -3.47299 19.6962 8
    endloop
  endfacet
  facet normal 0.1305 -0.991448 0
    outer loop
      vertex -1.74309 19.9239 0
      vertex -1.74309 19.9239 8
      vertex -3.47299 19.6962 0
    endloop
  endfacet
  facet normal 0.1305 -0.991448 0
    outer loop
      vertex -3.47299 19.6962 8
      vertex -3.47299 19.6962 0
      vertex -1.74309 19.9239 8
    endloop
  endfacet
  facet normal 0.0436166 -0.999048 0
    outer loop
      vertex 0 20 0
      vertex 0 20 8
      vertex -1.74309 19.9239 0
    endloop
  endfacet
  facet normal 0.0436166 -0.999048 0
    outer loop
      vertex -1.74309 19.9239 8
      vertex -1.74309 19.9239 0
      vertex 0 20 8
    endloop
  endfacet
  facet normal -0.0436166 -0.999048 0
    outer loop
      vertex 1.74309 19.9239 0
      vertex 1.74309 19.9239 8
      vertex 0 20 0
    endloop
  endfacet
  facet normal -0.0436166 -0.999048 -0
    outer loop
      vertex 0 20 8
      vertex 0 20 0
      vertex 1.74309 19.9239 8
    endloop
  endfacet
  facet normal -0.1305 -0.991448 0
    outer loop
      vertex 3.47299 19.6962 0
      vertex 3.47299 19.6962 8
      vertex 1.74309 19.9239 0
    endloop
  endfacet
  facet normal -0.1305 -0.991448 -0
    outer loop
      vertex 1.74309 19.9239 8
      vertex 1.74309 19.9239 0
      vertex 3.47299 19.6962 8
    endloop
  endfacet
  facet normal -0.216475 -0.976288 0
    outer loop
      vertex 5.17639 19.3185 0
      vertex 5.17639 19.3185 8
      vertex 3.47299 19.6962 0
    endloop
  endfacet
  facet normal -0.216475 -0.976288 -0
    outer loop
      vertex 3.47299 19.6962 8
      vertex 3.47299 19.6962 0
      vertex 5.17639 19.3185 8
    endloop
  endfacet
  facet normal -0.300676 -0.953726 0
    outer loop
      vertex 6.84039 18.7939 0
      vertex 6.84039 18.7939 8
      vertex 5.17639 19.3185 0
    endloop
  endfacet
  facet normal -0.300676 -0.953726 -0
    outer loop
      vertex 5.17639 19.3185 8
      vertex 5.17639 19.3185 0
      vertex 6.84039 18.7939 8
    endloop
  endfacet
  facet normal -0.382677 -0.923882 0
    outer loop
      vertex 8.45239 18.1262 0
      vertex 8.45239 18.1262 8
      vertex 6.84039 18.7939 0
    endloop
  endfacet
  facet normal -0.382677 -0.923882 -0
    outer loop
      vertex 6.84039 18.7939 8
      vertex 6.84039 18.7939 0
      vertex 8.45239 18.1262 8
    endloop
  endfacet
  facet normal -0.461778 -0.886996 0
    outer loop
      vertex 10 17.3205 0
      vertex 10 17.3205 8
      vertex 8.45239 18.1262 0
    endloop
  endfacet
  facet normal -0.461778 -0.886996 -0
    outer loop
      vertex 8.45239 18.1262 8
      vertex 8.45239 18.1262 0
      vertex 10 17.3205 8
    endloop
  endfacet
  facet normal -0.53732 -0.843378 0
    outer loop
      vertex 11.4715 16.383 0
      vertex 11.4715 16.383 8
      vertex 10 17.3205 0
    endloop
  endfacet
  facet normal -0.53732 -0.843378 -0
    outer loop
      vertex 10 17.3205 8
      vertex 10 17.3205 0
      vertex 11.4715 16.383 8
    endloop
  endfacet
  facet normal -0.608721 -0.793384 0
    outer loop
      vertex 12.8558 15.3209 0
      vertex 12.8558 15.3209 8
      vertex 11.4715 16.383 0
    endloop
  endfacet
  facet normal -0.608721 -0.793384 -0
    outer loop
      vertex 11.4715 16.383 8
      vertex 11.4715 16.383 0
      vertex 12.8558 15.3209 8
    endloop
  endfacet
  facet normal -0.675629 -0.737242 0
    outer loop
      vertex 14.1421 14.1421 0
      vertex 14.1421 14.1421 8
      vertex 12.8558 15.3209 0
    endloop
  endfacet
  facet normal -0.675629 -0.737242 -0
    outer loop
      vertex 12.8558 15.3209 8
      vertex 12.8558 15.3209 0
      vertex 14.1421 14.1421 8
    endloop
  endfacet
  facet normal -0.737242 -0.675629 0
    outer loop
      vertex 15.3209 12.8558 0
      vertex 15.3209 12.8558 8
      vertex 14.1421 14.1421 0
    endloop
  endfacet
  facet normal -0.737242 -0.675629 -0
    outer loop
      vertex 14.1421 14.1421 8
      vertex 14.1421 14.1421 0
      vertex 15.3209 12.8558 8
    endloop
  endfacet
  facet normal -0.793384 -0.608721 0
    outer loop
      vertex 16.383 11.4715 0
      vertex 16.383 11.4715 8
      vertex 15.3209 12.8558 0
    endloop
  endfacet
  facet normal -0.793384 -0.608721 -0
    outer loop
      vertex 15.3209 12.8558 8
      vertex 15.3209 12.8558 0
      vertex 16.383 11.4715 8
    endloop
  endfacet
  facet normal -0.843378 -0.53732 0
    outer loop
      vertex 17.3205 10 0
      vertex 17.3205 10 8
      vertex 16.383 11.4715 0
    endloop
  endfacet
  facet normal -0.843378 -0.53732 -0
    outer loop
      vertex 16.383 11.4715 8
      vertex 16.383 11.4715 0
      vertex 17.3205 10 8
    endloop
  endfacet
  facet normal -0.886996 -0.461778 0
    outer loop
      vertex 18.1262 8.45239 0
      vertex 18.1262 8.45239 8
      vertex 17.3205 10 0
    endloop
  endfacet
  facet normal -0.886996 -0.461778 -0
    outer loop
      vertex 17.3205 10 8
      vertex 17.3205 10 0
      vertex 18.1262 8.45239 8
    endloop
  endfacet
  facet normal -0.923882 -0.382677 0
    outer loop
      vertex 18.7939 6.84039 0
      vertex 18.7939 6.84039 8
      vertex 18.1262 8.45239 0
    endloop
  endfacet
  facet normal -0.923882 -0.382677 -0
    outer loop
      vertex 18.1262 8.45239 8
      vertex 18.1262 8.45239 0
      vertex 18.7939 6.84039 8
    endloop
  endfacet
  facet normal -0.953726 -0.300676 0
    outer loop
      vertex 19.3185 5.17639 0
      vertex 19.3185 5.17639 8
      vertex 18.7939 6.84039 0
    endloop
  endfacet
  facet normal -0.953726 -0.300676 -0
    outer loop
      vertex 18.7939 6.84039 8
      vertex 18.7939 6.84039 0
      vertex 19.3185 5.17639 8
    endloop
  endfacet
  facet normal -0.976288 -0.216475 0
    outer loop
      vertex 19.6962 3.47299 0
      vertex 19.6962 3.47299 8
      vertex 19.3185 5.17639 0
    endloop
  endfacet
  facet normal -0.976288 -0.216475 -0
    outer loop
      vertex 19.3185 5.17639 8
      vertex 19.3185 5.17639 0
      vertex 19.6962 3.47299 8
    endloop
  endfacet
  facet normal -0.991448 -0.1305 0
    outer loop
      vertex 19.9239 1.74309 0
      vertex 19.9239 1.74309 8
      vertex 19.6962 3.47299 0
    endloop
  endfacet
  facet normal -0.991448 -0.1305 -0
    outer loop
      vertex 19.6962 3.47299 8
      vertex 19.6962 3.47299 0
      vertex 19.9239 1.74309 8
    endloop
  endfacet
  facet normal -0.999048 -0.0436166 0
    outer loop
      vertex 20 0 0
      vertex 20 0 8
      vertex 19.9239 1.74309 0
    endloop
  endfacet
  facet normal -0.999048 -0.0436166 -0
    outer loop
      vertex 19.9239 1.74309 8
      vertex 19.9239 1.74309 0
      vertex 20 0 8
    endloop
  endfacet
  facet normal -0.999048 0.0436166 0
    outer loop
      vertex 19.9239 -1.74309 0
      vertex 19.9239 -1.74309 8
      vertex 20 0 0
    endloop
  endfacet
  facet normal -0.999048 0.0436166 0
    outer loop
      vertex 20 0 8
      vertex 20 0 0
      vertex 19.9239 -1.74309 8
    endloop
  endfacet
  facet normal -0.991448 0.1305 0
    outer loop
      vertex 19.6962 -3.47299 0
      vertex 19.6962 -3.47299 8
      vertex 19.9239 -1.74309 0
    endloop
  endfacet
  facet normal -0.991448 0.1305 0
    outer loop
      vertex 19.9239 -1.74309 8
      vertex 19.9239 -1.74309 0
      vertex 19.6962 -3.47299 8
    endloop
  endfacet
  facet normal -0.976288 0.216475 0
    outer loop
      vertex 19.3185 -5.17639 0
      vertex 19.3185 -5.17639 8
      vertex 19.6962 -3.47299 0
    endloop
  endfacet
  facet normal -0.976288 0.216475 0
    outer loop
      vertex 19.6962 -3.47299 8
      vertex 19.6962 -3.47299 0
      vertex 19.3185 -5.17639 8
    endloop
  endfacet
  facet normal -0.953726 0.300676 0
    outer loop
      vertex 18.7939 -6.84039 0
      vertex 18.7939 -6.84039 8
      vertex 19.3185 -5.17639 0
    endloop
  endfacet
  facet normal -0.953726 0.300676 0
    outer loop
      vertex 19.3185 -5.17639 8
      vertex 19.3185 -5.17639 0
      vertex 18.7939 -6.84039 8
    endloop
  endfacet
  facet normal -0.923882 0.382677 0
    outer loop
      vertex 18.1262 -8.45239 0
      vertex 18.1262 -8.45239 8
      vertex 18.7939 -6.84039 0
    endloop
  endfacet
  facet normal -0.923882 0.382677 0
    outer loop
      vertex 18.7939 -6.84039 8
      vertex 18.7939 -6.84039 0
      vertex 18.1262 -8.45239 8
    endloop
  endfacet
  facet normal -0.886996 0.461778 0
    outer loop
      vertex 17.3205 -10 0
      vertex 17.3205 -10 8
      vertex 18.1262 -8.45239 0
    endloop
  endfacet
  facet normal -0.886996 0.461778 0
    outer loop
      vertex 18.1262 -8.45239 8
      vertex 18.1262 -8.45239 0
      vertex 17.3205 -10 8
    endloop
  endfacet
  facet normal -0.843378 0.53732 0
    outer loop
      vertex 16.383 -11.4715 0
      vertex 16.383 -11.4715 8
      vertex 17.3205 -10 0
    endloop
  endfacet
  facet normal -0.843378 0.53732 0
    outer loop
      vertex 17.3205 -10 8
      vertex 17.3205 -10 0
      vertex 16.383 -11.4715 8
    endloop
  endfacet
  facet normal -0.793384 0.608721 0
    outer loop
      vertex 15.3209 -12.8558 0
      vertex 15.3209 -12.8558 8
      vertex 16.383 -11.4715 0
    endloop
  endfacet
  facet normal -0.793384 0.608721 0
    outer loop
      vertex 16.383 -11.4715 8
      vertex 16.383 -11.4715 0
      vertex 15.3209 -12.8558 8
    endloop
  endfacet
  facet normal -0.737242 0.675629 0
    outer loop
      vertex 14.1421 -14.1421 0
      vertex 14.1421 -14.1421 8
      vertex 15.3209 -12.8558 0
    endloop
  endfacet
  facet normal -0.737242 0.675629 0
    outer loop
      vertex 15.3209 -12.8558 8
      vertex 15.3209 -12.8558 0
      vertex 14.1421 -14.1421 8
    endloop
  endfacet
  facet normal -0.675629 0.737242 0
    outer loop
      vertex 12.8558 -15.3209 0
      vertex 12.8558 -15.3209 8
      vertex 14.1421 -14.1421 0
    endloop
  endfacet
  facet normal -0.675629 0.737242 0
    outer loop
      vertex 14.1421 -14.1421 8
      vertex 14.1421 -14.1421 0
      vertex 12.8558 -15.3209 8
    endloop
  endfacet
  facet normal -0.608721 0.793384 0
    outer loop
      vertex 11.4715 -16.383 0
      vertex 11.4715 -16.383 8
      vertex 12.8558 -15.3209 0
    endloop
  endfacet
  facet normal -0.608721 0.793384 0
    outer loop
      vertex 12.8558 -15.3209 8
      vertex 12.8558 -15.3209 0
      vertex 11.4715 -16.383 8
    endloop
  endfacet
  facet normal -0.53732 0.843378 0
    outer loop
      vertex 10 -17.3205 0
      vertex 10 -17.3205 8
      vertex 11.4715 -16.383 0
    endloop
  endfacet
  facet normal -0.53732 0.843378 0
    outer loop
      vertex 11.4715 -16.383 8
      vertex 11.4715 -16.383 0
      vertex 10 -17.3205 8
    endloop
  endfacet
  facet normal -0.461778 0.886996 0
    outer loop
      vertex 8.45239 -18.1262 0
      vertex 8.45239 -18.1262 8
      vertex 10 -17.3205 0
    endloop
  endfacet
  facet normal -0.461778 0.886996 0
    outer loop
      vertex 10 -17.3205 8
      vertex 10 -17.3205 0
      vertex 8.45239 -18.1262 8
    endloop
  endfacet
  facet normal -0.382677 0.923882 0
    outer loop
      vertex 6.84039 -18.7939 0
      vertex 6.84039 -18.7939 8
      vertex 8.45239 -18.1262 0
    endloop
  endfacet
  facet normal -0.382677 0.923882 0
    outer loop
      vertex 8.45239 -18.1262 8
      vertex 8.45239 -18.1262 0
      vertex 6.84039 -18.7939 8
    endloop
  endfacet
  facet normal -0.300676 0.953726 0
    outer loop
      vertex 5.17639 -19.3185 0
      vertex 5.17639 -19.3185 8
      vertex 6.84039 -18.7939 0
    endloop
  endfacet
  facet normal -0.300676 0.953726 0
    outer loop
      vertex 6.84039 -18.7939 8
      vertex 6.84039 -18.7939 0
      vertex 5.17639 -19.3185 8
    endloop
  endfacet
  facet normal -0.216475 0.976288 0
    outer loop
      vertex 3.47299 -19.6962 0
      vertex 3.47299 -19.6962 8
      vertex 5.17639 -19.3185 0
    endloop
  endfacet
  facet normal -0.216475 0.976288 0
    outer loop
      vertex 5.17639 -19.3185 8
      vertex 5.17639 -19.3185 0
      vertex 3.47299 -19.6962 8
    endloop
  endfacet
  facet normal -0.1305 0.991448 0
    outer loop
      vertex 1.74309 -19.9239 0
      vertex 1.74309 -19.9239 8
      vertex 3.47299 -19.6962 0
    endloop
  endfacet
  facet normal -0.1305 0.991448 0
    outer loop
      vertex 3.47299 -19.6962 8
      vertex 3.47299 -19.6962 0
      vertex 1.74309 -19.9239 8
    endloop
  endfacet
  facet normal -0.0436166 0.999048 0
    outer loop
      vertex 0 -20 0
      vertex 0 -20 8
      vertex 1.74309 -19.9239 0
    endloop
  endfacet
  facet normal -0.0436166 0.999048 0
    outer loop
      vertex 1.74309 -19.9239 8
      vertex 1.74309 -19.9239 0
      vertex 0 -20 8
    endloop
  endfacet
  facet normal 0.0436166 0.999048 -0
    outer loop
      vertex -1.74309 -19.9239 0
      vertex -1.74309 -19.9239 8
      vertex 0 -20 0
    endloop
  endfacet
  facet normal 0.0436166 0.999048 0
    outer loop
      vertex 0 -20 8
      vertex 0 -20 0
      vertex -1.74309 -19.9239 8
    endloop
  endfacet
  facet normal 0.130643 0.991429 -0
    outer loop
      vertex -35.0419 -5.9088 0
      vertex -35.0419 -5.9088 8
      vertex -34.5229 -5.97719 0
    endloop
  endfacet
  facet normal 0.130643 0.991429 0
    outer loop
      vertex -34.5229 -5.97719 8
      vertex -34.5229 -5.97719 0
      vertex -35.0419 -5.9088 8
    endloop
  endfacet
  facet normal 0.216301 0.976327 -0
    outer loop
      vertex -35.5529 -5.79559 0
      vertex -35.5529 -5.79559 8
      vertex -35.0419 -5.9088 0
    endloop
  endfacet
  facet normal 0.216301 0.976327 0
    outer loop
      vertex -35.0419 -5.9088 8
      vertex -35.0419 -5.9088 0
      vertex -35.5529 -5.79559 8
    endloop
  endfacet
  facet normal 0.300693 0.953721 -0
    outer loop
      vertex -36.0521 -5.6382 0
      vertex -36.0521 -5.6382 8
      vertex -35.5529 -5.79559 0
    endloop
  endfacet
  facet normal 0.300693 0.953721 0
    outer loop
      vertex -35.5529 -5.79559 8
      vertex -35.5529 -5.79559 0
      vertex -36.0521 -5.6382 8
    endloop
  endfacet
  facet normal 0.38284 0.923814 -0
    outer loop
      vertex -36.5357 -5.43779 0
      vertex -36.5357 -5.43779 8
      vertex -36.0521 -5.6382 0
    endloop
  endfacet
  facet normal 0.38284 0.923814 0
    outer loop
      vertex -36.0521 -5.6382 8
      vertex -36.0521 -5.6382 0
      vertex -36.5357 -5.43779 8
    endloop
  endfacet
  facet normal 0.461584 0.887096 -0
    outer loop
      vertex -37 -5.1962 0
      vertex -37 -5.1962 8
      vertex -36.5357 -5.43779 0
    endloop
  endfacet
  facet normal 0.461584 0.887096 0
    outer loop
      vertex -36.5357 -5.43779 8
      vertex -36.5357 -5.43779 0
      vertex -37 -5.1962 8
    endloop
  endfacet
  facet normal 0.537359 0.843354 -0
    outer loop
      vertex -37.4415 -4.91489 0
      vertex -37.4415 -4.91489 8
      vertex -37 -5.1962 0
    endloop
  endfacet
  facet normal 0.537359 0.843354 0
    outer loop
      vertex -37 -5.1962 8
      vertex -37 -5.1962 0
      vertex -37.4415 -4.91489 8
    endloop
  endfacet
  facet normal 0.608756 0.793357 -0
    outer loop
      vertex -37.8567 -4.5963 0
      vertex -37.8567 -4.5963 8
      vertex -37.4415 -4.91489 0
    endloop
  endfacet
  facet normal 0.608756 0.793357 0
    outer loop
      vertex -37.4415 -4.91489 8
      vertex -37.4415 -4.91489 0
      vertex -37.8567 -4.5963 8
    endloop
  endfacet
  facet normal 0.675681 0.737194 -0
    outer loop
      vertex -38.2426 -4.2426 0
      vertex -38.2426 -4.2426 8
      vertex -37.8567 -4.5963 0
    endloop
  endfacet
  facet normal 0.675681 0.737194 0
    outer loop
      vertex -37.8567 -4.5963 8
      vertex -37.8567 -4.5963 0
      vertex -38.2426 -4.2426 8
    endloop
  endfacet
  facet normal 0.737203 0.675672 -0
    outer loop
      vertex -38.5963 -3.85669 0
      vertex -38.5963 -3.85669 8
      vertex -38.2426 -4.2426 0
    endloop
  endfacet
  facet normal 0.737203 0.675672 0
    outer loop
      vertex -38.2426 -4.2426 8
      vertex -38.2426 -4.2426 0
      vertex -38.5963 -3.85669 8
    endloop
  endfacet
  facet normal 0.793341 0.608778 -0
    outer loop
      vertex -38.9149 -3.4415 0
      vertex -38.9149 -3.4415 8
      vertex -38.5963 -3.85669 0
    endloop
  endfacet
  facet normal 0.793341 0.608778 0
    outer loop
      vertex -38.5963 -3.85669 8
      vertex -38.5963 -3.85669 0
      vertex -38.9149 -3.4415 8
    endloop
  endfacet
  facet normal 0.843362 0.537345 -0
    outer loop
      vertex -39.1962 -3 0
      vertex -39.1962 -3 8
      vertex -38.9149 -3.4415 0
    endloop
  endfacet
  facet normal 0.843362 0.537345 0
    outer loop
      vertex -38.9149 -3.4415 8
      vertex -38.9149 -3.4415 0
      vertex -39.1962 -3 8
    endloop
  endfacet
  facet normal 0.887093 0.461592 -0
    outer loop
      vertex -39.4378 -2.53569 0
      vertex -39.4378 -2.53569 8
      vertex -39.1962 -3 0
    endloop
  endfacet
  facet normal 0.887093 0.461592 0
    outer loop
      vertex -39.1962 -3 8
      vertex -39.1962 -3 0
      vertex -39.4378 -2.53569 8
    endloop
  endfacet
  facet normal 0.923821 0.382824 -0
    outer loop
      vertex -39.6382 -2.05209 0
      vertex -39.6382 -2.05209 8
      vertex -39.4378 -2.53569 0
    endloop
  endfacet
  facet normal 0.923821 0.382824 0
    outer loop
      vertex -39.4378 -2.53569 8
      vertex -39.4378 -2.53569 0
      vertex -39.6382 -2.05209 8
    endloop
  endfacet
  facet normal 0.953715 0.300711 -0
    outer loop
      vertex -39.7956 -1.55289 0
      vertex -39.7956 -1.55289 8
      vertex -39.6382 -2.05209 0
    endloop
  endfacet
  facet normal 0.953715 0.300711 0
    outer loop
      vertex -39.6382 -2.05209 8
      vertex -39.6382 -2.05209 0
      vertex -39.7956 -1.55289 8
    endloop
  endfacet
  facet normal 0.976331 0.216283 -0
    outer loop
      vertex -39.9088 -1.04189 0
      vertex -39.9088 -1.04189 8
      vertex -39.7956 -1.55289 0
    endloop
  endfacet
  facet normal 0.976331 0.216283 0
    outer loop
      vertex -39.7956 -1.55289 8
      vertex -39.7956 -1.55289 0
      vertex -39.9088 -1.04189 8
    endloop
  endfacet
  facet normal 0.991427 0.130662 -0
    outer loop
      vertex -39.9772 -0.522888 0
      vertex -39.9772 -0.522888 8
      vertex -39.9088 -1.04189 0
    endloop
  endfacet
  facet normal 0.991427 0.130662 0
    outer loop
      vertex -39.9088 -1.04189 8
      vertex -39.9088 -1.04189 0
      vertex -39.9772 -0.522888 8
    endloop
  endfacet
  facet normal 0.999051 0.0435626 -0
    outer loop
      vertex -40 0 0
      vertex -40 0 8
      vertex -39.9772 -0.522888 0
    endloop
  endfacet
  facet normal 0.999051 0.0435626 0
    outer loop
      vertex -39.9772 -0.522888 8
      vertex -39.9772 -0.522888 0
      vertex -40 0 8
    endloop
  endfacet
  facet normal 0.999051 -0.0435626 0
    outer loop
      vertex -39.9772 0.522888 0
      vertex -39.9772 0.522888 8
      vertex -40 0 0
    endloop
  endfacet
  facet normal 0.999051 -0.0435626 0
    outer loop
      vertex -40 0 8
      vertex -40 0 0
      vertex -39.9772 0.522888 8
    endloop
  endfacet
  facet normal 0.991427 -0.130662 0
    outer loop
      vertex -39.9088 1.04189 0
      vertex -39.9088 1.04189 8
      vertex -39.9772 0.522888 0
    endloop
  endfacet
  facet normal 0.991427 -0.130662 0
    outer loop
      vertex -39.9772 0.522888 8
      vertex -39.9772 0.522888 0
      vertex -39.9088 1.04189 8
    endloop
  endfacet
  facet normal 0.976331 -0.216283 0
    outer loop
      vertex -39.7956 1.55289 0
      vertex -39.7956 1.55289 8
      vertex -39.9088 1.04189 0
    endloop
  endfacet
  facet normal 0.976331 -0.216283 0
    outer loop
      vertex -39.9088 1.04189 8
      vertex -39.9088 1.04189 0
      vertex -39.7956 1.55289 8
    endloop
  endfacet
  facet normal 0.953715 -0.300711 0
    outer loop
      vertex -39.6382 2.05209 0
      vertex -39.6382 2.05209 8
      vertex -39.7956 1.55289 0
    endloop
  endfacet
  facet normal 0.953715 -0.300711 0
    outer loop
      vertex -39.7956 1.55289 8
      vertex -39.7956 1.55289 0
      vertex -39.6382 2.05209 8
    endloop
  endfacet
  facet normal 0.923821 -0.382824 0
    outer loop
      vertex -39.4378 2.53569 0
      vertex -39.4378 2.53569 8
      vertex -39.6382 2.05209 0
    endloop
  endfacet
  facet normal 0.923821 -0.382824 0
    outer loop
      vertex -39.6382 2.05209 8
      vertex -39.6382 2.05209 0
      vertex -39.4378 2.53569 8
    endloop
  endfacet
  facet normal 0.887093 -0.461592 0
    outer loop
      vertex -39.1962 3 0
      vertex -39.1962 3 8
      vertex -39.4378 2.53569 0
    endloop
  endfacet
  facet normal 0.887093 -0.461592 0
    outer loop
      vertex -39.4378 2.53569 8
      vertex -39.4378 2.53569 0
      vertex -39.1962 3 8
    endloop
  endfacet
  facet normal 0.843362 -0.537345 0
    outer loop
      vertex -38.9149 3.4415 0
      vertex -38.9149 3.4415 8
      vertex -39.1962 3 0
    endloop
  endfacet
  facet normal 0.843362 -0.537345 0
    outer loop
      vertex -39.1962 3 8
      vertex -39.1962 3 0
      vertex -38.9149 3.4415 8
    endloop
  endfacet
  facet normal 0.793341 -0.608778 0
    outer loop
      vertex -38.5963 3.85669 0
      vertex -38.5963 3.85669 8
      vertex -38.9149 3.4415 0
    endloop
  endfacet
  facet normal 0.793341 -0.608778 0
    outer loop
      vertex -38.9149 3.4415 8
      vertex -38.9149 3.4415 0
      vertex -38.5963 3.85669 8
    endloop
  endfacet
  facet normal 0.737203 -0.675672 0
    outer loop
      vertex -38.2426 4.2426 0
      vertex -38.2426 4.2426 8
      vertex -38.5963 3.85669 0
    endloop
  endfacet
  facet normal 0.737203 -0.675672 0
    outer loop
      vertex -38.5963 3.85669 8
      vertex -38.5963 3.85669 0
      vertex -38.2426 4.2426 8
    endloop
  endfacet
  facet normal 0.675681 -0.737194 0
    outer loop
      vertex -37.8567 4.5963 0
      vertex -37.8567 4.5963 8
      vertex -38.2426 4.2426 0
    endloop
  endfacet
  facet normal 0.675681 -0.737194 0
    outer loop
      vertex -38.2426 4.2426 8
      vertex -38.2426 4.2426 0
      vertex -37.8567 4.5963 8
    endloop
  endfacet
  facet normal 0.608756 -0.793357 0
    outer loop
      vertex -37.4415 4.91489 0
      vertex -37.4415 4.91489 8
      vertex -37.8567 4.5963 0
    endloop
  endfacet
  facet normal 0.608756 -0.793357 0
    outer loop
      vertex -37.8567 4.5963 8
      vertex -37.8567 4.5963 0
      vertex -37.4415 4.91489 8
    endloop
  endfacet
  facet normal 0.537359 -0.843354 0
    outer loop
      vertex -37 5.1962 0
      vertex -37 5.1962 8
      vertex -37.4415 4.91489 0
    endloop
  endfacet
  facet normal 0.537359 -0.843354 0
    outer loop
      vertex -37.4415 4.91489 8
      vertex -37.4415 4.91489 0
      vertex -37 5.1962 8
    endloop
  endfacet
  facet normal 0.461584 -0.887096 0
    outer loop
      vertex -36.5357 5.43779 0
      vertex -36.5357 5.43779 8
      vertex -37 5.1962 0
    endloop
  endfacet
  facet normal 0.461584 -0.887096 0
    outer loop
      vertex -37 5.1962 8
      vertex -37 5.1962 0
      vertex -36.5357 5.43779 8
    endloop
  endfacet
  facet normal 0.38284 -0.923814 0
    outer loop
      vertex -36.0521 5.6382 0
      vertex -36.0521 5.6382 8
      vertex -36.5357 5.43779 0
    endloop
  endfacet
  facet normal 0.38284 -0.923814 0
    outer loop
      vertex -36.5357 5.43779 8
      vertex -36.5357 5.43779 0
      vertex -36.0521 5.6382 8
    endloop
  endfacet
  facet normal 0.300693 -0.953721 0
    outer loop
      vertex -35.5529 5.79559 0
      vertex -35.5529 5.79559 8
      vertex -36.0521 5.6382 0
    endloop
  endfacet
  facet normal 0.300693 -0.953721 0
    outer loop
      vertex -36.0521 5.6382 8
      vertex -36.0521 5.6382 0
      vertex -35.5529 5.79559 8
    endloop
  endfacet
  facet normal 0.216301 -0.976327 0
    outer loop
      vertex -35.0419 5.9088 0
      vertex -35.0419 5.9088 8
      vertex -35.5529 5.79559 0
    endloop
  endfacet
  facet normal 0.216301 -0.976327 0
    outer loop
      vertex -35.5529 5.79559 8
      vertex -35.5529 5.79559 0
      vertex -35.0419 5.9088 8
    endloop
  endfacet
  facet normal 0.130643 -0.991429 0
    outer loop
      vertex -34.5229 5.97719 0
      vertex -34.5229 5.97719 8
      vertex -35.0419 5.9088 0
    endloop
  endfacet
  facet normal 0.130643 -0.991429 0
    outer loop
      vertex -35.0419 5.9088 8
      vertex -35.0419 5.9088 0
      vertex -34.5229 5.97719 8
    endloop
  endfacet
  facet normal 0.0435807 -0.99905 0
    outer loop
      vertex -34 6 0
      vertex -34 6 8
      vertex -34.5229 5.97719 0
    endloop
  endfacet
  facet normal 0.0435807 -0.99905 0
    outer loop
      vertex -34.5229 5.97719 8
      vertex -34.5229 5.97719 0
      vertex -34 6 8
    endloop
  endfacet
  facet normal -0.0435807 -0.99905 0
    outer loop
      vertex -33.4771 5.97719 0
      vertex -33.4771 5.97719 8
      vertex -34 6 0
    endloop
  endfacet
  facet normal -0.0435807 -0.99905 -0
    outer loop
      vertex -34 6 8
      vertex -34 6 0
      vertex -33.4771 5.97719 8
    endloop
  endfacet
  facet normal -0.130643 -0.991429 0
    outer loop
      vertex -32.9581 5.9088 0
      vertex -32.9581 5.9088 8
      vertex -33.4771 5.97719 0
    endloop
  endfacet
  facet normal -0.130643 -0.991429 -0
    outer loop
      vertex -33.4771 5.97719 8
      vertex -33.4771 5.97719 0
      vertex -32.9581 5.9088 8
    endloop
  endfacet
  facet normal -0.216301 -0.976327 0
    outer loop
      vertex -32.4471 5.79559 0
      vertex -32.4471 5.79559 8
      vertex -32.9581 5.9088 0
    endloop
  endfacet
  facet normal -0.216301 -0.976327 -0
    outer loop
      vertex -32.9581 5.9088 8
      vertex -32.9581 5.9088 0
      vertex -32.4471 5.79559 8
    endloop
  endfacet
  facet normal -0.300693 -0.953721 0
    outer loop
      vertex -31.9479 5.6382 0
      vertex -31.9479 5.6382 8
      vertex -32.4471 5.79559 0
    endloop
  endfacet
  facet normal -0.300693 -0.953721 -0
    outer loop
      vertex -32.4471 5.79559 8
      vertex -32.4471 5.79559 0
      vertex -31.9479 5.6382 8
    endloop
  endfacet
  facet normal -0.38284 -0.923814 0
    outer loop
      vertex -31.4643 5.43779 0
      vertex -31.4643 5.43779 8
      vertex -31.9479 5.6382 0
    endloop
  endfacet
  facet normal -0.38284 -0.923814 -0
    outer loop
      vertex -31.9479 5.6382 8
      vertex -31.9479 5.6382 0
      vertex -31.4643 5.43779 8
    endloop
  endfacet
  facet normal -0.461584 -0.887096 0
    outer loop
      vertex -31 5.1962 0
      vertex -31 5.1962 8
      vertex -31.4643 5.43779 0
    endloop
  endfacet
  facet normal -0.461584 -0.887096 -0
    outer loop
      vertex -31.4643 5.43779 8
      vertex -31.4643 5.43779 0
      vertex -31 5.1962 8
    endloop
  endfacet
  facet normal -0.537359 -0.843354 0
    outer loop
      vertex -30.5585 4.91489 0
      vertex -30.5585 4.91489 8
      vertex -31 5.1962 0
    endloop
  endfacet
  facet normal -0.537359 -0.843354 -0
    outer loop
      vertex -31 5.1962 8
      vertex -31 5.1962 0
      vertex -30.5585 4.91489 8
    endloop
  endfacet
  facet normal -0.608756 -0.793357 0
    outer loop
      vertex -30.1433 4.5963 0
      vertex -30.1433 4.5963 8
      vertex -30.5585 4.91489 0
    endloop
  endfacet
  facet normal -0.608756 -0.793357 -0
    outer loop
      vertex -30.5585 4.91489 8
      vertex -30.5585 4.91489 0
      vertex -30.1433 4.5963 8
    endloop
  endfacet
  facet normal -0.675681 -0.737194 0
    outer loop
      vertex -29.7574 4.2426 0
      vertex -29.7574 4.2426 8
      vertex -30.1433 4.5963 0
    endloop
  endfacet
  facet normal -0.675681 -0.737194 -0
    outer loop
      vertex -30.1433 4.5963 8
      vertex -30.1433 4.5963 0
      vertex -29.7574 4.2426 8
    endloop
  endfacet
  facet normal -0.737203 -0.675672 0
    outer loop
      vertex -29.4037 3.85669 0
      vertex -29.4037 3.85669 8
      vertex -29.7574 4.2426 0
    endloop
  endfacet
  facet normal -0.737203 -0.675672 -0
    outer loop
      vertex -29.7574 4.2426 8
      vertex -29.7574 4.2426 0
      vertex -29.4037 3.85669 8
    endloop
  endfacet
  facet normal -0.793341 -0.608778 0
    outer loop
      vertex -29.0851 3.4415 0
      vertex -29.0851 3.4415 8
      vertex -29.4037 3.85669 0
    endloop
  endfacet
  facet normal -0.793341 -0.608778 -0
    outer loop
      vertex -29.4037 3.85669 8
      vertex -29.4037 3.85669 0
      vertex -29.0851 3.4415 8
    endloop
  endfacet
  facet normal -0.843362 -0.537345 0
    outer loop
      vertex -28.8038 3 0
      vertex -28.8038 3 8
      vertex -29.0851 3.4415 0
    endloop
  endfacet
  facet normal -0.843362 -0.537345 -0
    outer loop
      vertex -29.0851 3.4415 8
      vertex -29.0851 3.4415 0
      vertex -28.8038 3 8
    endloop
  endfacet
  facet normal -0.887093 -0.461592 0
    outer loop
      vertex -28.5622 2.53569 0
      vertex -28.5622 2.53569 8
      vertex -28.8038 3 0
    endloop
  endfacet
  facet normal -0.887093 -0.461592 -0
    outer loop
      vertex -28.8038 3 8
      vertex -28.8038 3 0
      vertex -28.5622 2.53569 8
    endloop
  endfacet
  facet normal -0.923821 -0.382824 0
    outer loop
      vertex -28.3618 2.05209 0
      vertex -28.3618 2.05209 8
      vertex -28.5622 2.53569 0
    endloop
  endfacet
  facet normal -0.923821 -0.382824 -0
    outer loop
      vertex -28.5622 2.53569 8
      vertex -28.5622 2.53569 0
      vertex -28.3618 2.05209 8
    endloop
  endfacet
  facet normal -0.953715 -0.300711 0
    outer loop
      vertex -28.2044 1.55289 0
      vertex -28.2044 1.55289 8
      vertex -28.3618 2.05209 0
    endloop
  endfacet
  facet normal -0.953715 -0.300711 -0
    outer loop
      vertex -28.3618 2.05209 8
      vertex -28.3618 2.05209 0
      vertex -28.2044 1.55289 8
    endloop
  endfacet
  facet normal -0.976331 -0.216283 0
    outer loop
      vertex -28.0912 1.04189 0
      vertex -28.0912 1.04189 8
      vertex -28.2044 1.55289 0
    endloop
  endfacet
  facet normal -0.976331 -0.216283 -0
    outer loop
      vertex -28.2044 1.55289 8
      vertex -28.2044 1.55289 0
      vertex -28.0912 1.04189 8
    endloop
  endfacet
  facet normal -0.991427 -0.130662 0
    outer loop
      vertex -28.0228 0.522888 0
      vertex -28.0228 0.522888 8
      vertex -28.0912 1.04189 0
    endloop
  endfacet
  facet normal -0.991427 -0.130662 -0
    outer loop
      vertex -28.0912 1.04189 8
      vertex -28.0912 1.04189 0
      vertex -28.0228 0.522888 8
    endloop
  endfacet
  facet normal -0.999051 -0.0435626 0
    outer loop
      vertex -28 0 0
      vertex -28 0 8
      vertex -28.0228 0.522888 0
    endloop
  endfacet
  facet normal -0.999051 -0.0435626 -0
    outer loop
      vertex -28.0228 0.522888 8
      vertex -28.0228 0.522888 0
      vertex -28 0 8
    endloop
  endfacet
  facet normal -0.999051 0.0435626 0
    outer loop
      vertex -28.0228 -0.522888 0
      vertex -28.0228 -0.522888 8
      vertex -28 0 0
    endloop
  endfacet
  facet normal -0.999051 0.0435626 0
    outer loop
      vertex -28 0 8
      vertex -28 0 0
      vertex -28.0228 -0.522888 8
    endloop
  endfacet
  facet normal -0.991427 0.130662 0
    outer loop
      vertex -28.0912 -1.04189 0
      vertex -28.0912 -1.04189 8
      vertex -28.0228 -0.522888 0
    endloop
  endfacet
  facet normal -0.991427 0.130662 0
    outer loop
      vertex -28.0228 -0.522888 8
      vertex -28.0228 -0.522888 0
      vertex -28.0912 -1.04189 8
    endloop
  endfacet
  facet normal -0.976331 0.216283 0
    outer loop
      vertex -28.2044 -1.55289 0
      vertex -28.2044 -1.55289 8
      vertex -28.0912 -1.04189 0
    endloop
  endfacet
  facet normal -0.976331 0.216283 0
    outer loop
      vertex -28.0912 -1.04189 8
      vertex -28.0912 -1.04189 0
      vertex -28.2044 -1.55289 8
    endloop
  endfacet
  facet normal -0.953715 0.300711 0
    outer loop
      vertex -28.3618 -2.05209 0
      vertex -28.3618 -2.05209 8
      vertex -28.2044 -1.55289 0
    endloop
  endfacet
  facet normal -0.953715 0.300711 0
    outer loop
      vertex -28.2044 -1.55289 8
      vertex -28.2044 -1.55289 0
      vertex -28.3618 -2.05209 8
    endloop
  endfacet
  facet normal -0.923821 0.382824 0
    outer loop
      vertex -28.5622 -2.53569 0
      vertex -28.5622 -2.53569 8
      vertex -28.3618 -2.05209 0
    endloop
  endfacet
  facet normal -0.923821 0.382824 0
    outer loop
      vertex -28.3618 -2.05209 8
      vertex -28.3618 -2.05209 0
      vertex -28.5622 -2.53569 8
    endloop
  endfacet
  facet normal -0.887093 0.461592 0
    outer loop
      vertex -28.8038 -3 0
      vertex -28.8038 -3 8
      vertex -28.5622 -2.53569 0
    endloop
  endfacet
  facet normal -0.887093 0.461592 0
    outer loop
      vertex -28.5622 -2.53569 8
      vertex -28.5622 -2.53569 0
      vertex -28.8038 -3 8
    endloop
  endfacet
  facet normal -0.843362 0.537345 0
    outer loop
      vertex -29.0851 -3.4415 0
      vertex -29.0851 -3.4415 8
      vertex -28.8038 -3 0
    endloop
  endfacet
  facet normal -0.843362 0.537345 0
    outer loop
      vertex -28.8038 -3 8
      vertex -28.8038 -3 0
      vertex -29.0851 -3.4415 8
    endloop
  endfacet
  facet normal -0.793341 0.608778 0
    outer loop
      vertex -29.4037 -3.85669 0
      vertex -29.4037 -3.85669 8
      vertex -29.0851 -3.4415 0
    endloop
  endfacet
  facet normal -0.793341 0.608778 0
    outer loop
      vertex -29.0851 -3.4415 8
      vertex -29.0851 -3.4415 0
      vertex -29.4037 -3.85669 8
    endloop
  endfacet
  facet normal -0.737203 0.675672 0
    outer loop
      vertex -29.7574 -4.2426 0
      vertex -29.7574 -4.2426 8
      vertex -29.4037 -3.85669 0
    endloop
  endfacet
  facet normal -0.737203 0.675672 0
    outer loop
      vertex -29.4037 -3.85669 8
      vertex -29.4037 -3.85669 0
      vertex -29.7574 -4.2426 8
    endloop
  endfacet
  facet normal -0.675681 0.737194 0
    outer loop
      vertex -30.1433 -4.5963 0
      vertex -30.1433 -4.5963 8
      vertex -29.7574 -4.2426 0
    endloop
  endfacet
  facet normal -0.675681 0.737194 0
    outer loop
      vertex -29.7574 -4.2426 8
      vertex -29.7574 -4.2426 0
      vertex -30.1433 -4.5963 8
    endloop
  endfacet
  facet normal -0.608756 0.793357 0
    outer loop
      vertex -30.5585 -4.91489 0
      vertex -30.5585 -4.91489 8
      vertex -30.1433 -4.5963 0
    endloop
  endfacet
  facet normal -0.608756 0.793357 0
    outer loop
      vertex -30.1433 -4.5963 8
      vertex -30.1433 -4.5963 0
      vertex -30.5585 -4.91489 8
    endloop
  endfacet
  facet normal -0.537359 0.843354 0
    outer loop
      vertex -31 -5.1962 0
      vertex -31 -5.1962 8
      vertex -30.5585 -4.91489 0
    endloop
  endfacet
  facet normal -0.537359 0.843354 0
    outer loop
      vertex -30.5585 -4.91489 8
      vertex -30.5585 -4.91489 0
      vertex -31 -5.1962 8
    endloop
  endfacet
  facet normal -0.461584 0.887096 0
    outer loop
      vertex -31.4643 -5.43779 0
      vertex -31.4643 -5.43779 8
      vertex -31 -5.1962 0
    endloop
  endfacet
  facet normal -0.461584 0.887096 0
    outer loop
      vertex -31 -5.1962 8
      vertex -31 -5.1962 0
      vertex -31.4643 -5.43779 8
    endloop
  endfacet
  facet normal -0.38284 0.923814 0
    outer loop
      vertex -31.9479 -5.6382 0
      vertex -31.9479 -5.6382 8
      vertex -31.4643 -5.43779 0
    endloop
  endfacet
  facet normal -0.38284 0.923814 0
    outer loop
      vertex -31.4643 -5.43779 8
      vertex -31.4643 -5.43779 0
      vertex -31.9479 -5.6382 8
    endloop
  endfacet
  facet normal -0.300693 0.953721 0
    outer loop
      vertex -32.4471 -5.79559 0
      vertex -32.4471 -5.79559 8
      vertex -31.9479 -5.6382 0
    endloop
  endfacet
  facet normal -0.300693 0.953721 0
    outer loop
      vertex -31.9479 -5.6382 8
      vertex -31.9479 -5.6382 0
      vertex -32.4471 -5.79559 8
    endloop
  endfacet
  facet normal -0.216301 0.976327 0
    outer loop
      vertex -32.9581 -5.9088 0
      vertex -32.9581 -5.9088 8
      vertex -32.4471 -5.79559 0
    endloop
  endfacet
  facet normal -0.216301 0.976327 0
    outer loop
      vertex -32.4471 -5.79559 8
      vertex -32.4471 -5.79559 0
      vertex -32.9581 -5.9088 8
    endloop
  endfacet
  facet normal -0.130643 0.991429 0
    outer loop
      vertex -33.4771 -5.97719 0
      vertex -33.4771 -5.97719 8
      vertex -32.9581 -5.9088 0
    endloop
  endfacet
  facet normal -0.130643 0.991429 0
    outer loop
      vertex -32.9581 -5.9088 8
      vertex -32.9581 -5.9088 0
      vertex -33.4771 -5.97719 8
    endloop
  endfacet
  facet normal -0.0435807 0.99905 0
    outer loop
      vertex -34 -6 0
      vertex -34 -6 8
      vertex -33.4771 -5.97719 0
    endloop
  endfacet
  facet normal -0.0435807 0.99905 0
    outer loop
      vertex -33.4771 -5.97719 8
      vertex -33.4771 -5.97719 0
      vertex -34 -6 8
    endloop
  endfacet
  facet normal 0.0435807 0.99905 -0
    outer loop
      vertex -34.5229 -5.97719 0
      vertex -34.5229 -5.97719 8
      vertex -34 -6 0
    endloop
  endfacet
  facet normal 0.0435807 0.99905 0
    outer loop
      vertex -34 -6 8
      vertex -34 -6 0
      vertex -34.5229 -5.97719 8
    endloop
  endfacet
  facet normal 0.684554 0.728962 -0
    outer loop
      vertex 42.2132 -79.8811 0
      vertex 42.2132 -79.8811 8
      vertex 45.9657 -83.405 0
    endloop
  endfacet
  facet normal 0.684554 0.728962 0
    outer loop
      vertex 45.9657 -83.405 8
      vertex 45.9657 -83.405 0
      vertex 42.2132 -79.8811 8
    endloop
  endfacet
  facet normal 0.743144 0.669131 -0
    outer loop
      vertex 38.7687 -76.0556 0
      vertex 38.7687 -76.0556 8
      vertex 42.2132 -79.8811 0
    endloop
  endfacet
  facet normal 0.743144 0.669131 0
    outer loop
      vertex 42.2132 -79.8811 8
      vertex 42.2132 -79.8811 0
      vertex 38.7687 -76.0556 8
    endloop
  endfacet
  facet normal 0.79652 0.604612 -0
    outer loop
      vertex 35.6563 -71.9553 0
      vertex 35.6563 -71.9553 8
      vertex 38.7687 -76.0556 0
    endloop
  endfacet
  facet normal 0.79652 0.604612 0
    outer loop
      vertex 38.7687 -76.0556 8
      vertex 38.7687 -76.0556 0
      vertex 35.6563 -71.9553 8
    endloop
  endfacet
  facet normal 0.844329 0.535826 -0
    outer loop
      vertex 32.898 -67.6089 0
      vertex 32.898 -67.6089 8
      vertex 35.6563 -71.9553 0
    endloop
  endfacet
  facet normal 0.844329 0.535826 0
    outer loop
      vertex 35.6563 -71.9553 8
      vertex 35.6563 -71.9553 0
      vertex 32.898 -67.6089 8
    endloop
  endfacet
  facet normal 0.886208 0.463287 -0
    outer loop
      vertex 30.5131 -63.0469 0
      vertex 30.5131 -63.0469 8
      vertex 32.898 -67.6089 0
    endloop
  endfacet
  facet normal 0.886208 0.463287 0
    outer loop
      vertex 32.898 -67.6089 8
      vertex 32.898 -67.6089 0
      vertex 30.5131 -63.0469 8
    endloop
  endfacet
  facet normal 0.921858 0.387528 -0
    outer loop
      vertex 28.5182 -58.3014 0
      vertex 28.5182 -58.3014 8
      vertex 30.5131 -63.0469 0
    endloop
  endfacet
  facet normal 0.921858 0.387528 0
    outer loop
      vertex 30.5131 -63.0469 8
      vertex 30.5131 -63.0469 0
      vertex 28.5182 -58.3014 8
    endloop
  endfacet
  facet normal 0.951059 0.30901 -0
    outer loop
      vertex 26.9275 -53.4056 0
      vertex 26.9275 -53.4056 8
      vertex 28.5182 -58.3014 0
    endloop
  endfacet
  facet normal 0.951059 0.30901 0
    outer loop
      vertex 28.5182 -58.3014 8
      vertex 28.5182 -58.3014 0
      vertex 26.9275 -53.4056 8
    endloop
  endfacet
  facet normal 0.973579 0.22835 -0
    outer loop
      vertex 25.752 -48.3938 0
      vertex 25.752 -48.3938 8
      vertex 26.9275 -53.4056 0
    endloop
  endfacet
  facet normal 0.973579 0.22835 0
    outer loop
      vertex 26.9275 -53.4056 8
      vertex 26.9275 -53.4056 0
      vertex 25.752 -48.3938 8
    endloop
  endfacet
  facet normal 0.989272 0.146084 -0
    outer loop
      vertex 25 -43.3013 0
      vertex 25 -43.3013 8
      vertex 25.752 -48.3938 0
    endloop
  endfacet
  facet normal 0.989272 0.146084 0
    outer loop
      vertex 25.752 -48.3938 8
      vertex 25.752 -48.3938 0
      vertex 25 -43.3013 8
    endloop
  endfacet
  facet normal 0.809017 -0.587785 0
    outer loop
      vertex 48.9074 -10.3956 0
      vertex 48.9074 -10.3956 8
      vertex 25 -43.3013 0
    endloop
  endfacet
  facet normal 0.809017 -0.587785 0
    outer loop
      vertex 25 -43.3013 8
      vertex 25 -43.3013 0
      vertex 48.9074 -10.3956 8
    endloop
  endfacet
  facet normal -0.553386 -0.832925 0
    outer loop
      vertex 53.1951 -13.2443 0
      vertex 53.1951 -13.2443 8
      vertex 48.9074 -10.3956 0
    endloop
  endfacet
  facet normal -0.553386 -0.832925 -0
    outer loop
      vertex 48.9074 -10.3956 8
      vertex 48.9074 -10.3956 0
      vertex 53.1951 -13.2443 8
    endloop
  endfacet
  facet normal -0.481762 -0.876302 0
    outer loop
      vertex 57.7061 -15.7243 0
      vertex 57.7061 -15.7243 8
      vertex 53.1951 -13.2443 0
    endloop
  endfacet
  facet normal -0.481762 -0.876302 -0
    outer loop
      vertex 53.1951 -13.2443 8
      vertex 53.1951 -13.2443 0
      vertex 57.7061 -15.7243 8
    endloop
  endfacet
  facet normal -0.40674 -0.913544 0
    outer loop
      vertex 62.4088 -17.8181 0
      vertex 62.4088 -17.8181 8
      vertex 57.7061 -15.7243 0
    endloop
  endfacet
  facet normal -0.40674 -0.913544 -0
    outer loop
      vertex 57.7061 -15.7243 8
      vertex 57.7061 -15.7243 0
      vertex 62.4088 -17.8181 8
    endloop
  endfacet
  facet normal -0.328863 -0.944377 0
    outer loop
      vertex 67.2702 -19.511 0
      vertex 67.2702 -19.511 8
      vertex 62.4088 -17.8181 0
    endloop
  endfacet
  facet normal -0.328863 -0.944377 -0
    outer loop
      vertex 62.4088 -17.8181 8
      vertex 62.4088 -17.8181 0
      vertex 67.2702 -19.511 8
    endloop
  endfacet
  facet normal -0.248688 -0.968584 0
    outer loop
      vertex 72.2563 -20.7912 0
      vertex 72.2563 -20.7912 8
      vertex 67.2702 -19.511 0
    endloop
  endfacet
  facet normal -0.248688 -0.968584 -0
    outer loop
      vertex 67.2702 -19.511 8
      vertex 67.2702 -19.511 0
      vertex 72.2563 -20.7912 8
    endloop
  endfacet
  facet normal -0.166774 -0.985995 0
    outer loop
      vertex 77.3319 -21.6497 0
      vertex 77.3319 -21.6497 8
      vertex 72.2563 -20.7912 0
    endloop
  endfacet
  facet normal -0.166774 -0.985995 -0
    outer loop
      vertex 72.2563 -20.7912 8
      vertex 72.2563 -20.7912 0
      vertex 77.3319 -21.6497 8
    endloop
  endfacet
  facet normal -0.083666 -0.996494 0
    outer loop
      vertex 82.4617 -22.0804 0
      vertex 82.4617 -22.0804 8
      vertex 77.3319 -21.6497 0
    endloop
  endfacet
  facet normal -0.083666 -0.996494 -0
    outer loop
      vertex 77.3319 -21.6497 8
      vertex 77.3319 -21.6497 0
      vertex 82.4617 -22.0804 8
    endloop
  endfacet
  facet normal 0 -1 0
    outer loop
      vertex 87.6094 -22.0804 0
      vertex 87.6094 -22.0804 8
      vertex 82.4617 -22.0804 0
    endloop
  endfacet
  facet normal 0 -1 0
    outer loop
      vertex 82.4617 -22.0804 8
      vertex 82.4617 -22.0804 0
      vertex 87.6094 -22.0804 8
    endloop
  endfacet
  facet normal 0.0836676 -0.996494 0
    outer loop
      vertex 92.7391 -21.6497 0
      vertex 92.7391 -21.6497 8
      vertex 87.6094 -22.0804 0
    endloop
  endfacet
  facet normal 0.0836676 -0.996494 0
    outer loop
      vertex 87.6094 -22.0804 8
      vertex 87.6094 -22.0804 0
      vertex 92.7391 -21.6497 8
    endloop
  endfacet
  facet normal 0.166771 -0.985996 0
    outer loop
      vertex 97.8148 -20.7912 0
      vertex 97.8148 -20.7912 8
      vertex 92.7391 -21.6497 0
    endloop
  endfacet
  facet normal 0.166771 -0.985996 0
    outer loop
      vertex 92.7391 -21.6497 8
      vertex 92.7391 -21.6497 0
      vertex 97.8148 -20.7912 8
    endloop
  endfacet
  facet normal -0.809016 0.587786 0
    outer loop
      vertex 50 -86.6025 0
      vertex 50 -86.6025 8
      vertex 97.8148 -20.7912 0
    endloop
  endfacet
  facet normal -0.809016 0.587786 0
    outer loop
      vertex 97.8148 -20.7912 8
      vertex 97.8148 -20.7912 0
      vertex 50 -86.6025 8
    endloop
  endfacet
  facet normal 0.621142 0.783698 -0
    outer loop
      vertex 45.9657 -83.405 0
      vertex 45.9657 -83.405 8
      vertex 50 -86.6025 0
    endloop
  endfacet
  facet normal 0.621142 0.783698 0
    outer loop
      vertex 50 -86.6025 8
      vertex 50 -86.6025 0
      vertex 45.9657 -83.405 8
    endloop
  endfacet
  facet normal 0.130662 0.991427 -0
    outer loop
      vertex 26.4647 -25.8935 0
      vertex 26.4647 -25.8935 8
      vertex 26.9837 -25.9619 0
    endloop
  endfacet
  facet normal 0.130662 0.991427 0
    outer loop
      vertex 26.9837 -25.9619 8
      vertex 26.9837 -25.9619 0
      vertex 26.4647 -25.8935 8
    endloop
  endfacet
  facet normal 0.216283 0.976331 -0
    outer loop
      vertex 25.9537 -25.7803 0
      vertex 25.9537 -25.7803 8
      vertex 26.4647 -25.8935 0
    endloop
  endfacet
  facet normal 0.216283 0.976331 0
    outer loop
      vertex 26.4647 -25.8935 8
      vertex 26.4647 -25.8935 0
      vertex 25.9537 -25.7803 8
    endloop
  endfacet
  facet normal 0.300711 0.953715 -0
    outer loop
      vertex 25.4545 -25.6229 0
      vertex 25.4545 -25.6229 8
      vertex 25.9537 -25.7803 0
    endloop
  endfacet
  facet normal 0.300711 0.953715 0
    outer loop
      vertex 25.9537 -25.7803 8
      vertex 25.9537 -25.7803 0
      vertex 25.4545 -25.6229 8
    endloop
  endfacet
  facet normal 0.382824 0.923821 -0
    outer loop
      vertex 24.9709 -25.4225 0
      vertex 24.9709 -25.4225 8
      vertex 25.4545 -25.6229 0
    endloop
  endfacet
  facet normal 0.382824 0.923821 0
    outer loop
      vertex 25.4545 -25.6229 8
      vertex 25.4545 -25.6229 0
      vertex 24.9709 -25.4225 8
    endloop
  endfacet
  facet normal 0.461599 0.887089 -0
    outer loop
      vertex 24.5066 -25.1809 0
      vertex 24.5066 -25.1809 8
      vertex 24.9709 -25.4225 0
    endloop
  endfacet
  facet normal 0.461599 0.887089 0
    outer loop
      vertex 24.9709 -25.4225 8
      vertex 24.9709 -25.4225 0
      vertex 24.5066 -25.1809 8
    endloop
  endfacet
  facet normal 0.537345 0.843362 -0
    outer loop
      vertex 24.0651 -24.8996 0
      vertex 24.0651 -24.8996 8
      vertex 24.5066 -25.1809 0
    endloop
  endfacet
  facet normal 0.537345 0.843362 0
    outer loop
      vertex 24.5066 -25.1809 8
      vertex 24.5066 -25.1809 0
      vertex 24.0651 -24.8996 8
    endloop
  endfacet
  facet normal 0.608768 0.793348 -0
    outer loop
      vertex 23.6499 -24.581 0
      vertex 23.6499 -24.581 8
      vertex 24.0651 -24.8996 0
    endloop
  endfacet
  facet normal 0.608768 0.793348 0
    outer loop
      vertex 24.0651 -24.8996 8
      vertex 24.0651 -24.8996 0
      vertex 23.6499 -24.581 8
    endloop
  endfacet
  facet normal 0.675681 0.737194 -0
    outer loop
      vertex 23.264 -24.2273 0
      vertex 23.264 -24.2273 8
      vertex 23.6499 -24.581 0
    endloop
  endfacet
  facet normal 0.675681 0.737194 0
    outer loop
      vertex 23.6499 -24.581 8
      vertex 23.6499 -24.581 0
      vertex 23.264 -24.2273 8
    endloop
  endfacet
  facet normal 0.737194 0.675681 -0
    outer loop
      vertex 22.9103 -23.8414 0
      vertex 22.9103 -23.8414 8
      vertex 23.264 -24.2273 0
    endloop
  endfacet
  facet normal 0.737194 0.675681 0
    outer loop
      vertex 23.264 -24.2273 8
      vertex 23.264 -24.2273 0
      vertex 22.9103 -23.8414 8
    endloop
  endfacet
  facet normal 0.793348 0.608768 -0
    outer loop
      vertex 22.5917 -23.4262 0
      vertex 22.5917 -23.4262 8
      vertex 22.9103 -23.8414 0
    endloop
  endfacet
  facet normal 0.793348 0.608768 0
    outer loop
      vertex 22.9103 -23.8414 8
      vertex 22.9103 -23.8414 0
      vertex 22.5917 -23.4262 8
    endloop
  endfacet
  facet normal 0.843362 0.537345 -0
    outer loop
      vertex 22.3104 -22.9847 0
      vertex 22.3104 -22.9847 8
      vertex 22.5917 -23.4262 0
    endloop
  endfacet
  facet normal 0.843362 0.537345 0
    outer loop
      vertex 22.5917 -23.4262 8
      vertex 22.5917 -23.4262 0
      vertex 22.3104 -22.9847 8
    endloop
  endfacet
  facet normal 0.887089 0.461599 -0
    outer loop
      vertex 22.0688 -22.5204 0
      vertex 22.0688 -22.5204 8
      vertex 22.3104 -22.9847 0
    endloop
  endfacet
  facet normal 0.887089 0.461599 0
    outer loop
      vertex 22.3104 -22.9847 8
      vertex 22.3104 -22.9847 0
      vertex 22.0688 -22.5204 8
    endloop
  endfacet
  facet normal 0.923821 0.382824 -0
    outer loop
      vertex 21.8684 -22.0368 0
      vertex 21.8684 -22.0368 8
      vertex 22.0688 -22.5204 0
    endloop
  endfacet
  facet normal 0.923821 0.382824 0
    outer loop
      vertex 22.0688 -22.5204 8
      vertex 22.0688 -22.5204 0
      vertex 21.8684 -22.0368 8
    endloop
  endfacet
  facet normal 0.953715 0.300711 -0
    outer loop
      vertex 21.711 -21.5376 0
      vertex 21.711 -21.5376 8
      vertex 21.8684 -22.0368 0
    endloop
  endfacet
  facet normal 0.953715 0.300711 0
    outer loop
      vertex 21.8684 -22.0368 8
      vertex 21.8684 -22.0368 0
      vertex 21.711 -21.5376 8
    endloop
  endfacet
  facet normal 0.976331 0.216283 -0
    outer loop
      vertex 21.5978 -21.0266 0
      vertex 21.5978 -21.0266 8
      vertex 21.711 -21.5376 0
    endloop
  endfacet
  facet normal 0.976331 0.216283 0
    outer loop
      vertex 21.711 -21.5376 8
      vertex 21.711 -21.5376 0
      vertex 21.5978 -21.0266 8
    endloop
  endfacet
  facet normal 0.991427 0.130662 -0
    outer loop
      vertex 21.5294 -20.5076 0
      vertex 21.5294 -20.5076 8
      vertex 21.5978 -21.0266 0
    endloop
  endfacet
  facet normal 0.991427 0.130662 0
    outer loop
      vertex 21.5978 -21.0266 8
      vertex 21.5978 -21.0266 0
      vertex 21.5294 -20.5076 8
    endloop
  endfacet
  facet normal 0.999051 0.0435616 -0
    outer loop
      vertex 21.5066 -19.9847 0
      vertex 21.5066 -19.9847 8
      vertex 21.5294 -20.5076 0
    endloop
  endfacet
  facet normal 0.999051 0.0435616 0
    outer loop
      vertex 21.5294 -20.5076 8
      vertex 21.5294 -20.5076 0
      vertex 21.5066 -19.9847 8
    endloop
  endfacet
  facet normal 0.999051 -0.0435616 0
    outer loop
      vertex 21.5294 -19.4618 0
      vertex 21.5294 -19.4618 8
      vertex 21.5066 -19.9847 0
    endloop
  endfacet
  facet normal 0.999051 -0.0435616 0
    outer loop
      vertex 21.5066 -19.9847 8
      vertex 21.5066 -19.9847 0
      vertex 21.5294 -19.4618 8
    endloop
  endfacet
  facet normal 0.991427 -0.130662 0
    outer loop
      vertex 21.5978 -18.9428 0
      vertex 21.5978 -18.9428 8
      vertex 21.5294 -19.4618 0
    endloop
  endfacet
  facet normal 0.991427 -0.130662 0
    outer loop
      vertex 21.5294 -19.4618 8
      vertex 21.5294 -19.4618 0
      vertex 21.5978 -18.9428 8
    endloop
  endfacet
  facet normal 0.976331 -0.216283 0
    outer loop
      vertex 21.711 -18.4318 0
      vertex 21.711 -18.4318 8
      vertex 21.5978 -18.9428 0
    endloop
  endfacet
  facet normal 0.976331 -0.216283 0
    outer loop
      vertex 21.5978 -18.9428 8
      vertex 21.5978 -18.9428 0
      vertex 21.711 -18.4318 8
    endloop
  endfacet
  facet normal 0.953715 -0.300711 0
    outer loop
      vertex 21.8684 -17.9326 0
      vertex 21.8684 -17.9326 8
      vertex 21.711 -18.4318 0
    endloop
  endfacet
  facet normal 0.953715 -0.300711 0
    outer loop
      vertex 21.711 -18.4318 8
      vertex 21.711 -18.4318 0
      vertex 21.8684 -17.9326 8
    endloop
  endfacet
  facet normal 0.923821 -0.382824 0
    outer loop
      vertex 22.0688 -17.449 0
      vertex 22.0688 -17.449 8
      vertex 21.8684 -17.9326 0
    endloop
  endfacet
  facet normal 0.923821 -0.382824 0
    outer loop
      vertex 21.8684 -17.9326 8
      vertex 21.8684 -17.9326 0
      vertex 22.0688 -17.449 8
    endloop
  endfacet
  facet normal 0.887089 -0.461599 0
    outer loop
      vertex 22.3104 -16.9847 0
      vertex 22.3104 -16.9847 8
      vertex 22.0688 -17.449 0
    endloop
  endfacet
  facet normal 0.887089 -0.461599 0
    outer loop
      vertex 22.0688 -17.449 8
      vertex 22.0688 -17.449 0
      vertex 22.3104 -16.9847 8
    endloop
  endfacet
  facet normal 0.843362 -0.537345 0
    outer loop
      vertex 22.5917 -16.5432 0
      vertex 22.5917 -16.5432 8
      vertex 22.3104 -16.9847 0
    endloop
  endfacet
  facet normal 0.843362 -0.537345 0
    outer loop
      vertex 22.3104 -16.9847 8
      vertex 22.3104 -16.9847 0
      vertex 22.5917 -16.5432 8
    endloop
  endfacet
  facet normal 0.793348 -0.608768 0
    outer loop
      vertex 22.9103 -16.128 0
      vertex 22.9103 -16.128 8
      vertex 22.5917 -16.5432 0
    endloop
  endfacet
  facet normal 0.793348 -0.608768 0
    outer loop
      vertex 22.5917 -16.5432 8
      vertex 22.5917 -16.5432 0
      vertex 22.9103 -16.128 8
    endloop
  endfacet
  facet normal 0.737194 -0.675681 0
    outer loop
      vertex 23.264 -15.7421 0
      vertex 23.264 -15.7421 8
      vertex 22.9103 -16.128 0
    endloop
  endfacet
  facet normal 0.737194 -0.675681 0
    outer loop
      vertex 22.9103 -16.128 8
      vertex 22.9103 -16.128 0
      vertex 23.264 -15.7421 8
    endloop
  endfacet
  facet normal 0.675681 -0.737194 0
    outer loop
      vertex 23.6499 -15.3884 0
      vertex 23.6499 -15.3884 8
      vertex 23.264 -15.7421 0
    endloop
  endfacet
  facet normal 0.675681 -0.737194 0
    outer loop
      vertex 23.264 -15.7421 8
      vertex 23.264 -15.7421 0
      vertex 23.6499 -15.3884 8
    endloop
  endfacet
  facet normal 0.608768 -0.793348 0
    outer loop
      vertex 24.0651 -15.0698 0
      vertex 24.0651 -15.0698 8
      vertex 23.6499 -15.3884 0
    endloop
  endfacet
  facet normal 0.608768 -0.793348 0
    outer loop
      vertex 23.6499 -15.3884 8
      vertex 23.6499 -15.3884 0
      vertex 24.0651 -15.0698 8
    endloop
  endfacet
  facet normal 0.537345 -0.843362 0
    outer loop
      vertex 24.5066 -14.7885 0
      vertex 24.5066 -14.7885 8
      vertex 24.0651 -15.0698 0
    endloop
  endfacet
  facet normal 0.537345 -0.843362 0
    outer loop
      vertex 24.0651 -15.0698 8
      vertex 24.0651 -15.0698 0
      vertex 24.5066 -14.7885 8
    endloop
  endfacet
  facet normal 0.461599 -0.887089 0
    outer loop
      vertex 24.9709 -14.5469 0
      vertex 24.9709 -14.5469 8
      vertex 24.5066 -14.7885 0
    endloop
  endfacet
  facet normal 0.461599 -0.887089 0
    outer loop
      vertex 24.5066 -14.7885 8
      vertex 24.5066 -14.7885 0
      vertex 24.9709 -14.5469 8
    endloop
  endfacet
  facet normal 0.382824 -0.923821 0
    outer loop
      vertex 25.4545 -14.3465 0
      vertex 25.4545 -14.3465 8
      vertex 24.9709 -14.5469 0
    endloop
  endfacet
  facet normal 0.382824 -0.923821 0
    outer loop
      vertex 24.9709 -14.5469 8
      vertex 24.9709 -14.5469 0
      vertex 25.4545 -14.3465 8
    endloop
  endfacet
  facet normal 0.300711 -0.953715 0
    outer loop
      vertex 25.9537 -14.1891 0
      vertex 25.9537 -14.1891 8
      vertex 25.4545 -14.3465 0
    endloop
  endfacet
  facet normal 0.300711 -0.953715 0
    outer loop
      vertex 25.4545 -14.3465 8
      vertex 25.4545 -14.3465 0
      vertex 25.9537 -14.1891 8
    endloop
  endfacet
  facet normal 0.216283 -0.976331 0
    outer loop
      vertex 26.4647 -14.0759 0
      vertex 26.4647 -14.0759 8
      vertex 25.9537 -14.1891 0
    endloop
  endfacet
  facet normal 0.216283 -0.976331 0
    outer loop
      vertex 25.9537 -14.1891 8
      vertex 25.9537 -14.1891 0
      vertex 26.4647 -14.0759 8
    endloop
  endfacet
  facet normal 0.130662 -0.991427 0
    outer loop
      vertex 26.9837 -14.0075 0
      vertex 26.9837 -14.0075 8
      vertex 26.4647 -14.0759 0
    endloop
  endfacet
  facet normal 0.130662 -0.991427 0
    outer loop
      vertex 26.4647 -14.0759 8
      vertex 26.4647 -14.0759 0
      vertex 26.9837 -14.0075 8
    endloop
  endfacet
  facet normal 0.0435616 -0.999051 0
    outer loop
      vertex 27.5066 -13.9847 0
      vertex 27.5066 -13.9847 8
      vertex 26.9837 -14.0075 0
    endloop
  endfacet
  facet normal 0.0435616 -0.999051 0
    outer loop
      vertex 26.9837 -14.0075 8
      vertex 26.9837 -14.0075 0
      vertex 27.5066 -13.9847 8
    endloop
  endfacet
  facet normal -0.0435616 -0.999051 0
    outer loop
      vertex 28.0295 -14.0075 0
      vertex 28.0295 -14.0075 8
      vertex 27.5066 -13.9847 0
    endloop
  endfacet
  facet normal -0.0435616 -0.999051 -0
    outer loop
      vertex 27.5066 -13.9847 8
      vertex 27.5066 -13.9847 0
      vertex 28.0295 -14.0075 8
    endloop
  endfacet
  facet normal -0.130662 -0.991427 0
    outer loop
      vertex 28.5485 -14.0759 0
      vertex 28.5485 -14.0759 8
      vertex 28.0295 -14.0075 0
    endloop
  endfacet
  facet normal -0.130662 -0.991427 -0
    outer loop
      vertex 28.0295 -14.0075 8
      vertex 28.0295 -14.0075 0
      vertex 28.5485 -14.0759 8
    endloop
  endfacet
  facet normal -0.216283 -0.976331 0
    outer loop
      vertex 29.0595 -14.1891 0
      vertex 29.0595 -14.1891 8
      vertex 28.5485 -14.0759 0
    endloop
  endfacet
  facet normal -0.216283 -0.976331 -0
    outer loop
      vertex 28.5485 -14.0759 8
      vertex 28.5485 -14.0759 0
      vertex 29.0595 -14.1891 8
    endloop
  endfacet
  facet normal -0.300711 -0.953715 0
    outer loop
      vertex 29.5587 -14.3465 0
      vertex 29.5587 -14.3465 8
      vertex 29.0595 -14.1891 0
    endloop
  endfacet
  facet normal -0.300711 -0.953715 -0
    outer loop
      vertex 29.0595 -14.1891 8
      vertex 29.0595 -14.1891 0
      vertex 29.5587 -14.3465 8
    endloop
  endfacet
  facet normal -0.382824 -0.923821 0
    outer loop
      vertex 30.0423 -14.5469 0
      vertex 30.0423 -14.5469 8
      vertex 29.5587 -14.3465 0
    endloop
  endfacet
  facet normal -0.382824 -0.923821 -0
    outer loop
      vertex 29.5587 -14.3465 8
      vertex 29.5587 -14.3465 0
      vertex 30.0423 -14.5469 8
    endloop
  endfacet
  facet normal -0.461599 -0.887089 0
    outer loop
      vertex 30.5066 -14.7885 0
      vertex 30.5066 -14.7885 8
      vertex 30.0423 -14.5469 0
    endloop
  endfacet
  facet normal -0.461599 -0.887089 -0
    outer loop
      vertex 30.0423 -14.5469 8
      vertex 30.0423 -14.5469 0
      vertex 30.5066 -14.7885 8
    endloop
  endfacet
  facet normal -0.537345 -0.843362 0
    outer loop
      vertex 30.9481 -15.0698 0
      vertex 30.9481 -15.0698 8
      vertex 30.5066 -14.7885 0
    endloop
  endfacet
  facet normal -0.537345 -0.843362 -0
    outer loop
      vertex 30.5066 -14.7885 8
      vertex 30.5066 -14.7885 0
      vertex 30.9481 -15.0698 8
    endloop
  endfacet
  facet normal -0.608768 -0.793348 0
    outer loop
      vertex 31.3633 -15.3884 0
      vertex 31.3633 -15.3884 8
      vertex 30.9481 -15.0698 0
    endloop
  endfacet
  facet normal -0.608768 -0.793348 -0
    outer loop
      vertex 30.9481 -15.0698 8
      vertex 30.9481 -15.0698 0
      vertex 31.3633 -15.3884 8
    endloop
  endfacet
  facet normal -0.675681 -0.737194 0
    outer loop
      vertex 31.7492 -15.7421 0
      vertex 31.7492 -15.7421 8
      vertex 31.3633 -15.3884 0
    endloop
  endfacet
  facet normal -0.675681 -0.737194 -0
    outer loop
      vertex 31.3633 -15.3884 8
      vertex 31.3633 -15.3884 0
      vertex 31.7492 -15.7421 8
    endloop
  endfacet
  facet normal -0.737194 -0.675681 0
    outer loop
      vertex 32.1029 -16.128 0
      vertex 32.1029 -16.128 8
      vertex 31.7492 -15.7421 0
    endloop
  endfacet
  facet normal -0.737194 -0.675681 -0
    outer loop
      vertex 31.7492 -15.7421 8
      vertex 31.7492 -15.7421 0
      vertex 32.1029 -16.128 8
    endloop
  endfacet
  facet normal -0.793348 -0.608768 0
    outer loop
      vertex 32.4215 -16.5432 0
      vertex 32.4215 -16.5432 8
      vertex 32.1029 -16.128 0
    endloop
  endfacet
  facet normal -0.793348 -0.608768 -0
    outer loop
      vertex 32.1029 -16.128 8
      vertex 32.1029 -16.128 0
      vertex 32.4215 -16.5432 8
    endloop
  endfacet
  facet normal -0.843362 -0.537345 0
    outer loop
      vertex 32.7028 -16.9847 0
      vertex 32.7028 -16.9847 8
      vertex 32.4215 -16.5432 0
    endloop
  endfacet
  facet normal -0.843362 -0.537345 -0
    outer loop
      vertex 32.4215 -16.5432 8
      vertex 32.4215 -16.5432 0
      vertex 32.7028 -16.9847 8
    endloop
  endfacet
  facet normal -0.887089 -0.461599 0
    outer loop
      vertex 32.9444 -17.449 0
      vertex 32.9444 -17.449 8
      vertex 32.7028 -16.9847 0
    endloop
  endfacet
  facet normal -0.887089 -0.461599 -0
    outer loop
      vertex 32.7028 -16.9847 8
      vertex 32.7028 -16.9847 0
      vertex 32.9444 -17.449 8
    endloop
  endfacet
  facet normal -0.923821 -0.382824 0
    outer loop
      vertex 33.1448 -17.9326 0
      vertex 33.1448 -17.9326 8
      vertex 32.9444 -17.449 0
    endloop
  endfacet
  facet normal -0.923821 -0.382824 -0
    outer loop
      vertex 32.9444 -17.449 8
      vertex 32.9444 -17.449 0
      vertex 33.1448 -17.9326 8
    endloop
  endfacet
  facet normal -0.953715 -0.300711 0
    outer loop
      vertex 33.3022 -18.4318 0
      vertex 33.3022 -18.4318 8
      vertex 33.1448 -17.9326 0
    endloop
  endfacet
  facet normal -0.953715 -0.300711 -0
    outer loop
      vertex 33.1448 -17.9326 8
      vertex 33.1448 -17.9326 0
      vertex 33.3022 -18.4318 8
    endloop
  endfacet
  facet normal -0.976331 -0.216283 0
    outer loop
      vertex 33.4154 -18.9428 0
      vertex 33.4154 -18.9428 8
      vertex 33.3022 -18.4318 0
    endloop
  endfacet
  facet normal -0.976331 -0.216283 -0
    outer loop
      vertex 33.3022 -18.4318 8
      vertex 33.3022 -18.4318 0
      vertex 33.4154 -18.9428 8
    endloop
  endfacet
  facet normal -0.991427 -0.130662 0
    outer loop
      vertex 33.4838 -19.4618 0
      vertex 33.4838 -19.4618 8
      vertex 33.4154 -18.9428 0
    endloop
  endfacet
  facet normal -0.991427 -0.130662 -0
    outer loop
      vertex 33.4154 -18.9428 8
      vertex 33.4154 -18.9428 0
      vertex 33.4838 -19.4618 8
    endloop
  endfacet
  facet normal -0.999051 -0.0435616 0
    outer loop
      vertex 33.5066 -19.9847 0
      vertex 33.5066 -19.9847 8
      vertex 33.4838 -19.4618 0
    endloop
  endfacet
  facet normal -0.999051 -0.0435616 -0
    outer loop
      vertex 33.4838 -19.4618 8
      vertex 33.4838 -19.4618 0
      vertex 33.5066 -19.9847 8
    endloop
  endfacet
  facet normal -0.999051 0.0435616 0
    outer loop
      vertex 33.4838 -20.5076 0
      vertex 33.4838 -20.5076 8
      vertex 33.5066 -19.9847 0
    endloop
  endfacet
  facet normal -0.999051 0.0435616 0
    outer loop
      vertex 33.5066 -19.9847 8
      vertex 33.5066 -19.9847 0
      vertex 33.4838 -20.5076 8
    endloop
  endfacet
  facet normal -0.991427 0.130662 0
    outer loop
      vertex 33.4154 -21.0266 0
      vertex 33.4154 -21.0266 8
      vertex 33.4838 -20.5076 0
    endloop
  endfacet
  facet normal -0.991427 0.130662 0
    outer loop
      vertex 33.4838 -20.5076 8
      vertex 33.4838 -20.5076 0
      vertex 33.4154 -21.0266 8
    endloop
  endfacet
  facet normal -0.976331 0.216283 0
    outer loop
      vertex 33.3022 -21.5376 0
      vertex 33.3022 -21.5376 8
      vertex 33.4154 -21.0266 0
    endloop
  endfacet
  facet normal -0.976331 0.216283 0
    outer loop
      vertex 33.4154 -21.0266 8
      vertex 33.4154 -21.0266 0
      vertex 33.3022 -21.5376 8
    endloop
  endfacet
  facet normal -0.953715 0.300711 0
    outer loop
      vertex 33.1448 -22.0368 0
      vertex 33.1448 -22.0368 8
      vertex 33.3022 -21.5376 0
    endloop
  endfacet
  facet normal -0.953715 0.300711 0
    outer loop
      vertex 33.3022 -21.5376 8
      vertex 33.3022 -21.5376 0
      vertex 33.1448 -22.0368 8
    endloop
  endfacet
  facet normal -0.923821 0.382824 0
    outer loop
      vertex 32.9444 -22.5204 0
      vertex 32.9444 -22.5204 8
      vertex 33.1448 -22.0368 0
    endloop
  endfacet
  facet normal -0.923821 0.382824 0
    outer loop
      vertex 33.1448 -22.0368 8
      vertex 33.1448 -22.0368 0
      vertex 32.9444 -22.5204 8
    endloop
  endfacet
  facet normal -0.887089 0.461599 0
    outer loop
      vertex 32.7028 -22.9847 0
      vertex 32.7028 -22.9847 8
      vertex 32.9444 -22.5204 0
    endloop
  endfacet
  facet normal -0.887089 0.461599 0
    outer loop
      vertex 32.9444 -22.5204 8
      vertex 32.9444 -22.5204 0
      vertex 32.7028 -22.9847 8
    endloop
  endfacet
  facet normal -0.843362 0.537345 0
    outer loop
      vertex 32.4215 -23.4262 0
      vertex 32.4215 -23.4262 8
      vertex 32.7028 -22.9847 0
    endloop
  endfacet
  facet normal -0.843362 0.537345 0
    outer loop
      vertex 32.7028 -22.9847 8
      vertex 32.7028 -22.9847 0
      vertex 32.4215 -23.4262 8
    endloop
  endfacet
  facet normal -0.793348 0.608768 0
    outer loop
      vertex 32.1029 -23.8414 0
      vertex 32.1029 -23.8414 8
      vertex 32.4215 -23.4262 0
    endloop
  endfacet
  facet normal -0.793348 0.608768 0
    outer loop
      vertex 32.4215 -23.4262 8
      vertex 32.4215 -23.4262 0
      vertex 32.1029 -23.8414 8
    endloop
  endfacet
  facet normal -0.737194 0.675681 0
    outer loop
      vertex 31.7492 -24.2273 0
      vertex 31.7492 -24.2273 8
      vertex 32.1029 -23.8414 0
    endloop
  endfacet
  facet normal -0.737194 0.675681 0
    outer loop
      vertex 32.1029 -23.8414 8
      vertex 32.1029 -23.8414 0
      vertex 31.7492 -24.2273 8
    endloop
  endfacet
  facet normal -0.675681 0.737194 0
    outer loop
      vertex 31.3633 -24.581 0
      vertex 31.3633 -24.581 8
      vertex 31.7492 -24.2273 0
    endloop
  endfacet
  facet normal -0.675681 0.737194 0
    outer loop
      vertex 31.7492 -24.2273 8
      vertex 31.7492 -24.2273 0
      vertex 31.3633 -24.581 8
    endloop
  endfacet
  facet normal -0.608768 0.793348 0
    outer loop
      vertex 30.9481 -24.8996 0
      vertex 30.9481 -24.8996 8
      vertex 31.3633 -24.581 0
    endloop
  endfacet
  facet normal -0.608768 0.793348 0
    outer loop
      vertex 31.3633 -24.581 8
      vertex 31.3633 -24.581 0
      vertex 30.9481 -24.8996 8
    endloop
  endfacet
  facet normal -0.537345 0.843362 0
    outer loop
      vertex 30.5066 -25.1809 0
      vertex 30.5066 -25.1809 8
      vertex 30.9481 -24.8996 0
    endloop
  endfacet
  facet normal -0.537345 0.843362 0
    outer loop
      vertex 30.9481 -24.8996 8
      vertex 30.9481 -24.8996 0
      vertex 30.5066 -25.1809 8
    endloop
  endfacet
  facet normal -0.461599 0.887089 0
    outer loop
      vertex 30.0423 -25.4225 0
      vertex 30.0423 -25.4225 8
      vertex 30.5066 -25.1809 0
    endloop
  endfacet
  facet normal -0.461599 0.887089 0
    outer loop
      vertex 30.5066 -25.1809 8
      vertex 30.5066 -25.1809 0
      vertex 30.0423 -25.4225 8
    endloop
  endfacet
  facet normal -0.382824 0.923821 0
    outer loop
      vertex 29.5587 -25.6229 0
      vertex 29.5587 -25.6229 8
      vertex 30.0423 -25.4225 0
    endloop
  endfacet
  facet normal -0.382824 0.923821 0
    outer loop
      vertex 30.0423 -25.4225 8
      vertex 30.0423 -25.4225 0
      vertex 29.5587 -25.6229 8
    endloop
  endfacet
  facet normal -0.300711 0.953715 0
    outer loop
      vertex 29.0595 -25.7803 0
      vertex 29.0595 -25.7803 8
      vertex 29.5587 -25.6229 0
    endloop
  endfacet
  facet normal -0.300711 0.953715 0
    outer loop
      vertex 29.5587 -25.6229 8
      vertex 29.5587 -25.6229 0
      vertex 29.0595 -25.7803 8
    endloop
  endfacet
  facet normal -0.216283 0.976331 0
    outer loop
      vertex 28.5485 -25.8935 0
      vertex 28.5485 -25.8935 8
      vertex 29.0595 -25.7803 0
    endloop
  endfacet
  facet normal -0.216283 0.976331 0
    outer loop
      vertex 29.0595 -25.7803 8
      vertex 29.0595 -25.7803 0
      vertex 28.5485 -25.8935 8
    endloop
  endfacet
  facet normal -0.130662 0.991427 0
    outer loop
      vertex 28.0295 -25.9619 0
      vertex 28.0295 -25.9619 8
      vertex 28.5485 -25.8935 0
    endloop
  endfacet
  facet normal -0.130662 0.991427 0
    outer loop
      vertex 28.5485 -25.8935 8
      vertex 28.5485 -25.8935 0
      vertex 28.0295 -25.9619 8
    endloop
  endfacet
  facet normal -0.0435616 0.999051 0
    outer loop
      vertex 27.5066 -25.9847 0
      vertex 27.5066 -25.9847 8
      vertex 28.0295 -25.9619 0
    endloop
  endfacet
  facet normal -0.0435616 0.999051 0
    outer loop
      vertex 28.0295 -25.9619 8
      vertex 28.0295 -25.9619 0
      vertex 27.5066 -25.9847 8
    endloop
  endfacet
  facet normal 0.0435616 0.999051 -0
    outer loop
      vertex 26.9837 -25.9619 0
      vertex 26.9837 -25.9619 8
      vertex 27.5066 -25.9847 0
    endloop
  endfacet
  facet normal 0.0435616 0.999051 0
    outer loop
      vertex 27.5066 -25.9847 8
      vertex 27.5066 -25.9847 0
      vertex 26.9837 -25.9619 8
    endloop
  endfacet
  facet normal 0.130662 0.991427 -0
    outer loop
      vertex -11.5485 -38.2447 0
      vertex -11.5485 -38.2447 8
      vertex -11.0295 -38.3131 0
    endloop
  endfacet
  facet normal 0.130662 0.991427 0
    outer loop
      vertex -11.0295 -38.3131 8
      vertex -11.0295 -38.3131 0
      vertex -11.5485 -38.2447 8
    endloop
  endfacet
  facet normal 0.216283 0.976331 -0
    outer loop
      vertex -12.0595 -38.1315 0
      vertex -12.0595 -38.1315 8
      vertex -11.5485 -38.2447 0
    endloop
  endfacet
  facet normal 0.216283 0.976331 0
    outer loop
      vertex -11.5485 -38.2447 8
      vertex -11.5485 -38.2447 0
      vertex -12.0595 -38.1315 8
    endloop
  endfacet
  facet normal 0.300711 0.953715 -0
    outer loop
      vertex -12.5587 -37.9741 0
      vertex -12.5587 -37.9741 8
      vertex -12.0595 -38.1315 0
    endloop
  endfacet
  facet normal 0.300711 0.953715 0
    outer loop
      vertex -12.0595 -38.1315 8
      vertex -12.0595 -38.1315 0
      vertex -12.5587 -37.9741 8
    endloop
  endfacet
  facet normal 0.382824 0.923821 -0
    outer loop
      vertex -13.0423 -37.7737 0
      vertex -13.0423 -37.7737 8
      vertex -12.5587 -37.9741 0
    endloop
  endfacet
  facet normal 0.382824 0.923821 0
    outer loop
      vertex -12.5587 -37.9741 8
      vertex -12.5587 -37.9741 0
      vertex -13.0423 -37.7737 8
    endloop
  endfacet
  facet normal 0.461599 0.887089 -0
    outer loop
      vertex -13.5066 -37.5321 0
      vertex -13.5066 -37.5321 8
      vertex -13.0423 -37.7737 0
    endloop
  endfacet
  facet normal 0.461599 0.887089 0
    outer loop
      vertex -13.0423 -37.7737 8
      vertex -13.0423 -37.7737 0
      vertex -13.5066 -37.5321 8
    endloop
  endfacet
  facet normal 0.537345 0.843362 -0
    outer loop
      vertex -13.9481 -37.2508 0
      vertex -13.9481 -37.2508 8
      vertex -13.5066 -37.5321 0
    endloop
  endfacet
  facet normal 0.537345 0.843362 0
    outer loop
      vertex -13.5066 -37.5321 8
      vertex -13.5066 -37.5321 0
      vertex -13.9481 -37.2508 8
    endloop
  endfacet
  facet normal 0.608768 0.793348 -0
    outer loop
      vertex -14.3633 -36.9322 0
      vertex -14.3633 -36.9322 8
      vertex -13.9481 -37.2508 0
    endloop
  endfacet
  facet normal 0.608768 0.793348 0
    outer loop
      vertex -13.9481 -37.2508 8
      vertex -13.9481 -37.2508 0
      vertex -14.3633 -36.9322 8
    endloop
  endfacet
  facet normal 0.675681 0.737194 -0
    outer loop
      vertex -14.7492 -36.5785 0
      vertex -14.7492 -36.5785 8
      vertex -14.3633 -36.9322 0
    endloop
  endfacet
  facet normal 0.675681 0.737194 0
    outer loop
      vertex -14.3633 -36.9322 8
      vertex -14.3633 -36.9322 0
      vertex -14.7492 -36.5785 8
    endloop
  endfacet
  facet normal 0.737194 0.675681 -0
    outer loop
      vertex -15.1029 -36.1926 0
      vertex -15.1029 -36.1926 8
      vertex -14.7492 -36.5785 0
    endloop
  endfacet
  facet normal 0.737194 0.675681 0
    outer loop
      vertex -14.7492 -36.5785 8
      vertex -14.7492 -36.5785 0
      vertex -15.1029 -36.1926 8
    endloop
  endfacet
  facet normal 0.793348 0.608768 -0
    outer loop
      vertex -15.4215 -35.7774 0
      vertex -15.4215 -35.7774 8
      vertex -15.1029 -36.1926 0
    endloop
  endfacet
  facet normal 0.793348 0.608768 0
    outer loop
      vertex -15.1029 -36.1926 8
      vertex -15.1029 -36.1926 0
      vertex -15.4215 -35.7774 8
    endloop
  endfacet
  facet normal 0.843362 0.537345 -0
    outer loop
      vertex -15.7028 -35.3359 0
      vertex -15.7028 -35.3359 8
      vertex -15.4215 -35.7774 0
    endloop
  endfacet
  facet normal 0.843362 0.537345 0
    outer loop
      vertex -15.4215 -35.7774 8
      vertex -15.4215 -35.7774 0
      vertex -15.7028 -35.3359 8
    endloop
  endfacet
  facet normal 0.887089 0.461599 -0
    outer loop
      vertex -15.9444 -34.8716 0
      vertex -15.9444 -34.8716 8
      vertex -15.7028 -35.3359 0
    endloop
  endfacet
  facet normal 0.887089 0.461599 0
    outer loop
      vertex -15.7028 -35.3359 8
      vertex -15.7028 -35.3359 0
      vertex -15.9444 -34.8716 8
    endloop
  endfacet
  facet normal 0.923821 0.382824 -0
    outer loop
      vertex -16.1448 -34.388 0
      vertex -16.1448 -34.388 8
      vertex -15.9444 -34.8716 0
    endloop
  endfacet
  facet normal 0.923821 0.382824 0
    outer loop
      vertex -15.9444 -34.8716 8
      vertex -15.9444 -34.8716 0
      vertex -16.1448 -34.388 8
    endloop
  endfacet
  facet normal 0.953715 0.300711 -0
    outer loop
      vertex -16.3022 -33.8888 0
      vertex -16.3022 -33.8888 8
      vertex -16.1448 -34.388 0
    endloop
  endfacet
  facet normal 0.953715 0.300711 0
    outer loop
      vertex -16.1448 -34.388 8
      vertex -16.1448 -34.388 0
      vertex -16.3022 -33.8888 8
    endloop
  endfacet
  facet normal 0.976331 0.216283 -0
    outer loop
      vertex -16.4154 -33.3778 0
      vertex -16.4154 -33.3778 8
      vertex -16.3022 -33.8888 0
    endloop
  endfacet
  facet normal 0.976331 0.216283 0
    outer loop
      vertex -16.3022 -33.8888 8
      vertex -16.3022 -33.8888 0
      vertex -16.4154 -33.3778 8
    endloop
  endfacet
  facet normal 0.991427 0.130662 -0
    outer loop
      vertex -16.4838 -32.8588 0
      vertex -16.4838 -32.8588 8
      vertex -16.4154 -33.3778 0
    endloop
  endfacet
  facet normal 0.991427 0.130662 0
    outer loop
      vertex -16.4154 -33.3778 8
      vertex -16.4154 -33.3778 0
      vertex -16.4838 -32.8588 8
    endloop
  endfacet
  facet normal 0.999051 0.0435616 -0
    outer loop
      vertex -16.5066 -32.3359 0
      vertex -16.5066 -32.3359 8
      vertex -16.4838 -32.8588 0
    endloop
  endfacet
  facet normal 0.999051 0.0435616 0
    outer loop
      vertex -16.4838 -32.8588 8
      vertex -16.4838 -32.8588 0
      vertex -16.5066 -32.3359 8
    endloop
  endfacet
  facet normal 0.999051 -0.0435616 0
    outer loop
      vertex -16.4838 -31.813 0
      vertex -16.4838 -31.813 8
      vertex -16.5066 -32.3359 0
    endloop
  endfacet
  facet normal 0.999051 -0.0435616 0
    outer loop
      vertex -16.5066 -32.3359 8
      vertex -16.5066 -32.3359 0
      vertex -16.4838 -31.813 8
    endloop
  endfacet
  facet normal 0.991427 -0.130662 0
    outer loop
      vertex -16.4154 -31.294 0
      vertex -16.4154 -31.294 8
      vertex -16.4838 -31.813 0
    endloop
  endfacet
  facet normal 0.991427 -0.130662 0
    outer loop
      vertex -16.4838 -31.813 8
      vertex -16.4838 -31.813 0
      vertex -16.4154 -31.294 8
    endloop
  endfacet
  facet normal 0.976331 -0.216283 0
    outer loop
      vertex -16.3022 -30.783 0
      vertex -16.3022 -30.783 8
      vertex -16.4154 -31.294 0
    endloop
  endfacet
  facet normal 0.976331 -0.216283 0
    outer loop
      vertex -16.4154 -31.294 8
      vertex -16.4154 -31.294 0
      vertex -16.3022 -30.783 8
    endloop
  endfacet
  facet normal 0.953715 -0.300711 0
    outer loop
      vertex -16.1448 -30.2838 0
      vertex -16.1448 -30.2838 8
      vertex -16.3022 -30.783 0
    endloop
  endfacet
  facet normal 0.953715 -0.300711 0
    outer loop
      vertex -16.3022 -30.783 8
      vertex -16.3022 -30.783 0
      vertex -16.1448 -30.2838 8
    endloop
  endfacet
  facet normal 0.923821 -0.382824 0
    outer loop
      vertex -15.9444 -29.8002 0
      vertex -15.9444 -29.8002 8
      vertex -16.1448 -30.2838 0
    endloop
  endfacet
  facet normal 0.923821 -0.382824 0
    outer loop
      vertex -16.1448 -30.2838 8
      vertex -16.1448 -30.2838 0
      vertex -15.9444 -29.8002 8
    endloop
  endfacet
  facet normal 0.887089 -0.461599 0
    outer loop
      vertex -15.7028 -29.3359 0
      vertex -15.7028 -29.3359 8
      vertex -15.9444 -29.8002 0
    endloop
  endfacet
  facet normal 0.887089 -0.461599 0
    outer loop
      vertex -15.9444 -29.8002 8
      vertex -15.9444 -29.8002 0
      vertex -15.7028 -29.3359 8
    endloop
  endfacet
  facet normal 0.843362 -0.537345 0
    outer loop
      vertex -15.4215 -28.8944 0
      vertex -15.4215 -28.8944 8
      vertex -15.7028 -29.3359 0
    endloop
  endfacet
  facet normal 0.843362 -0.537345 0
    outer loop
      vertex -15.7028 -29.3359 8
      vertex -15.7028 -29.3359 0
      vertex -15.4215 -28.8944 8
    endloop
  endfacet
  facet normal 0.793348 -0.608768 0
    outer loop
      vertex -15.1029 -28.4792 0
      vertex -15.1029 -28.4792 8
      vertex -15.4215 -28.8944 0
    endloop
  endfacet
  facet normal 0.793348 -0.608768 0
    outer loop
      vertex -15.4215 -28.8944 8
      vertex -15.4215 -28.8944 0
      vertex -15.1029 -28.4792 8
    endloop
  endfacet
  facet normal 0.737194 -0.675681 0
    outer loop
      vertex -14.7492 -28.0933 0
      vertex -14.7492 -28.0933 8
      vertex -15.1029 -28.4792 0
    endloop
  endfacet
  facet normal 0.737194 -0.675681 0
    outer loop
      vertex -15.1029 -28.4792 8
      vertex -15.1029 -28.4792 0
      vertex -14.7492 -28.0933 8
    endloop
  endfacet
  facet normal 0.675681 -0.737194 0
    outer loop
      vertex -14.3633 -27.7396 0
      vertex -14.3633 -27.7396 8
      vertex -14.7492 -28.0933 0
    endloop
  endfacet
  facet normal 0.675681 -0.737194 0
    outer loop
      vertex -14.7492 -28.0933 8
      vertex -14.7492 -28.0933 0
      vertex -14.3633 -27.7396 8
    endloop
  endfacet
  facet normal 0.608768 -0.793348 0
    outer loop
      vertex -13.9481 -27.421 0
      vertex -13.9481 -27.421 8
      vertex -14.3633 -27.7396 0
    endloop
  endfacet
  facet normal 0.608768 -0.793348 0
    outer loop
      vertex -14.3633 -27.7396 8
      vertex -14.3633 -27.7396 0
      vertex -13.9481 -27.421 8
    endloop
  endfacet
  facet normal 0.537345 -0.843362 0
    outer loop
      vertex -13.5066 -27.1397 0
      vertex -13.5066 -27.1397 8
      vertex -13.9481 -27.421 0
    endloop
  endfacet
  facet normal 0.537345 -0.843362 0
    outer loop
      vertex -13.9481 -27.421 8
      vertex -13.9481 -27.421 0
      vertex -13.5066 -27.1397 8
    endloop
  endfacet
  facet normal 0.461599 -0.887089 0
    outer loop
      vertex -13.0423 -26.8981 0
      vertex -13.0423 -26.8981 8
      vertex -13.5066 -27.1397 0
    endloop
  endfacet
  facet normal 0.461599 -0.887089 0
    outer loop
      vertex -13.5066 -27.1397 8
      vertex -13.5066 -27.1397 0
      vertex -13.0423 -26.8981 8
    endloop
  endfacet
  facet normal 0.382824 -0.923821 0
    outer loop
      vertex -12.5587 -26.6977 0
      vertex -12.5587 -26.6977 8
      vertex -13.0423 -26.8981 0
    endloop
  endfacet
  facet normal 0.382824 -0.923821 0
    outer loop
      vertex -13.0423 -26.8981 8
      vertex -13.0423 -26.8981 0
      vertex -12.5587 -26.6977 8
    endloop
  endfacet
  facet normal 0.300711 -0.953715 0
    outer loop
      vertex -12.0595 -26.5403 0
      vertex -12.0595 -26.5403 8
      vertex -12.5587 -26.6977 0
    endloop
  endfacet
  facet normal 0.300711 -0.953715 0
    outer loop
      vertex -12.5587 -26.6977 8
      vertex -12.5587 -26.6977 0
      vertex -12.0595 -26.5403 8
    endloop
  endfacet
  facet normal 0.216283 -0.976331 0
    outer loop
      vertex -11.5485 -26.4271 0
      vertex -11.5485 -26.4271 8
      vertex -12.0595 -26.5403 0
    endloop
  endfacet
  facet normal 0.216283 -0.976331 0
    outer loop
      vertex -12.0595 -26.5403 8
      vertex -12.0595 -26.5403 0
      vertex -11.5485 -26.4271 8
    endloop
  endfacet
  facet normal 0.130662 -0.991427 0
    outer loop
      vertex -11.0295 -26.3587 0
      vertex -11.0295 -26.3587 8
      vertex -11.5485 -26.4271 0
    endloop
  endfacet
  facet normal 0.130662 -0.991427 0
    outer loop
      vertex -11.5485 -26.4271 8
      vertex -11.5485 -26.4271 0
      vertex -11.0295 -26.3587 8
    endloop
  endfacet
  facet normal 0.0435616 -0.999051 0
    outer loop
      vertex -10.5066 -26.3359 0
      vertex -10.5066 -26.3359 8
      vertex -11.0295 -26.3587 0
    endloop
  endfacet
  facet normal 0.0435616 -0.999051 0
    outer loop
      vertex -11.0295 -26.3587 8
      vertex -11.0295 -26.3587 0
      vertex -10.5066 -26.3359 8
    endloop
  endfacet
  facet normal -0.0435608 -0.999051 0
    outer loop
      vertex -9.98369 -26.3587 0
      vertex -9.98369 -26.3587 8
      vertex -10.5066 -26.3359 0
    endloop
  endfacet
  facet normal -0.0435608 -0.999051 -0
    outer loop
      vertex -10.5066 -26.3359 8
      vertex -10.5066 -26.3359 0
      vertex -9.98369 -26.3587 8
    endloop
  endfacet
  facet normal -0.130662 -0.991427 0
    outer loop
      vertex -9.46469 -26.4271 0
      vertex -9.46469 -26.4271 8
      vertex -9.98369 -26.3587 0
    endloop
  endfacet
  facet normal -0.130662 -0.991427 -0
    outer loop
      vertex -9.98369 -26.3587 8
      vertex -9.98369 -26.3587 0
      vertex -9.46469 -26.4271 8
    endloop
  endfacet
  facet normal -0.216283 -0.976331 0
    outer loop
      vertex -8.95369 -26.5403 0
      vertex -8.95369 -26.5403 8
      vertex -9.46469 -26.4271 0
    endloop
  endfacet
  facet normal -0.216283 -0.976331 -0
    outer loop
      vertex -9.46469 -26.4271 8
      vertex -9.46469 -26.4271 0
      vertex -8.95369 -26.5403 8
    endloop
  endfacet
  facet normal -0.300716 -0.953714 0
    outer loop
      vertex -8.4545 -26.6977 0
      vertex -8.4545 -26.6977 8
      vertex -8.95369 -26.5403 0
    endloop
  endfacet
  facet normal -0.300716 -0.953714 -0
    outer loop
      vertex -8.95369 -26.5403 8
      vertex -8.95369 -26.5403 0
      vertex -8.4545 -26.6977 8
    endloop
  endfacet
  facet normal -0.382817 -0.923824 0
    outer loop
      vertex -7.97089 -26.8981 0
      vertex -7.97089 -26.8981 8
      vertex -8.4545 -26.6977 0
    endloop
  endfacet
  facet normal -0.382817 -0.923824 -0
    outer loop
      vertex -8.4545 -26.6977 8
      vertex -8.4545 -26.6977 0
      vertex -7.97089 -26.8981 8
    endloop
  endfacet
  facet normal -0.461599 -0.887089 0
    outer loop
      vertex -7.50659 -27.1397 0
      vertex -7.50659 -27.1397 8
      vertex -7.97089 -26.8981 0
    endloop
  endfacet
  facet normal -0.461599 -0.887089 -0
    outer loop
      vertex -7.97089 -26.8981 8
      vertex -7.97089 -26.8981 0
      vertex -7.50659 -27.1397 8
    endloop
  endfacet
  facet normal -0.537345 -0.843362 0
    outer loop
      vertex -7.06509 -27.421 0
      vertex -7.06509 -27.421 8
      vertex -7.50659 -27.1397 0
    endloop
  endfacet
  facet normal -0.537345 -0.843362 -0
    outer loop
      vertex -7.50659 -27.1397 8
      vertex -7.50659 -27.1397 0
      vertex -7.06509 -27.421 8
    endloop
  endfacet
  facet normal -0.608768 -0.793348 0
    outer loop
      vertex -6.64989 -27.7396 0
      vertex -6.64989 -27.7396 8
      vertex -7.06509 -27.421 0
    endloop
  endfacet
  facet normal -0.608768 -0.793348 -0
    outer loop
      vertex -7.06509 -27.421 8
      vertex -7.06509 -27.421 0
      vertex -6.64989 -27.7396 8
    endloop
  endfacet
  facet normal -0.675681 -0.737194 0
    outer loop
      vertex -6.26399 -28.0933 0
      vertex -6.26399 -28.0933 8
      vertex -6.64989 -27.7396 0
    endloop
  endfacet
  facet normal -0.675681 -0.737194 -0
    outer loop
      vertex -6.64989 -27.7396 8
      vertex -6.64989 -27.7396 0
      vertex -6.26399 -28.0933 8
    endloop
  endfacet
  facet normal -0.737194 -0.675681 0
    outer loop
      vertex -5.91029 -28.4792 0
      vertex -5.91029 -28.4792 8
      vertex -6.26399 -28.0933 0
    endloop
  endfacet
  facet normal -0.737194 -0.675681 -0
    outer loop
      vertex -6.26399 -28.0933 8
      vertex -6.26399 -28.0933 0
      vertex -5.91029 -28.4792 8
    endloop
  endfacet
  facet normal -0.793348 -0.608768 0
    outer loop
      vertex -5.59169 -28.8944 0
      vertex -5.59169 -28.8944 8
      vertex -5.91029 -28.4792 0
    endloop
  endfacet
  facet normal -0.793348 -0.608768 -0
    outer loop
      vertex -5.91029 -28.4792 8
      vertex -5.91029 -28.4792 0
      vertex -5.59169 -28.8944 8
    endloop
  endfacet
  facet normal -0.843362 -0.537345 0
    outer loop
      vertex -5.31039 -29.3359 0
      vertex -5.31039 -29.3359 8
      vertex -5.59169 -28.8944 0
    endloop
  endfacet
  facet normal -0.843362 -0.537345 -0
    outer loop
      vertex -5.59169 -28.8944 8
      vertex -5.59169 -28.8944 0
      vertex -5.31039 -29.3359 8
    endloop
  endfacet
  facet normal -0.887089 -0.461599 0
    outer loop
      vertex -5.06879 -29.8002 0
      vertex -5.06879 -29.8002 8
      vertex -5.31039 -29.3359 0
    endloop
  endfacet
  facet normal -0.887089 -0.461599 -0
    outer loop
      vertex -5.31039 -29.3359 8
      vertex -5.31039 -29.3359 0
      vertex -5.06879 -29.8002 8
    endloop
  endfacet
  facet normal -0.923821 -0.382824 0
    outer loop
      vertex -4.86839 -30.2838 0
      vertex -4.86839 -30.2838 8
      vertex -5.06879 -29.8002 0
    endloop
  endfacet
  facet normal -0.923821 -0.382824 -0
    outer loop
      vertex -5.06879 -29.8002 8
      vertex -5.06879 -29.8002 0
      vertex -4.86839 -30.2838 8
    endloop
  endfacet
  facet normal -0.953721 -0.300693 0
    outer loop
      vertex -4.711 -30.783 0
      vertex -4.711 -30.783 8
      vertex -4.86839 -30.2838 0
    endloop
  endfacet
  facet normal -0.953721 -0.300693 -0
    outer loop
      vertex -4.86839 -30.2838 8
      vertex -4.86839 -30.2838 0
      vertex -4.711 -30.783 8
    endloop
  endfacet
  facet normal -0.976327 -0.216301 0
    outer loop
      vertex -4.59779 -31.294 0
      vertex -4.59779 -31.294 8
      vertex -4.711 -30.783 0
    endloop
  endfacet
  facet normal -0.976327 -0.216301 -0
    outer loop
      vertex -4.711 -30.783 8
      vertex -4.711 -30.783 0
      vertex -4.59779 -31.294 8
    endloop
  endfacet
  facet normal -0.991427 -0.130662 0
    outer loop
      vertex -4.52939 -31.813 0
      vertex -4.52939 -31.813 8
      vertex -4.59779 -31.294 0
    endloop
  endfacet
  facet normal -0.991427 -0.130662 -0
    outer loop
      vertex -4.59779 -31.294 8
      vertex -4.59779 -31.294 0
      vertex -4.52939 -31.813 8
    endloop
  endfacet
  facet normal -0.999051 -0.0435616 0
    outer loop
      vertex -4.50659 -32.3359 0
      vertex -4.50659 -32.3359 8
      vertex -4.52939 -31.813 0
    endloop
  endfacet
  facet normal -0.999051 -0.0435616 -0
    outer loop
      vertex -4.52939 -31.813 8
      vertex -4.52939 -31.813 0
      vertex -4.50659 -32.3359 8
    endloop
  endfacet
  facet normal -0.999051 0.0435616 0
    outer loop
      vertex -4.52939 -32.8588 0
      vertex -4.52939 -32.8588 8
      vertex -4.50659 -32.3359 0
    endloop
  endfacet
  facet normal -0.999051 0.0435616 0
    outer loop
      vertex -4.50659 -32.3359 8
      vertex -4.50659 -32.3359 0
      vertex -4.52939 -32.8588 8
    endloop
  endfacet
  facet normal -0.991427 0.130662 0
    outer loop
      vertex -4.59779 -33.3778 0
      vertex -4.59779 -33.3778 8
      vertex -4.52939 -32.8588 0
    endloop
  endfacet
  facet normal -0.991427 0.130662 0
    outer loop
      vertex -4.52939 -32.8588 8
      vertex -4.52939 -32.8588 0
      vertex -4.59779 -33.3778 8
    endloop
  endfacet
  facet normal -0.976327 0.216301 0
    outer loop
      vertex -4.711 -33.8888 0
      vertex -4.711 -33.8888 8
      vertex -4.59779 -33.3778 0
    endloop
  endfacet
  facet normal -0.976327 0.216301 0
    outer loop
      vertex -4.59779 -33.3778 8
      vertex -4.59779 -33.3778 0
      vertex -4.711 -33.8888 8
    endloop
  endfacet
  facet normal -0.953721 0.300693 0
    outer loop
      vertex -4.86839 -34.388 0
      vertex -4.86839 -34.388 8
      vertex -4.711 -33.8888 0
    endloop
  endfacet
  facet normal -0.953721 0.300693 0
    outer loop
      vertex -4.711 -33.8888 8
      vertex -4.711 -33.8888 0
      vertex -4.86839 -34.388 8
    endloop
  endfacet
  facet normal -0.923821 0.382824 0
    outer loop
      vertex -5.06879 -34.8716 0
      vertex -5.06879 -34.8716 8
      vertex -4.86839 -34.388 0
    endloop
  endfacet
  facet normal -0.923821 0.382824 0
    outer loop
      vertex -4.86839 -34.388 8
      vertex -4.86839 -34.388 0
      vertex -5.06879 -34.8716 8
    endloop
  endfacet
  facet normal -0.887089 0.461599 0
    outer loop
      vertex -5.31039 -35.3359 0
      vertex -5.31039 -35.3359 8
      vertex -5.06879 -34.8716 0
    endloop
  endfacet
  facet normal -0.887089 0.461599 0
    outer loop
      vertex -5.06879 -34.8716 8
      vertex -5.06879 -34.8716 0
      vertex -5.31039 -35.3359 8
    endloop
  endfacet
  facet normal -0.843362 0.537345 0
    outer loop
      vertex -5.59169 -35.7774 0
      vertex -5.59169 -35.7774 8
      vertex -5.31039 -35.3359 0
    endloop
  endfacet
  facet normal -0.843362 0.537345 0
    outer loop
      vertex -5.31039 -35.3359 8
      vertex -5.31039 -35.3359 0
      vertex -5.59169 -35.7774 8
    endloop
  endfacet
  facet normal -0.793348 0.608768 0
    outer loop
      vertex -5.91029 -36.1926 0
      vertex -5.91029 -36.1926 8
      vertex -5.59169 -35.7774 0
    endloop
  endfacet
  facet normal -0.793348 0.608768 0
    outer loop
      vertex -5.59169 -35.7774 8
      vertex -5.59169 -35.7774 0
      vertex -5.91029 -36.1926 8
    endloop
  endfacet
  facet normal -0.737194 0.675681 0
    outer loop
      vertex -6.26399 -36.5785 0
      vertex -6.26399 -36.5785 8
      vertex -5.91029 -36.1926 0
    endloop
  endfacet
  facet normal -0.737194 0.675681 0
    outer loop
      vertex -5.91029 -36.1926 8
      vertex -5.91029 -36.1926 0
      vertex -6.26399 -36.5785 8
    endloop
  endfacet
  facet normal -0.675681 0.737194 0
    outer loop
      vertex -6.64989 -36.9322 0
      vertex -6.64989 -36.9322 8
      vertex -6.26399 -36.5785 0
    endloop
  endfacet
  facet normal -0.675681 0.737194 0
    outer loop
      vertex -6.26399 -36.5785 8
      vertex -6.26399 -36.5785 0
      vertex -6.64989 -36.9322 8
    endloop
  endfacet
  facet normal -0.608768 0.793348 0
    outer loop
      vertex -7.06509 -37.2508 0
      vertex -7.06509 -37.2508 8
      vertex -6.64989 -36.9322 0
    endloop
  endfacet
  facet normal -0.608768 0.793348 0
    outer loop
      vertex -6.64989 -36.9322 8
      vertex -6.64989 -36.9322 0
      vertex -7.06509 -37.2508 8
    endloop
  endfacet
  facet normal -0.537345 0.843362 0
    outer loop
      vertex -7.50659 -37.5321 0
      vertex -7.50659 -37.5321 8
      vertex -7.06509 -37.2508 0
    endloop
  endfacet
  facet normal -0.537345 0.843362 0
    outer loop
      vertex -7.06509 -37.2508 8
      vertex -7.06509 -37.2508 0
      vertex -7.50659 -37.5321 8
    endloop
  endfacet
  facet normal -0.461599 0.887089 0
    outer loop
      vertex -7.97089 -37.7737 0
      vertex -7.97089 -37.7737 8
      vertex -7.50659 -37.5321 0
    endloop
  endfacet
  facet normal -0.461599 0.887089 0
    outer loop
      vertex -7.50659 -37.5321 8
      vertex -7.50659 -37.5321 0
      vertex -7.97089 -37.7737 8
    endloop
  endfacet
  facet normal -0.382817 0.923824 0
    outer loop
      vertex -8.4545 -37.9741 0
      vertex -8.4545 -37.9741 8
      vertex -7.97089 -37.7737 0
    endloop
  endfacet
  facet normal -0.382817 0.923824 0
    outer loop
      vertex -7.97089 -37.7737 8
      vertex -7.97089 -37.7737 0
      vertex -8.4545 -37.9741 8
    endloop
  endfacet
  facet normal -0.300716 0.953714 0
    outer loop
      vertex -8.95369 -38.1315 0
      vertex -8.95369 -38.1315 8
      vertex -8.4545 -37.9741 0
    endloop
  endfacet
  facet normal -0.300716 0.953714 0
    outer loop
      vertex -8.4545 -37.9741 8
      vertex -8.4545 -37.9741 0
      vertex -8.95369 -38.1315 8
    endloop
  endfacet
  facet normal -0.216283 0.976331 0
    outer loop
      vertex -9.46469 -38.2447 0
      vertex -9.46469 -38.2447 8
      vertex -8.95369 -38.1315 0
    endloop
  endfacet
  facet normal -0.216283 0.976331 0
    outer loop
      vertex -8.95369 -38.1315 8
      vertex -8.95369 -38.1315 0
      vertex -9.46469 -38.2447 8
    endloop
  endfacet
  facet normal -0.130662 0.991427 0
    outer loop
      vertex -9.98369 -38.3131 0
      vertex -9.98369 -38.3131 8
      vertex -9.46469 -38.2447 0
    endloop
  endfacet
  facet normal -0.130662 0.991427 0
    outer loop
      vertex -9.46469 -38.2447 8
      vertex -9.46469 -38.2447 0
      vertex -9.98369 -38.3131 8
    endloop
  endfacet
  facet normal -0.0435608 0.999051 0
    outer loop
      vertex -10.5066 -38.3359 0
      vertex -10.5066 -38.3359 8
      vertex -9.98369 -38.3131 0
    endloop
  endfacet
  facet normal -0.0435608 0.999051 0
    outer loop
      vertex -9.98369 -38.3131 8
      vertex -9.98369 -38.3131 0
      vertex -10.5066 -38.3359 8
    endloop
  endfacet
  facet normal 0.0435616 0.999051 -0
    outer loop
      vertex -11.0295 -38.3131 0
      vertex -11.0295 -38.3131 8
      vertex -10.5066 -38.3359 0
    endloop
  endfacet
  facet normal 0.0435616 0.999051 0
    outer loop
      vertex -10.5066 -38.3359 8
      vertex -10.5066 -38.3359 0
      vertex -11.0295 -38.3131 8
    endloop
  endfacet
  facet normal 0.93728 -0.348578 0
    outer loop
      vertex -65.1187 -69.4896 0
      vertex -65.1187 -69.4896 8
      vertex -66.9131 -74.3145 0
    endloop
  endfacet
  facet normal 0.93728 -0.348578 0
    outer loop
      vertex -66.9131 -74.3145 8
      vertex -66.9131 -74.3145 0
      vertex -65.1187 -69.4896 8
    endloop
  endfacet
  facet normal 0.90483 -0.425773 0
    outer loop
      vertex -62.9269 -64.8317 0
      vertex -62.9269 -64.8317 8
      vertex -65.1187 -69.4896 0
    endloop
  endfacet
  facet normal 0.90483 -0.425773 0
    outer loop
      vertex -65.1187 -69.4896 8
      vertex -65.1187 -69.4896 0
      vertex -62.9269 -64.8317 8
    endloop
  endfacet
  facet normal 0.866024 -0.500002 0
    outer loop
      vertex -60.353 -60.3736 0
      vertex -60.353 -60.3736 8
      vertex -62.9269 -64.8317 0
    endloop
  endfacet
  facet normal 0.866024 -0.500002 0
    outer loop
      vertex -62.9269 -64.8317 8
      vertex -62.9269 -64.8317 0
      vertex -60.353 -60.3736 8
    endloop
  endfacet
  facet normal 0.821144 -0.570721 0
    outer loop
      vertex -57.4151 -56.1466 0
      vertex -57.4151 -56.1466 8
      vertex -60.353 -60.3736 0
    endloop
  endfacet
  facet normal 0.821144 -0.570721 0
    outer loop
      vertex -60.353 -60.3736 8
      vertex -60.353 -60.3736 0
      vertex -57.4151 -56.1466 8
    endloop
  endfacet
  facet normal 0.77052 -0.637415 0
    outer loop
      vertex -54.1338 -52.1801 0
      vertex -54.1338 -52.1801 8
      vertex -57.4151 -56.1466 0
    endloop
  endfacet
  facet normal 0.77052 -0.637415 0
    outer loop
      vertex -57.4151 -56.1466 8
      vertex -57.4151 -56.1466 0
      vertex -54.1338 -52.1801 8
    endloop
  endfacet
  facet normal 0.714469 -0.699667 0
    outer loop
      vertex -50.5321 -48.5022 0
      vertex -50.5321 -48.5022 8
      vertex -54.1338 -52.1801 0
    endloop
  endfacet
  facet normal 0.714469 -0.699667 0
    outer loop
      vertex -54.1338 -52.1801 8
      vertex -54.1338 -52.1801 0
      vertex -50.5321 -48.5022 8
    endloop
  endfacet
  facet normal 0.653429 -0.756988 0
    outer loop
      vertex -46.6353 -45.1385 0
      vertex -46.6353 -45.1385 8
      vertex -50.5321 -48.5022 0
    endloop
  endfacet
  facet normal 0.653429 -0.756988 0
    outer loop
      vertex -50.5321 -48.5022 8
      vertex -50.5321 -48.5022 0
      vertex -46.6353 -45.1385 8
    endloop
  endfacet
  facet normal 0.587769 -0.809029 0
    outer loop
      vertex -42.4706 -42.1128 0
      vertex -42.4706 -42.1128 8
      vertex -46.6353 -45.1385 0
    endloop
  endfacet
  facet normal 0.587769 -0.809029 0
    outer loop
      vertex -46.6353 -45.1385 8
      vertex -46.6353 -45.1385 0
      vertex -42.4706 -42.1128 8
    endloop
  endfacet
  facet normal 0.518031 -0.855362 0
    outer loop
      vertex -38.0674 -39.4461 0
      vertex -38.0674 -39.4461 8
      vertex -42.4706 -42.1128 0
    endloop
  endfacet
  facet normal 0.518031 -0.855362 0
    outer loop
      vertex -42.4706 -42.1128 8
      vertex -42.4706 -42.1128 0
      vertex -38.0674 -39.4461 8
    endloop
  endfacet
  facet normal 0.44464 -0.895709 0
    outer loop
      vertex -33.4565 -37.1572 0
      vertex -33.4565 -37.1572 8
      vertex -38.0674 -39.4461 0
    endloop
  endfacet
  facet normal 0.44464 -0.895709 0
    outer loop
      vertex -38.0674 -39.4461 8
      vertex -38.0674 -39.4461 0
      vertex -33.4565 -37.1572 8
    endloop
  endfacet
  facet normal -0.309018 -0.951056 0
    outer loop
      vertex 5.22639 -49.7261 0
      vertex 5.22639 -49.7261 8
      vertex -33.4565 -37.1572 0
    endloop
  endfacet
  facet normal -0.309018 -0.951056 -0
    outer loop
      vertex -33.4565 -37.1572 8
      vertex -33.4565 -37.1572 0
      vertex 5.22639 -49.7261 8
    endloop
  endfacet
  facet normal -0.963164 0.268915 0
    outer loop
      vertex 3.84209 -54.6842 0
      vertex 3.84209 -54.6842 8
      vertex 5.22639 -49.7261 0
    endloop
  endfacet
  facet normal -0.963164 0.268915 0
    outer loop
      vertex 5.22639 -49.7261 8
      vertex 5.22639 -49.7261 0
      vertex 3.84209 -54.6842 8
    endloop
  endfacet
  facet normal -0.982287 0.187382 0
    outer loop
      vertex 2.87749 -59.7408 0
      vertex 2.87749 -59.7408 8
      vertex 3.84209 -54.6842 0
    endloop
  endfacet
  facet normal -0.982287 0.187382 0
    outer loop
      vertex 3.84209 -54.6842 8
      vertex 3.84209 -54.6842 0
      vertex 2.87749 -59.7408 8
    endloop
  endfacet
  facet normal -0.994522 0.10453 0
    outer loop
      vertex 2.33939 -64.8604 0
      vertex 2.33939 -64.8604 8
      vertex 2.87749 -59.7408 0
    endloop
  endfacet
  facet normal -0.994522 0.10453 0
    outer loop
      vertex 2.87749 -59.7408 8
      vertex 2.87749 -59.7408 0
      vertex 2.33939 -64.8604 8
    endloop
  endfacet
  facet normal -0.999781 0.0209393 0
    outer loop
      vertex 2.2316 -70.007 0
      vertex 2.2316 -70.007 8
      vertex 2.33939 -64.8604 0
    endloop
  endfacet
  facet normal -0.999781 0.0209393 0
    outer loop
      vertex 2.33939 -64.8604 8
      vertex 2.33939 -64.8604 0
      vertex 2.2316 -70.007 8
    endloop
  endfacet
  facet normal -0.998027 -0.0627827 0
    outer loop
      vertex 2.55479 -75.1446 0
      vertex 2.55479 -75.1446 8
      vertex 2.2316 -70.007 0
    endloop
  endfacet
  facet normal -0.998027 -0.0627827 -0
    outer loop
      vertex 2.2316 -70.007 8
      vertex 2.2316 -70.007 0
      vertex 2.55479 -75.1446 8
    endloop
  endfacet
  facet normal -0.989272 -0.146084 0
    outer loop
      vertex 3.30679 -80.2371 0
      vertex 3.30679 -80.2371 8
      vertex 2.55479 -75.1446 0
    endloop
  endfacet
  facet normal -0.989272 -0.146084 -0
    outer loop
      vertex 2.55479 -75.1446 8
      vertex 2.55479 -75.1446 0
      vertex 3.30679 -80.2371 8
    endloop
  endfacet
  facet normal -0.973579 -0.228351 0
    outer loop
      vertex 4.4823 -85.2489 0
      vertex 4.4823 -85.2489 8
      vertex 3.30679 -80.2371 0
    endloop
  endfacet
  facet normal -0.973579 -0.228351 -0
    outer loop
      vertex 3.30679 -80.2371 8
      vertex 3.30679 -80.2371 0
      vertex 4.4823 -85.2489 8
    endloop
  endfacet
  facet normal -0.951059 -0.30901 0
    outer loop
      vertex 6.073 -90.1447 0
      vertex 6.073 -90.1447 8
      vertex 4.4823 -85.2489 0
    endloop
  endfacet
  facet normal -0.951059 -0.30901 -0
    outer loop
      vertex 4.4823 -85.2489 8
      vertex 4.4823 -85.2489 0
      vertex 6.073 -90.1447 8
    endloop
  endfacet
  facet normal -0.921859 -0.387526 0
    outer loop
      vertex 8.06789 -94.8902 0
      vertex 8.06789 -94.8902 8
      vertex 6.073 -90.1447 0
    endloop
  endfacet
  facet normal -0.921859 -0.387526 -0
    outer loop
      vertex 6.073 -90.1447 8
      vertex 6.073 -90.1447 0
      vertex 8.06789 -94.8902 8
    endloop
  endfacet
  facet normal -0.886207 -0.463289 0
    outer loop
      vertex 10.4528 -99.4522 0
      vertex 10.4528 -99.4522 8
      vertex 8.06789 -94.8902 0
    endloop
  endfacet
  facet normal -0.886207 -0.463289 -0
    outer loop
      vertex 8.06789 -94.8902 8
      vertex 8.06789 -94.8902 0
      vertex 10.4528 -99.4522 8
    endloop
  endfacet
  facet normal 0.309017 0.951057 -0
    outer loop
      vertex -66.9131 -74.3145 0
      vertex -66.9131 -74.3145 8
      vertex 10.4528 -99.4522 0
    endloop
  endfacet
  facet normal 0.309017 0.951057 0
    outer loop
      vertex 10.4528 -99.4522 8
      vertex 10.4528 -99.4522 0
      vertex -66.9131 -74.3145 8
    endloop
  endfacet
endsolid OpenSCAD_Model
